{"learner":{"attributes":{"scikit_learn":"{\"_estimator_type\": \"classifier\"}"},"feature_names":["bias_week","bias_month","bias_quarter","bias_year","rsi","macd","macd_signal","vol_change","close_change","bb_width","return_5d","k_upper","k_lower","k_body","buy_power","rs_5d","obv","atr_ratio","trend_strength"],"feature_types":["float","float","float","float","float","float","float","float","float","float","float","float","float","float","float","float","float","float","float"],"gradient_booster":{"model":{"cats":{"enc":[],"feature_segments":[],"sorted_idx":[]},"gbtree_model_param":{"num_parallel_tree":"1","num_trees":"4"},"iteration_indptr":[0,1,2,3,4],"tree_info":[0,0,0,0],"trees":[{"base_weights":[4.151757E-2,2.2753151E-1,-5.9709877E-1,-2.6587746E-1,3.8383505E-1,1.7778244E-2,-8.2180727E-1,5.0982144E-3,-8.344913E-2,-4.1266065E-2,4.3239195E-2,-1.0668358E-3,-1.15946144E-1],"categories":[],"categories_nodes":[],"categories_segments":[],"categories_sizes":[],"default_left":[0,0,0,0,0,0,0,0,0,0,0,0,0],"id":0,"left_children":[1,3,5,7,9,-1,11,-1,-1,-1,-1,-1,-1],"loss_changes":[4.6209824E1,2.413567E1,1.656659E1,1.4746289E1,9.9855995E0,0E0,1.6878338E1,0E0,0E0,0E0,0E0,0E0,0E0],"parents":[2147483647,0,0,1,1,2,2,3,3,4,4,6,6],"right_children":[2,4,6,8,10,-1,12,-1,-1,-1,-1,-1,-1],"split_conditions":[1.7184155E-2,1.3719566E-2,-8.8897355E-2,9.84494E-2,8.851089E-3,1.7778244E-2,2.914644E-2,5.0982144E-3,-8.344913E-2,-4.1266065E-2,4.3239195E-2,-1.0668358E-3,-1.15946144E-1],"split_indices":[17,18,3,3,17,0,18,0,0,0,0,0,0],"split_type":[0,0,0,0,0,0,0,0,0,0,0,0,0],"sum_hessian":[3.9584616E2,3.0932693E2,8.651923E1,7.093269E1,2.3839423E2,1.7173077E1,6.934615E1,4.3240383E1,2.7692308E1,1.1884615E1,2.2650961E2,2.275E1,4.6596153E1],"tree_param":{"num_deleted":"0","num_feature":"19","num_nodes":"13","size_leaf_vector":"1"}},{"base_weights":[5.2763396E-3,2.8407916E-1,-1.5563315E-1,7.1883535E-1,-3.6740077E-1,-4.4926992E-1,3.1047928E-1,1.6097967E-2,1.03175074E-1,5.333973E-3,-7.4186E-2,4.0433154E-2,-5.594889E-2,-1.1166703E-2,5.6623645E-2],"categories":[],"categories_nodes":[],"categories_segments":[],"categories_sizes":[],"default_left":[0,0,0,0,0,0,0,0,0,0,0,0,0,0,0],"id":1,"left_children":[1,3,5,7,9,11,13,-1,-1,-1,-1,-1,-1,-1,-1],"loss_changes":[1.789341E1,4.2936245E1,3.3675438E1,1.3599232E1,1.0781329E1,1.5362381E1,1.1088279E1,0E0,0E0,0E0,0E0,0E0,0E0,0E0,0E0],"parents":[2147483647,0,0,1,1,2,2,3,3,4,4,5,5,6,6],"right_children":[2,4,6,8,10,12,14,-1,-1,-1,-1,-1,-1,-1,-1],"split_conditions":[4.8647873E-2,3.662187E-2,2.1759722E-2,-7.029131E-3,-8.1106514E-2,-1.4335591E-2,5.0370183E-2,1.6097967E-2,1.03175074E-1,5.333973E-3,-7.4186E-2,4.0433154E-2,-5.594889E-2,-1.1166703E-2,5.6623645E-2],"split_indices":[3,9,1,10,3,0,2,0,0,0,0,0,0,0,0],"split_type":[0,0,0,0,0,0,0,0,0,0,0,0,0,0,0],"sum_hessian":[3.9224463E2,1.4864444E2,2.4360019E2,9.1221535E1,5.742291E1,1.5241989E2,9.11803E1,3.599457E1,5.5226963E1,2.4471958E1,3.295095E1,1.5654674E1,1.3676521E2,3.145204E1,5.972826E1],"tree_param":{"num_deleted":"0","num_feature":"19","num_nodes":"15","size_leaf_vector":"1"}},{"base_weights":[-4.0471237E-2,1.4737597E-1,-5.647875E-1,2.5682027E-2,1.02598645E-1,-2.789993E-1,-1.0709771E-1,-6.5155685E-2,9.202434E-3,-9.3926705E-2,-7.8103053E-3],"categories":[],"categories_nodes":[],"categories_segments":[],"categories_sizes":[],"default_left":[0,0,0,0,0,0,0,0,0,0,0],"id":2,"left_children":[1,3,5,7,-1,9,-1,-1,-1,-1,-1],"loss_changes":[3.7840153E1,2.7037277E1,1.1918579E1,9.816947E0,0E0,6.843755E0,0E0,0E0,0E0,0E0,0E0],"parents":[2147483647,0,0,1,1,2,2,3,3,5,5],"right_children":[2,4,6,8,-1,10,-1,-1,-1,-1,-1],"split_conditions":[1.6312463E-2,5.40077E-2,6.3995956E-3,9.035877E-3,1.02598645E-1,3.284956E-2,-1.0709771E-1,-6.5155685E-2,9.202434E-3,-9.3926705E-2,-7.8103053E-3],"split_indices":[17,9,0,17,0,9,0,0,0,0,0],"split_type":[0,0,0,0,0,0,0,0,0,0,0],"sum_hessian":[3.7449933E2,2.7259323E2,1.0190608E2,2.4200826E2,3.0584984E1,6.842278E1,3.34833E1,1.8589865E1,2.234184E2,1.3120617E1,5.5302162E1],"tree_param":{"num_deleted":"0","num_feature":"19","num_nodes":"11","size_leaf_vector":"1"}},{"base_weights":[-4.505809E-2,3.396223E-2,-6.075786E-1,-1.840141E-2,4.776973E-1,5.8624078E-2,-9.941561E-2,2.4902059E-2,-2.1706734E-2,-1.2468463E-2,7.797716E-2],"categories":[],"categories_nodes":[],"categories_segments":[],"categories_sizes":[],"default_left":[0,0,0,0,0,0,0,0,0,0,0],"id":3,"left_children":[1,3,5,7,9,-1,-1,-1,-1,-1,-1],"loss_changes":[1.8662014E1,8.916355E0,2.5397217E1,1.6070484E1,9.003031E0,0E0,0E0,0E0,0E0,0E0,0E0],"parents":[2147483647,0,0,1,1,2,2,3,3,4,4],"right_children":[2,4,6,8,10,-1,-1,-1,-1,-1,-1],"split_conditions":[1.920856E-2,2.0334837E-1,-1.0767979E-1,4.8647873E-2,1.3930384E-2,5.8624078E-2,-9.941561E-2,2.4902059E-2,-2.1706734E-2,-1.2468463E-2,7.797716E-2],"split_indices":[17,3,3,3,17,0,0,0,0,0,0],"split_type":[0,0,0,0,0,0,0,0,0,0,0],"sum_hessian":[3.9063022E2,3.3906522E2,5.1565E1,2.9879892E2,4.0266293E1,1.1347066E1,4.0217934E1,1.2264805E2,1.7615086E2,1.1161341E1,2.9104952E1],"tree_param":{"num_deleted":"0","num_feature":"19","num_nodes":"11","size_leaf_vector":"1"}}]},"name":"gbtree"},"learner_model_param":{"base_score":"[5E-1]","boost_from_average":"1","num_class":"0","num_feature":"19","num_target":"1"},"objective":{"name":"binary:logistic","reg_loss_param":{"scale_pos_weight":"1.65384614"}}},"version":[3,2,0]}