{"learner":{"attributes":{"scikit_learn":"{\"_estimator_type\": \"classifier\"}"},"feature_names":["bias_week","bias_month","bias_quarter","bias_year","rsi","macd","macd_signal","vol_change","close_change","bb_width","return_5d","return_10d","k_upper","k_lower","k_body","buy_power","rs_5d","rs_10d","dist_to_20d_high","dist_to_20d_low","kd_k","kd_d","kd_cross","gap_ratio","obv","atr_ratio","trend_strength"],"feature_types":["float","float","float","float","float","float","float","float","float","float","float","float","float","float","float","float","float","float","float","float","float","float","float","float","float","float","float"],"gradient_booster":{"model":{"cats":{"enc":[],"feature_segments":[],"sorted_idx":[]},"gbtree_model_param":{"num_parallel_tree":"1","num_trees":"6"},"iteration_indptr":[0,1,2,3,4,5,6],"tree_info":[0,0,0,0,0,0],"trees":[{"base_weights":[5.7945725E-2,2.061917E-1,-1.0323286E0,-7.950673E-2,3.6509737E-1,-0E0,-1.3592471E0,-8.166853E-2,1.3703068E-2,4.140694E-2,-9.348636E-2,-4.5587305E-2,7.241923E-2,-1.5410058E-1,-1.5659295E-2],"categories":[],"categories_nodes":[],"categories_segments":[],"categories_sizes":[],"default_left":[0,0,0,0,0,0,0,0,0,0,0,0,0,0,0],"id":0,"left_children":[1,3,5,7,9,11,13,-1,-1,-1,-1,-1,-1,-1,-1],"loss_changes":[7.605214E1,2.0004288E1,1.9897476E1,2.5577116E1,1.8231834E1,5.106303E0,5.963608E0,0E0,0E0,0E0,0E0,0E0,0E0,0E0,0E0],"parents":[2147483647,0,0,1,1,2,2,3,3,4,4,5,5,6,6],"right_children":[2,4,6,8,10,12,14,-1,-1,-1,-1,-1,-1,-1,-1],"split_conditions":[5.2437875E-2,-3.2757554E-4,-4.725322E-2,1.37451105E-2,2.7896395E0,4.3842983E-2,6.1538553E-1,-8.166853E-2,1.3703068E-2,4.140694E-2,-9.348636E-2,-4.5587305E-2,7.241923E-2,-1.5410058E-1,-1.5659295E-2],"split_indices":[18,16,10,26,6,3,14,0,0,0,0,0,0,0,0],"split_type":[0,0,0,0,0,0,0,0,0,0,0,0,0,0,0],"sum_hessian":[4.8006097E2,4.2503558E2,5.5025406E1,1.4699492E2,2.7804065E2,1.2881098E1,4.214431E1,3.507825E1,1.11916664E2,2.6956708E2,8.4735775E0,7.460366E0,5.4207315E0,3.4447155E1,7.6971545E0],"tree_param":{"num_deleted":"0","num_feature":"27","num_nodes":"15","size_leaf_vector":"1"}},{"base_weights":[5.5727486E-2,-1.0377638E0,1.3332666E-1,-0E0,-1.2311658E0,-1.9426998E-1,2.9369205E-1,-1.6715132E-1,-3.7511617E-2,4.4431216E-3,-9.2937775E-2,7.3914096E-2,1.2134567E-2],"categories":[],"categories_nodes":[],"categories_segments":[],"categories_sizes":[],"default_left":[0,0,0,0,0,0,0,0,0,0,0,0,0],"id":1,"left_children":[1,3,5,-1,7,9,11,-1,-1,-1,-1,-1,-1],"loss_changes":[3.8787647E1,6.7750816E0,2.394755E1,0E0,4.7704124E0,2.7610647E1,2.1753132E1,0E0,0E0,0E0,0E0,0E0,0E0],"parents":[2147483647,0,0,1,1,2,2,4,4,5,5,6,6],"right_children":[2,4,6,-1,8,10,12,-1,-1,-1,-1,-1,-1],"split_conditions":[-4.4726008E-3,-9.750829E-3,-6.666339E-3,-0E0,-5.3071696E-3,2.9475635E-3,4.6623413E-2,-1.6715132E-1,-3.7511617E-2,4.4431216E-3,-9.2937775E-2,7.3914096E-2,1.2134567E-2],"split_indices":[17,23,24,0,17,0,3,0,0,0,0,0,0],"split_type":[0,0,0,0,0,0,0,0,0,0,0,0,0],"sum_hessian":[4.7887155E2,2.9098858E1,4.497727E2,4.204088E0,2.489477E1,1.4313455E2,3.0663812E2,1.39754E1,1.0919371E1,1.0659418E2,3.6540386E1,7.9962036E1,2.266761E2],"tree_param":{"num_deleted":"0","num_feature":"27","num_nodes":"13","size_leaf_vector":"1"}},{"base_weights":[-8.346197E-2,1.390381E-1,-8.428508E-1,2.992851E-2,8.3461595E-1,1.6220002E-2,-1.1154264E0,4.35752E-2,-1.852707E-2,-3.610015E-2,1.1112851E-1,-5.7732046E-2,9.6488774E-2,-0E0,-1.3623486E-1],"categories":[],"categories_nodes":[],"categories_segments":[],"categories_sizes":[],"default_left":[0,0,0,0,0,0,0,0,0,0,0,0,0,0,0],"id":2,"left_children":[1,3,5,7,9,11,13,-1,-1,-1,-1,-1,-1,-1,-1],"loss_changes":[7.707738E1,2.410078E1,2.673558E1,2.7307055E1,1.7032442E1,1.4982561E1,2.5149185E1,0E0,0E0,0E0,0E0,0E0,0E0,0E0,0E0],"parents":[2147483647,0,0,1,1,2,2,3,3,4,4,5,5,6,6],"right_children":[2,4,6,8,10,12,14,-1,-1,-1,-1,-1,-1,-1,-1],"split_conditions":[1.6529761E-2,5.3268343E-2,-3.371419E-3,4.833522E-2,9.7580805E-2,6.3773866E0,-2.3201482E-2,4.35752E-2,-1.852707E-2,-3.610015E-2,1.1112851E-1,-5.7732046E-2,9.6488774E-2,-0E0,-1.3623486E-1],"split_indices":[25,9,17,3,3,22,0,0,0,0,0,0,0,0,0],"split_type":[0,0,0,0,0,0,0,0,0,0,0,0,0,0,0],"sum_hessian":[4.453244E2,3.426609E2,1.02663506E2,2.9977798E2,4.2882915E1,2.2931341E1,7.973216E1,1.0705928E2,1.927187E2,6.6884127E0,3.61945E1,1.2865406E1,1.0065936E1,1.4094243E1,6.5637924E1],"tree_param":{"num_deleted":"0","num_feature":"27","num_nodes":"15","size_leaf_vector":"1"}},{"base_weights":[-8.0299154E-2,9.209682E-2,-6.839644E-1,-0E0,7.32699E-1,-1.0114341E0,-9.119712E-2,8.471823E-3,-8.91003E-2,-3.547664E-2,1.028161E-1,1.8584048E-2,-1.2981635E-1,4.475123E-2,-7.286881E-2],"categories":[],"categories_nodes":[],"categories_segments":[],"categories_sizes":[],"default_left":[0,0,0,0,0,0,0,0,0,0,0,0,0,0,0],"id":3,"left_children":[1,3,5,7,9,11,13,-1,-1,-1,-1,-1,-1,-1,-1],"loss_changes":[4.9819756E1,2.283999E1,1.808556E1,2.5821335E1,1.7823423E1,2.6250938E1,1.5319411E1,0E0,0E0,0E0,0E0,0E0,0E0,0E0,0E0],"parents":[2147483647,0,0,1,1,2,2,3,3,4,4,5,5,6,6],"right_children":[2,4,6,8,10,12,14,-1,-1,-1,-1,-1,-1,-1,-1],"split_conditions":[1.6529761E-2,5.2393414E-2,1.3386312E-1,3.8685825E-2,9.7580805E-2,-1.4203368E-1,1.9674562E-2,8.471823E-3,-8.91003E-2,-3.547664E-2,1.028161E-1,1.8584048E-2,-1.2981635E-1,4.475123E-2,-7.286881E-2],"split_indices":[25,9,3,26,3,3,25,0,0,0,0,0,0,0,0],"split_type":[0,0,0,0,0,0,0,0,0,0,0,0,0,0,0],"sum_hessian":[4.6450995E2,3.5898615E2,1.0552379E2,3.1161868E2,4.7367485E1,6.513045E1,4.039334E1,2.8304092E2,2.857776E1,8.670288E0,3.8697197E1,1.1495484E1,5.3634964E1,2.0156328E1,2.0237011E1],"tree_param":{"num_deleted":"0","num_feature":"27","num_nodes":"15","size_leaf_vector":"1"}},{"base_weights":[4.0350542E-3,-1.4392875E-1,4.2982735E-2,-4.9113873E-1,1.15792245E-1,4.222154E-2,-8.1454225E-2,1.9181115E-3,4.7811717E-2],"categories":[],"categories_nodes":[],"categories_segments":[],"categories_sizes":[],"default_left":[0,0,0,0,0,0,0,0,0],"id":4,"left_children":[1,-1,3,5,7,-1,-1,-1,-1],"loss_changes":[2.3379526E1,0E0,1.7006416E1,1.6732647E1,1.3247676E1,0E0,0E0,0E0,0E0],"parents":[2147483647,0,0,2,2,3,3,4,4],"right_children":[2,-1,4,6,8,-1,-1,-1,-1],"split_conditions":[-5.8917464E-3,-1.4392875E-1,-4.08744E-2,-1.4203368E-1,6.4900436E-2,4.222154E-2,-8.1454225E-2,1.9181115E-3,4.7811717E-2],"split_indices":[17,0,3,3,2,0,0,0,0],"split_type":[0,0,0,0,0,0,0,0,0],"sum_hessian":[4.6678674E2,9.845492E0,4.5694125E2,5.0507156E1,4.0643408E2,1.1493227E1,3.9013927E1,3.2728745E2,7.9146645E1],"tree_param":{"num_deleted":"0","num_feature":"27","num_nodes":"9","size_leaf_vector":"1"}},{"base_weights":[2.2040188E-2,1.9506945E-1,-5.6284857E-1,-8.720669E-1,2.773181E-1,4.9155086E-1,-6.987056E-1,-0E0,-1.1146985E-1,-7.992547E-2,3.305807E-2,-2.5124585E-2,1.1365284E-1,-1.1426408E-1,-2.1661023E-2],"categories":[],"categories_nodes":[],"categories_segments":[],"categories_sizes":[],"default_left":[0,0,0,0,0,0,0,0,0,0,0,0,0,0,0],"id":5,"left_children":[1,3,5,7,9,11,13,-1,-1,-1,-1,-1,-1,-1,-1],"loss_changes":[4.7365196E1,3.1377098E1,1.5911903E1,7.814066E0,2.0154615E1,7.4671016E0,1.7575283E1,0E0,0E0,0E0,0E0,0E0,0E0,0E0,0E0],"parents":[2147483647,0,0,1,1,2,2,3,3,4,4,5,5,6,6],"right_children":[2,4,6,8,10,12,14,-1,-1,-1,-1,-1,-1,-1,-1],"split_conditions":[1.6651267E-2,-4.2090085E-3,-1.7047505E-1,-9.877534E-1,8.794241E-3,-2.818631E-2,6.671626E-2,-0E0,-1.1146985E-1,-7.992547E-2,3.305807E-2,-2.5124585E-2,1.1365284E-1,-1.1426408E-1,-2.1661023E-2],"split_indices":[25,17,3,5,25,10,3,0,0,0,0,0,0,0,0],"split_type":[0,0,0,0,0,0,0,0,0,0,0,0,0,0,0],"sum_hessian":[4.7441705E2,3.6952798E2,1.0488906E2,2.3888832E1,3.4563916E2,9.820264E0,9.5068794E1,3.6552627E0,2.0233568E1,1.4425539E1,3.3121362E2,3.2274613E0,6.592802E0,4.588383E1,4.9184967E1],"tree_param":{"num_deleted":"0","num_feature":"27","num_nodes":"15","size_leaf_vector":"1"}}]},"name":"gbtree"},"learner_model_param":{"base_score":"[5E-1]","boost_from_average":"1","num_class":"0","num_feature":"27","num_target":"1"},