{"learner":{"attributes":{"scikit_learn":"{\"_estimator_type\": \"classifier\"}"},"feature_names":["bias_week","bias_month","bias_quarter","bias_year","rsi","macd","macd_signal","vol_change","close_change","bb_width","return_5d","k_upper","k_lower","k_body","buy_power","rs_5d"],"feature_types":["float","float","float","float","float","float","float","float","float","float","float","float","float","float","float","float"],"gradient_booster":{"model":{"cats":{"enc":[],"feature_segments":[],"sorted_idx":[]},"gbtree_model_param":{"num_parallel_tree":"1","num_trees":"19"},"iteration_indptr":[0,1,2,3,4,5,6,7,8,9,10,11,12,13,14,15,16,17,18,19],"tree_info":[0,0,0,0,0,0,0,0,0,0,0,0,0,0,0,0,0,0,0],"trees":[{"base_weights":[4.093388E-2,-7.835493E-2,4.5264775E-1,2.6644942E-1,-3.9324996E-1,1.5215548E-3,6.460363E-2,-1.6564554E-2,4.402426E-2,-6.809528E-2,-8.976669E-3],"categories":[],"categories_nodes":[],"categories_segments":[],"categories_sizes":[],"default_left":[0,0,0,0,0,0,0,0,0,0,0],"id":0,"left_children":[1,3,5,7,9,-1,-1,-1,-1,-1,-1],"loss_changes":[1.2689709E1,2.0140797E1,3.5709105E0,7.077379E0,7.0303984E0,0E0,0E0,0E0,0E0,0E0,0E0],"parents":[2147483647,0,0,1,1,2,2,3,3,4,4],"right_children":[2,4,6,8,10,-1,-1,-1,-1,-1,-1],"split_conditions":[1.44762E-1,4.721092E-2,1.5000916E-1,-9.52025E-3,1.5384525E-1,1.5215548E-3,6.460363E-2,-1.6564554E-2,4.402426E-2,-6.809528E-2,-8.976669E-3],"split_indices":[3,3,12,0,11,0,0,0,0,0,0],"split_type":[0,0,0,0,0,0,0,0,0,0,0],"sum_hessian":[2.4106265E2,1.8271152E2,5.8351135E1,8.380215E1,9.890938E1,2.1794996E1,3.655614E1,2.0642767E1,6.3159378E1,4.6415264E1,5.2494114E1],"tree_param":{"num_deleted":"0","num_feature":"16","num_nodes":"11","size_leaf_vector":"1"}},{"base_weights":[-0E0,-1.08982705E-1,5.062085E-2,7.618465E-2,-2.4946702E-1,-5.6344834E-3,5.5655435E-2,-7.7692404E-2,-1.5334849E-2],"categories":[],"categories_nodes":[],"categories_segments":[],"categories_sizes":[],"default_left":[0,0,0,0,0,0,0,0,0],"id":1,"left_children":[1,3,-1,5,7,-1,-1,-1,-1],"loss_changes":[1.3293651E1,5.581484E0,0E0,6.245672E0,3.972064E0,0E0,0E0,0E0,0E0],"parents":[2147483647,0,0,1,1,3,3,4,4],"right_children":[2,4,-1,6,8,-1,-1,-1,-1],"split_conditions":[5.4504693E-2,-2.3519703E-4,5.062085E-2,-5.845107E-4,1.854121E-2,-5.6344834E-3,5.5655435E-2,-7.7692404E-2,-1.5334849E-2],"split_indices":[9,1,0,0,9,0,0,0,0],"split_type":[0,0,0,0,0,0,0,0,0],"sum_hessian":[2.4128595E2,1.9941144E2,4.187451E1,7.911732E1,1.2029412E2,5.8493137E1,2.062418E1,1.4485436E1,1.0580868E2],"tree_param":{"num_deleted":"0","num_feature":"16","num_nodes":"9","size_leaf_vector":"1"}},{"base_weights":[-3.8512472E-2,2.4171144E-1,-2.0391625E-1,-1.1921361E-2,4.4679436E-1,-4.7900176E-1,2.0812714E-1,5.9452757E-2,-0E0,-6.8846606E-2,-1.7105222E-3,8.887865E-2,-1.5217773E-2],"categories":[],"categories_nodes":[],"categories_segments":[],"categories_sizes":[],"default_left":[0,0,0,0,0,0,0,0,0,0,0,0,0],"id":2,"left_children":[1,3,5,-1,7,9,11,-1,-1,-1,-1,-1,-1],"loss_changes":[1.0738779E1,6.79841E0,1.7835651E1,0E0,4.268712E0,7.767267E0,1.6004318E1,0E0,0E0,0E0,0E0,0E0,0E0],"parents":[2147483647,0,0,1,1,2,2,4,4,5,5,6,6],"right_children":[2,4,6,-1,8,10,12,-1,-1,-1,-1,-1,-1],"split_conditions":[4.721092E-2,-1.44926375E-2,1.420904E-1,-1.1921361E-2,9.078106E-3,1.4591093E-2,1.4411164E-2,5.9452757E-2,-0E0,-6.8846606E-2,-1.7105222E-3,8.887865E-2,-1.5217773E-2],"split_indices":[3,10,3,0,8,1,1,0,0,0,0,0,0],"split_type":[0,0,0,0,0,0,0,0,0,0,0,0,0],"sum_hessian":[2.3336606E2,8.154607E1,1.5181999E2,2.5531925E1,5.6014137E1,9.431376E1,5.750624E1,4.2980717E1,1.3033421E1,6.099161E1,3.3322147E1,2.192121E1,3.558503E1],"tree_param":{"num_deleted":"0","num_feature":"16","num_nodes":"13","size_leaf_vector":"1"}},{"base_weights":[-1.0602561E-2,-6.85967E-2,8.62127E-2,4.6894122E-2,-1.2791032E-1,-3.5489414E-2,-0E0],"categories":[],"categories_nodes":[],"categories_segments":[],"categories_sizes":[],"default_left":[0,0,0,0,0,0,0],"id":3,"left_children":[1,3,-1,-1,5,-1,-1],"loss_changes":[1.0595904E1,6.625831E0,0E0,0E0,6.250675E0,0E0,0E0],"parents":[2147483647,0,0,1,1,4,4],"right_children":[2,4,-1,-1,6,-1,-1],"split_conditions":[5.0866198E-2,-3.450069E-2,8.62127E-2,4.6894122E-2,-2.3215063E-1,-3.5489414E-2,-0E0],"split_indices":[1,1,0,0,7,0,0],"split_type":[0,0,0,0,0,0,0],"sum_hessian":[2.4290172E2,2.3035028E2,1.2551444E1,1.8940346E1,2.1140993E2,7.579425E1,1.3561568E2],"tree_param":{"num_deleted":"0","num_feature":"16","num_nodes":"7","size_leaf_vector":"1"}},{"base_weights":[-0E0,-1.2526146E-1,5.403834E-1,1.4130688E-1,-2.876294E-1,3.922386E-3,8.152345E-2,-6.4443597E-3,9.3781054E-2,-5.005099E-2,2.3743391E-2],"categories":[],"categories_nodes":[],"categories_segments":[],"categories_sizes":[],"default_left":[0,0,0,0,0,0,0,0,0,0,0],"id":4,"left_children":[1,3,5,7,9,-1,-1,-1,-1,-1,-1],"loss_changes":[1.5656396E1,8.829821E0,4.1258583E0,1.3451426E1,1.5156949E1,0E0,0E0,0E0,0E0,0E0,0E0],"parents":[2147483647,0,0,1,1,2,2,3,3,4,4],"right_children":[2,4,6,8,10,-1,-1,-1,-1,-1,-1],"split_conditions":[5.3262703E-2,4.832996E-2,3.742931E-3,8.429394E-4,1.4686295E-1,3.922386E-3,8.152345E-2,-6.4443597E-3,9.3781054E-2,-5.005099E-2,2.3743391E-2],"split_indices":[9,3,15,15,3,0,0,0,0,0,0],"split_type":[0,0,0,0,0,0,0,0,0,0,0],"sum_hessian":[2.3922241E2,1.9623328E2,4.2989143E1,6.902921E1,1.2720406E2,1.8379549E1,2.4609596E1,5.2761772E1,1.6267439E1,9.3144875E1,3.4059185E1],"tree_param":{"num_deleted":"0","num_feature":"16","num_nodes":"11","size_leaf_vector":"1"}},{"base_weights":[3.8829047E-2,-7.072267E-2,4.0006003E-1,1.571459E-1,-3.7768063E-1,8.16296E-2,1.277721E-1,-3.1179605E-2,3.1136952E-2,1.3913514E-2,-4.999322E-2,-0E0,6.1039478E-2],"categories":[],"categories_nodes":[],"categories_segments":[],"categories_sizes":[],"default_left":[0,0,0,0,0,0,0,0,0,0,0,0,0],"id":5,"left_children":[1,3,5,7,9,-1,11,-1,-1,-1,-1,-1,-1],"loss_changes":[1.0282533E1,1.3106702E1,4.8581924E0,7.3420115E0,6.1246223E0,0E0,3.8286078E0,0E0,0E0,0E0,0E0,0E0,0E0],"parents":[2147483647,0,0,1,1,2,2,3,3,4,4,6,6],"right_children":[2,4,6,8,10,-1,12,-1,-1,-1,-1,-1,-1],"split_conditions":[1.420904E-1,5.695724E-2,1.7490636E-1,-9.52025E-3,-6.1626295E-3,8.16296E-2,6.261975E-2,-3.1179605E-2,3.1136952E-2,1.3913514E-2,-4.999322E-2,-0E0,6.1039478E-2],"split_indices":[3,3,3,0,0,0,9,0,0,0,0,0,0],"split_type":[0,0,0,0,0,0,0,0,0,0,0,0,0],"sum_hessian":[2.4093802E2,1.8013069E2,6.0807335E1,9.919051E1,8.094017E1,2.051442E1,4.0292915E1,2.1139772E1,7.805074E1,1.2365011E1,6.857516E1,2.8517918E1,1.1775E1],"tree_param":{"num_deleted":"0","num_feature":"16","num_nodes":"13","size_leaf_vector":"1"}},{"base_weights":[-0E0,4.769159E-2,-3.206354E-2,-4.4806674E-2,-0E0,3.3883367E-2,-6.0108677E-3],"categories":[],"categories_nodes":[],"categories_segments":[],"categories_sizes":[],"default_left":[0,0,0,0,0,0,0],"id":6,"left_children":[1,-1,3,-1,5,-1,-1],"loss_changes":[4.6253824E0,0E0,3.9090118E0,0E0,4.7850966E0,0E0,0E0],"parents":[2147483647,0,0,2,2,4,4],"right_children":[2,-1,4,-1,6,-1,-1],"split_conditions":[-3.450069E-2,4.769159E-2,-1.0452912E-2,-4.4806674E-2,2.3076652E-1,3.3883367E-2,-6.0108677E-3],"split_indices":[1,0,8,0,14,0,0],"split_type":[0,0,0,0,0,0,0],"sum_hessian":[2.4358066E2,1.893439E1,2.2464627E2,2.0214947E1,2.0443134E2,3.5621998E1,1.6880933E2],"tree_param":{"num_deleted":"0","num_feature":"16","num_nodes":"7","size_leaf_vector":"1"}},{"base_weights":[4.4468543E-3,-4.0533837E-2,3.7828002E-2,-1.4506611E-1,1.7510663E-1,2.6160665E-2,-2.4077598E-2,5.5049878E-2,-1.3502454E-2],"categories":[],"categories_nodes":[],"categories_segments":[],"categories_sizes":[],"default_left":[0,0,0,0,0,0,0,0,0],"id":7,"left_children":[1,3,-1,5,7,-1,-1,-1,-1],"loss_changes":[4.8341627E0,4.64377E0,0E0,5.857546E0,8.185356E0,0E0,0E0,0E0,0E0],"parents":[2147483647,0,0,1,1,3,3,4,4],"right_children":[2,4,-1,6,8,-1,-1,-1,-1],"split_conditions":[8.295105E-3,8.036482E-1,3.7828002E-2,-6.250036E-1,2.3141054E-3,2.6160665E-2,-2.4077598E-2,5.5049878E-2,-1.3502454E-2],"split_indices":[15,6,0,13,15,0,0,0,0],