{"learner":{"attributes":{"scikit_learn":"{\"_estimator_type\": \"classifier\"}"},"feature_names":["bias_week","bias_month","bias_quarter","bias_year","rsi","macd","macd_signal","vol_change","close_change","bb_width","return_5d","k_upper","k_lower","k_body","buy_power","rs_5d"],"feature_types":["float","float","float","float","float","float","float","float","float","float","float","float","float","float","float","float"],"gradient_booster":{"model":{"cats":{"enc":[],"feature_segments":[],"sorted_idx":[]},"gbtree_model_param":{"num_parallel_tree":"1","num_trees":"6"},"iteration_indptr":[0,1,2,3,4,5,6],"tree_info":[0,0,0,0,0,0],"trees":[{"base_weights":[5.4075487E-2,-1.3054536E-1,5.652777E-1,2.1515408E-1,-5.111621E-1,7.297018E-2,2.0788568E-3,1.0575306E-1,5.6312163E-3,-6.808367E-2,-1.41381305E-2],"categories":[],"categories_nodes":[],"categories_segments":[],"categories_sizes":[],"default_left":[0,0,0,0,0,0,0,0,0,0,0],"id":0,"left_children":[1,3,5,7,9,-1,-1,-1,-1,-1,-1],"loss_changes":[2.4722567E1,2.457031E1,4.7810535E0,9.878428E0,3.9069424E0,0E0,0E0,0E0,0E0,0E0,0E0],"parents":[2147483647,0,0,1,1,2,2,3,3,4,4],"right_children":[2,4,6,8,10,-1,-1,-1,-1,-1,-1],"split_conditions":[1.4213254E-1,5.268769E-2,2.4250126E0,-1.713282E0,8.126939E-1,7.297018E-2,2.0788568E-3,1.0575306E-1,5.6312163E-3,-6.808367E-2,-1.41381305E-2],"split_indices":[3,3,6,6,6,0,0,0,0,0,0],"split_type":[0,0,0,0,0,0,0,0,0,0,0],"sum_hessian":[2.5142738E2,1.8151941E2,6.990798E1,9.203666E1,8.948274E1,5.0072067E1,1.9835909E1,1.2139467E1,7.9897194E1,5.646819E1,3.3014557E1],"tree_param":{"num_deleted":"0","num_feature":"16","num_nodes":"11","size_leaf_vector":"1"}},{"base_weights":[-0E0,-1.3143063E-1,5.533971E-2,-4.536957E-2,-4.7774486E-2,-6.314359E-2,-0E0],"categories":[],"categories_nodes":[],"categories_segments":[],"categories_sizes":[],"default_left":[0,0,0,0,0,0,0],"id":1,"left_children":[1,3,-1,-1,5,-1,-1],"loss_changes":[1.8649042E1,4.36868E0,0E0,0E0,4.559409E0,0E0,0E0],"parents":[2147483647,0,0,1,1,4,4],"right_children":[2,4,-1,-1,6,-1,-1],"split_conditions":[5.2837607E-2,1.9899948E-2,5.533971E-2,-4.536957E-2,-7.1264836E-3,-6.314359E-2,-0E0],"split_indices":[9,9,0,0,15,0,0],"split_type":[0,0,0,0,0,0,0],"sum_hessian":[2.5061063E2,2.0197925E2,4.863139E1,3.5678482E1,1.6630077E2,1.2112481E1,1.5418828E2],"tree_param":{"num_deleted":"0","num_feature":"16","num_nodes":"7","size_leaf_vector":"1"}},{"base_weights":[-5.7055768E-2,-1.3191417E-1,8.860215E-2,1.7892532E-1,-3.2079172E-1,-0E0,5.97551E-2,-5.962708E-2,1.3281638E-2],"categories":[],"categories_nodes":[],"categories_segments":[],"categories_sizes":[],"default_left":[0,0,0,0,0,0,0,0,0],"id":2,"left_children":[1,3,-1,5,7,-1,-1,-1,-1],"loss_changes":[1.5820496E1,1.3867743E1,0E0,7.4625597E0,1.992468E1,0E0,0E0,0E0,0E0],"parents":[2147483647,0,0,1,1,3,3,4,4],"right_children":[2,4,-1,6,8,-1,-1,-1,-1],"split_conditions":[4.8898175E-2,4.8330065E-2,8.860215E-2,3.2636353E-3,1.4213254E-1,-0E0,5.97551E-2,-5.962708E-2,1.3281638E-2],"split_indices":[1,3,0,1,3,0,0,0,0],"split_type":[0,0,0,0,0,0,0,0,0],"sum_hessian":[2.4633054E2,2.3060332E2,1.5727211E1,8.26509E1,1.4795242E2,5.4863094E1,2.7787811E1,9.458111E1,5.3371307E1],"tree_param":{"num_deleted":"0","num_feature":"16","num_nodes":"9","size_leaf_vector":"1"}},{"base_weights":[-7.2506415E-3,-7.84391E-2,8.043251E-2,1.764059E-2,-1.6823802E-2],"categories":[],"categories_nodes":[],"categories_segments":[],"categories_sizes":[],"default_left":[0,0,0,0,0],"id":3,"left_children":[1,3,-1,-1,-1],"loss_changes":[1.3098017E1,5.485495E0,0E0,0E0,0E0],"parents":[2147483647,0,0,1,1],"right_children":[2,4,-1,-1,-1],"split_conditions":[4.8898175E-2,2.3077103E-1,8.043251E-2,1.764059E-2,-1.6823802E-2],"split_indices":[1,14,0,0,0],"split_type":[0,0,0,0,0],"sum_hessian":[2.5309964E2,2.3543796E2,1.7661676E1,5.5264725E1,1.8017323E2],"tree_param":{"num_deleted":"0","num_feature":"16","num_nodes":"5","size_leaf_vector":"1"}},{"base_weights":[-0E0,-8.937585E-2,5.9411187E-2,-1.8058726E-1,1.8106805E-1,4.297054E-3,-4.2797856E-2,8.867521E-2,-1.2340627E-2],"categories":[],"categories_nodes":[],"categories_segments":[],"categories_sizes":[],"default_left":[0,0,0,0,0,0,0,0,0],"id":4,"left_children":[1,3,-1,5,7,-1,-1,-1,-1],"loss_changes":[1.3843518E1,5.3456774E0,0E0,1.0327982E1,1.2292421E1,0E0,0E0,0E0,0E0],"parents":[2147483647,0,0,1,1,3,3,4,4],"right_children":[2,4,-1,6,8,-1,-1,-1,-1],"split_conditions":[6.341991E-2,1.4213254E-1,5.9411187E-2,5.6653038E-2,1.5073186E-1,4.297054E-3,-4.2797856E-2,8.867521E-2,-1.2340627E-2],"split_indices":[9,3,0,3,4,0,0,0,0],"split_type":[0,0,0,0,0,0,0,0,0],"sum_hessian":[2.5026396E2,2.165715E2,3.369245E1,1.6820421E2,4.8367302E1,8.4159485E1,8.4044716E1,1.6678108E1,3.1689194E1],"tree_param":{"num_deleted":"0","num_feature":"16","num_nodes":"9","size_leaf_vector":"1"}},{"base_weights":[6.797256E-2,-3.2029346E-2,3.622412E-1,2.302252E-1,-3.1793308E-1,1.093629E-1,1.4301958E-2,-1.3628501E-2,3.6610022E-2,-4.4233024E-2,3.7940327E-2],"categories":[],"categories_nodes":[],"categories_segments":[],"categories_sizes":[],"default_left":[0,0,0,0,0,0,0,0,0,0,0],"id":5,"left_children":[1,3,5,7,9,-1,-1,-1,-1,-1,-1],"loss_changes":[8.131662E0,1.3826524E1,8.377375E0,5.154899E0,8.318652E0,0E0,0E0,0E0,0E0,0E0,0E0],"parents":[2147483647,0,0,1,1,2,2,3,3,4,4],"right_children":[2,4,6,8,10,-1,-1,-1,-1,-1,-1],"split_conditions":[1.4213254E-1,4.8330065E-2,1.6414562E-1,-9.874827E-3,1.424238E0,1.093629E-1,1.4301958E-2,-1.3628501E-2,3.6610022E-2,-4.4233024E-2,3.7940327E-2],"split_indices":[3,3,3,0,5,0,0,0,0,0,0],"split_type":[0,0,0,0,0,0,0,0,0,0,0],"sum_hessian":[2.5092253E2,1.8161276E2,6.930978E1,9.061909E1,9.0993675E1,1.3347796E1,5.596198E1,2.0389572E1,7.0229515E1,7.968263E1,1.1311042E1],"tree_param":{"num_deleted":"0","num_feature":"16","num_nodes":"11","size_leaf_vector":"1"}}]},"name":"gbtree"},"learner_model_param":{"base_score":"[5E-1]","boost_from_average":"1","num_class":"0","num_feature":"16","num_target":"1"},"objective":{"name":"binary:logistic","reg_loss_param":{"scale_pos_weight":"0.557153106"}}},"version":[3,2,0]}