{"learner":{"attributes":{"scikit_learn":"{\"_estimator_type\": \"classifier\"}"},"feature_names":["bias_week","bias_month","bias_quarter","bias_year","rsi","macd","macd_signal","vol_change","close_change","bb_width","return_5d","return_10d","k_upper","k_lower","k_body","buy_power","rs_5d","rs_10d","dist_to_20d_high","dist_to_20d_low","kd_k","kd_d","kd_cross","gap_ratio","obv","atr_ratio","trend_strength"],"feature_types":["float","float","float","float","float","float","float","float","float","float","float","float","float","float","float","float","float","float","float","float","float","float","float","float","float","float","float"],"gradient_booster":{"model":{"cats":{"enc":[],"feature_segments":[],"sorted_idx":[]},"gbtree_model_param":{"num_parallel_tree":"1","num_trees":"8"},"iteration_indptr":[0,1,2,3,4,5,6,7,8],"tree_info":[0,0,0,0,0,0,0,0],"trees":[{"base_weights":[3.8288455E-2,2.2352926E-1,-9.499726E-1,-6.891752E-1,3.016031E-1,-0E0,-1.1352905E0,2.4168119E-2,-1.224757E-1,5.182501E-2,-0E0,-1.377209E-1,-0E0],"categories":[],"categories_nodes":[],"categories_segments":[],"categories_sizes":[],"default_left":[0,0,0,0,0,0,0,0,0,0,0,0,0],"id":0,"left_children":[1,3,5,7,9,-1,11,-1,-1,-1,-1,-1,-1],"loss_changes":[8.607733E1,2.8185547E1,1.3827827E1,1.771912E1,2.4513165E1,0E0,1.547744E1,0E0,0E0,0E0,0E0,0E0,0E0],"parents":[2147483647,0,0,1,1,2,2,3,3,4,4,6,6],"right_children":[2,4,6,8,10,-1,12,-1,-1,-1,-1,-1,-1],"split_conditions":[4.4303797E-2,-5.8787037E-3,-5.359412E-2,-6.745343E0,6.919437E1,-0E0,6.1538553E-1,2.4168119E-2,-1.224757E-1,5.182501E-2,-0E0,-1.377209E-1,-0E0],"split_indices":[18,16,10,22,21,0,14,0,0,0,0,0,0],"split_type":[0,0,0,0,0,0,0,0,0,0,0,0,0],"sum_hessian":[4.7728094E2,4.0442395E2,7.2856995E1,2.906136E1,3.7536258E2,1.1374239E1,6.1482758E1,9.374239E0,1.968712E1,2.1434178E2,1.610208E2,4.885852E1,1.2624239E1],"tree_param":{"num_deleted":"0","num_feature":"27","num_nodes":"13","size_leaf_vector":"1"}},{"base_weights":[3.2254867E-2,1.7568785E-1,-4.4418088E-1,-9.8162323E-1,2.4584605E-1,-1.7606683E-1,-1.5579551E-1,-1.2743747E-1,-0E0,1.4632392E-2,6.806803E-2,-4.3569013E-2,3.2679167E-2],"categories":[],"categories_nodes":[],"categories_segments":[],"categories_sizes":[],"default_left":[0,0,0,0,0,0,0,0,0,0,0,0,0],"id":1,"left_children":[1,3,5,7,9,11,-1,-1,-1,-1,-1,-1,-1],"loss_changes":[3.1986856E1,2.8597485E1,2.8057589E1,6.861679E0,1.3251741E1,1.2184487E1,0E0,0E0,0E0,0E0,0E0,0E0,0E0],"parents":[2147483647,0,0,1,1,2,2,3,3,4,4,5,5],"right_children":[2,4,6,8,10,12,-1,-1,-1,-1,-1,-1,-1],"split_conditions":[3.676994E-2,-4.2897337E-3,4.026271E-3,-5.722716E-3,5.421786E-2,9.210749E-2,-1.5579551E-1,-1.2743747E-1,-0E0,1.4632392E-2,6.806803E-2,-4.3569013E-2,3.2679167E-2],"split_indices":[18,17,0,16,9,3,0,0,0,0,0,0,0],"split_type":[0,0,0,0,0,0,0,0,0,0,0,0,0],"sum_hessian":[4.7508838E2,3.69212E2,1.05876366E2,1.862581E1,3.505862E2,8.794164E1,1.7934725E1,1.4673967E1,3.9518437E0,2.9170758E2,5.8878613E1,6.084278E1,2.7098862E1],"tree_param":{"num_deleted":"0","num_feature":"27","num_nodes":"13","size_leaf_vector":"1"}},{"base_weights":[-9.528823E-2,1.4128013E-1,-9.064191E-1,8.564161E-4,9.679177E-1,6.9772124E-1,-1.0740385E0,-1.51768E-2,6.3654274E-2,-3.6803506E-2,1.2517367E-1,1.3969895E-1,-0E0,-0E0,-1.2374157E-1],"categories":[],"categories_nodes":[],"categories_segments":[],"categories_sizes":[],"default_left":[0,0,0,0,0,0,0,0,0,0,0,0,0,0,0],"id":2,"left_children":[1,3,5,7,9,11,13,-1,-1,-1,-1,-1,-1,-1,-1],"loss_changes":[8.684E1,3.746314E1,2.9000229E1,3.028562E1,2.1012016E1,6.0218E0,1.7562965E1,0E0,0E0,0E0,0E0,0E0,0E0,0E0,0E0],"parents":[2147483647,0,0,1,1,2,2,3,3,4,4,5,5,6,6],"right_children":[2,4,6,8,10,12,14,-1,-1,-1,-1,-1,-1,-1,-1],"split_conditions":[1.6554782E-2,5.421786E-2,-1.8789566E-1,1.0059651E1,9.7656034E-2,2.1640945E-2,-1.1873751E1,-1.51768E-2,6.3654274E-2,-3.6803506E-2,1.2517367E-1,1.3969895E-1,-0E0,-0E0,-1.2374157E-1],"split_indices":[25,9,3,22,3,25,22,0,0,0,0,0,0,0,0],"split_type":[0,0,0,0,0,0,0,0,0,0,0,0,0,0,0],"sum_hessian":[4.421281E2,3.4069608E2,1.01432045E2,2.9429407E2,4.640202E1,8.06558E0,9.336646E1,2.3501094E2,5.9283123E1,6.931016E0,3.9471E1,4.3655195E0,3.7000604E0,1.3083646E1,8.028282E1],"tree_param":{"num_deleted":"0","num_feature":"27","num_nodes":"15","size_leaf_vector":"1"}},{"base_weights":[-7.17002E-2,1.0031302E-1,-6.787576E-1,-8.9064807E-1,1.737347E-1,4.2826113E-1,-8.626652E-1,-0E0,-1.3306625E-1,3.446419E-2,-5.5305613E-3,-0E0,1.2418549E-1,-5.2842528E-2,-1.5103662E-1],"categories":[],"categories_nodes":[],"categories_segments":[],"categories_sizes":[],"default_left":[0,0,0,0,0,0,0,0,0,0,0,0,0,0,0],"id":3,"left_children":[1,3,5,7,9,11,13,-1,-1,-1,-1,-1,-1,-1,-1],"loss_changes":[4.975321E1,2.4633795E1,2.2740623E1,7.4533157E0,1.4107885E1,6.0433736E0,1.4776077E1,0E0,0E0,0E0,0E0,0E0,0E0,0E0,0E0],"parents":[2147483647,0,0,1,1,2,2,3,3,4,4,5,5,6,6],"right_children":[2,4,6,8,10,12,14,-1,-1,-1,-1,-1,-1,-1,-1],"split_conditions":[1.665749E-2,-4.2090085E-3,-1.4652392E-1,-4.413838E-3,6.919437E1,-3.732571E-2,1.843963E-3,-0E0,-1.3306625E-1,3.446419E-2,-5.5305613E-3,-0E0,1.2418549E-1,-5.2842528E-2,-1.5103662E-1],"split_indices":[25,17,3,8,21,1,17,0,0,0,0,0,0,0,0],"split_type":[0,0,0,0,0,0,0,0,0,0,0,0,0,0,0],"sum_hessian":[4.6254968E2,3.580892E2,1.0446049E2,2.1920828E1,3.3616837E2,1.2971942E1,9.148855E1,8.596831E0,1.3323996E1,1.966869E2,1.3948148E2,8.359176E0,4.612766E0,6.430676E1,2.7181782E1],"tree_param":{"num_deleted":"0","num_feature":"27","num_nodes":"15","size_leaf_vector":"1"}},{"base_weights":[4.925107E-3,-1.09875284E-1,5.2805895E-1,3.1552342E-1,-3.1580952E-1,7.1137846E-1,-8.4211305E-2,7.23062E-2,-5.39493E-2,1.0614044E-2,-4.8399635E-2,-0E0,8.98876E-2],"categories":[],"categories_nodes":[],"categories_segments":[],"categories_sizes":[],"default_left":[0,0,0,0,0,0,0,0,0,0,0,0,0],"id":4,"left_children":[1,3,5,7,9,11,-1,-1,-1,-1,-1,-1,-1],"loss_changes":[2.898684E1,3.3326084E1,2.2314596E1,4.3609833E1,1.9797165E1,1.0807705E1,0E0,0E0,0E0,0E0,0E0,0E0,0E0],"parents":[2147483647,0,0,1,1,2,2,3,3,4,4,5,5],"right_children":[2,4,6,8,10,12,-1,-1,-1,-1,-1,-1,-1],"split_conditions":[6.201739E-2,2.295222E-2,8.938824E-2,9.7098574E-2,2.2727305E-1,-3.076869E-1,-8.4211305E-2,7.23062E-2,-5.39493E-2,1.0614044E-2,-4.8399635E-2,-0E0,8.98876E-2],"split_indices":[2,9,26,3,15,14,0,0,0,0,0,0,0],"split_type":[0,0,0,0,0,0,0,0,0,0,0,0,0],"sum_hessian":[4.6526935E2,3.785658E2,8.670356E1,1.197635E2,2.588023E2,7.8329506E1,8.37405E0,8.272554E1,3.7037952E1,7.117032E1,1.8763197E2,1.7219189E1,6.111032E1],"tree_param":{"num_deleted":"0","num_feature":"27","num_nodes":"13","size_leaf_vector":"1"}},{"base_weights":[5.0664257E-2,2.1708003E-1,-5.1153183E-1,-7.521506E-1,2.9031768E-1,9.576842E-2,-7.369534E-1,-0E0,-9.8455876E-2,-1.1955913E-2,3.9219752E-2,-9.423218E-2,2.3210619E-2],"categories":[],"categories_nodes":[],"categories_segments":[],"categories_sizes":[],"default_left":[0,0,0,0,0,0,0,0,0,0,0,0,0],"id":5,"left_children":[1,3,5,7,9,-1,11,-1,-1,-1,-1,-1,-1],"loss_changes":[4.3989246E1,2.5494705E1,3.536934E1,6.5379496E0,1.5673927E1,0E0,2.1185879E1,0E0,0E0,0E0,0E0,0E0,0E0],"parents":[2147483647,0,0,1,1,2,2,3,3,4,4,6,6],"right_children":[2,4,6,8,10,-1,12,-1,-1,-1,-1,-1,-1],"split_conditions":[1.6554782E-2,-4.2090085E-3,-1.733185E-1,-2.2093782E-3,1.2799411E-2,9.576842E-2,8.2960014E1,-0E0,-9.8455876E-2,-1.1955913E-2,3.9219752E-2,-9.423218E-2,2.3210619E-2],"split_indices":[25,17,3,3,26,0,20,0,0,0,0,0,0],"split_type":[0,0,0,0,0,0,0,0,0,0,0,0,0],"sum_hessian":[4.753894E2,3.703127E2,1.050767E2,2.3291618E1,3.470211E2,1.2214692E1,9.286201E1,3.64491E0,1.964671E1,6.6263336E1,2.8075775E2,7.8076965E1,1.4785035E1],"tree_param":{"num_deleted":"0","num_feature":"27","num_nodes":"13","size_leaf_vector":"1"}},{"base_weights":[-1.312334E-3,1.5685861E-1,-5.831909E-1,4.522E-2,5.546079E-1,3.4721568E-1,-7.8991723E-1,4.5094006E-2,-2.0984497E-2,-4.1732915E-2,8.346593E-2,1.00479625E-1,-0E0,-1.0717263E-1,-4.0631043E-3],"categories":[],"categories_nodes":[],"categories_segments":[],"categories_sizes":[],