{"learner":{"attributes":{"scikit_learn":"{\"_estimator_type\": \"classifier\"}"},"feature_names":["bias_week","bias_month","bias_quarter","bias_year","rsi","macd","macd_signal","vol_change","close_change","bb_width","return_5d","k_upper","k_lower","k_body","buy_power","rs_5d"],"feature_types":["float","float","float","float","float","float","float","float","float","float","float","float","float","float","float","float"],"gradient_booster":{"model":{"cats":{"enc":[],"feature_segments":[],"sorted_idx":[]},"gbtree_model_param":{"num_parallel_tree":"1","num_trees":"12"},"iteration_indptr":[0,1,2,3,4,5,6,7,8,9,10,11,12],"tree_info":[0,0,0,0,0,0,0,0,0,0,0,0],"trees":[{"base_weights":[4.0694136E-2,-1.1054851E-1,4.651694E-2,2.1827605E-1,-4.1447258E-1,-2.572013E-2,3.981482E-2,-5.292159E-2,2.6696179E-2],"categories":[],"categories_nodes":[],"categories_segments":[],"categories_sizes":[],"default_left":[0,0,0,0,0,0,0,0,0],"id":0,"left_children":[1,3,-1,5,7,-1,-1,-1,-1],"loss_changes":[1.708893E1,1.8627687E1,0E0,7.6601963E0,8.589483E0,0E0,0E0,0E0,0E0],"parents":[2147483647,0,0,1,1,3,3,4,4],"right_children":[2,4,-1,6,8,-1,-1,-1,-1],"split_conditions":[1.439456E-1,4.7210924E-2,4.651694E-2,-1.0071671E-2,1.443015E0,-2.572013E-2,3.981482E-2,-5.292159E-2,2.6696179E-2],"split_indices":[3,3,0,0,5,0,0,0,0],"split_type":[0,0,0,0,0,0,0,0,0],"sum_hessian":[2.5124084E2,1.8181856E2,6.9422295E1,8.377925E1,9.803931E1,1.9796303E1,6.3982952E1,8.632538E1,1.1713927E1],"tree_param":{"num_deleted":"0","num_feature":"16","num_nodes":"9","size_leaf_vector":"1"}},{"base_weights":[-0E0,-1.1854433E-1,5.298728E-2,-4.7776498E-2,-3.3129703E-2,-5.675927E-2,-0E0],"categories":[],"categories_nodes":[],"categories_segments":[],"categories_sizes":[],"default_left":[0,0,0,0,0,0,0],"id":1,"left_children":[1,3,-1,-1,5,-1,-1],"loss_changes":[1.6651676E1,5.088086E0,0E0,0E0,3.6388443E0,0E0,0E0],"parents":[2147483647,0,0,1,1,4,4],"right_children":[2,4,-1,-1,6,-1,-1],"split_conditions":[5.3763285E-2,1.9920615E-2,5.298728E-2,-4.7776498E-2,-7.1264636E-3,-5.675927E-2,-0E0],"split_indices":[9,9,0,0,15,0,0],"split_type":[0,0,0,0,0,0,0],"sum_hessian":[2.498117E2,2.0145274E2,4.835897E1,3.3270992E1,1.6818175E2,1.1601307E1,1.5658044E2],"tree_param":{"num_deleted":"0","num_feature":"16","num_nodes":"7","size_leaf_vector":"1"}},{"base_weights":[-3.1791538E-2,9.941203E-2,-9.1014415E-2,-2.3571171E-1,2.3611341E-1,2.7935489E-3,-5.088651E-2,9.9994205E-2,-0E0],"categories":[],"categories_nodes":[],"categories_segments":[],"categories_sizes":[],"default_left":[0,0,0,0,0,0,0,0,0],"id":2,"left_children":[1,-1,3,5,7,-1,-1,-1,-1],"loss_changes":[1.2954278E1,0E0,1.107267E1,1.3308423E1,1.0544035E1,0E0,0E0,0E0,0E0],"parents":[2147483647,0,0,2,2,3,3,4,4],"right_children":[2,-1,4,6,8,-1,-1,-1,-1],"split_conditions":[-2.0244372E0,9.941203E-2,1.416928E-1,5.268749E-2,2.3460805E-3,2.7935489E-3,-5.088651E-2,9.9994205E-2,-0E0],"split_indices":[6,0,3,3,1,0,0,0,0],"split_type":[0,0,0,0,0,0,0,0,0],"sum_hessian":[2.449123E2,1.1138854E1,2.3377345E2,1.6687416E2,6.6899284E1,8.137044E1,8.550372E1,1.3974176E1,5.292511E1],"tree_param":{"num_deleted":"0","num_feature":"16","num_nodes":"9","size_leaf_vector":"1"}},{"base_weights":[-8.743356E-3,-8.982117E-2,9.5956475E-2,7.46139E-2,-1.4146696E-1,-3.44738E-2,-1.2213608E-3],"categories":[],"categories_nodes":[],"categories_segments":[],"categories_sizes":[],"default_left":[0,0,0,0,0,0,0],"id":3,"left_children":[1,3,-1,-1,5,-1,-1],"loss_changes":[1.8044054E1,8.882218E0,0E0,0E0,5.1681795E0,0E0,0E0],"parents":[2147483647,0,0,1,1,4,4],"right_children":[2,4,-1,-1,6,-1,-1],"split_conditions":[5.0298925E-2,-2.0189836E0,9.5956475E-2,7.46139E-2,-2.3021404E-1,-3.44738E-2,-1.2213608E-3],"split_indices":[1,5,0,0,7,0,0],"split_type":[0,0,0,0,0,0,0],"sum_hessian":[2.5284921E2,2.3565451E2,1.7194689E1,1.1035406E1,2.2461911E2,7.9769264E1,1.4484984E2],"tree_param":{"num_deleted":"0","num_feature":"16","num_nodes":"7","size_leaf_vector":"1"}},{"base_weights":[-0E0,-1.4410083E-1,5.861316E-1,-2.4843787E-1,2.0823422E-1,3.1795564E-1,1.1342481E-1,6.0392795E-3,-4.9382176E-2,1.054722E-1,-7.912531E-3,7.382295E-2,-0E0],"categories":[],"categories_nodes":[],"categories_segments":[],"categories_sizes":[],"default_left":[0,0,0,0,0,0,0,0,0,0,0,0,0],"id":4,"left_children":[1,3,5,7,9,11,-1,-1,-1,-1,-1,-1,-1],"loss_changes":[2.1099287E1,7.478158E0,4.041052E0,1.3323505E1,1.2317981E1,5.073717E0,0E0,0E0,0E0,0E0,0E0,0E0,0E0],"parents":[2147483647,0,0,1,1,2,2,3,3,4,4,5,5],"right_children":[2,4,6,8,10,12,-1,-1,-1,-1,-1,-1,-1],"split_conditions":[5.2997798E-2,1.416928E-1,4.3064103E-1,4.833006E-2,1.1199288E-1,-6.8123965E-4,1.1342481E-1,6.0392795E-3,-4.9382176E-2,1.054722E-1,-7.912531E-3,7.382295E-2,-0E0],"split_indices":[9,3,4,3,4,3,0,0,0,0,0,0,0],"split_type":[0,0,0,0,0,0,0,0,0,0,0,0,0],"sum_hessian":[2.4996776E2,2.0076999E2,4.919778E1,1.5985408E2,4.0915905E1,3.602785E1,1.31699295E1,6.734111E1,9.251296E1,1.2229135E1,2.868677E1,1.5674587E1,2.0353262E1],"tree_param":{"num_deleted":"0","num_feature":"16","num_nodes":"13","size_leaf_vector":"1"}},{"base_weights":[5.528273E-2,-6.413586E-2,3.981992E-1,1.7283432E-1,-3.174069E-1,5.4547615E-2,-9.65786E-3,-3.6124736E-2,3.6617972E-2,-4.1129176E-2,1.2509964E-2],"categories":[],"categories_nodes":[],"categories_segments":[],"categories_sizes":[],"default_left":[0,0,0,0,0,0,0,0,0,0,0],"id":5,"left_children":[1,3,5,7,9,-1,-1,-1,-1,-1,-1],"loss_changes":[1.1026039E1,1.1206582E1,6.2610874E0,9.411109E0,4.6302786E0,0E0,0E0,0E0,0E0,0E0,0E0],"parents":[2147483647,0,0,1,1,2,2,3,3,4,4],"right_children":[2,4,6,8,10,-1,-1,-1,-1,-1,-1],"split_conditions":[1.416928E-1,4.833006E-2,1.2242553E-1,-9.50999E-3,5.694238E-2,5.4547615E-2,-9.65786E-3,-3.6124736E-2,3.6617972E-2,-4.1129176E-2,1.2509964E-2],"split_indices":[3,3,2,0,2,0,0,0,0,0,0],"split_type":[0,0,0,0,0,0,0,0,0,0,0],"sum_hessian":[2.5073415E2,1.8114154E2,6.9592606E1,8.899633E1,9.21452E1,5.676066E1,1.2831947E1,2.0731487E1,6.826484E1,7.9754395E1,1.2390811E1],"tree_param":{"num_deleted":"0","num_feature":"16","num_nodes":"11","size_leaf_vector":"1"}},{"base_weights":[-0E0,-3.87228E-2,5.7313964E-2,5.0754976E-2,-9.727037E-2,-6.8635724E-2,-5.022255E-3],"categories":[],"categories_nodes":[],"categories_segments":[],"categories_sizes":[],"default_left":[0,0,0,0,0,0,0],"id":6,"left_children":[1,3,-1,-1,5,-1,-1],"loss_changes":[6.332494E0,6.643289E0,0E0,0E0,4.3197875E0,0E0,0E0],"parents":[2147483647,0,0,1,1,4,4],"right_children":[2,4,-1,-1,6,-1,-1],"split_conditions":[4.799335E-2,-3.369975E-2,5.7313964E-2,5.0754976E-2,-2.7932772E-2,-6.8635724E-2,-5.022255E-3],"split_indices":[1,1,0,0,10,0,0],"split_type":[0,0,0,0,0,0,0],"sum_hessian":[2.527995E2,2.3496277E2,1.783674E1,1.8831425E1,2.1613135E2,1.2126358E1,2.0400499E2],"tree_param":{"num_deleted":"0","num_feature":"16","num_nodes":"7","size_leaf_vector":"1"}},{"base_weights":[-0E0,-6.686731E-2,4.835744E-2,-1.579843E-2,-7.701014E-2,-1.8041776E-2,3.616461E-2],"categories":[],"categories_nodes":[],"categories_segments":[],"categories_sizes":[],"default_left":[0,0,0,0,0,0,0],"id":7,"left_children":[1,3,-1,5,-1,-1,-1],"loss_changes":[9.064114E0,6.0628624E0,0E0,1.2552443E1,0E0,0E0,0E0],"parents":[2147483647,0,0,1,1,3,3],"right_children":[2,4,-1,6,-1,-1,-1],"split_conditions":[8.295093E-3,2.2169027E0,4.835744E-2,8.040077E-1,-7.701014E-2,-1.8041776E-2,3.616461E-2],"split_indices":[15,6,0,6,0,0,0],"split_type":[0,0,0,0,0,0,0],"sum_hessian":[2.5056908E2,2.1657996E2,3.398913E1,2.0507523E2,1.1504725E1,1.4690227E2,5.8172966E1],"tree_param":{"num_deleted":"0","num_feature":"16","num_nodes":"7","size_leaf_vector":"1"}},{"base_weights":[9.983091E-3,-8.1153035E-2,2.8187227E-1,2.122926E-1,-4.1806057E-1,7.393537E-2,-0E0,-1.8049363E-2,4.980112E-2,4.876278E-3,-5.423626E-2,-3.0670373E-2,2.8791806E-2],"categories":[],"categories_nodes":[],"categories_segments":[],"categories_sizes":[],"default_left":[0,0,0,0,0,0,0,0,0,0,0,0,0],"id":8,"left_children":[1,3,5,7,9,-1,11,-1,-1,-1,-1,-1,-1],