{"learner":{"attributes":{"scikit_learn":"{\"_estimator_type\": \"classifier\"}"},"feature_names":["bias_week","bias_month","bias_quarter","bias_year","rsi","macd","macd_signal","vol_change","close_change","bb_width","return_5d","k_upper","k_lower","k_body","buy_power","rs_5d","obv","atr_ratio","trend_strength"],"feature_types":["float","float","float","float","float","float","float","float","float","float","float","float","float","float","float","float","float","float","float"],"gradient_booster":{"model":{"cats":{"enc":[],"feature_segments":[],"sorted_idx":[]},"gbtree_model_param":{"num_parallel_tree":"1","num_trees":"10"},"iteration_indptr":[0,1,2,3,4,5,6,7,8,9,10],"tree_info":[0,0,0,0,0,0,0,0,0,0],"trees":[{"base_weights":[4.10548E-2,-1.1385216E-1,4.801926E-1,2.125432E-1,-4.242474E-1,6.339987E-2,-1.06107425E-2,-2.6205907E-2,4.833605E-2,-5.455864E-2,2.1005498E-2],"categories":[],"categories_nodes":[],"categories_segments":[],"categories_sizes":[],"default_left":[0,0,0,0,0,0,0,0,0,0,0],"id":0,"left_children":[1,3,5,7,9,-1,-1,-1,-1,-1,-1],"loss_changes":[1.7929403E1,1.8931656E1,7.6768312E0,1.1679579E1,8.520393E0,0E0,0E0,0E0,0E0,0E0,0E0],"parents":[2147483647,0,0,1,1,2,2,3,3,4,4],"right_children":[2,4,6,8,10,-1,-1,-1,-1,-1,-1],"split_conditions":[1.4401552E-1,4.776023E-2,2.2074668E-2,-1.4197689E-2,3.844215E-2,6.339987E-2,-1.06107425E-2,-2.6205907E-2,4.833605E-2,-5.455864E-2,2.1005498E-2],"split_indices":[3,3,17,10,18,0,0,0,0,0,0],"split_type":[0,0,0,0,0,0,0,0,0,0,0],"sum_hessian":[2.5128712E2,1.8200735E2,6.927977E1,8.518867E1,9.681869E1,5.7539097E1,1.1740674E1,2.8144907E1,5.704376E1,8.380541E1,1.3013271E1],"tree_param":{"num_deleted":"0","num_feature":"19","num_nodes":"11","size_leaf_vector":"1"}},{"base_weights":[-0E0,-1.1922953E-1,5.3852975E-2,-2.457907E-1,2.7394393E-1,8.293434E-3,-5.0401427E-2,8.77094E-2,-2.058371E-2],"categories":[],"categories_nodes":[],"categories_segments":[],"categories_sizes":[],"default_left":[0,0,0,0,0,0,0,0,0],"id":1,"left_children":[1,3,-1,5,7,-1,-1,-1,-1],"loss_changes":[1.679578E1,1.0024792E1,0E0,1.4582098E1,1.477256E1,0E0,0E0,0E0,0E0],"parents":[2147483647,0,0,1,1,3,3,4,4],"right_children":[2,4,-1,6,8,-1,-1,-1,-1],"split_conditions":[5.4304585E-2,1.416928E-1,5.3852975E-2,4.833028E-2,9.6080275E-3,8.293434E-3,-5.0401427E-2,8.77094E-2,-2.058371E-2],"split_indices":[9,3,0,3,16,0,0,0,0],"split_type":[0,0,0,0,0,0,0,0,0],"sum_hessian":[2.4969177E2,2.0255307E2,4.7138702E1,1.5758904E2,4.4964046E1,6.607123E1,9.151781E1,2.1866302E1,2.3097744E1],"tree_param":{"num_deleted":"0","num_feature":"19","num_nodes":"9","size_leaf_vector":"1"}},{"base_weights":[-3.0837042E-2,-1.8055972E-1,5.9796864E-1,-3.4572133E-1,-1.7311206E-2,1.1086917E-1,2.6420867E-1,2.588919E-4,-5.6359615E-2,-6.314102E-2,3.218045E-3,8.504633E-2,-2.7345695E-2],"categories":[],"categories_nodes":[],"categories_segments":[],"categories_sizes":[],"default_left":[0,0,0,0,0,0,0,0,0,0,0,0,0],"id":2,"left_children":[1,3,5,7,9,-1,11,-1,-1,-1,-1,-1,-1],"loss_changes":[2.2116747E1,4.592345E0,4.528804E0,8.472212E0,4.686759E0,0E0,1.0827446E1,0E0,0E0,0E0,0E0,0E0,0E0],"parents":[2147483647,0,0,1,1,2,2,3,3,4,4,6,6],"right_children":[2,4,6,8,10,-1,12,-1,-1,-1,-1,-1,-1],"split_conditions":[5.6966107E-2,2.8967533E-2,1.6830524E-2,1.10432105E-2,-3.8878784E-2,1.1086917E-1,-5.3013433E-3,2.588919E-4,-5.6359615E-2,-6.314102E-2,3.218045E-3,8.504633E-2,-2.7345695E-2],"split_indices":[9,9,17,17,2,0,2,0,0,0,0,0,0],"split_type":[0,0,0,0,0,0,0,0,0,0,0,0,0],"sum_hessian":[2.4474681E2,2.0061903E2,4.4127785E1,9.281701E1,1.0780202E2,1.4544379E1,2.9583405E1,3.2250446E1,6.0566563E1,1.13194685E1,9.648255E1,1.6064648E1,1.3518757E1],"tree_param":{"num_deleted":"0","num_feature":"19","num_nodes":"13","size_leaf_vector":"1"}},{"base_weights":[-1.1120727E-2,-1.6334996E-1,3.641059E-1,8.824473E-2,-2.5219205E-1,8.66571E-2,1.4203387E-1,-8.763418E-5,-4.5230873E-2,4.112873E-2,-4.6169464E-2],"categories":[],"categories_nodes":[],"categories_segments":[],"categories_sizes":[],"default_left":[0,0,0,0,0,0,0,0,0,0,0],"id":3,"left_children":[1,3,5,-1,7,-1,9,-1,-1,-1,-1],"loss_changes":[1.3980558E1,1.5794672E1,5.467683E0,0E0,7.764436E0,0E0,8.342424E0,0E0,0E0,0E0,0E0],"parents":[2147483647,0,0,1,1,2,2,4,4,6,6],"right_children":[2,4,6,-1,8,-1,10,-1,-1,-1,-1],"split_conditions":[1.416928E-1,-1.7783848E0,1.18887044E-1,8.824473E-2,5.2390777E-2,8.66571E-2,1.6401635E-2,-8.763418E-5,-4.5230873E-2,4.112873E-2,-4.6169464E-2],"split_indices":[3,6,4,0,3,0,17,0,0,0,0],"split_type":[0,0,0,0,0,0,0,0,0,0,0],"sum_hessian":[2.5252036E2,1.8394594E2,6.857441E1,1.2283945E1,1.71662E2,1.7666107E1,5.09083E1,8.185288E1,8.980911E1,3.7719353E1,1.3188947E1],"tree_param":{"num_deleted":"0","num_feature":"19","num_nodes":"11","size_leaf_vector":"1"}},{"base_weights":[-0E0,-1.4320989E-1,5.661015E-1,5.8057696E-2,-2.61953E-1,1.0753038E-1,1.4698239E-1,-2.447258E-2,9.21509E-2,-4.609021E-2,1.4074935E-2,-3.398821E-2,8.713735E-2],"categories":[],"categories_nodes":[],"categories_segments":[],"categories_sizes":[],"default_left":[0,0,0,0,0,0,0,0,0,0,0,0,0],"id":4,"left_children":[1,3,5,7,9,-1,11,-1,-1,-1,-1,-1,-1],"loss_changes":[1.9894974E1,5.2502723E0,7.9033365E0,1.9438965E1,1.1626141E1,0E0,1.1874135E1,0E0,0E0,0E0,0E0,0E0,0E0],"parents":[2147483647,0,0,1,1,2,2,3,3,4,4,6,6],"right_children":[2,4,6,8,10,-1,12,-1,-1,-1,-1,-1,-1],"split_conditions":[5.2997798E-2,4.833028E-2,1.7213061E-2,1.0784184E-2,1.416928E-1,1.0753038E-1,2.291412E-2,-2.447258E-2,9.21509E-2,-4.609021E-2,1.4074935E-2,-3.398821E-2,8.713735E-2],"split_indices":[9,3,17,2,3,0,17,0,0,0,0,0,0],"split_type":[0,0,0,0,0,0,0,0,0,0,0,0,0],"sum_hessian":[2.4950043E2,2.0032288E2,4.917756E1,6.730146E1,1.3302141E2,1.9535854E1,2.9641703E1,4.7978817E1,1.9322645E1,9.228106E1,4.074035E1,1.5934392E1,1.3707311E1],"tree_param":{"num_deleted":"0","num_feature":"19","num_nodes":"13","size_leaf_vector":"1"}},{"base_weights":[5.0052993E-2,-5.936775E-2,1.0940467E-1,3.8358074E-2,7.950714E-3,-6.06771E-3,3.0105216E-2],"categories":[],"categories_nodes":[],"categories_segments":[],"categories_sizes":[],"default_left":[0,0,0,0,0,0,0],"id":5,"left_children":[1,-1,3,-1,5,-1,-1],"loss_changes":[8.53229E0,0E0,5.649164E0,0E0,4.147221E0,0E0,0E0],"parents":[2147483647,0,0,2,2,4,4],"right_children":[2,-1,4,-1,6,-1,-1],"split_conditions":[-7.1264394E-3,-5.936775E-2,2.6923054E-1,3.8358074E-2,6.389376E-2,-6.06771E-3,3.0105216E-2],"split_indices":[15,0,14,0,2,0,0],"split_type":[0,0,0,0,0,0,0],"sum_hessian":[2.50107E2,1.77261E1,2.323809E2,5.6239574E1,1.7614133E2,1.3662187E2,3.9519455E1],"tree_param":{"num_deleted":"0","num_feature":"19","num_nodes":"7","size_leaf_vector":"1"}},{"base_weights":[-0E0,-7.9147376E-2,5.2609637E-2,9.140603E-3,-3.0762196E-1,-9.3448125E-3,3.6624514E-2,-0E0,-5.2021444E-2],"categories":[],"categories_nodes":[],"categories_segments":[],"categories_sizes":[],"default_left":[0,0,0,0,0,0,0,0,0],"id":6,"left_children":[1,3,-1,5,7,-1,-1,-1,-1],"loss_changes":[1.111188E1,5.075046E0,0E0,6.2174115E0,5.5924745E0,0E0,0E0,0E0,0E0],"parents":[2147483647,0,0,1,1,3,3,4,4],"right_children":[2,4,-1,6,8,-1,-1,-1,-1],"split_conditions":[8.295084E-3,2.5584914E-3,5.2609637E-2,2.3443945E-4,6.173643E-1,-9.3448125E-3,3.6624514E-2,-0E0,-5.2021444E-2],"split_indices":[15,15,0,15,5,0,0,0,0],"split_type":[0,0,0,0,0,0,0,0,0],"sum_hessian":[2.5271457E2,2.1814523E2,3.4569332E1,1.5028047E2,6.786476E1,1.1194618E2,3.8334286E1,2.4227268E1,4.3637493E1],"tree_param":{"num_deleted":"0","num_feature":"19","num_nodes":"9","size_leaf_vector":"1"}},{"base_weights":[-0E0,-1.0307854E-1,4.546013E-1,1.074365E-1,-2.2972606E-1,6.2620655E-2,-0E0,-1.9338509E-2,8.1093945E-2,3.2809973E-2,-3.680964E-2],"categories":[],"categories_nodes":[],"categories_segments":[],"categories_sizes":[],"default_left":[0,0,0,0,0,0,0,0,0,0,0],"id":7,"left_children":[1,3,5,7,9,-1,-1,-1,-1,-1,-1],"loss_changes":[1.2258382E1,5.659046E0,4.726368E0,1.6270136E1,1.0615471E1,0E0,0E0,0E0,0E0,0E0,0E0],"parents":[2147483647,0,0,1,1,2,2,3,3,4,4],"right_children":[2,4,6,8,10,-1,-1,-1,-1,-1,-1],