{"learner":{"attributes":{"scikit_learn":"{\"_estimator_type\": \"classifier\"}"},"feature_names":["bias_week","bias_month","bias_quarter","bias_year","rsi","macd","macd_signal","vol_change","close_change","bb_width","return_5d","k_upper","k_lower","k_body","buy_power","rs_5d"],"feature_types":["float","float","float","float","float","float","float","float","float","float","float","float","float","float","float","float"],"gradient_booster":{"model":{"cats":{"enc":[],"feature_segments":[],"sorted_idx":[]},"gbtree_model_param":{"num_parallel_tree":"1","num_trees":"13"},"iteration_indptr":[0,1,2,3,4,5,6,7,8,9,10,11,12,13],"tree_info":[0,0,0,0,0,0,0,0,0,0,0,0,0],"trees":[{"base_weights":[5.44886E-2,-9.5423274E-2,5.4362863E-1,2.6547763E-1,-4.9336436E-1,6.684422E-2,-0E0,-3.5117248E-3,5.609211E-2,-0E0,-5.8488548E-2],"categories":[],"categories_nodes":[],"categories_segments":[],"categories_sizes":[],"default_left":[0,0,0,0,0,0,0,0,0,0,0],"id":0,"left_children":[1,3,5,7,9,-1,-1,-1,-1,-1,-1],"loss_changes":[1.8669285E1,2.6493322E1,3.6303158E0,9.4912405E0,3.6957474E0,0E0,0E0,0E0,0E0,0E0,0E0],"parents":[2147483647,0,0,1,1,2,2,3,3,4,4],"right_children":[2,4,6,8,10,-1,-1,-1,-1,-1,-1],"split_conditions":[1.4209074E-1,5.268769E-2,2.3725116E0,-1.9820773E-3,-6.3495557E-3,6.684422E-2,-0E0,-3.5117248E-3,5.609211E-2,-0E0,-5.8488548E-2],"split_indices":[3,3,6,0,0,0,0,0,0,0,0],"split_type":[0,0,0,0,0,0,0,0,0,0,0],"sum_hessian":[2.406867E2,1.8074538E2,5.9941338E1,9.182654E1,8.891884E1,4.6982758E1,1.2958579E1,4.2125736E1,4.9700798E1,1.6050673E1,7.2868164E1],"tree_param":{"num_deleted":"0","num_feature":"16","num_nodes":"11","size_leaf_vector":"1"}},{"base_weights":[-0E0,-1.2270996E-2,5.2226514E-2],"categories":[],"categories_nodes":[],"categories_segments":[],"categories_sizes":[],"default_left":[0,0,0],"id":1,"left_children":[1,-1,-1],"loss_changes":[1.5179439E1,0E0,0E0],"parents":[2147483647,0,0],"right_children":[2,-1,-1],"split_conditions":[5.290875E-2,-1.2270996E-2,5.2226514E-2],"split_indices":[9,0,0],"split_type":[0,0,0],"sum_hessian":[2.4134885E2,1.9757385E2,4.3774994E1],"tree_param":{"num_deleted":"0","num_feature":"16","num_nodes":"3","size_leaf_vector":"1"}},{"base_weights":[-5.1051557E-2,-1.8445878E-1,3.347745E-1,2.0137386E-1,-5.8946544E-1,9.0523206E-2,-0E0,-4.3271086E-3,3.8673636E-2,-7.567351E-2,-4.818345E-3,-3.917052E-2,7.7637844E-2],"categories":[],"categories_nodes":[],"categories_segments":[],"categories_sizes":[],"default_left":[0,0,0,0,0,0,0,0,0,0,0,0,0],"id":2,"left_children":[1,3,5,7,9,-1,11,-1,-1,-1,-1,-1,-1],"loss_changes":[1.1702094E1,2.8722906E1,1.0275303E1,4.865896E0,6.5876007E0,0E0,1.1366241E1,0E0,0E0,0E0,0E0,0E0,0E0],"parents":[2147483647,0,0,1,1,2,2,3,3,4,4,6,6],"right_children":[2,4,6,8,10,-1,12,-1,-1,-1,-1,-1,-1],"split_conditions":[1.4209074E-1,5.268769E-2,1.2479639E-2,-1.0270559E-2,1.9993156E-2,9.0523206E-2,3.996275E-2,-4.3271086E-3,3.8673636E-2,-7.567351E-2,-4.818345E-3,-3.917052E-2,7.7637844E-2],"split_indices":[3,3,1,10,1,0,1,0,0,0,0,0,0],"split_type":[0,0,0,0,0,0,0,0,0,0,0,0,0],"sum_hessian":[2.3376138E2,1.7807298E2,5.5688396E1,8.836449E1,8.9708496E1,1.9767126E1,3.592127E1,3.3247208E1,5.511728E1,6.475313E1,2.4955372E1,2.3425581E1,1.2495688E1],"tree_param":{"num_deleted":"0","num_feature":"16","num_nodes":"13","size_leaf_vector":"1"}},{"base_weights":[-1.0176342E-2,2.5386002E-2,-1.0022637E-1,-2.4528123E-2,1.0262324E-2],"categories":[],"categories_nodes":[],"categories_segments":[],"categories_sizes":[],"default_left":[0,0,0,0,0],"id":3,"left_children":[1,-1,3,-1,-1],"loss_changes":[5.4718394E0,0E0,5.9530306E0,0E0,0E0],"parents":[2147483647,0,0,2,2],"right_children":[2,-1,4,-1,-1],"split_conditions":[2.3076652E-1,2.5386002E-2,6.7335516E-3,-2.4528123E-2,1.0262324E-2],"split_indices":[14,0,0,0,0],"split_type":[0,0,0,0,0],"sum_hessian":[2.4285284E2,5.5039696E1,1.8781316E2,1.15492424E2,7.2320724E1],"tree_param":{"num_deleted":"0","num_feature":"16","num_nodes":"5","size_leaf_vector":"1"}},{"base_weights":[7.2692786E-3,-7.6709315E-2,5.1051265E-1,1.8425483E-1,-2.3242249E-1,-0E0,8.587979E-2,-3.9626133E-2,5.4366678E-2,-4.288515E-2,2.1362228E-2],"categories":[],"categories_nodes":[],"categories_segments":[],"categories_sizes":[],"default_left":[0,0,0,0,0,0,0,0,0,0,0],"id":4,"left_children":[1,3,5,7,9,-1,-1,-1,-1,-1,-1],"loss_changes":[1.1069092E1,8.271364E0,6.567378E0,1.5146736E1,1.2239469E1,0E0,0E0,0E0,0E0,0E0,0E0],"parents":[2147483647,0,0,1,1,2,2,3,3,4,4],"right_children":[2,4,6,8,10,-1,-1,-1,-1,-1,-1],"split_conditions":[5.5553485E-2,4.7991503E-2,4.1546645E-3,-2.3757393E-2,1.4686276E-1,-0E0,8.587979E-2,-3.9626133E-2,5.4366678E-2,-4.288515E-2,2.1362228E-2],"split_indices":[9,3,15,3,3,0,0,0,0,0,0],"split_type":[0,0,0,0,0,0,0,0,0,0,0],"sum_hessian":[2.3862613E2,2.0071754E2,3.7908596E1,6.959256E1,1.3112498E2,1.6014465E1,2.1894129E1,2.4337776E1,4.5254784E1,9.4138405E1,3.6986572E1],"tree_param":{"num_deleted":"0","num_feature":"16","num_nodes":"11","size_leaf_vector":"1"}},{"base_weights":[5.1374868E-2,2.7539027E-1,-5.5866264E-2,-2.3059014E-2,4.034573E-2,-3.2034438E-2,3.17426E-1,1.1691985E-1,2.9685295E-3],"categories":[],"categories_nodes":[],"categories_segments":[],"categories_sizes":[],"default_left":[0,0,0,0,0,0,0,0,0],"id":5,"left_children":[1,3,5,-1,-1,-1,7,-1,-1],"loss_changes":[6.2768908E0,6.050217E0,1.5570954E1,0E0,0E0,0E0,1.2517849E1,0E0,0E0],"parents":[2147483647,0,0,1,1,2,2,6,6],"right_children":[2,4,6,-1,-1,-1,8,-1,-1],"split_conditions":[4.55766E-2,-1.2786037E-2,1.4209074E-1,-2.3059014E-2,4.034573E-2,-3.2034438E-2,1.6366513E-1,1.1691985E-1,2.9685295E-3],"split_indices":[3,0,3,0,0,0,3,0,0],"split_type":[0,0,0,0,0,0,0,0,0],"sum_hessian":[2.4055046E2,8.4642265E1,1.5590819E2,1.3850826E1,7.079144E1,9.441303E1,6.1495155E1,1.3368139E1,4.8127018E1],"tree_param":{"num_deleted":"0","num_feature":"16","num_nodes":"9","size_leaf_vector":"1"}},{"base_weights":[1.4875499E-2,-6.434339E-2,3.117266E-1,1.5347138E-1,-2.6847517E-1,7.714514E-2,-0E0,-1.9627912E-3,3.7930924E-2,-7.9852015E-2,-7.5903344E-3,-4.6189543E-2,4.5063358E-2],"categories":[],"categories_nodes":[],"categories_segments":[],"categories_sizes":[],"default_left":[0,0,0,0,0,0,0,0,0,0,0,0,0],"id":6,"left_children":[1,3,5,7,9,-1,11,-1,-1,-1,-1,-1,-1],"loss_changes":[6.2813554E0,8.538721E0,9.036633E0,4.1793466E0,8.456455E0,0E0,7.0491095E0,0E0,0E0,0E0,0E0,0E0,0E0],"parents":[2147483647,0,0,1,1,2,2,3,3,4,4,6,6],"right_children":[2,4,6,8,10,-1,12,-1,-1,-1,-1,-1,-1],"split_conditions":[1.4209074E-1,2.6345462E-1,1.5582344E-2,-5.631958E-1,4.809153E-1,7.714514E-2,3.4176536E-2,-1.9627912E-3,3.7930924E-2,-7.9852015E-2,-7.5903344E-3,-4.6189543E-2,4.5063358E-2],"split_indices":[3,6,1,5,6,0,1,0,0,0,0,0,0],"split_type":[0,0,0,0,0,0,0,0,0,0,0,0,0],"sum_hessian":[2.4324646E2,1.8606003E2,5.7186436E1,8.467947E1,1.01380554E2,2.4065313E1,3.3121124E1,4.2632004E1,4.2047462E1,2.3555304E1,7.782526E1,1.7360453E1,1.5760672E1],"tree_param":{"num_deleted":"0","num_feature":"16","num_nodes":"13","size_leaf_vector":"1"}},{"base_weights":[2.6262786E-2,-7.3270015E-2,2.6429746E-1,-1.5414746E-2,6.0245845E-2,6.765177E-2,-0E0],"categories":[],"categories_nodes":[],"categories_segments":[],"categories_sizes":[],"default_left":[0,0,0,0,0,0,0],"id":7,"left_children":[1,3,5,-1,-1,-1,-1],"loss_changes":[6.087335E0,8.025666E0,7.666802E0,0E0,0E0,0E0,0E0],"parents":[2147483647,0,0,1,1,2,2],"right_children":[2,4,6,-1,-1,-1,-1],"split_conditions":[8.5452086E-1,6.863246E-3,2.1594206E-3,-1.5414746E-2,6.0245845E-2,6.765177E-2,-0E0],"split_indices":[6,15,15,0,0,0,0],"split_type":[0,0,0,0,0,0,0],"sum_hessian":[2.3861423E2,1.6161745E2,7.699677E1,1.472257E2,1.439176E1,2.798285E1,4.9013927E1],"tree_param":{"num_deleted":"0","num_feature":"16","num_nodes":"7","size_leaf_vector":"1"}},{"base_weights":[-1.8580771E-3,2.570812E-1,-1.534992E-1,-1.6111512E-1,5.1398754E-1,-4.0604195E-1,2.1067739E-1,1.5854605E-2,-5.8711756E-2,6.50271E-2,-0E0,-0E0,-5.2743122E-2,6.824103E-2,-0E0],"categories":[],"categories_nodes":[],"categories_segments":[],