{"learner":{"attributes":{"scikit_learn":"{\"_estimator_type\": \"classifier\"}"},"feature_names":["bias_week","bias_month","bias_quarter","bias_year","rsi","macd","macd_signal","vol_change","close_change","bb_width","return_5d","return_10d","k_upper","k_lower","k_body","buy_power","rs_5d","rs_10d","dist_to_20d_high","dist_to_20d_low","kd_k","kd_d","kd_cross","gap_ratio","obv","atr_ratio","trend_strength"],"feature_types":["float","float","float","float","float","float","float","float","float","float","float","float","float","float","float","float","float","float","float","float","float","float","float","float","float","float","float"],"gradient_booster":{"model":{"gbtree_model_param":{"num_parallel_tree":"1","num_trees":"3"},"iteration_indptr":[0,1,2,3],"tree_info":[0,0,0],"trees":[{"base_weights":[-5.4850243E-2,1.7507918E-1,-8.269266E-1,-1.18532695E-1,2.1498556E-1,4.6594226E-1,-9.9743485E-1,-2.0171948E-2,3.267658E-2,-0E0,1.1952825E-1,-2.7973382E-2,-1.3571936E-1],"categories":[],"categories_nodes":[],"categories_segments":[],"categories_sizes":[],"default_left":[0,0,0,0,0,0,0,0,0,0,0,0,0],"id":0,"left_children":[1,3,5,-1,7,9,11,-1,-1,-1,-1,-1,-1],"loss_changes":[8.38805E1,1.7454288E1,2.557576E1,0E0,1.6992992E1,6.548232E0,2.1913818E1,0E0,0E0,0E0,0E0,0E0,0E0],"parents":[2147483647,0,0,1,1,2,2,4,4,5,5,6,6],"right_children":[2,4,6,-1,8,10,12,-1,-1,-1,-1,-1,-1],"split_conditions":[1.6491354E-2,-7.7069245E-2,-1.7047517E-1,-1.18532695E-1,1.2743352E-2,-4.2218983E-2,-4.3187118E0,-2.0171948E-2,3.267658E-2,-0E0,1.1952825E-1,-2.7973382E-2,-1.3571936E-1],"split_indices":[25,24,3,0,26,1,22,0,0,0,0,0,0],"split_type":[0,0,0,0,0,0,0,0,0,0,0,0,0],"sum_hessian":[4.6266058E2,3.5475815E2,1.0790244E2,7.735772E0,3.4702237E2,1.0857723E1,9.7044716E1,7.015244E1,2.7686993E2,5.4573174E0,5.400407E0,3.5715446E1,6.132927E1],"tree_param":{"num_deleted":"0","num_feature":"27","num_nodes":"13","size_leaf_vector":"1"}},{"base_weights":[4.768226E-2,-8.919339E-1,1.447688E-1,-1.3367462E0,2.178772E-2,-8.76531E-1,2.110067E-1,-1.5438756E-1,-0E0,6.4693466E-2,-9.5709674E-2,-0E0,-1.385566E-1,-5.9338015E-2,2.7534187E-2],"categories":[],"categories_nodes":[],"categories_segments":[],"categories_sizes":[],"default_left":[0,0,0,0,0,0,0,0,0,0,0,0,0,0,0],"id":1,"left_children":[1,3,5,7,9,11,13,-1,-1,-1,-1,-1,-1,-1,-1],"loss_changes":[4.2140347E1,2.0393784E1,2.8237083E1,6.779747E0,8.053199E0,1.3800974E1,2.1682274E1,0E0,0E0,0E0,0E0,0E0,0E0,0E0,0E0],"parents":[2147483647,0,0,1,1,2,2,3,3,4,4,5,5,6,6],"right_children":[2,4,6,8,10,12,14,-1,-1,-1,-1,-1,-1,-1,-1],"split_conditions":[-2.6400262E-2,4.1850153E-2,-6.7196945E-3,8.577531E-2,-2.0122671E-1,-6.8650646E0,-4.1299246E-2,-1.5438756E-1,-0E0,6.4693466E-2,-9.5709674E-2,-0E0,-1.385566E-1,-5.9338015E-2,2.7534187E-2],"split_indices":[1,3,16,26,4,22,3,0,0,0,0,0,0,0,0],"split_type":[0,0,0,0,0,0,0,0,0,0,0,0,0,0,0],"sum_hessian":[4.783252E2,4.195888E1,4.3636633E2,2.961161E1,1.2347269E1,2.3861805E1,4.1250452E2,2.4418184E1,5.193426E0,9.1064415E0,3.2408276E0,7.913031E0,1.5948774E1,2.8252491E1,3.8425204E2],"tree_param":{"num_deleted":"0","num_feature":"27","num_nodes":"15","size_leaf_vector":"1"}},{"base_weights":[2.7203737E-2,1.4483476E-1,-9.3339056E-1,-9.0847164E-1,2.2155146E-1,2.3645073E-1,-1.2820828E0,-0E0,-1.2719674E-1,1.3725897E-2,9.937715E-2,-3.653311E-2,9.159982E-2,-2.7762009E-2,-1.7275271E-1],"categories":[],"categories_nodes":[],"categories_segments":[],"categories_sizes":[],"default_left":[0,0,0,0,0,0,0,0,0,0,0,0,0,0,0],"id":2,"left_children":[1,3,5,7,9,11,13,-1,-1,-1,-1,-1,-1,-1,-1],"loss_changes":[5.2030285E1,3.3061516E1,2.295903E1,1.1251675E1,2.3266424E1,5.986964E0,1.3453613E1,0E0,0E0,0E0,0E0,0E0,0E0,0E0,0E0],"parents":[2147483647,0,0,1,1,2,2,3,3,4,4,5,5,6,6],"right_children":[2,4,6,8,10,12,14,-1,-1,-1,-1,-1,-1,-1,-1],"split_conditions":[1.9239018E-2,-4.289742E-3,-3.371489E-3,-5.9952037E-3,6.1970986E-2,-6.127005E-3,2.4627922E1,-0E0,-1.2719674E-1,1.3725897E-2,9.937715E-2,-3.653311E-2,9.159982E-2,-2.7762009E-2,-1.7275271E-1],"split_indices":[25,17,17,23,9,16,20,0,0,0,0,0,0,0,0],"split_type":[0,0,0,0,0,0,0,0,0,0,0,0,0,0,0],"sum_hessian":[4.743015E2,4.2530017E2,4.900134E1,2.6243477E1,3.990567E2,9.830995E0,3.917034E1,6.6554174E0,1.958806E1,3.641386E2,3.4918083E1,3.6956954E0,6.135299E0,1.42898245E1,2.4880518E1],"tree_param":{"num_deleted":"0","num_feature":"27","num_nodes":"15","size_leaf_vector":"1"}}]},"name":"gbtree"},"learner_model_param":{"base_score":"5E-1","boost_from_average":"1","num_class":"0","num_feature":"27","num_target":"1"},"objective":{"name":"binary:logistic","reg_loss_param":{"scale_pos_weight":"2.94308949"}}},"version":[2,1,0]}