{"learner":{"attributes":{"scikit_learn":"{\"_estimator_type\": \"classifier\"}"},"feature_names":["bias_week","bias_month","bias_quarter","bias_year","rsi","macd","macd_signal","vol_change","close_change","bb_width","return_5d","k_upper","k_lower","k_body","buy_power","rs_5d","obv","atr_ratio","trend_strength"],"feature_types":["float","float","float","float","float","float","float","float","float","float","float","float","float","float","float","float","float","float","float"],"gradient_booster":{"model":{"cats":{"enc":[],"feature_segments":[],"sorted_idx":[]},"gbtree_model_param":{"num_parallel_tree":"1","num_trees":"2"},"iteration_indptr":[0,1,2],"tree_info":[0,0],"trees":[{"base_weights":[3.5361275E-2,1.7708653E-1,-7.7594405E-1,-2.891384E-1,2.9884014E-1,5.2749112E-2,-1.1001606E-1,8.564707E-3,-6.1877046E-2,-1.29828425E-2,3.974781E-2],"categories":[],"categories_nodes":[],"categories_segments":[],"categories_sizes":[],"default_left":[0,0,0,0,0,0,0,0,0,0,0],"id":0,"left_children":[1,3,5,7,9,-1,-1,-1,-1,-1,-1],"loss_changes":[4.808054E1,2.0935963E1,2.8163754E1,1.0321546E1,1.3563009E1,0E0,0E0,0E0,0E0,0E0,0E0],"parents":[2147483647,0,0,1,1,2,2,3,3,4,4],"right_children":[2,4,6,8,10,-1,-1,-1,-1,-1,-1],"split_conditions":[1.9026235E-2,1.3717867E-2,-1.0631631E-1,2.9514268E-1,-1.1670799E-2,5.2749112E-2,-1.1001606E-1,8.564707E-3,-6.1877046E-2,-1.29828425E-2,3.974781E-2],"split_indices":[17,18,3,6,10,0,0,0,0,0,0],"split_type":[0,0,0,0,0,0,0,0,0,0,0],"sum_hessian":[4.2972647E2,3.6823926E2,6.148721E1,7.239535E1,2.958439E2,1.1098838E1,5.0388374E1,3.0967443E1,4.1427906E1,5.243634E1,2.4340756E2],"tree_param":{"num_deleted":"0","num_feature":"19","num_nodes":"11","size_leaf_vector":"1"}},{"base_weights":[2.488548E-2,-9.728408E-2,4.5895556E-1,2.4887404E-1,-3.7391388E-1,7.289067E-1,-3.3889118E-1,9.7094916E-2,-8.876329E-3,-9.804591E-2,-2.216022E-2,-0E0,8.800147E-2,-8.150828E-2,-0E0],"categories":[],"categories_nodes":[],"categories_segments":[],"categories_sizes":[],"default_left":[0,0,0,0,0,0,0,0,0,0,0,0,0,0,0],"id":1,"left_children":[1,3,5,7,9,11,13,-1,-1,-1,-1,-1,-1,-1,-1],"loss_changes":[2.332948E1,3.1627388E1,2.1854723E1,3.702946E1,1.4412657E1,7.1609077E0,4.9875307E0,0E0,0E0,0E0,0E0,0E0,0E0,0E0,0E0],"parents":[2147483647,0,0,1,1,2,2,3,3,4,4,5,5,6,6],"right_children":[2,4,6,8,10,12,14,-1,-1,-1,-1,-1,-1,-1,-1],"split_conditions":[6.1249223E-2,4.833039E-2,1.1423653E-1,2.7575953E-2,7.129005E-2,1.899271E-2,5.205258E-2,9.7094916E-2,-8.876329E-3,-9.804591E-2,-2.216022E-2,-0E0,8.800147E-2,-8.150828E-2,-0E0],"split_indices":[2,3,2,9,3,1,1,0,0,0,0,0,0,0,0],"split_type":[0,0,0,0,0,0,0,0,0,0,0,0,0,0,0],"sum_hessian":[4.2440918E2,3.2718823E2,9.7220955E1,1.4171385E2,1.8547437E2,7.47588E1,2.2462152E1,4.6949253E1,9.4764595E1,3.346335E1,1.5201102E2,1.5212821E1,5.954598E1,1.1144118E1,1.1318034E1],"tree_param":{"num_deleted":"0","num_feature":"19","num_nodes":"15","size_leaf_vector":"1"}}]},"name":"gbtree"},"learner_model_param":{"base_score":"[5E-1]","boost_from_average":"1","num_class":"0","num_feature":"19","num_target":"1"},"objective":{"name":"binary:logistic","reg_loss_param":{"scale_pos_weight":"1.51976752"}}},"version":[3,2,0]}