{"learner":{"attributes":{"scikit_learn":"{\"_estimator_type\": \"classifier\"}"},"feature_names":["bias_week","bias_month","bias_quarter","bias_year","rsi","macd","macd_signal","vol_change","close_change","bb_width","return_5d","k_upper","k_lower","k_body","buy_power","rs_5d","obv","atr_ratio","trend_strength"],"feature_types":["float","float","float","float","float","float","float","float","float","float","float","float","float","float","float","float","float","float","float"],"gradient_booster":{"model":{"cats":{"enc":[],"feature_segments":[],"sorted_idx":[]},"gbtree_model_param":{"num_parallel_tree":"1","num_trees":"4"},"iteration_indptr":[0,1,2,3,4],"tree_info":[0,0,0,0],"trees":[{"base_weights":[4.0172134E-2,-7.964419E-2,4.5394403E-1,2.6778677E-1,-3.960235E-1,6.1960167E-1,-4.969662E-3,-1.640938E-2,5.103576E-2,-0E0,-5.264853E-2,-0E0,8.3367944E-2],"categories":[],"categories_nodes":[],"categories_segments":[],"categories_sizes":[],"default_left":[0,0,0,0,0,0,0,0,0,0,0,0,0],"id":0,"left_children":[1,3,5,7,9,11,-1,-1,-1,-1,-1,-1,-1],"loss_changes":[1.282226E1,2.0429977E1,6.169183E0,9.764388E0,4.896475E0,4.594084E0,0E0,0E0,0E0,0E0,0E0,0E0,0E0],"parents":[2147483647,0,0,1,1,2,2,3,3,4,4,5,5],"right_children":[2,4,6,8,10,12,-1,-1,-1,-1,-1,-1,-1],"split_conditions":[1.4463024E-1,4.7147866E-2,2.1866255E-2,-1.4492773E-2,2.79615E-1,1.2518212E-2,-4.969662E-3,-1.640938E-2,5.103576E-2,-0E0,-5.264853E-2,-0E0,8.3367944E-2],"split_indices":[3,3,17,10,6,17,0,0,0,0,0,0,0],"split_type":[0,0,0,0,0,0,0,0,0,0,0,0,0],"sum_hessian":[2.4147919E2,1.8307906E2,5.8400124E1,8.3866905E1,9.921215E1,4.730719E1,1.1092936E1,2.7123003E1,5.67439E1,2.6622791E1,7.258936E1,1.5123633E1,3.2183556E1],"tree_param":{"num_deleted":"0","num_feature":"19","num_nodes":"13","size_leaf_vector":"1"}},{"base_weights":[-0E0,-1.0704514E-1,5.0206427E-2,1.8406259E-1,-2.662695E-1,7.980588E-2,-1.6714491E-2,-5.0180413E-2,2.262228E-2],"categories":[],"categories_nodes":[],"categories_segments":[],"categories_sizes":[],"default_left":[0,0,0,0,0,0,0,0,0],"id":1,"left_children":[1,3,-1,5,7,-1,-1,-1,-1],"loss_changes":[1.3002615E1,9.447984E0,0E0,1.5808114E1,1.6524231E1,0E0,0E0,0E0,0E0],"parents":[2147483647,0,0,1,1,3,3,4,4],"right_children":[2,4,-1,6,8,-1,-1,-1,-1],"split_conditions":[5.4571133E-2,4.7147866E-2,5.0206427E-2,2.8355258E-2,1.4194676E-1,7.980588E-2,-1.6714491E-2,-5.0180413E-2,2.262228E-2],"split_indices":[9,3,0,9,3,0,0,0,0],"split_type":[0,0,0,0,0,0,0,0,0],"sum_hessian":[2.4142285E2,1.996749E2,4.174795E1,6.5588646E1,1.3408624E2,2.6046507E1,3.954214E1,9.3384445E1,4.0701797E1],"tree_param":{"num_deleted":"0","num_feature":"19","num_nodes":"9","size_leaf_vector":"1"}},{"base_weights":[-3.7514895E-2,-1.7422748E-1,5.178063E-1,-1.1765279E-1,-6.835223E-2,9.0260625E-2,1.0257702E-1,-2.9120067E-2,6.4070066E-3,-3.2501556E-2,7.608551E-2],"categories":[],"categories_nodes":[],"categories_segments":[],"categories_sizes":[],"default_left":[0,0,0,0,0,0,0,0,0,0,0],"id":2,"left_children":[1,3,5,7,-1,-1,9,-1,-1,-1,-1],"loss_changes":[1.6971977E1,3.732604E0,4.6980076E0,6.158257E0,0E0,0E0,7.7919903E0,0E0,0E0,0E0,0E0],"parents":[2147483647,0,0,1,1,2,2,3,3,6,6],"right_children":[2,4,6,8,-1,-1,10,-1,-1,-1,-1],"split_conditions":[5.4571133E-2,1.5463763E0,1.8194947E-2,2.8958548E-2,-6.835223E-2,9.0260625E-2,2.3934856E-2,-2.9120067E-2,6.4070066E-3,-3.2501556E-2,7.608551E-2],"split_indices":[9,5,17,9,0,0,17,0,0,0,0],"split_type":[0,0,0,0,0,0,0,0,0,0,0],"sum_hessian":[2.33585E2,1.9074054E2,4.284447E1,1.758865E2,1.4854024E1,1.9196194E1,2.3648277E1,9.577179E1,8.011472E1,1.2318328E1,1.132995E1],"tree_param":{"num_deleted":"0","num_feature":"19","num_nodes":"11","size_leaf_vector":"1"}},{"base_weights":[-6.5731085E-3,-1.4060085E-1,3.671982E-1,1.2484895E-1,-4.4712406E-1,9.2113875E-2,8.0943376E-2,7.451499E-2,-0E0,-0E0,-6.068013E-2,3.1418677E-2,-3.6961854E-2],"categories":[],"categories_nodes":[],"categories_segments":[],"categories_sizes":[],"default_left":[0,0,0,0,0,0,0,0,0,0,0,0,0],"id":3,"left_children":[1,3,5,7,9,-1,11,-1,-1,-1,-1,-1,-1],"loss_changes":[1.1683369E1,1.5670466E1,7.329056E0,8.866258E0,7.8658695E0,0E0,4.4124713E0,0E0,0E0,0E0,0E0,0E0,0E0],"parents":[2147483647,0,0,1,1,2,2,3,3,4,4,6,6],"right_children":[2,4,6,8,10,-1,12,-1,-1,-1,-1,-1,-1],"split_conditions":[1.4194676E-1,5.2461665E-2,1.23772964E-1,1.2405078E-2,-7.965766E-3,9.2113875E-2,1.6236024E-2,7.451499E-2,-0E0,-0E0,-6.068013E-2,3.1418677E-2,-3.6961854E-2],"split_indices":[3,3,4,17,10,0,17,0,0,0,0,0,0],"split_type":[0,0,0,0,0,0,0,0,0,0,0,0,0],"sum_hessian":[2.4326045E2,1.8353015E2,5.9730293E1,9.443786E1,8.90923E1,1.7452963E1,4.227733E1,1.8246744E1,7.619111E1,2.0504276E1,6.858803E1,3.1102734E1,1.1174595E1],"tree_param":{"num_deleted":"0","num_feature":"19","num_nodes":"13","size_leaf_vector":"1"}}]},"name":"gbtree"},"learner_model_param":{"base_score":"[5E-1]","boost_from_average":"1","num_class":"0","num_feature":"19","num_target":"1"},"objective":{"name":"binary:logistic","reg_loss_param":{"scale_pos_weight":"0.624894857"}}},"version":[3,2,0]}