{"learner":{"attributes":{"scikit_learn":"{\"_estimator_type\": \"classifier\"}"},"feature_names":["bias_week","bias_month","bias_quarter","bias_year","rsi","macd","macd_signal","vol_change","close_change","bb_width","return_5d","return_10d","k_upper","k_lower","k_body","buy_power","rs_5d","rs_10d","dist_to_20d_high","dist_to_20d_low","kd_k","kd_d","kd_cross","gap_ratio","obv","atr_ratio","trend_strength"],"feature_types":["float","float","float","float","float","float","float","float","float","float","float","float","float","float","float","float","float","float","float","float","float","float","float","float","float","float","float"],"gradient_booster":{"model":{"gbtree_model_param":{"num_parallel_tree":"1","num_trees":"12"},"iteration_indptr":[0,1,2,3,4,5,6,7,8,9,10,11,12],"tree_info":[0,0,0,0,0,0,0,0,0,0,0,0],"trees":[{"base_weights":[-2.3147918E-2,9.349056E-1,-2.4079381E-1,-2.7074825E-2,1.0611107E0,-7.393151E-3,-7.8383356E-1,1.2493838E-1,-0E0,-1.7150514E-2,5.3992335E-2,4.704104E-2,-9.437337E-2],"categories":[],"categories_nodes":[],"categories_segments":[],"categories_sizes":[],"default_left":[0,0,0,0,0,0,0,0,0,0,0,0,0],"id":0,"left_children":[1,3,5,-1,7,9,11,-1,-1,-1,-1,-1,-1],"loss_changes":[8.834462E1,1.3902687E1,4.297906E1,0E0,1.2680214E1,2.2142344E1,2.3226196E1,0E0,0E0,0E0,0E0,0E0,0E0],"parents":[2147483647,0,0,1,1,2,2,4,4,5,5,6,6],"right_children":[2,4,6,-1,8,10,12,-1,-1,-1,-1,-1,-1],"split_conditions":[1.4467234E-3,1.0307007E-2,2.4514904E-3,-2.7074825E-2,1.7162423E0,2.1260826E-1,-2.1329394E-1,1.2493838E-1,-0E0,-1.7150514E-2,5.3992335E-2,4.704104E-2,-9.437337E-2],"split_indices":[25,3,25,0,6,3,3,0,0,0,0,0,0],"split_type":[0,0,0,0,0,0,0,0,0,0,0,0,0],"sum_hessian":[4.29393E2,7.7045616E1,3.5234738E2,5.5039473E0,7.154167E1,2.4994562E2,1.0240176E2,5.852588E1,1.301579E1,1.9586667E2,5.407895E1,1.026579E1,9.213596E1],"tree_param":{"num_deleted":"0","num_feature":"27","num_nodes":"13","size_leaf_vector":"1"}},{"base_weights":[1.0415983E-2,-2.2561976E-1,3.5458347E-1,6.050778E-1,-3.6167648E-1,4.5758864E-1,-5.6693363E-1,9.7863376E-2,-5.325225E-2,-2.2383463E-2,-1.4362362E-1,5.918767E-2,-1.8062389E-2,-1.3448294E-1,4.2416904E-2],"categories":[],"categories_nodes":[],"categories_segments":[],"categories_sizes":[],"default_left":[0,0,0,0,0,0,0,0,0,0,0,0,0,0,0],"id":1,"left_children":[1,3,5,7,9,11,13,-1,-1,-1,-1,-1,-1,-1,-1],"loss_changes":[3.591468E1,2.860343E1,1.7278904E1,1.6304554E1,2.8905195E1,1.5850296E1,1.5543524E1,0E0,0E0,0E0,0E0,0E0,0E0,0E0,0E0],"parents":[2147483647,0,0,1,1,2,2,3,3,4,4,5,5,6,6],"right_children":[2,4,6,8,10,12,14,-1,-1,-1,-1,-1,-1,-1,-1],"split_conditions":[1.6681743E-1,-3.085969E-1,3.0486817E0,1.3903245E-1,7.7688575E-2,8.973704E1,8.314673E1,9.7863376E-2,-5.325225E-2,-2.2383463E-2,-1.4362362E-1,5.918767E-2,-1.8062389E-2,-1.3448294E-1,4.2416904E-2],"split_indices":[4,24,6,3,9,20,20,0,0,0,0,0,0,0,0],"split_type":[0,0,0,0,0,0,0,0,0,0,0,0,0,0,0],"sum_hessian":[4.36813E2,2.5540114E2,1.8141183E2,3.3193554E1,2.222076E2,1.6576384E2,1.5647997E1,2.6449759E1,6.743796E0,2.0024478E2,2.1962809E1,1.3910542E2,2.6658419E1,9.816438E0,5.831559E0],"tree_param":{"num_deleted":"0","num_feature":"27","num_nodes":"15","size_leaf_vector":"1"}},{"base_weights":[1.2810303E-2,7.288089E-1,-2.0339112E-1,8.3905613E-1,-1.1875797E-1,-1.9054012E-2,-7.3798424E-1,9.632671E-2,-0E0,-2.3489868E-2,5.8723465E-2,3.6747724E-2,-1.00638725E-1],"categories":[],"categories_nodes":[],"categories_segments":[],"categories_sizes":[],"default_left":[0,0,0,0,0,0,0,0,0,0,0,0,0],"id":2,"left_children":[1,3,5,7,-1,9,11,-1,-1,-1,-1,-1,-1],"loss_changes":[6.873428E1,2.2060959E1,3.1075483E1,1.1102669E1,0E0,3.277777E1,2.6960934E1,0E0,0E0,0E0,0E0,0E0,0E0],"parents":[2147483647,0,0,1,1,2,2,3,3,5,5,6,6],"right_children":[2,4,6,8,-1,10,12,-1,-1,-1,-1,-1,-1],"split_conditions":[1.5500436E-3,9.336467E1,2.6342585E-3,3.273436E-1,-1.1875797E-1,2.111597E-1,-1.8995677E-1,9.632671E-2,-0E0,-2.3489868E-2,5.8723465E-2,3.6747724E-2,-1.00638725E-1],"split_indices":[25,20,25,24,0,3,3,0,0,0,0,0,0],"split_type":[0,0,0,0,0,0,0,0,0,0,0,0,0],"sum_hessian":[4.3467957E2,1.0275768E2,3.3192188E2,9.876164E1,3.9960418E0,2.5061566E2,8.130621E1,8.52959E1,1.3465748E1,1.8788179E2,6.273386E1,1.4547307E1,6.675891E1],"tree_param":{"num_deleted":"0","num_feature":"27","num_nodes":"13","size_leaf_vector":"1"}},{"base_weights":[3.287674E-2,7.0513076E-1,-1.1724549E-1,8.374611E-1,-1.2402312E-1,2.7168203E-2,-6.391644E-1,9.227623E-2,-2.0535877E-2,1.1085028E-2,-9.8991364E-2,-7.709213E-3,8.499702E-2,4.892592E-2,-8.350591E-2],"categories":[],"categories_nodes":[],"categories_segments":[],"categories_sizes":[],"default_left":[0,0,0,0,0,0,0,0,0,0,0,0,0,0,0],"id":3,"left_children":[1,3,5,7,9,11,13,-1,-1,-1,-1,-1,-1,-1,-1],"loss_changes":[4.370806E1,1.0409771E1,2.7075527E1,8.667007E0,4.0171223E0,2.4814E1,1.8871935E1,0E0,0E0,0E0,0E0,0E0,0E0,0E0,0E0],"parents":[2147483647,0,0,1,1,2,2,3,3,4,4,5,5,6,6],"right_children":[2,4,6,8,10,12,14,-1,-1,-1,-1,-1,-1,-1,-1],"split_conditions":[1.4610166E-3,8.777562E1,2.6342585E-3,1.0054636E-2,4.846096E-1,7.299311E-2,-2.2998972E-1,9.227623E-2,-2.0535877E-2,1.1085028E-2,-9.8991364E-2,-7.709213E-3,8.499702E-2,4.892592E-2,-8.350591E-2],"split_indices":[25,21,25,17,4,9,3,0,0,0,0,0,0,0,0],"split_type":[0,0,0,0,0,0,0,0,0,0,0,0,0,0,0],"sum_hessian":[4.1839285E2,7.8535675E1,3.3985718E2,7.006407E1,8.471608E0,2.6345718E2,7.6399994E1,6.641932E1,3.644752E0,5.23228E0,3.2393286E0,2.321713E2,3.1285896E1,9.7196665E0,6.668033E1],"tree_param":{"num_deleted":"0","num_feature":"27","num_nodes":"15","size_leaf_vector":"1"}},{"base_weights":[-1.2791039E-3,5.683483E-1,-1.8889497E-1,-7.3450804E-2,7.525226E-1,6.689044E-1,-3.0103076E-1,-5.9559997E-2,5.727405E-2,9.0192355E-2,-3.5305165E-2,1.1417159E-1,-1.4267361E-3,-4.8515603E-2,2.6319409E-2],"categories":[],"categories_nodes":[],"categories_segments":[],"categories_sizes":[],"default_left":[0,0,0,0,0,0,0,0,0,0,0,0,0,0,0],"id":4,"left_children":[1,3,5,7,9,11,13,-1,-1,-1,-1,-1,-1,-1,-1],"loss_changes":[4.542011E1,1.39077835E1,3.0961447E1,7.660503E0,1.60886E1,1.4415096E1,3.1884604E1,0E0,0E0,0E0,0E0,0E0,0E0,0E0,0E0],"parents":[2147483647,0,0,1,1,2,2,3,3,4,4,5,5,6,6],"right_children":[2,4,6,8,10,12,14,-1,-1,-1,-1,-1,-1,-1,-1],"split_conditions":[1.5431903E-3,1.49000855E-2,-3.0309474E-1,1.0444372E1,8.777562E1,2.4514904E-3,1.658869E0,-5.9559997E-2,5.727405E-2,9.0192355E-2,-3.5305165E-2,1.1417159E-1,-1.4267361E-3,-4.8515603E-2,2.6319409E-2],"split_indices":[25,26,24,22,21,25,6,0,0,0,0,0,0,0,0],"split_type":[0,0,0,0,0,0,0,0,0,0,0,0,0,0,0],"sum_hessian":[4.3127466E2,1.0344243E2,3.278322E2,2.0451546E1,8.299088E1,3.5081734E1,2.927505E2,1.3252289E1,7.1992564E0,7.463087E1,8.36002E0,2.2159035E1,1.2922698E1,2.2285646E2,6.989402E1],"tree_param":{"num_deleted":"0","num_feature":"27","num_nodes":"15","size_leaf_vector":"1"}},{"base_weights":[-5.809583E-2,1.9509248E-1,-3.908968E-1,3.6699975E-1,-9.051607E-2,-4.9300882E-1,8.633051E-1,8.467638E-2,1.1770224E-2,-4.9949624E-2,2.3942204E-2,4.8919618E-2,-5.5091348E-2,1.3027306E-1,-0E0],"categories":[],"categories_nodes":[],"categories_segments":[],"categories_sizes":[],"default_left":[0,0,0,0,0,0,0,0,0,0,0,0,0,0,0],"id":5,"left_children":[1,3,5,7,9,11,13,-1,-1,-1,-1,-1,-1,-1,-1],"loss_changes":[3.5908684E1,1.2206632E1,2.3310068E1,1.6090298E1,1.2235362E1,1.1068367E1,4.5345287E0,0E0,0E0,0E0,0E0,0E0,0E0,0E0,0E0],"parents":[2147483647,0,0,1,1,2,2,3,3,4,4,5,5,6,6],"right_children":[2,4,6,8,10,12,14,-1,-1,-1,-1,-1,-1,-1,-1],"split_conditions":[2.0689673E-3,7.229308E-3,5.3629935E-1,1.4432642E-3,1.5173012E-1,-2.2998972E-1,2.8479978E-1,8.467638E-2,1.1770224E-2,-4.9949624E-2,2.3942204E-2,4.8919618E-2,-5.5091348E-2,1.3027306E-1,-0E0],"split_indices":[25,16,4,25,3,3,3,0,0,0,0,0,0,0,0],"split_type":[0,0,0,0,0,0,0,0,0,0,0,0,0,0,0],"sum_hessian":[4.192765E2,2.344751E2,1.8480139E2,1.5114755E2,8.332755E1,1.7303464E2,1.1766758E1,4.7297287E1,1.03850266E2,3.995326E1,4.33743E1,7.7846766E0,1.6524995E2,7.224673E0,4.5420847E0],"tree_param":{"num_deleted":"0","num_feature":"27",