{"learner":{"attributes":{"scikit_learn":"{\"_estimator_type\": \"classifier\"}"},"feature_names":["bias_week","bias_month","bias_quarter","bias_year","rsi","macd","macd_signal","vol_change","close_change","bb_width","return_5d","k_upper","k_lower","k_body","buy_power","rs_5d","obv","atr_ratio","trend_strength"],"feature_types":["float","float","float","float","float","float","float","float","float","float","float","float","float","float","float","float","float","float","float"],"gradient_booster":{"model":{"cats":{"enc":[],"feature_segments":[],"sorted_idx":[]},"gbtree_model_param":{"num_parallel_tree":"1","num_trees":"5"},"iteration_indptr":[0,1,2,3,4,5],"tree_info":[0,0,0,0,0],"trees":[{"base_weights":[6.281337E-3,1.4749171E-1,-8.17804E-2,-4.8640076E-2,1.0961139E-1,3.1874746E-2,-2.3163928E-2],"categories":[],"categories_nodes":[],"categories_segments":[],"categories_sizes":[],"default_left":[0,0,0,0,0,0,0],"id":0,"left_children":[1,-1,3,-1,5,-1,-1],"loss_changes":[2.8838556E1,0E0,1.5281853E1,0E0,9.057611E0,0E0,0E0],"parents":[2147483647,0,0,2,2,4,4],"right_children":[2,-1,4,-1,6,-1,-1],"split_conditions":[-2.3392732E0,1.4749171E-1,1.8385248E-1,-4.8640076E-2,2.2579757E-3,3.1874746E-2,-2.3163928E-2],"split_indices":[6,0,5,0,17,0,0],"split_type":[0,0,0,0,0,0,0],"sum_hessian":[1.967454E2,1.2413221E1,1.8433218E2,6.2524933E1,1.2180725E2,7.939534E1,4.241191E1],"tree_param":{"num_deleted":"0","num_feature":"19","num_nodes":"7","size_leaf_vector":"1"}},{"base_weights":[-6.481761E-2,9.983716E-2,-1.4271027E-1,-2.628014E-1,2.2100745E-1,-6.2465746E-2,-3.6736715E-3,-0E0,4.9648292E-2],"categories":[],"categories_nodes":[],"categories_segments":[],"categories_sizes":[],"default_left":[0,0,0,0,0,0,0,0,0],"id":1,"left_children":[1,-1,3,5,7,-1,-1,-1,-1],"loss_changes":[1.4674965E1,0E0,8.293386E0,1.0566827E1,3.4901686E0,0E0,0E0,0E0,0E0],"parents":[2147483647,0,0,2,2,3,3,4,4],"right_children":[2,-1,4,6,8,-1,-1,-1,-1],"split_conditions":[-2.78309E-1,9.983716E-2,6.5015376E-2,2.2624208E-1,7.358962E-2,-6.2465746E-2,-3.6736715E-3,-0E0,4.9648292E-2],"split_indices":[16,0,9,5,3,0,0,0,0],"split_type":[0,0,0,0,0,0,0,0,0],"sum_hessian":[1.9899521E2,1.14638E1,1.875314E2,1.4565846E2,4.187294E1,5.162996E1,9.40285E1,1.9837008E1,2.203593E1],"tree_param":{"num_deleted":"0","num_feature":"19","num_nodes":"9","size_leaf_vector":"1"}},{"base_weights":[-4.5280735E-4,-3.4345442E-1,2.4687001E-1,-5.6335956E-1,5.6802377E-2,3.891618E-1,-3.3353705E-2,-8.223546E-2,-1.6912742E-2,5.8117907E-2,-0E0,-4.44748E-2,4.917752E-2],"categories":[],"categories_nodes":[],"categories_segments":[],"categories_sizes":[],"default_left":[0,0,0,0,0,0,0,0,0,0,0,0,0],"id":2,"left_children":[1,3,5,7,-1,9,11,-1,-1,-1,-1,-1,-1],"loss_changes":[1.6431028E1,1.6903927E1,5.078833E0,5.0067463E0,0E0,4.9103117E0,6.6835823E0,0E0,0E0,0E0,0E0,0E0,0E0],"parents":[2147483647,0,0,1,1,2,2,3,3,5,5,6,6],"right_children":[2,4,6,8,-1,10,12,-1,-1,-1,-1,-1,-1],"split_conditions":[1.4790396E-4,6.789823E-2,1.3709044E-2,-5.080199E-3,5.6802377E-2,8.882536E-2,7.195427E-2,-8.223546E-2,-1.6912742E-2,5.8117907E-2,-0E0,-4.44748E-2,4.917752E-2],"split_indices":[15,9,15,15,0,7,9,0,0,0,0,0,0],"split_type":[0,0,0,0,0,0,0,0,0,0,0,0,0],"sum_hessian":[1.9096617E2,8.381374E1,1.0715243E2,6.959754E1,1.4216203E1,7.63822E1,3.0770224E1,3.804764E1,3.15499E1,4.7964314E1,2.8417887E1,1.963948E1,1.1130744E1],"tree_param":{"num_deleted":"0","num_feature":"19","num_nodes":"13","size_leaf_vector":"1"}},{"base_weights":[6.2254927E-4,1.188863E-1,-7.1040265E-2,-2.8315192E-1,2.6768616E-1,-5.8182362E-2,-8.844731E-3,4.768286E-2,-3.0139133E-2],"categories":[],"categories_nodes":[],"categories_segments":[],"categories_sizes":[],"default_left":[0,0,0,0,0,0,0,0,0],"id":3,"left_children":[1,-1,3,5,7,-1,-1,-1,-1],"loss_changes":[1.9409094E1,0E0,1.3234229E1,5.3610325E0,8.523981E0,0E0,0E0,0E0,0E0],"parents":[2147483647,0,0,2,2,3,3,4,4],"right_children":[2,-1,4,6,8,-1,-1,-1,-1],"split_conditions":[-2.138408E0,1.188863E-1,1.06138E0,1.8969623E-2,2.6342582E-3,-5.8182362E-2,-8.844731E-3,4.768286E-2,-3.0139133E-2],"split_indices":[6,0,6,3,17,0,0,0,0],"split_type":[0,0,0,0,0,0,0,0,0],"sum_hessian":[1.9634302E2,1.27903385E1,1.8355269E2,1.1697262E2,6.658006E1,4.1030228E1,7.594239E1,5.1386654E1,1.5193408E1],"tree_param":{"num_deleted":"0","num_feature":"19","num_nodes":"9","size_leaf_vector":"1"}},{"base_weights":[3.546121E-3,1.01604894E-1,-4.779886E-2,-4.880356E-2,3.010044E-2,1.352193E-2,-2.788837E-2],"categories":[],"categories_nodes":[],"categories_segments":[],"categories_sizes":[],"default_left":[0,0,0,0,0,0,0],"id":4,"left_children":[1,-1,3,-1,5,-1,-1],"loss_changes":[1.2416776E1,0E0,7.39126E0,0E0,4.6964936E0,0E0,0E0],"parents":[2147483647,0,0,2,2,4,4],"right_children":[2,-1,4,-1,6,-1,-1],"split_conditions":[-2.566619E0,1.01604894E-1,-2.7396293E-2,-4.880356E-2,2.5343243E-3,1.352193E-2,-2.788837E-2],"split_indices":[5,0,2,0,17,0,0],"split_type":[0,0,0,0,0,0,0],"sum_hessian":[1.9477089E2,1.1360769E1,1.8341013E2,3.1623552E1,1.5178658E2,1.18601105E2,3.3185463E1],"tree_param":{"num_deleted":"0","num_feature":"19","num_nodes":"7","size_leaf_vector":"1"}}]},"name":"gbtree"},"learner_model_param":{"base_score":"[5E-1]","boost_from_average":"1","num_class":"0","num_feature":"19","num_target":"1"},"objective":{"name":"binary:logistic","reg_loss_param":{"scale_pos_weight":"0.396981627"}}},"version":[3,2,0]}