{"learner":{"attributes":{"scikit_learn":"{\"_estimator_type\": \"classifier\"}"},"feature_names":["bias_week","bias_month","bias_quarter","bias_year","rsi","macd","macd_signal","vol_change","close_change","bb_width","return_5d","k_upper","k_lower","k_body","buy_power","rs_5d"],"feature_types":["float","float","float","float","float","float","float","float","float","float","float","float","float","float","float","float"],"gradient_booster":{"model":{"cats":{"enc":[],"feature_segments":[],"sorted_idx":[]},"gbtree_model_param":{"num_parallel_tree":"1","num_trees":"23"},"iteration_indptr":[0,1,2,3,4,5,6,7,8,9,10,11,12,13,14,15,16,17,18,19,20,21,22,23],"tree_info":[0,0,0,0,0,0,0,0,0,0,0,0,0,0,0,0,0,0,0,0,0,0,0],"trees":[{"base_weights":[1.7596528E-2,1.5911315E-1,-6.554718E-2,-3.911495E-2,8.955857E-3],"categories":[],"categories_nodes":[],"categories_segments":[],"categories_sizes":[],"default_left":[0,0,0,0,0],"id":0,"left_children":[1,-1,3,-1,-1],"loss_changes":[2.9385412E1,0E0,1.0184874E1,0E0,0E0],"parents":[2147483647,0,0,2,2],"right_children":[2,-1,4,-1,-1],"split_conditions":[-2.6637752E0,1.5911315E-1,2.0964143E-1,-3.911495E-2,8.955857E-3],"split_indices":[6,0,5,0,0],"split_type":[0,0,0,0,0],"sum_hessian":[1.9635553E2,1.1058186E1,1.8529733E2,6.4200195E1,1.2109714E2],"tree_param":{"num_deleted":"0","num_feature":"16","num_nodes":"5","size_leaf_vector":"1"}},{"base_weights":[-0E0,-1.21846944E-1,4.8567772E-1,-6.3252024E-2,1.1189839E-1,7.067732E-2,-0E0,2.0431796E-2,-2.855462E-2],"categories":[],"categories_nodes":[],"categories_segments":[],"categories_sizes":[],"default_left":[0,0,0,0,0,0,0,0,0],"id":1,"left_children":[1,3,5,-1,7,-1,-1,-1,-1],"loss_changes":[1.184577E1,1.9950224E1,5.0599213E0,0E0,3.7358055E0,0E0,0E0,0E0,0E0],"parents":[2147483647,0,0,1,1,2,2,4,4],"right_children":[2,4,6,-1,8,-1,-1,-1,-1],"split_conditions":[6.764018E-2,-3.3380787E-3,5.941421E-2,-6.3252024E-2,1.4312086E-2,7.067732E-2,-0E0,2.0431796E-2,-2.855462E-2],"split_indices":[9,15,1,0,15,0,0,0,0],"split_type":[0,0,0,0,0,0,0,0,0],"sum_hessian":[1.9587192E2,1.5552472E2,4.0347202E1,5.146792E1,1.0405679E2,2.8675055E1,1.1672148E1,8.883095E1,1.5225845E1],"tree_param":{"num_deleted":"0","num_feature":"16","num_nodes":"9","size_leaf_vector":"1"}},{"base_weights":[4.2719133E-3,1.19928986E-1,-7.281638E-2,-7.4389435E-2,2.1926591E-2,-6.208192E-2,9.271914E-3],"categories":[],"categories_nodes":[],"categories_segments":[],"categories_sizes":[],"default_left":[0,0,0,0,0,0,0],"id":2,"left_children":[1,-1,3,-1,5,-1,-1],"loss_changes":[2.0240614E1,0E0,1.300738E1,0E0,5.874649E0,0E0,0E0],"parents":[2147483647,0,0,2,2,4,4],"right_children":[2,-1,4,-1,6,-1,-1],"split_conditions":[-2.2619457E0,1.19928986E-1,-8.489815E-1,-7.4389435E-2,-6.702547E-2,-6.208192E-2,9.271914E-3],"split_indices":[6,0,6,0,3,0,0],"split_type":[0,0,0,0,0,0,0],"sum_hessian":[1.9021823E2,1.3130142E1,1.7708809E2,2.4592928E1,1.5249516E2,1.197269E1,1.4052248E2],"tree_param":{"num_deleted":"0","num_feature":"16","num_nodes":"7","size_leaf_vector":"1"}},{"base_weights":[-1.7335298E-2,1.0051338E-1,-9.091169E-2,-4.625938E-1,1.0009529E-1,-5.8248628E-2,-0E0,6.1872967E-2,7.1222225E-5],"categories":[],"categories_nodes":[],"categories_segments":[],"categories_sizes":[],"default_left":[0,0,0,0,0,0,0,0,0],"id":3,"left_children":[1,-1,3,5,7,-1,-1,-1,-1],"loss_changes":[1.2964213E1,0E0,1.4110988E1,4.827919E0,4.8215647E0,0E0,0E0,0E0,0E0],"parents":[2147483647,0,0,2,2,3,3,4,4],"right_children":[2,-1,4,6,8,-1,-1,-1,-1],"split_conditions":[-2.5666194E0,1.0051338E-1,1.8561606E-1,2.0226551E-2,4.6770602E-1,-5.8248628E-2,-0E0,6.1872967E-2,7.1222225E-5],"split_indices":[5,0,5,10,5,0,0,0,0],"split_type":[0,0,0,0,0,0,0,0,0],"sum_hessian":[1.9822388E2,1.110074E1,1.8712312E2,6.7488716E1,1.1963441E2,5.5860508E1,1.1628212E1,1.5399004E1,1.04235405E2],"tree_param":{"num_deleted":"0","num_feature":"16","num_nodes":"9","size_leaf_vector":"1"}},{"base_weights":[4.2296343E-2,1.0264333E-1,-7.6389965E-3,-3.7173608E-1,1.4273492E-1,-6.204124E-2,4.260187E-2,-5.8678266E-2,2.3419568E-2],"categories":[],"categories_nodes":[],"categories_segments":[],"categories_sizes":[],"default_left":[0,0,0,0,0,0,0,0,0],"id":4,"left_children":[1,-1,3,5,7,-1,-1,-1,-1],"loss_changes":[1.1895479E1,0E0,1.048258E1,1.2167051E1,7.7392955E0,0E0,0E0,0E0,0E0],"parents":[2147483647,0,0,2,2,3,3,4,4],"right_children":[2,-1,4,6,8,-1,-1,-1,-1],"split_conditions":[-2.4907424E0,1.0264333E-1,-3.3380787E-3,5.7751834E-2,-6.702547E-2,-6.204124E-2,4.260187E-2,-5.8678266E-2,2.3419568E-2],"split_indices":[6,0,15,9,3,0,0,0,0],"split_type":[0,0,0,0,0,0,0,0,0],"sum_hessian":[1.9322304E2,1.13459425E1,1.8187709E2,5.7509224E1,1.24367874E2,4.582937E1,1.1679853E1,1.1257095E1,1.1311078E2],"tree_param":{"num_deleted":"0","num_feature":"16","num_nodes":"9","size_leaf_vector":"1"}},{"base_weights":[9.068532E-3,-1.6476394E-1,4.4618228E-1,-4.1403207E-1,-0E0,5.7896454E-2,-0E0,-8.723836E-2,-4.5716125E-3,4.7211103E-2,-2.0956324E-2],"categories":[],"categories_nodes":[],"categories_segments":[],"categories_sizes":[],"default_left":[0,0,0,0,0,0,0,0,0,0,0],"id":5,"left_children":[1,3,5,7,9,-1,-1,-1,-1,-1,-1],"loss_changes":[1.5583979E1,4.7861376E0,4.5084686E0,6.4085245E0,8.268424E0,0E0,0E0,0E0,0E0,0E0,0E0],"parents":[2147483647,0,0,1,1,2,2,3,3,4,4],"right_children":[2,4,6,8,10,-1,-1,-1,-1,-1,-1],"split_conditions":[5.5409323E-2,2.4462806E-1,3.0086799E0,3.1250916E-2,6.974542E-2,5.7896454E-2,-0E0,-8.723836E-2,-4.5716125E-3,4.7211103E-2,-2.0956324E-2],"split_indices":[9,5,5,9,3,0,0,0,0,0,0],"split_type":[0,0,0,0,0,0,0,0,0,0,0],"sum_hessian":[1.9659091E2,1.3699947E2,5.9591446E1,4.955033E1,8.7449135E1,4.8031322E1,1.1560122E1,1.9125063E1,3.042527E1,2.3888601E1,6.356053E1],"tree_param":{"num_deleted":"0","num_feature":"16","num_nodes":"11","size_leaf_vector":"1"}},{"base_weights":[-1.4307109E-2,7.602117E-2,-8.241439E-2,-2.9320976E-2,2.1130195E-1,-1.9112937E-2,4.7308184E-2],"categories":[],"categories_nodes":[],"categories_segments":[],"categories_sizes":[],"default_left":[0,0,0,0,0,0,0],"id":6,"left_children":[1,-1,3,-1,5,-1,-1],"loss_changes":[9.0654955E0,0E0,1.1848816E1,0E0,8.574362E0,0E0,0E0],"parents":[2147483647,0,0,2,2,4,4],"right_children":[2,-1,4,-1,6,-1,-1],"split_conditions":[-2.2619457E0,7.602117E-2,1.034083E0,-2.9320976E-2,2.666677E-1,-1.9112937E-2,4.7308184E-2],"split_indices":[6,0,6,0,14,0,0],"split_type":[0,0,0,0,0,0,0],"sum_hessian":[1.9933731E2,1.3275215E1,1.860621E2,1.1226375E2,7.379835E1,2.5914715E1,4.7883633E1],"tree_param":{"num_deleted":"0","num_feature":"16","num_nodes":"7","size_leaf_vector":"1"}},{"base_weights":[4.9794942E-2,9.479585E-2,-0E0,-2.788998E-1,1.6688232E-1,1.3026381E-2,-3.97365E-2,2.640351E-2,-4.8640955E-2],"categories":[],"categories_nodes":[],"categories_segments":[],"categories_sizes":[],"default_left":[0,0,0,0,0,0,0,0,0],"id":7,"left_children":[1,-1,3,5,7,-1,-1,-1,-1],"loss_changes":[1.0330981E1,0E0,8.712435E0,4.216288E0,6.753417E0,0E0,0E0,0E0,0E0],"parents":[2147483647,0,0,2,2,3,3,4,4],"right_children":[2,-1,4,6,8,-1,-1,-1,-1],"split_conditions":[-2.2619457E0,9.479585E-2,-8.134792E-4,-1.50562795E-2,3.0142996E0,1.3026381E-2,-3.97365E-2,2.640351E-2,-4.8640955E-2],"split_indices":[6,0,15,15,6,0,0,0,0],"split_type":[0,0,0,0,0,0,0,0,0],"sum_hessian":[1.9493207E2,1.1764829E1,1.8316724E2,7.215428E1,1.11012955E2,1.226535E1,5.9888935E1,9.946415E1,1.1548808E1],"tree_param":{"num_deleted":"0","num_feature":"16","num_nodes":"9","size_leaf_vector":"1"}},{"base_weights":[-0E0,-3.9536882E-2,5.7385743E-2,5.9419446E-2,-1.01682425E-1,-8.334937E-2,-2.5111903E-3],"categories":[],"categories_nodes":[],"categories_segments":[],"categories_sizes":[],"default_left":[0,0,0,0,0,0,0],"id":8,"left_children":[1,3,-1,-1,5,-1,-1],"loss_changes":[4.89108E0,5.867878E0,0E0,0E0,7.2787633E0,0E0,0E0],"parents":[2147483647,0,0,1,1,4,4],"right_children":[2,4,-1,-1,6,-1,-1],"split_conditions":[4.609384E-1,-2.4825754E0,5.7385743E-2,5.9419446E-2,-1.15879975E-1,-8.334937E-2,-2.5111903E-3],"split_indices":[4,5,0,0,3,0,0],