{"learner":{"attributes":{"scikit_learn":"{\"_estimator_type\": \"classifier\"}"},"feature_names":["bias_week","bias_month","bias_quarter","bias_year","rsi","macd","macd_signal","vol_change","close_change","bb_width","return_5d","k_upper","k_lower","k_body","buy_power","rs_5d"],"feature_types":["float","float","float","float","float","float","float","float","float","float","float","float","float","float","float","float"],"gradient_booster":{"model":{"cats":{"enc":[],"feature_segments":[],"sorted_idx":[]},"gbtree_model_param":{"num_parallel_tree":"1","num_trees":"15"},"iteration_indptr":[0,1,2,3,4,5,6,7,8,9,10,11,12,13,14,15],"tree_info":[0,0,0,0,0,0,0,0,0,0,0,0,0,0,0],"trees":[{"base_weights":[1.7251896E-2,1.5913764E-1,-6.6005126E-2,-3.9053705E-2,8.865656E-3],"categories":[],"categories_nodes":[],"categories_segments":[],"categories_sizes":[],"default_left":[0,0,0,0,0],"id":0,"left_children":[1,-1,3,-1,-1],"loss_changes":[2.9425467E1,0E0,1.0124929E1,0E0,0E0],"parents":[2147483647,0,0,2,2],"right_children":[2,-1,4,-1,-1],"split_conditions":[-2.6637752E0,1.5913764E-1,2.0964122E-1,-3.9053705E-2,8.865656E-3],"split_indices":[6,0,5,0,0],"split_type":[0,0,0,0,0],"sum_hessian":[1.9632138E2,1.1065131E1,1.8525624E2,6.4216774E1,1.21039474E2],"tree_param":{"num_deleted":"0","num_feature":"16","num_nodes":"5","size_leaf_vector":"1"}},{"base_weights":[-0E0,-1.2251415E-1,4.863282E-1,-6.3195944E-2,1.1081748E-1,7.0735395E-2,-0E0,2.0303529E-2,-2.8488137E-2],"categories":[],"categories_nodes":[],"categories_segments":[],"categories_sizes":[],"default_left":[0,0,0,0,0,0,0,0,0],"id":1,"left_children":[1,3,5,-1,7,-1,-1,-1,-1],"loss_changes":[1.1899943E1,1.986713E1,5.0610847E0,0E0,3.7060616E0,0E0,0E0,0E0,0E0],"parents":[2147483647,0,0,1,1,2,2,4,4],"right_children":[2,4,6,-1,8,-1,-1,-1,-1],"split_conditions":[6.76168E-2,-3.3380548E-3,5.941421E-2,-6.3195944E-2,1.4312096E-2,7.0735395E-2,-0E0,2.0303529E-2,-2.8488137E-2],"split_indices":[9,15,1,0,15,0,0,0,0],"split_type":[0,0,0,0,0,0,0,0,0],"sum_hessian":[1.9583691E2,1.554727E2,4.0364216E1,5.1478966E1,1.0399373E2,2.8688334E1,1.1675882E1,8.876395E1,1.5229783E1],"tree_param":{"num_deleted":"0","num_feature":"16","num_nodes":"9","size_leaf_vector":"1"}},{"base_weights":[4.9664443E-3,1.1996096E-1,-7.21218E-2,-7.434517E-2,2.2649454E-2,-6.2028047E-2,9.343704E-3],"categories":[],"categories_nodes":[],"categories_segments":[],"categories_sizes":[],"default_left":[0,0,0,0,0,0,0],"id":2,"left_children":[1,-1,3,-1,5,-1,-1],"loss_changes":[2.0243254E1,0E0,1.3015925E1,0E0,5.8819513E0,0E0,0E0],"parents":[2147483647,0,0,2,2,4,4],"right_children":[2,-1,4,-1,6,-1,-1],"split_conditions":[-2.2619452E0,1.1996096E-1,-8.4898204E-1,-7.434517E-2,-6.650111E-2,-6.2028047E-2,9.343704E-3],"split_indices":[6,0,6,0,3,0,0],"split_type":[0,0,0,0,0,0,0],"sum_hessian":[1.9028159E2,1.313774E1,1.7714384E2,2.4597494E1,1.5254634E2,1.1975008E1,1.4057133E2],"tree_param":{"num_deleted":"0","num_feature":"16","num_nodes":"7","size_leaf_vector":"1"}},{"base_weights":[-1.6718797E-2,1.00546874E-1,-9.0289995E-2,-4.62115E-1,1.0078055E-1,-5.8204606E-2,-0E0,6.193861E-2,1.3929816E-4],"categories":[],"categories_nodes":[],"categories_segments":[],"categories_sizes":[],"default_left":[0,0,0,0,0,0,0,0,0],"id":3,"left_children":[1,-1,3,5,7,-1,-1,-1,-1],"loss_changes":[1.2961768E1,0E0,1.4122059E1,4.829422E0,4.8203387E0,0E0,0E0,0E0,0E0],"parents":[2147483647,0,0,2,2,3,3,4,4],"right_children":[2,-1,4,6,8,-1,-1,-1,-1],"split_conditions":[-2.5666177E0,1.00546874E-1,1.8561545E-1,2.0226425E-2,4.6770647E-1,-5.8204606E-2,-0E0,6.193861E-2,1.3929816E-4],"split_indices":[5,0,5,10,5,0,0,0,0],"split_type":[0,0,0,0,0,0,0,0,0],"sum_hessian":[1.9828839E2,1.110694E1,1.8718144E2,6.750497E1,1.19676476E2,5.587269E1,1.163228E1,1.5406046E1,1.0427043E2],"tree_param":{"num_deleted":"0","num_feature":"16","num_nodes":"9","size_leaf_vector":"1"}},{"base_weights":[4.1893758E-2,1.0267205E-1,-8.13104E-3,-3.713157E-1,1.4193013E-1,-6.2004454E-2,4.264945E-2,-5.713477E-2,2.3502648E-2],"categories":[],"categories_nodes":[],"categories_segments":[],"categories_sizes":[],"default_left":[0,0,0,0,0,0,0,0,0],"id":4,"left_children":[1,-1,3,5,7,-1,-1,-1,-1],"loss_changes":[1.1917228E1,0E0,1.0435584E1,1.2171278E1,7.7288766E0,0E0,0E0,0E0,0E0],"parents":[2147483647,0,0,2,2,3,3,4,4],"right_children":[2,-1,4,6,8,-1,-1,-1,-1],"split_conditions":[-2.4907408E0,1.0267205E-1,-3.3380548E-3,5.7728555E-2,-6.283818E-2,-6.2004454E-2,4.264945E-2,-5.713477E-2,2.3502648E-2],"split_indices":[6,0,15,9,3,0,0,0,0],"split_type":[0,0,0,0,0,0,0,0,0],"sum_hessian":[1.9318904E2,1.1352368E1,1.8183669E2,5.7523876E1,1.24312805E2,4.5839035E1,1.1684842E1,1.1707451E1,1.12605354E2],"tree_param":{"num_deleted":"0","num_feature":"16","num_nodes":"9","size_leaf_vector":"1"}},{"base_weights":[9.756391E-3,-1.6406584E-1,4.4677833E-1,-4.2305684E-1,-6.2757335E-3,5.7918895E-2,-0E0,-8.511392E-2,-9.846734E-3,4.3443196E-2,-2.045594E-2],"categories":[],"categories_nodes":[],"categories_segments":[],"categories_sizes":[],"default_left":[0,0,0,0,0,0,0,0,0,0,0],"id":5,"left_children":[1,3,5,7,9,-1,-1,-1,-1,-1,-1],"loss_changes":[1.55879E1,4.6353683E0,4.4915094E0,4.3841763E0,7.539445E0,0E0,0E0,0E0,0E0,0E0,0E0],"parents":[2147483647,0,0,1,1,2,2,3,3,4,4],"right_children":[2,4,6,8,10,-1,-1,-1,-1,-1,-1],"split_conditions":[5.5409286E-2,1.8561545E-1,3.0086799E0,3.1250987E-2,6.686421E-2,5.7918895E-2,-0E0,-8.511392E-2,-9.846734E-3,4.3443196E-2,-2.045594E-2],"split_indices":[9,5,5,9,3,0,0,0,0,0,0],"split_type":[0,0,0,0,0,0,0,0,0,0,0],"sum_hessian":[1.9665727E2,1.3704036E2,5.961691E1,4.6423523E1,9.061684E1,4.8052383E1,1.1564527E1,1.678517E1,2.9638353E1,2.4597408E1,6.601943E1],"tree_param":{"num_deleted":"0","num_feature":"16","num_nodes":"11","size_leaf_vector":"1"}},{"base_weights":[-1.4461254E-2,7.6113895E-2,-8.269948E-2,-2.9835239E-2,2.1988179E-1,-1.9024976E-2,4.8705906E-2],"categories":[],"categories_nodes":[],"categories_segments":[],"categories_sizes":[],"default_left":[0,0,0,0,0,0,0],"id":6,"left_children":[1,-1,3,-1,5,-1,-1],"loss_changes":[9.097241E0,0E0,1.2466053E1,0E0,8.902257E0,0E0,0E0],"parents":[2147483647,0,0,2,2,4,4],"right_children":[2,-1,4,-1,6,-1,-1],"split_conditions":[-2.2619452E0,7.6113895E-2,1.0358117E0,-2.9835239E-2,2.666677E-1,-1.9024976E-2,4.8705906E-2],"split_indices":[6,0,6,0,14,0,0],"split_type":[0,0,0,0,0,0,0],"sum_hessian":[1.9929955E2,1.3283769E1,1.8601578E2,1.1243759E2,7.3578186E1,2.5922464E1,4.7655724E1],"tree_param":{"num_deleted":"0","num_feature":"16","num_nodes":"7","size_leaf_vector":"1"}},{"base_weights":[4.9907718E-2,9.488376E-2,-0E0,-2.7766913E-1,1.662071E-1,1.3189977E-2,-3.9624568E-2,2.6325462E-2,-4.8540313E-2],"categories":[],"categories_nodes":[],"categories_segments":[],"categories_sizes":[],"default_left":[0,0,0,0,0,0,0,0,0],"id":7,"left_children":[1,-1,3,5,7,-1,-1,-1,-1],"loss_changes":[1.0356805E1,0E0,8.636964E0,4.2172318E0,6.7231026E0,0E0,0E0,0E0,0E0],"parents":[2147483647,0,0,2,2,3,3,4,4],"right_children":[2,-1,4,6,8,-1,-1,-1,-1],"split_conditions":[-2.2619452E0,9.488376E-2,-8.134792E-4,-1.5056309E-2,3.0142996E0,1.3189977E-2,-3.9624568E-2,2.6325462E-2,-4.8540313E-2],"split_indices":[6,0,15,15,6,0,0,0,0],"split_type":[0,0,0,0,0,0,0,0,0],"sum_hessian":[1.9488786E2,1.1773397E1,1.8311447E2,7.216333E1,1.1095113E2,1.2269063E1,5.9894268E1,9.93992E1,1.1551938E1],"tree_param":{"num_deleted":"0","num_feature":"16","num_nodes":"9","size_leaf_vector":"1"}},{"base_weights":[-0E0,-3.9823614E-2,5.733204E-2,5.948106E-2,-1.0208855E-1,-8.653931E-2,-2.7238932E-3],"categories":[],"categories_nodes":[],"categories_segments":[],"categories_sizes":[],"default_left":[0,0,0,0,0,0,0],"id":8,"left_children":[1,3,-1,-1,5,-1,-1],"loss_changes":[4.888216E0,5.8887587E0,0E0,0E0,7.3756256E0,0E0,0E0],"parents":[2147483647,0,0,1,1,4,4],"right_children":[2,4,-1,-1,6,-1,-1],"split_conditions":[4.609394E-1,-2.4825754E0,5.733204E-2,5.948106E-2,-1.2263711E-1,-8.653931E-2,-2.7238932E-3],"split_indices":[4,5,0,0,3,0,0],"split_type":[0,0,0,0,0,0,0],