{"learner":{"attributes":{"scikit_learn":"{\"_estimator_type\": \"classifier\"}"},"feature_names":["bias_week","bias_month","bias_quarter","bias_year","rsi","macd","macd_signal","vol_change","close_change","bb_width","return_5d","return_10d","k_upper","k_lower","k_body","buy_power","rs_5d","rs_10d","dist_to_20d_high","dist_to_20d_low","kd_k","kd_d","kd_cross","gap_ratio","obv","atr_ratio","trend_strength"],"feature_types":["float","float","float","float","float","float","float","float","float","float","float","float","float","float","float","float","float","float","float","float","float","float","float","float","float","float","float"],"gradient_booster":{"model":{"gbtree_model_param":{"num_parallel_tree":"1","num_trees":"6"},"iteration_indptr":[0,1,2,3,4,5,6],"tree_info":[0,0,0,0,0,0],"trees":[{"base_weights":[-1.3412833E-2,9.055767E-1,-1.8957959E-1,-2.249248E-2,1.0249592E0,7.456437E-3,-6.103327E-1,1.2182253E-1,-0E0,-2.5088778E-2,2.0759331E-2,3.1992406E-2,-8.886273E-2],"categories":[],"categories_nodes":[],"categories_segments":[],"categories_sizes":[],"default_left":[0,0,0,0,0,0,0,0,0,0,0,0,0],"id":0,"left_children":[1,3,5,-1,7,9,11,-1,-1,-1,-1,-1,-1],"loss_changes":[7.584422E1,1.2125801E1,3.4813744E1,0E0,1.2676315E1,1.4239704E1,3.6784206E1,0E0,0E0,0E0,0E0,0E0,0E0],"parents":[2147483647,0,0,1,1,2,2,4,4,5,5,6,6],"right_children":[2,4,6,-1,8,10,12,-1,-1,-1,-1,-1,-1],"split_conditions":[1.4432642E-3,-2.3033223E-3,2.4514904E-3,-2.249248E-2,1.7162423E0,2.7913013E-2,-2.0472704E-1,1.2182253E-1,-0E0,-2.5088778E-2,2.0759331E-2,3.1992406E-2,-8.886273E-2],"split_indices":[25,3,25,0,6,26,3,0,0,0,0,0,0],"split_type":[0,0,0,0,0,0,0,0,0,0,0,0,0],"sum_hessian":[4.7667023E2,7.4044075E1,4.0262613E2,5.18693E0,6.885715E1,2.7114133E2,1.314848E2,5.6109425E1,1.2747721E1,1.13420975E2,1.5772037E2,2.8931612E1,1.0255319E2],"tree_param":{"num_deleted":"0","num_feature":"27","num_nodes":"13","size_leaf_vector":"1"}},{"base_weights":[2.034687E-3,-7.9270643E-1,1.038979E-1,-1.3003082E0,-0E0,1.3352852E-1,6.555078E-2,-0E0,-1.4916208E-1,1.0143413E-1,-4.6153925E-2,1.7355021E-2,-3.8755152E-2],"categories":[],"categories_nodes":[],"categories_segments":[],"categories_sizes":[],"default_left":[0,0,0,0,0,0,0,0,0,0,0,0,0],"id":1,"left_children":[1,3,5,7,9,-1,11,-1,-1,-1,-1,-1,-1],"loss_changes":[3.77862E1,2.19903E1,1.7377546E1,6.725033E0,1.0722495E1,0E0,2.0681093E1,0E0,0E0,0E0,0E0,0E0,0E0],"parents":[2147483647,0,0,1,1,2,2,3,3,4,4,6,6],"right_children":[2,4,6,8,10,-1,12,-1,-1,-1,-1,-1,-1],"split_conditions":[-1.1566736E-2,7.674786E-2,-4.7345963E-1,-9.52412E0,-4.5995325E-1,1.3352852E-1,6.684213E-2,-0E0,-1.4916208E-1,1.0143413E-1,-4.6153925E-2,1.7355021E-2,-3.8755152E-2],"split_indices":[16,9,2,22,24,0,26,0,0,0,0,0,0],"split_type":[0,0,0,0,0,0,0,0,0,0,0,0,0],"sum_hessian":[4.8419882E2,5.1830772E1,4.3236807E2,3.172671E1,2.0104063E1,1.0306634E1,4.2206143E2,5.243821E0,2.6482887E1,6.3710423E0,1.3733021E1,3.4484442E2,7.721701E1],"tree_param":{"num_deleted":"0","num_feature":"27","num_nodes":"13","size_leaf_vector":"1"}},{"base_weights":[2.9012652E-3,3.192785E-1,-4.2741156E-1,-6.7451596E-1,4.087851E-1,3.0891436E-1,-5.727429E-1,-9.951778E-2,4.022055E-3,7.5885355E-2,1.8100835E-2,5.778776E-2,-1.0530024E-1,-3.7183583E-2,-1.3764882E-1],"categories":[],"categories_nodes":[],"categories_segments":[],"categories_sizes":[],"default_left":[0,0,0,0,0,0,0,0,0,0,0,0,0,0,0],"id":2,"left_children":[1,3,5,7,9,11,13,-1,-1,-1,-1,-1,-1,-1,-1],"loss_changes":[6.5245865E1,2.4566082E1,2.223565E1,7.23473E0,1.8678429E1,1.1116569E1,2.3083805E1,0E0,0E0,0E0,0E0,0E0,0E0,0E0,0E0],"parents":[2147483647,0,0,1,1,2,2,3,3,4,4,5,5,6,6],"right_children":[2,4,6,8,10,12,14,-1,-1,-1,-1,-1,-1,-1,-1],"split_conditions":[2.1770757E-3,-1.0581161E-2,-2.0472704E-1,5.567024E-2,1.5397402E-3,2.431783E-2,3.2754063E-3,-9.951778E-2,4.022055E-3,7.5885355E-2,1.8100835E-2,5.778776E-2,-1.0530024E-1,-3.7183583E-2,-1.3764882E-1],"split_indices":[25,16,3,9,25,25,25,0,0,0,0,0,0,0,0],"split_type":[0,0,0,0,0,0,0,0,0,0,0,0,0,0,0],"sum_hessian":[4.7931516E2,2.793739E2,1.9994124E2,2.0536057E1,2.5883786E2,3.0240927E1,1.6970032E2,1.59909315E1,4.545125E0,9.589667E1,1.6294118E2,2.6992456E1,3.24847E0,1.3977745E2,2.9922865E1],"tree_param":{"num_deleted":"0","num_feature":"27","num_nodes":"15","size_leaf_vector":"1"}},{"base_weights":[4.4868544E-2,6.703407E-1,-7.3353335E-2,8.1276846E-1,-2.243363E-1,-1.9833794E-1,3.414154E-1,8.9869656E-2,-2.1194886E-2,1.3964647E-2,-1.16786875E-1,4.450069E-2,-2.7910484E-2,5.428171E-2,-7.056034E-2],"categories":[],"categories_nodes":[],"categories_segments":[],"categories_sizes":[],"default_left":[0,0,0,0,0,0,0,0,0,0,0,0,0,0,0],"id":3,"left_children":[1,3,5,7,9,11,13,-1,-1,-1,-1,-1,-1,-1,-1],"loss_changes":[3.6152473E1,1.1404373E1,2.0116545E1,8.376579E0,5.6785464E0,1.6210938E1,1.8850523E1,0E0,0E0,0E0,0E0,0E0,0E0,0E0,0E0],"parents":[2147483647,0,0,1,1,2,2,3,3,4,4,5,5,6,6],"right_children":[2,4,6,8,10,12,14,-1,-1,-1,-1,-1,-1,-1,-1],"split_conditions":[1.4653174E-3,8.777562E1,7.999203E-3,1.0014537E-2,4.8082766E-1,-2.9579002E-1,2.414112E-2,8.9869656E-2,-2.1194886E-2,1.3964647E-2,-1.16786875E-1,4.450069E-2,-2.7910484E-2,5.428171E-2,-7.056034E-2],"split_indices":[25,21,17,17,4,24,18,0,0,0,0,0,0,0,0],"split_type":[0,0,0,0,0,0,0,0,0,0,0,0,0,0,0],"sum_hessian":[4.6927603E2,7.6989975E1,3.9228604E2,6.8658745E1,8.331232E0,3.0597153E2,8.631452E1,6.505129E1,3.6074495E0,4.844437E0,3.4867952E0,3.1277765E1,2.7469376E2,7.433886E1,1.1975662E1],"tree_param":{"num_deleted":"0","num_feature":"27","num_nodes":"15","size_leaf_vector":"1"}},{"base_weights":[-1.437028E-2,2.6996222E-1,-3.1329232E-1,3.8555595E-1,-2.3901299E-1,-4.57599E-1,9.077389E-2,-1.905059E-2,5.0403118E-2,-6.577387E-2,7.6827668E-3,-2.8869182E-2,-1.6211778E-1,4.755511E-2,-1.0361626E-1],"categories":[],"categories_nodes":[],"categories_segments":[],"categories_sizes":[],"default_left":[0,0,0,0,0,0,0,0,0,0,0,0,0,0,0],"id":4,"left_children":[1,3,5,7,9,11,13,-1,-1,-1,-1,-1,-1,-1,-1],"loss_changes":[4.0845642E1,1.4639957E1,1.4714996E1,1.5026278E1,6.9584284E0,3.039333E1,2.5242704E1,0E0,0E0,0E0,0E0,0E0,0E0,0E0,0E0],"parents":[2147483647,0,0,1,1,2,2,3,3,4,4,5,5,6,6],"right_children":[2,4,6,8,10,12,14,-1,-1,-1,-1,-1,-1,-1,-1],"split_conditions":[2.0608488E-3,8.61683E1,1.6613629E0,-3.4880645E-3,1.5331824E-1,1.0898798E0,2.8846045E-3,-1.905059E-2,5.0403118E-2,-6.577387E-2,7.6827668E-3,-2.8869182E-2,-1.6211778E-1,4.755511E-2,-1.0361626E-1],"split_indices":[25,20,6,17,3,5,25,0,0,0,0,0,0,0,0],"split_type":[0,0,0,0,0,0,0,0,0,0,0,0,0,0,0],"sum_hessian":[4.7770502E2,2.4100461E2,2.367004E2,2.0018018E2,4.082444E1,1.7843872E2,5.8261677E1,3.1730352E1,1.6844983E2,2.0087887E1,2.0736551E1,1.589307E2,1.9508017E1,4.525497E1,1.3006708E1],"tree_param":{"num_deleted":"0","num_feature":"27","num_nodes":"15","size_leaf_vector":"1"}},{"base_weights":[-4.2918757E-2,1.9070558E-1,-3.107041E-1,2.4077417E-1,-8.8080066E-1,5.620146E-1,-4.4703767E-1,6.1112594E-2,6.892734E-3,-0E0,-1.3500018E-1,8.971522E-2,-9.9833176E-2,-2.752163E-2,-1.2916611E-1],"categories":[],"categories_nodes":[],"categories_segments":[],"categories_sizes":[],"default_left":[0,0,0,0,0,0,0,0,0,0,0,0,0,0,0],"id":5,"left_children":[1,3,5,7,9,11,13,-1,-1,-1,-1,-1,-1,-1,-1],"loss_changes":[2.9920794E1,1.2083326E1,2.676019E1,1.3864598E1,4.1056476E0,1.5904031E1,2.4775043E1,0E0,0E0,0E0,0E0,0E0,0E0,0E0,0E0],"parents":[2147483647,0,0,1,1,2,2,3,3,4,4,5,5,6,6],"right_children":[2,4,6,8,10,12,14,-1,-1,-1,-1,-1,-1,-1,-1],"split_conditions":[2.0687715E-3,9.317966E1,-2.4190962E-1,1.4432642E-3,4.773076E-1,-5.8664924E-1,3.2754063E-3,6.1112594E-2,6.892734E-3,-0E0,-1.3500018E-1,8.971522E-2,-9.9833176E-2,-2.752163E-2,-1.2916611E-1],"split_indices":[25,20,3,25,4,5,25,0,0,0,0,0,0,0,0],"split_type":[0,0,0,0,0,0,0,0,0,0,0,0,0,0,0],"sum_hessian":[4.722608E2,2.4785422E2,2.244066E2,2.3943864E2,8.41558E0,2.772156E1,1.9668504E2,7.021147E1,1.6922717E2,3.1746466E0,5.240933E0,2.4234015E1,3.4875448E0,1.6728267E2,2.9402363E1],"tree_param":{"num_deleted":"0","num_feature":"27","num_nodes":"15",