{"learner":{"attributes":{"scikit_learn":"{\"_estimator_type\": \"classifier\"}"},"feature_names":["bias_week","bias_month","bias_quarter","bias_year","rsi","macd","macd_signal","vol_change","close_change","bb_width","return_5d","k_upper","k_lower","k_body","buy_power","rs_5d"],"feature_types":["float","float","float","float","float","float","float","float","float","float","float","float","float","float","float","float"],"gradient_booster":{"model":{"gbtree_model_param":{"num_parallel_tree":"1","num_trees":"4"},"iteration_indptr":[0,1,2,3,4],"tree_info":[0,0,0,0],"trees":[{"base_weights":[1.0128876E-2,-1.12657696E-1,6.63887E-1,1.6788347E-1,-2.973594E-1,1.3254751E0,4.670071E-1,-1.3104047E-1,4.43659E-1,6.900423E-2,-4.701536E-1,-8.892616E-2,1.579749E0,-1.0100171E-1,7.9049945E-1,-1.5440558E-2,1.9397551E-2,3.5677884E-2,1.03515545E-2,-5.987036E-3,5.3933214E-2,4.0030107E-2,-2.5177931E-2,2.078473E-2,-5E-2,8.5198805E-2,-1.6433729E-2,4.64116E-2,-1.9421428E-2,6.1107095E-2,1.893951E-2],"categories":[],"categories_nodes":[],"categories_segments":[],"categories_sizes":[],"default_left":[0,0,0,0,0,0,0,0,0,0,0,0,0,0,0,0,0,0,0,0,0,0,0,0,0,0,0,0,0,0,0],"id":0,"left_children":[1,3,5,7,9,11,13,15,17,19,21,23,25,27,29,-1,-1,-1,-1,-1,-1,-1,-1,-1,-1,-1,-1,-1,-1,-1,-1],"loss_changes":[5.699547E1,3.1027096E1,1.4004013E1,1.9675917E1,2.2876175E1,9.204594E0,1.6261116E1,1.0726857E1,7.7721653E0,2.2334206E1,1.0817261E1,2.6165707E0,5.6372566E0,1.0076026E1,9.528267E0,0E0,0E0,0E0,0E0,0E0,0E0,0E0,0E0,0E0,0E0,0E0,0E0,0E0,0E0,0E0,0E0],"parents":[2147483647,0,0,1,1,2,2,3,3,4,4,5,5,6,6,7,7,8,8,9,9,10,10,11,11,12,12,13,13,14,14],"right_children":[2,4,6,8,10,12,14,16,18,20,22,24,26,28,30,-1,-1,-1,-1,-1,-1,-1,-1,-1,-1,-1,-1,-1,-1,-1,-1],"split_conditions":[7.195823E-2,4.4366684E-2,-2.7706769E0,-1.0305851E-3,3.2670822E-3,-3.508719E-2,-6.035535E-1,2.1290742E-2,6.415327E-3,5.376123E-3,-7.352732E-1,-5.448348E-1,6.000061E-1,-3.6388266E-1,7.6833535E-3,-1.5440558E-2,1.9397551E-2,3.5677884E-2,1.03515545E-2,-5.987036E-3,5.3933214E-2,4.0030107E-2,-2.5177931E-2,2.078473E-2,-5E-2,8.5198805E-2,-1.6433729E-2,4.64116E-2,-1.9421428E-2,6.1107095E-2,1.893951E-2],"split_indices":[9,3,6,15,1,15,6,3,10,15,6,4,12,4,0,0,0,0,0,0,0,0,0,0,0,0,0,0,0,0,0],"split_type":[0,0,0,0,0,0,0,0,0,0,0,0,0,0,0,0,0,0,0,0,0,0,0,0,0,0,0,0,0,0,0],"sum_hessian":[7.080911E2,5.968252E2,1.1126595E2,2.3697614E2,3.5984906E2,2.4202923E1,8.7063034E1,1.13967316E2,1.2300881E2,1.15520195E2,2.4432887E2,3.7871487E0,2.0415775E1,3.1841476E1,5.5221554E1,8.519154E1,2.877577E1,5.652298E1,6.648583E1,9.806872E1,1.7451473E1,5.6700134E0,2.3865886E2,2.7871487E0,1E0,1.9268631E1,1.1471441E0,6.4643016E0,2.5377176E1,2.5997211E1,2.9224342E1],"tree_param":{"num_deleted":"0","num_feature":"16","num_nodes":"31","size_leaf_vector":"1"}},{"base_weights":[2.4524082E-3,-1.069165E-1,6.008021E-1,1.3576916E-1,-2.904411E-1,6.8425417E-1,-5.636642E-1,-7.489018E-2,4.0807518E-1,9.752422E-2,-4.4905844E-1,1.5238103E0,5.5307E-1,-1.1615322E0,3.896793E-1,-1.0914165E-2,2.2058723E-2,7.856967E-2,1.6175851E-2,-1.9011479E-2,2.240805E-2,-2.6846696E-2,7.354421E-3,8.239014E-2,3.6735225E-3,1.575969E-2,4.590734E-2,-8.584748E-3,-7.352122E-2,-1.7724147E-2,4.235251E-2],"categories":[],"categories_nodes":[],"categories_segments":[],"categories_sizes":[],"default_left":[0,0,0,0,0,0,0,0,0,0,0,0,0,0,0,0,0,0,0,0,0,0,0,0,0,0,0,0,0,0,0],"id":1,"left_children":[1,3,5,7,9,11,13,15,17,19,21,23,25,27,29,-1,-1,-1,-1,-1,-1,-1,-1,-1,-1,-1,-1,-1,-1,-1,-1],"loss_changes":[4.6419525E1,2.6750935E1,1.1038059E1,1.4883515E1,2.1078121E1,1.0472572E1,4.943337E0,1.0961929E1,1.0616358E1,1.6924608E1,1.2798252E1,2.2732525E0,7.5633984E0,1.3048477E0,1.58867E0,0E0,0E0,0E0,0E0,0E0,0E0,0E0,0E0,0E0,0E0,0E0,0E0,0E0,0E0,0E0,0E0],"parents":[2147483647,0,0,1,1,2,2,3,3,4,4,5,5,6,6,7,7,8,8,9,9,10,10,11,11,12,12,13,13,14,14],"right_children":[2,4,6,8,10,12,14,16,18,20,22,24,26,28,30,-1,-1,-1,-1,-1,-1,-1,-1,-1,-1,-1,-1,-1,-1,-1,-1],"split_conditions":[7.265439E-2,5.17866E-2,3.7176374E-2,1.2224978E-3,1.3670156E-3,-1.3000007E1,9.433984E-1,2.9691355E-2,-8.298756E-2,9.703327E-2,4.3821756E-2,3.1269725E-2,6.280244E-2,-3.1132352E-2,6.4645156E-2,-1.0914165E-2,2.2058723E-2,7.856967E-2,1.6175851E-2,-1.9011479E-2,2.240805E-2,-2.6846696E-2,7.354421E-3,8.239014E-2,3.6735225E-3,1.575969E-2,4.590734E-2,-8.584748E-3,-7.352122E-2,-1.7724147E-2,4.235251E-2],"split_indices":[9,3,0,15,1,12,14,3,2,3,1,15,3,2,1,0,0,0,0,0,0,0,0,0,0,0,0,0,0,0,0],"split_type":[0,0,0,0,0,0,0,0,0,0,0,0,0,0,0,0,0,0,0,0,0,0,0,0,0,0,0,0,0,0,0],"sum_hessian":[7.073539E2,5.987357E2,1.0861815E2,2.579255E2,3.4081024E2,1.0173934E2,6.8788075E0,1.4583258E2,1.1209292E2,9.901433E1,2.4179593E2,1.2314273E1,8.942507E1,4.093367E0,2.7854404E0,1.14574165E2,3.1258417E1,6.4041085E0,1.0568881E2,4.187454E1,5.713979E1,2.1081929E2,3.0976633E1,1.121899E1,1.095283E0,5.5273434E1,3.4151634E1,1.3436183E0,2.749749E0,1.1459252E0,1.6395153E0],"tree_param":{"num_deleted":"0","num_feature":"16","num_nodes":"31","size_leaf_vector":"1"}},{"base_weights":[-2.7511368E-2,-1.3469541E-1,6.0993373E-1,5.372275E-2,-2.8945133E-1,6.660839E-1,-8.253169E-1,-1.803953E-1,4.4073594E-1,-6.064242E-1,-1.23182245E-1,4.6849415E-1,1.0440048E0,-5.86047E-2,4.895428E-3,-2.13473E-2,4.4976915E-3,2.7910067E-2,-1.0261801E-2,-3.6946144E-2,1.9072056E-2,-1.5671336E-3,-4.080746E-2,3.511961E-2,-3.028356E-2,6.107486E-2,1.8345663E-2],"categories":[],"categories_nodes":[],"categories_segments":[],"categories_sizes":[],"default_left":[0,0,0,0,0,0,0,0,0,0,0,0,0,0,0,0,0,0,0,0,0,0,0,0,0,0,0],"id":2,"left_children":[1,3,5,7,9,11,13,15,17,19,21,23,25,-1,-1,-1,-1,-1,-1,-1,-1,-1,-1,-1,-1,-1,-1],"loss_changes":[4.8440697E1,1.7706848E1,8.774792E0,2.4946306E1,1.7489794E1,6.8865204E0,1.4879422E0,1.1483814E1,7.985962E0,1.5257713E1,1.3966676E1,1.7177132E1,3.5294037E0,0E0,0E0,0E0,0E0,0E0,0E0,0E0,0E0,0E0,0E0,0E0,0E0,0E0,0E0],"parents":[2147483647,0,0,1,1,2,2,3,3,4,4,5,5,6,6,7,7,8,8,9,9,10,10,11,11,12,12],"right_children":[2,4,6,8,10,12,14,16,18,20,22,24,26,-1,-1,-1,-1,-1,-1,-1,-1,-1,-1,-1,-1,-1,-1],"split_conditions":[7.400456E-2,6.0150847E-3,2.1866614E-1,-9.0132264E-4,-2.3904604E-1,1.0493973E0,2.878219E-1,3.651525E-2,2.6667644E-3,4.3821756E-2,4E0,-4.0423575E-1,1.0081623E-1,-5.86047E-2,4.895428E-3,-2.13473E-2,4.4976915E-3,2.7910067E-2,-1.0261801E-2,-3.6946144E-2,1.9072056E-2,-1.5671336E-3,-4.080746E-2,3.511961E-2,-3.028356E-2,6.107486E-2,1.8345663E-2],"split_indices":[9,1,2,15,7,6,7,9,1,1,7,5,9,0,0,0,0,0,0,0,0,0,0,0,0,0,0],"split_type":[0,0,0,0,0,0,0,0,0,0,0,0,0,0,0,0,0,0,0,0,0,0,0,0,0,0,0],"sum_hessian":[7.0678314E2,6.057219E2,1.010612E2,2.7344748E2,3.3227444E2,9.7772064E1,3.2891438E0,1.7071175E2,1.0273574E2,1.13414856E2,2.1885957E2,6.567476E1,3.2097305E1,2.1950765E0,1.0940671E0,8.8982765E1,8.172898E1,8.7043396E1,1.5692344E1,1.0022416E2,1.319069E1,1.9417113E2,2.4688456E1,5.4215508E1,1.1459251E1,2.479383E1,7.3034744E0],"tree_param":{"num_deleted":"0","num_feature":"16","num_nodes":"27","size_leaf_vector":"1"}},{"base_weights":[6.2564355E-3,-9.8751724E-2,5.470958E-1,1.0871861E-1,-2.3750493E-1,1.0005895E0,3.2750967E-1,-9.5010154E-2,6.385063E-1,-2.663975E-1,6.804608E-1,1.1624384E0,2.0392242E-1,2.3363814E-1,7.689943E-2,-3.3154465E-2,2.360231E-3,3.6440875E-2,-1.4500431E-2,8.0850115E-3,-1.6317032E-2,5.4876734E-2,-2.6504168E-2,2.6548512E-3,6.226601E-2,-1.3083811E-2,5.9558E-2,3.9886463E-2,3.7997083E-3],"categories":[],"categories_nodes":[],"categories_segments":[],"categories_sizes":[],"default_left":[0,0,0,0,0,0,0,0,0,0,0,0,0,0,0,0,0,0,0,0,0,0,0,0,0,0,0,0,0],"id":3,"left_children":[1,3,5,7,9,11,13,15,17,19,21,23,25,27,-1,-1,-1,-1,-1,-1,-1,-1,-1,-1,-1,-1,-1,-1,-1],"loss_changes":[4.044435E1,1.7194649E1,1.1202297E1,2.5932482E1,9.668409E0,4.5707626E0,8.673978E0,1.4088423E1,5.804941E0,8.970316E0,6.2346673E0,2.763771E0,3.763184E0,6.604858E0,0E0,0E0,0E0,0E0,0E0,0E0,0E0,0E0,0E0,0E0,0E0,0E0,0E0,0E0,0E0],"parents":[2147483647,0,0,1,1,2,2,3,3,4,4,5,5,6,6,7,7,8,8,9,9,10,10,11,11,12,12,13,13],