{"learner":{"attributes":{"scikit_learn":"{\"_estimator_type\": \"classifier\"}"},"feature_names":["bias_week","bias_month","bias_quarter","bias_year","rsi","macd","macd_signal","vol_change","close_change","bb_width","return_5d","k_upper","k_lower","k_body","buy_power","rs_5d"],"feature_types":["float","float","float","float","float","float","float","float","float","float","float","float","float","float","float","float"],"gradient_booster":{"model":{"gbtree_model_param":{"num_parallel_tree":"1","num_trees":"4"},"iteration_indptr":[0,1,2,3,4],"tree_info":[0,0,0,0],"trees":[{"base_weights":[1.0689677E-2,-1.1209886E-1,6.6438335E-1,1.6843894E-1,-2.96812E-1,1.3257824E0,4.6753317E-1,-1.3048647E-1,4.4418943E-1,6.9560505E-2,-4.6962583E-1,-8.848817E-2,1.5799547E0,-1.0045949E-1,7.909672E-1,-1.5476592E-2,1.8089464E-2,3.5702072E-2,1.03789605E-2,-5.959356E-3,5.3952426E-2,4.005116E-2,-2.5151774E-2,2.0805724E-2,-5E-2,8.520629E-2,-1.6421633E-2,4.6431612E-2,-1.9395677E-2,6.1124284E-2,1.896583E-2],"categories":[],"categories_nodes":[],"categories_segments":[],"categories_sizes":[],"default_left":[0,0,0,0,0,0,0,0,0,0,0,0,0,0,0,0,0,0,0,0,0,0,0,0,0,0,0,0,0,0,0],"id":0,"left_children":[1,3,5,7,9,11,13,15,17,19,21,23,25,27,29,-1,-1,-1,-1,-1,-1,-1,-1,-1,-1,-1,-1,-1,-1,-1,-1],"loss_changes":[5.7006496E1,3.1036907E1,1.4002216E1,1.9680002E1,2.2884998E1,9.203594E0,1.6262909E1,1.0247804E1,7.7724113E0,2.2336584E1,1.0819855E1,2.6184313E0,5.637001E0,1.0077791E1,9.527065E0,0E0,0E0,0E0,0E0,0E0,0E0,0E0,0E0,0E0,0E0,0E0,0E0,0E0,0E0,0E0,0E0],"parents":[2147483647,0,0,1,1,2,2,3,3,4,4,5,5,6,6,7,7,8,8,9,9,10,10,11,11,12,12,13,13,14,14],"right_children":[2,4,6,8,10,12,14,16,18,20,22,24,26,28,30,-1,-1,-1,-1,-1,-1,-1,-1,-1,-1,-1,-1,-1,-1,-1,-1],"split_conditions":[7.195823E-2,4.4366363E-2,-2.7706766E0,-1.0306376E-3,3.261074E-3,-3.508719E-2,-6.035541E-1,2.0194601E-2,6.4154067E-3,5.376123E-3,-7.3527086E-1,-5.448335E-1,6.000061E-1,-3.638844E-1,7.683406E-3,-1.5476592E-2,1.8089464E-2,3.5702072E-2,1.03789605E-2,-5.959356E-3,5.3952426E-2,4.005116E-2,-2.5151774E-2,2.0805724E-2,-5E-2,8.520629E-2,-1.6421633E-2,4.6431612E-2,-1.9395677E-2,6.1124284E-2,1.896583E-2],"split_indices":[9,3,6,15,1,15,6,3,10,15,6,4,12,4,0,0,0,0,0,0,0,0,0,0,0,0,0,0,0,0,0],"split_type":[0,0,0,0,0,0,0,0,0,0,0,0,0,0,0,0,0,0,0,0,0,0,0,0,0,0,0,0,0,0,0],"sum_hessian":[7.08291E2,5.969834E2,1.1130767E2,2.3704831E2,3.5993506E2,2.4214413E1,8.709326E1,1.1399721E2,1.23051094E2,1.1555377E2,2.443813E2,3.7881527E0,2.042626E1,3.1849955E1,5.5243305E1,8.3865685E1,3.0131525E1,5.654462E1,6.650647E1,9.80946E1,1.745917E1,5.672356E0,2.3870894E2,2.7881527E0,1E0,1.9278893E1,1.1473672E0,6.4670906E0,2.5382864E1,2.6009148E1,2.9234158E1],"tree_param":{"num_deleted":"0","num_feature":"16","num_nodes":"31","size_leaf_vector":"1"}},{"base_weights":[2.2976974E-3,-1.0715237E-1,6.012815E-1,1.4385457E-1,-2.854108E-1,6.847178E-1,-5.632543E-1,-1.6698906E-1,3.483853E-1,8.548998E-2,-4.398089E-1,1.5240031E0,5.535566E-1,-1.1613448E0,3.9008048E-1,-1.31755965E-2,3.8078073E-2,3.6909606E-2,6.707664E-3,-1.8323923E-2,2.2432975E-2,-2.6214594E-2,7.3803165E-3,8.23971E-2,3.6879305E-3,1.5785392E-2,4.5927554E-2,-8.569897E-3,-7.352218E-2,-1.771277E-2,4.23684E-2],"categories":[],"categories_nodes":[],"categories_segments":[],"categories_sizes":[],"default_left":[0,0,0,0,0,0,0,0,0,0,0,0,0,0,0,0,0,0,0,0,0,0,0,0,0,0,0,0,0,0,0],"id":1,"left_children":[1,3,5,7,9,11,13,15,17,19,21,23,25,27,29,-1,-1,-1,-1,-1,-1,-1,-1,-1,-1,-1,-1,-1,-1,-1,-1],"loss_changes":[4.6532726E1,2.6894001E1,1.1040573E1,1.5945028E1,2.015307E1,1.0470379E1,4.946121E0,9.149365E0,1.2514103E1,1.7248486E1,1.2393707E1,2.272726E0,7.5629406E0,1.3065982E0,1.5889974E0,0E0,0E0,0E0,0E0,0E0,0E0,0E0,0E0,0E0,0E0,0E0,0E0,0E0,0E0,0E0,0E0],"parents":[2147483647,0,0,1,1,2,2,3,3,4,4,5,5,6,6,7,7,8,8,9,9,10,10,11,11,12,12,13,13,14,14],"right_children":[2,4,6,8,10,12,14,16,18,20,22,24,26,28,30,-1,-1,-1,-1,-1,-1,-1,-1,-1,-1,-1,-1,-1,-1,-1,-1],"split_conditions":[7.265439E-2,4.832655E-2,3.7176374E-2,-3.4004794E-3,1.3504339E-3,-1.3000007E1,9.433984E-1,3.6666667E0,-4.43613E-3,9.684856E-2,4.375454E-2,3.1269737E-2,6.272431E-2,-3.113228E-2,6.4385116E-2,-1.31755965E-2,3.8078073E-2,3.6909606E-2,6.707664E-3,-1.8323923E-2,2.2432975E-2,-2.6214594E-2,7.3803165E-3,8.23971E-2,3.6879305E-3,1.5785392E-2,4.5927554E-2,-8.569897E-3,-7.352218E-2,-1.771277E-2,4.23684E-2],"split_indices":[9,3,0,15,1,12,14,7,0,3,1,15,3,2,1,0,0,0,0,0,0,0,0,0,0,0,0,0,0,0,0],"split_type":[0,0,0,0,0,0,0,0,0,0,0,0,0,0,0,0,0,0,0,0,0,0,0,0,0,0,0,0,0,0,0],"sum_hessian":[7.0780316E2,5.991448E2,1.0865837E2,2.4888338E2,3.502614E2,1.0177822E2,6.880144E0,9.884434E1,1.5003903E2,1.0308152E2,2.471799E2,1.2320625E1,8.9457596E1,4.093701E0,2.7864432E0,9.018574E1,8.658601E0,5.2346317E1,9.769272E1,4.592199E1,5.7159527E1,2.16194E2,3.0985899E1,1.1225008E1,1.095617E0,5.5291702E1,3.4165897E1,1.3439522E0,2.7497487E0,1.1461477E0,1.6402955E0],"tree_param":{"num_deleted":"0","num_feature":"16","num_nodes":"31","size_leaf_vector":"1"}},{"base_weights":[-2.7693745E-2,-1.3495249E-1,6.103841E-1,7.575195E-2,-1.5231483E-1,6.6652316E-1,-8.2505876E-1,5.364399E-2,-2.9807377E-1,4.6896634E-1,1.0443412E0,-5.8600824E-2,4.9094944E-3,-1.0415634E-2,2.5690222E-2,-2.9159753E-2,-7.230787E-3,3.5141148E-2,-3.0262807E-2,6.108871E-2,1.8367609E-2],"categories":[],"categories_nodes":[],"categories_segments":[],"categories_sizes":[],"default_left":[0,0,0,0,0,0,0,0,0,0,0,0,0,0,0,0,0,0,0,0,0],"id":2,"left_children":[1,3,5,-1,7,9,11,13,15,17,19,-1,-1,-1,-1,-1,-1,-1,-1,-1,-1],"loss_changes":[4.855282E1,1.76235E1,8.777512E0,0E0,1.8079575E1,6.885433E0,1.4891565E0,3.0267742E1,1.5339109E1,1.7180853E1,3.5285378E0,0E0,0E0,0E0,0E0,0E0,0E0,0E0,0E0,0E0,0E0],"parents":[2147483647,0,0,1,1,2,2,4,4,5,5,6,6,7,7,8,8,9,9,10,10],"right_children":[2,4,6,-1,8,10,12,14,16,18,20,-1,-1,-1,-1,-1,-1,-1,-1,-1,-1],"split_conditions":[7.400462E-2,-3.5839596E0,2.1866614E-1,7.575195E-2,3.5902672E-3,1.0491085E0,2.8706408E-1,-9.013155E-4,-2.3904604E-1,-4.042362E-1,1.00816324E-1,-5.8600824E-2,4.9094944E-3,-1.0415634E-2,2.5690222E-2,-2.9159753E-2,-7.230787E-3,3.5141148E-2,-3.0262807E-2,6.108871E-2,1.8367609E-2],"split_indices":[9,6,2,0,1,6,7,15,7,5,9,0,0,0,0,0,0,0,0,0,0],"split_type":[0,0,0,0,0,0,0,0,0,0,0,0,0,0,0,0,0,0,0,0,0],"sum_hessian":[7.07224E2,6.0612494E2,1.0109906E2,5.413409E0,6.0071155E2,9.780947E1,3.2895858E0,2.4920891E2,3.5150262E2,6.5697975E1,3.2111496E1,2.1951847E0,1.0944011E0,1.5915414E2,9.005476E1,1.2201025E2,2.2949237E2,5.4236507E1,1.1461468E1,2.4805473E1,7.3060226E0],"tree_param":{"num_deleted":"0","num_feature":"16","num_nodes":"21","size_leaf_vector":"1"}},{"base_weights":[6.223827E-3,-9.8959476E-2,5.481355E-1,1.0691864E-1,-2.3678139E-1,1.0005199E0,3.2904708E-1,-9.483108E-2,6.2953824E-1,-2.6581576E-1,6.8547356E-1,1.1620241E0,2.0523638E-1,2.3525722E-1,7.689958E-2,-3.3587452E-2,2.4797611E-3,3.5913855E-2,-1.4325516E-2,8.047951E-3,-1.6279029E-2,5.502505E-2,-2.608181E-2,2.647825E-3,6.2243868E-2,-1.3007276E-2,5.956921E-2,3.9905142E-2,3.8958546E-3],"categories":[],"categories_nodes":[],"categories_segments":[],"categories_sizes":[],"default_left":[0,0,0,0,0,0,0,0,0,0,0,0,0,0,0,0,0,0,0,0,0,0,0,0,0,0,0,0,0],"id":3,"left_children":[1,3,5,7,9,11,13,15,17,19,21,23,25,27,-1,-1,-1,-1,-1,-1,-1,-1,-1,-1,-1,-1,-1,-1,-1],"loss_changes":[4.0618114E1,1.6959719E1,1.1150829E1,2.536591E1,9.763264E0,4.552723E0,8.655392E0,1.4534008E1,5.650366E0,8.918528E0,6.18513E0,2.7635002E0,3.7570581E0,6.5780234E0,0E0,0E0,0E0,0E0,0E0,0E0,0E0,0E0,0E0,0E0,0E0,0E0,0E0,0E0,0E0],"parents":[2147483647,0,0,1,1,2,2,3,3,4,4,5,5,6,6,7,7,8,8,9,9,10,10,11,11,12,12,13,13],"right_children":[2,4,6,8,10,12,14,16,18,20,22,24,26,28,-1,-1,-1,-1,-1,-1,-1,-1,-1,-1,-1,-1,-1,-1,-1],