{"learner":{"attributes":{"scikit_learn":"{\"_estimator_type\": \"classifier\"}"},"feature_names":["bias_week","bias_month","bias_quarter","bias_year","rsi","macd","macd_signal","vol_change","close_change","bb_width","return_5d","k_upper","k_lower","k_body","buy_power","rs_5d"],"feature_types":["float","float","float","float","float","float","float","float","float","float","float","float","float","float","float","float"],"gradient_booster":{"model":{"cats":{"enc":[],"feature_segments":[],"sorted_idx":[]},"gbtree_model_param":{"num_parallel_tree":"1","num_trees":"9"},"iteration_indptr":[0,1,2,3,4,5,6,7,8,9],"tree_info":[0,0,0,0,0,0,0,0,0],"trees":[{"base_weights":[2.2891682E-2,-8.8689044E-2,3.1437007E-1,5.0790854E-2,-1.7942218E-1,5.8876097E-2,-0E0,-3.979183E-2,3.6401887E-4],"categories":[],"categories_nodes":[],"categories_segments":[],"categories_sizes":[],"default_left":[0,0,0,0,0,0,0,0,0],"id":0,"left_children":[1,3,5,-1,7,-1,-1,-1,-1],"loss_changes":[6.5713077E0,6.300227E0,5.4699335E0,0E0,5.5879173E0,0E0,0E0,0E0,0E0],"parents":[2147483647,0,0,1,1,2,2,4,4],"right_children":[2,4,6,-1,8,-1,-1,-1,-1],"split_conditions":[1.1584418E0,-2.1109576E0,2.1426408E0,5.0790854E-2,2.078658E-1,5.8876097E-2,-0E0,-3.979183E-2,3.6401887E-4],"split_indices":[6,5,5,0,5,0,0,0,0],"split_type":[0,0,0,0,0,0,0,0,0],"sum_hessian":[1.8626004E2,1.2914253E2,5.711751E1,1.36387415E1,1.1550379E2,3.1497347E1,2.5620167E1,5.777047E1,5.7733322E1],"tree_param":{"num_deleted":"0","num_feature":"16","num_nodes":"9","size_leaf_vector":"1"}},{"base_weights":[-3.654772E-2,-4.1952953E-1,1.5800963E-1,-7.0955254E-2,6.37718E-2,6.5391995E-2,-0E0],"categories":[],"categories_nodes":[],"categories_segments":[],"categories_sizes":[],"default_left":[0,0,0,0,0,0,0],"id":1,"left_children":[1,3,5,-1,-1,-1,-1],"loss_changes":[1.4644674E1,2.1390224E1,9.470718E0,0E0,0E0,0E0,0E0],"parents":[2147483647,0,0,1,1,2,2],"right_children":[2,4,6,-1,-1,-1,-1],"split_conditions":[-2.7087396E-3,6.5787666E-2,3.988399E-3,-7.0955254E-2,6.37718E-2,6.5391995E-2,-0E0],"split_indices":[15,9,1,0,0,0,0],"split_type":[0,0,0,0,0,0,0],"sum_hessian":[1.8848137E2,6.736757E1,1.2111379E2,5.4377636E1,1.2989934E1,2.8680403E1,9.2433395E1],"tree_param":{"num_deleted":"0","num_feature":"16","num_nodes":"7","size_leaf_vector":"1"}},{"base_weights":[-4.339216E-3,-1.3431424E-1,2.4788308E-1,5.929053E-2,-2.2864203E-1,-1.1902701E-2,4.8326597E-2,-6.171238E-2,-1.9967682E-3],"categories":[],"categories_nodes":[],"categories_segments":[],"categories_sizes":[],"default_left":[0,0,0,0,0,0,0,0,0],"id":2,"left_children":[1,3,5,-1,7,-1,-1,-1,-1],"loss_changes":[5.661691E0,7.8112564E0,5.7167854E0,0E0,7.865792E0,0E0,0E0,0E0,0E0],"parents":[2147483647,0,0,1,1,2,2,4,4],"right_children":[2,4,6,-1,8,-1,-1,-1,-1],"split_conditions":[1.1584418E0,-1.9681855E0,-3.9525474E-3,5.929053E-2,2.6197258E-2,-1.1902701E-2,4.8326597E-2,-6.171238E-2,-1.9967682E-3],"split_indices":[6,6,8,0,3,0,0,0,0],"split_type":[0,0,0,0,0,0,0,0,0],"sum_hessian":[1.803574E2,1.24945526E2,5.5411884E1,1.14871025E1,1.1345843E2,1.814009E1,3.7271793E1,3.550145E1,7.795697E1],"tree_param":{"num_deleted":"0","num_feature":"16","num_nodes":"9","size_leaf_vector":"1"}},{"base_weights":[-0E0,-8.789557E-2,3.313165E-1,3.742226E-2,-1.521127E-2,6.967193E-2,-0E0],"categories":[],"categories_nodes":[],"categories_segments":[],"categories_sizes":[],"default_left":[0,0,0,0,0,0,0],"id":3,"left_children":[1,3,5,-1,-1,-1,-1],"loss_changes":[5.8838463E0,3.8844273E0,5.827339E0,0E0,0E0,0E0,0E0],"parents":[2147483647,0,0,1,1,2,2],"right_children":[2,4,6,-1,-1,-1,-1],"split_conditions":[1.4440871E0,-2.1109576E0,2.2304013E0,3.742226E-2,-1.521127E-2,6.967193E-2,-0E0],"split_indices":[5,5,5,0,0,0,0],"split_type":[0,0,0,0,0,0,0],"sum_hessian":[1.8735063E2,1.4396494E2,4.3385685E1,1.3462308E1,1.3050264E2,2.1407652E1,2.1978033E1],"tree_param":{"num_deleted":"0","num_feature":"16","num_nodes":"7","size_leaf_vector":"1"}},{"base_weights":[-0E0,-2.797454E-1,2.1289884E-1,-4.987047E-1,5.790057E-2,9.020238E-2,6.377931E-2,-6.8204194E-2,-5.5703963E-3,-0E0,5.2861407E-2],"categories":[],"categories_nodes":[],"categories_segments":[],"categories_sizes":[],"default_left":[0,0,0,0,0,0,0,0,0,0,0],"id":4,"left_children":[1,3,5,7,-1,-1,9,-1,-1,-1,-1],"loss_changes":[1.08790045E1,1.4196867E1,9.102371E0,3.563592E0,0E0,0E0,3.922795E0,0E0,0E0,0E0,0E0],"parents":[2147483647,0,0,1,1,2,2,3,3,6,6],"right_children":[2,4,6,8,-1,-1,10,-1,-1,-1,-1],"split_conditions":[-1.0342748E-3,6.614713E-2,1.2595318E-2,9.61581E-2,5.790057E-2,9.020238E-2,2.6685813E-1,-6.8204194E-2,-5.5703963E-3,-0E0,5.2861407E-2],"split_indices":[15,9,4,3,0,0,3,0,0,0,0],"split_type":[0,0,0,0,0,0,0,0,0,0,0],"sum_hessian":[1.8465268E2,7.590971E1,1.0874296E2,6.266277E1,1.3246947E1,1.6441952E1,9.2301E1,4.032049E1,2.2342276E1,7.7240845E1,1.5060164E1],"tree_param":{"num_deleted":"0","num_feature":"16","num_nodes":"11","size_leaf_vector":"1"}},{"base_weights":[-1.0302994E-2,-2.1108705E-1,1.8196516E-1,-6.6969365E-2,-0E0,-4.537966E-2,4.963466E-2,5.755213E-2,-1.2817868E-2,6.667015E-3,-6.1649688E-2],"categories":[],"categories_nodes":[],"categories_segments":[],"categories_sizes":[],"default_left":[0,0,0,0,0,0,0,0,0,0,0],"id":5,"left_children":[1,3,5,-1,7,9,-1,-1,-1,-1,-1],"loss_changes":[7.3623405E0,9.332806E0,7.601314E0,0E0,4.9276323E0,4.4261656E0,0E0,0E0,0E0,0E0,0E0],"parents":[2147483647,0,0,1,1,2,2,4,4,5,5],"right_children":[2,4,6,-1,8,10,-1,-1,-1,-1,-1],"split_conditions":[4.131764E-2,1.8691587E-1,1.1900156E-1,-6.6969365E-2,4.081668E-1,4.6981044E-2,4.963466E-2,5.755213E-2,-1.2817868E-2,6.667015E-3,-6.1649688E-2],"split_indices":[9,5,3,0,5,2,0,0,0,0,0],"split_type":[0,0,0,0,0,0,0,0,0,0,0],"sum_hessian":[1.8885645E2,9.811449E1,9.074197E1,2.9999916E1,6.811457E1,4.884765E1,4.1894318E1,1.1762948E1,5.6351624E1,3.7645737E1,1.120191E1],"tree_param":{"num_deleted":"0","num_feature":"16","num_nodes":"11","size_leaf_vector":"1"}},{"base_weights":[3.2451566E-2,-6.264768E-2,2.739283E-1,9.4529404E-4,-4.4573915E-1,5.000056E-1,-2.3892168E-2,-8.6366475E-2,-0E0,-0E0,7.3842816E-2],"categories":[],"categories_nodes":[],"categories_segments":[],"categories_sizes":[],"default_left":[0,0,0,0,0,0,0,0,0,0,0],"id":6,"left_children":[1,3,5,-1,7,9,-1,-1,-1,-1,-1],"loss_changes":[4.774893E0,4.5124803E0,7.5281477E0,0E0,5.4787326E0,5.3970757E0,0E0,0E0,0E0,0E0,0E0],"parents":[2147483647,0,0,1,1,2,2,4,4,5,5],"right_children":[2,4,6,-1,8,10,-1,-1,-1,-1,-1],"split_conditions":[1.1503353E0,8.076034E-1,2.524009E0,9.4529404E-4,4.0001526E-1,2.5000477E-1,-2.3892168E-2,-8.6366475E-2,-0E0,-0E0,7.3842816E-2],"split_indices":[6,5,6,0,14,14,0,0,0,0,0],"split_type":[0,0,0,0,0,0,0,0,0,0,0],"sum_hessian":[1.8704872E2,1.2754132E2,5.9507397E1,1.02433205E2,2.5108118E1,4.439292E1,1.5114475E1,1.3751687E1,1.1356431E1,1.4666019E1,2.9726902E1],"tree_param":{"num_deleted":"0","num_feature":"16","num_nodes":"11","size_leaf_vector":"1"}},{"base_weights":[6.63482E-2,-2.5112277E-1,2.5146091E-2,3.577169E-2,-4.2371627E-2],"categories":[],"categories_nodes":[],"categories_segments":[],"categories_sizes":[],"default_left":[0,0,0,0,0],"id":7,"left_children":[1,3,-1,-1,-1],"loss_changes":[1.0899446E1,7.0037494E0,0E0,0E0,0E0],"parents":[2147483647,0,0,1,1],"right_children":[2,4,-1,-1,-1],"split_conditions":[-3.3380727E-3,-1.583818E-2,2.5146091E-2,3.577169E-2,-4.2371627E-2],"split_indices":[15,15,0,0,0],"split_type":[0,0,0,0,0],"sum_hessian":[1.8320503E2,6.3465878E1,1.1973915E2,1.1300482E1,5.2165398E1],"tree_param":{"num_deleted":"0","num_feature":"16","num_nodes":"5","size_leaf_vector":"1"}},{"base_weights":[1.843118E-2,-7.762618E-3,2.4161082E-2],"categories":[],"categories_nodes":[],"categories_segments":[],"categories_sizes":[],"default_left":[0,0,0],"id":8,"left_children":[1,-1,-1],"loss_changes":[4.2795744E0,0E0,0E0],"parents":[2147483647,0,0],"right_children":[2,-1,-1],"split_conditions":[1.3874057E-1,-7.762618E-3,2.4161082E-2],"split_indices":[3,0,0],"split_type":[0,0,0],"sum_hessian":[1.7934773E2,1.1849533E2,6.0852406E1],