{"learner":{"attributes":{"scikit_learn":"{\"_estimator_type\": \"classifier\"}"},"feature_names":["bias_week","bias_month","bias_quarter","bias_year","rsi","macd","macd_signal","vol_change","close_change","bb_width","return_5d","k_upper","k_lower","k_body","buy_power","rs_5d"],"feature_types":["float","float","float","float","float","float","float","float","float","float","float","float","float","float","float","float"],"gradient_booster":{"model":{"cats":{"enc":[],"feature_segments":[],"sorted_idx":[]},"gbtree_model_param":{"num_parallel_tree":"1","num_trees":"10"},"iteration_indptr":[0,1,2,3,4,5,6,7,8,9,10],"tree_info":[0,0,0,0,0,0,0,0,0,0],"trees":[{"base_weights":[2.385623E-2,7.0226036E-2,-1.32788345E-2,-3.5468712E-2,1.3942746E-2],"categories":[],"categories_nodes":[],"categories_segments":[],"categories_sizes":[],"default_left":[0,0,0,0,0],"id":0,"left_children":[1,-1,3,-1,-1],"loss_changes":[6.2897863E0,0E0,9.670944E0,0E0,0E0],"parents":[2147483647,0,0,2,2],"right_children":[2,-1,4,-1,-1],"split_conditions":[-2.157149E0,7.0226036E-2,2.1191137E-1,-3.5468712E-2,1.3942746E-2],"split_indices":[5,0,5,0,0],"split_type":[0,0,0,0,0],"sum_hessian":[1.8584496E2,1.2622821E1,1.7322214E2,5.799147E1,1.1523067E2],"tree_param":{"num_deleted":"0","num_feature":"16","num_nodes":"5","size_leaf_vector":"1"}},{"base_weights":[1.577307E-2,-3.1015834E-1,2.469031E-1,-5.556617E-2,5.801785E-2,8.602185E-2,5.002049E-2,-1.5130447E-2,3.549771E-2],"categories":[],"categories_nodes":[],"categories_segments":[],"categories_sizes":[],"default_left":[0,0,0,0,0,0,0,0,0],"id":1,"left_children":[1,3,5,-1,-1,-1,7,-1,-1],"loss_changes":[1.38256445E1,1.6277666E1,1.1670959E1,0E0,0E0,0E0,5.9699244E0,0E0,0E0],"parents":[2147483647,0,0,1,1,2,2,6,6],"right_children":[2,4,6,-1,-1,-1,8,-1,-1],"split_conditions":[-1.5456503E-3,6.574682E-2,4.282756E-3,-5.556617E-2,5.801785E-2,8.602185E-2,4.650215E-2,-1.5130447E-2,3.549771E-2],"split_indices":[15,9,1,0,0,0,9,0,0],"split_type":[0,0,0,0,0,0,0,0,0],"sum_hessian":[1.8526416E2,7.280966E1,1.124545E2,5.8905125E1,1.3904539E1,2.4272142E1,8.818236E1,4.8792248E1,3.9390106E1],"tree_param":{"num_deleted":"0","num_feature":"16","num_nodes":"9","size_leaf_vector":"1"}},{"base_weights":[2.391935E-3,-1.08507365E-1,2.8125796E-1,4.2151526E-2,-1.8477912E-1,-0E0,6.0928013E-2,-6.91279E-2,-6.8226093E-3],"categories":[],"categories_nodes":[],"categories_segments":[],"categories_sizes":[],"default_left":[0,0,0,0,0,0,0,0,0],"id":2,"left_children":[1,3,5,-1,7,-1,-1,-1,-1],"loss_changes":[5.91937E0,4.4344416E0,4.597904E0,0E0,4.8413343E0,0E0,0E0,0E0,0E0],"parents":[2147483647,0,0,1,1,2,2,4,4],"right_children":[2,4,6,-1,8,-1,-1,-1,-1],"split_conditions":[1.5129028E-1,-1.903224E0,1.6624484E0,4.2151526E-2,-6.836337E-2,-0E0,6.0928013E-2,-6.91279E-2,-6.8226093E-3],"split_indices":[3,6,6,0,3,0,0,0,0],"split_type":[0,0,0,0,0,0,0,0,0],"sum_hessian":[1.7865579E2,1.22072945E2,5.6582844E1,1.1528836E1,1.10544106E2,3.25905E1,2.3992346E1,1.6755384E1,9.378873E1],"tree_param":{"num_deleted":"0","num_feature":"16","num_nodes":"9","size_leaf_vector":"1"}},{"base_weights":[-1.2625054E-2,-2.622884E-1,1.3459598E-1,3.451563E-2,-4.3227147E-2,8.2121104E-2,6.854015E-3,-2.6050778E-2,2.7735755E-2],"categories":[],"categories_nodes":[],"categories_segments":[],"categories_sizes":[],"default_left":[0,0,0,0,0,0,0,0,0],"id":3,"left_children":[1,3,5,-1,-1,-1,7,-1,-1],"loss_changes":[7.202824E0,8.198246E0,8.095329E0,0E0,0E0,0E0,7.243695E0,0E0,0E0],"parents":[2147483647,0,0,1,1,2,2,6,6],"right_children":[2,4,6,-1,-1,-1,8,-1,-1],"split_conditions":[2.0296262E-1,-1.9351386E0,4.6854565E-1,3.451563E-2,-4.3227147E-2,8.2121104E-2,1.224461E0,-2.6050778E-2,2.7735755E-2],"split_indices":[5,5,5,0,0,0,5,0,0],"split_type":[0,0,0,0,0,0,0,0,0],"sum_hessian":[1.8797983E2,7.5387505E1,1.1259233E2,1.3792717E1,6.1594788E1,1.4706488E1,9.788584E1,4.5082203E1,5.280364E1],"tree_param":{"num_deleted":"0","num_feature":"16","num_nodes":"9","size_leaf_vector":"1"}},{"base_weights":[1.1362417E-2,-2.4662194E-1,1.7844568E-1,-5.334625E-1,5.4884043E-2,2.9048166E-1,-1.7671013E-2,-7.239082E-2,-0E0,4.8801832E-2,2.4627093E-3],"categories":[],"categories_nodes":[],"categories_segments":[],"categories_sizes":[],"default_left":[0,0,0,0,0,0,0,0,0,0,0],"id":4,"left_children":[1,3,5,7,-1,9,-1,-1,-1,-1,-1],"loss_changes":[7.757607E0,1.5314386E1,4.9192142E0,5.484954E0,0E0,3.8455496E0,0E0,0E0,0E0,0E0,0E0],"parents":[2147483647,0,0,1,1,2,2,3,3,5,5],"right_children":[2,4,6,8,-1,10,-1,-1,-1,-1,-1],"split_conditions":[-2.403124E-3,5.7703737E-2,2.176144E0,1.1348642E-1,5.4884043E-2,1.12183526E-1,-1.7671013E-2,-7.239082E-2,-0E0,4.8801832E-2,2.4627093E-3],"split_indices":[15,9,5,3,0,3,0,0,0,0,0],"split_type":[0,0,0,0,0,0,0,0,0,0,0],"sum_hessian":[1.833789E2,6.6763145E1,1.1661576E2,5.123478E1,1.5528365E1,9.355746E1,2.3058304E1,3.7643276E1,1.3591504E1,4.8342113E1,4.5215343E1],"tree_param":{"num_deleted":"0","num_feature":"16","num_nodes":"11","size_leaf_vector":"1"}},{"base_weights":[-0E0,-1.6349588E-1,4.1214445E-1,-6.1044805E-2,-5.9318487E-2,8.5517456E-4,6.8382204E-1,2.896488E-2,-2.3234872E-2,9.873121E-2,-0E0],"categories":[],"categories_nodes":[],"categories_segments":[],"categories_sizes":[],"default_left":[0,0,0,0,0,0,0,0,0,0,0],"id":5,"left_children":[1,3,5,-1,7,-1,9,-1,-1,-1,-1],"loss_changes":[1.2699465E1,4.770666E0,4.3277493E0,0E0,6.8062024E0,0E0,3.925498E0,0E0,0E0,0E0,0E0],"parents":[2147483647,0,0,1,1,2,2,4,4,6,6],"right_children":[2,4,6,-1,8,-1,10,-1,-1,-1,-1],"split_conditions":[5.526476E-2,-2.7098838E-2,1.17176265E-1,-6.1044805E-2,6.7019925E-2,8.5517456E-4,3.1196505E-1,2.896488E-2,-2.3234872E-2,9.873121E-2,-0E0],"split_indices":[9,2,3,0,3,0,3,0,0,0,0],"split_type":[0,0,0,0,0,0,0,0,0,0,0],"sum_hessian":[1.8727872E2,1.3363585E2,5.3642876E1,2.0910818E1,1.1272503E2,2.4955374E1,2.8687502E1,3.3166477E1,7.955855E1,1.7464067E1,1.1223434E1],"tree_param":{"num_deleted":"0","num_feature":"16","num_nodes":"11","size_leaf_vector":"1"}},{"base_weights":[-1.0536297E-2,-1.4929797E-1,2.0800215E-1,4.0130373E-2,-2.2903986E-2,-1.5547541E-2,4.6063584E-1,7.276014E-2,-0E0],"categories":[],"categories_nodes":[],"categories_segments":[],"categories_sizes":[],"default_left":[0,0,0,0,0,0,0,0,0],"id":6,"left_children":[1,3,5,-1,-1,-1,7,-1,-1],"loss_changes":[5.598321E0,5.123706E0,6.8720393E0,0E0,0E0,0E0,6.5806274E0,0E0,0E0],"parents":[2147483647,0,0,1,1,2,2,6,6],"right_children":[2,4,6,-1,-1,-1,8,-1,-1],"split_conditions":[1.0396212E0,-1.9440517E0,2.6315874E-1,4.0130373E-2,-2.2903986E-2,-1.5547541E-2,2.4365335E0,7.276014E-2,-0E0],"split_indices":[6,6,14,0,0,0,5,0,0],"split_type":[0,0,0,0,0,0,0,0,0],"sum_hessian":[1.8881891E2,1.218138E2,6.7005104E1,1.2053324E1,1.09760475E2,2.3779636E1,4.3225468E1,2.92337E1,1.3991769E1],"tree_param":{"num_deleted":"0","num_feature":"16","num_nodes":"9","size_leaf_vector":"1"}},{"base_weights":[6.294532E-2,-1.6618519E-1,2.4427688E-1,3.3727374E-2,-3.0137163E-1,4.0660623E-2,-1.0507671E-2,6.5325084E-3,-4.1999664E-2],"categories":[],"categories_nodes":[],"categories_segments":[],"categories_sizes":[],"default_left":[0,0,0,0,0,0,0,0,0],"id":7,"left_children":[1,3,5,-1,7,-1,-1,-1,-1],"loss_changes":[7.7787876E0,5.077531E0,6.930682E0,0E0,3.6323466E0,0E0,0E0,0E0,0E0],"parents":[2147483647,0,0,1,1,2,2,4,4],"right_children":[2,4,6,-1,8,-1,-1,-1,-1],"split_conditions":[-8.9857785E-4,-1.5838202E-2,1.3899678E-2,3.3727374E-2,-5.467588E-2,4.0660623E-2,-1.0507671E-2,6.5325084E-3,-4.1999664E-2],"split_indices":[15,15,15,0,2,0,0,0,0],"split_type":[0,0,0,0,0,0,0,0,0],"sum_hessian":[1.8283002E2,7.527988E1,1.0755015E2,1.2327398E1,6.295248E1,7.738133E1,3.0168812E1,1.1100654E1,5.1851826E1],"tree_param":{"num_deleted":"0","num_feature":"16","num_nodes":"9","size_leaf_vector":"1"}},{"base_weights":[-0E0,-1.165007E-1,2.245763E-2,4.2938918E-2,-2.0542893E-1,-5.0061252E-2,-4.884924E-3],"categories":[],"categories_nodes":[],"categories_segments":[],"categories_sizes":[],"default_left":[0,0,0,0,0,0,0],"id":8,"left_children":[1,3,-1,-1,5,-1,-1],