{"learner":{"attributes":{"scikit_learn":"{\"_estimator_type\": \"classifier\"}"},"feature_names":["bias_week","bias_month","bias_quarter","bias_year","rsi","macd","macd_signal","vol_change","close_change","bb_width","return_5d","k_upper","k_lower","k_body","buy_power","rs_5d"],"feature_types":["float","float","float","float","float","float","float","float","float","float","float","float","float","float","float","float"],"gradient_booster":{"model":{"cats":{"enc":[],"feature_segments":[],"sorted_idx":[]},"gbtree_model_param":{"num_parallel_tree":"1","num_trees":"21"},"iteration_indptr":[0,1,2,3,4,5,6,7,8,9,10,11,12,13,14,15,16,17,18,19,20,21],"tree_info":[0,0,0,0,0,0,0,0,0,0,0,0,0,0,0,0,0,0,0,0,0],"trees":[{"base_weights":[1.53760305E-2,1.5908866E-1,-6.7695454E-2,-3.9793186E-2,9.045849E-3],"categories":[],"categories_nodes":[],"categories_segments":[],"categories_sizes":[],"default_left":[0,0,0,0,0],"id":0,"left_children":[1,-1,3,-1,-1],"loss_changes":[2.942746E1,0E0,1.0538045E1,0E0,0E0],"parents":[2147483647,0,0,2,2],"right_children":[2,-1,4,-1,-1],"split_conditions":[-2.6637752E0,1.5908866E-1,2.0964122E-1,-3.9793186E-2,9.045849E-3],"split_indices":[6,0,5,0,0],"split_type":[0,0,0,0,0],"sum_hessian":[1.9663962E2,1.1051249E1,1.8558836E2,6.443364E1,1.2115473E2],"tree_param":{"num_deleted":"0","num_feature":"16","num_nodes":"5","size_leaf_vector":"1"}},{"base_weights":[-0E0,-1.2097874E-1,4.8519966E-1,-6.327242E-2,1.13099836E-1,7.0642635E-2,-0E0,2.0573705E-2,-2.8619066E-2],"categories":[],"categories_nodes":[],"categories_segments":[],"categories_sizes":[],"default_left":[0,0,0,0,0,0,0,0,0],"id":1,"left_children":[1,3,5,-1,7,-1,-1,-1,-1],"loss_changes":[1.1790922E1,2.0020103E1,5.0616026E0,0E0,3.7676964E0,0E0,0E0,0E0,0E0],"parents":[2147483647,0,0,1,1,2,2,4,4],"right_children":[2,4,6,-1,8,-1,-1,-1,-1],"split_conditions":[6.7867935E-2,-3.3354638E-3,5.941421E-2,-6.327242E-2,1.4312096E-2,7.0642635E-2,-0E0,2.0573705E-2,-2.8619066E-2],"split_indices":[9,15,1,0,15,0,0,0,0],"split_type":[0,0,0,0,0,0,0,0,0],"sum_hessian":[1.959061E2,1.5557603E2,4.0330074E1,5.1456516E1,1.04119514E2,2.866166E1,1.1668413E1,8.889761E1,1.5221906E1],"tree_param":{"num_deleted":"0","num_feature":"16","num_nodes":"9","size_leaf_vector":"1"}},{"base_weights":[8.997082E-3,1.1990561E-1,-6.791357E-2,-7.437776E-2,2.79256E-2,-1.1959431E-2,2.8706016E-2],"categories":[],"categories_nodes":[],"categories_segments":[],"categories_sizes":[],"default_left":[0,0,0,0,0,0,0],"id":2,"left_children":[1,-1,3,-1,5,-1,-1],"loss_changes":[2.0085278E1,0E0,1.3170302E1,0E0,6.284957E0,0E0,0E0],"parents":[2147483647,0,0,2,2,4,4],"right_children":[2,-1,4,-1,6,-1,-1],"split_conditions":[-2.2619452E0,1.1990561E-1,-8.489815E-1,-7.437776E-2,1.1584415E0,-1.1959431E-2,2.8706016E-2],"split_indices":[6,0,6,0,6,0,0],"split_type":[0,0,0,0,0,0,0],"sum_hessian":[1.8965392E2,1.3122529E1,1.7653139E2,2.4588074E1,1.5194331E2,9.143422E1,6.0509098E1],"tree_param":{"num_deleted":"0","num_feature":"16","num_nodes":"7","size_leaf_vector":"1"}},{"base_weights":[-1.5006757E-2,1.0130403E-1,-8.906028E-2,-4.582391E-1,9.517293E-2,-5.7690933E-2,-0E0,6.0051233E-2,-0E0],"categories":[],"categories_nodes":[],"categories_segments":[],"categories_sizes":[],"default_left":[0,0,0,0,0,0,0,0,0],"id":3,"left_children":[1,-1,3,5,7,-1,-1,-1,-1],"loss_changes":[1.3096689E1,0E0,1.3531593E1,4.6037903E0,4.9402995E0,0E0,0E0,0E0,0E0],"parents":[2147483647,0,0,2,2,3,3,4,4],"right_children":[2,-1,4,6,8,-1,-1,-1,-1],"split_conditions":[-2.5666194E0,1.0130403E-1,1.6913697E-1,2.0226425E-2,4.6635428E-1,-5.7690933E-2,-0E0,6.0051233E-2,-0E0],"split_indices":[5,0,5,10,5,0,0,0,0],"split_type":[0,0,0,0,0,0,0,0,0],"sum_hessian":[1.9788962E2,1.1101926E1,1.8678769E2,6.621766E1,1.2057003E2,5.4694317E1,1.1523339E1,1.6385561E1,1.0418447E2],"tree_param":{"num_deleted":"0","num_feature":"16","num_nodes":"9","size_leaf_vector":"1"}},{"base_weights":[4.3532457E-2,1.0256175E-1,-6.1994E-3,-3.6804017E-1,1.4289878E-1,-6.1637305E-2,4.2813506E-2,-6.1690714E-2,2.372577E-2],"categories":[],"categories_nodes":[],"categories_segments":[],"categories_sizes":[],"default_left":[0,0,0,0,0,0,0,0,0],"id":4,"left_children":[1,-1,3,5,7,-1,-1,-1,-1],"loss_changes":[1.1843081E1,0E0,1.0334191E1,1.210816E1,8.321371E0,0E0,0E0,0E0,0E0],"parents":[2147483647,0,0,2,2,3,3,4,4],"right_children":[2,-1,4,6,8,-1,-1,-1,-1],"split_conditions":[-2.4907424E0,1.0256175E-1,-3.3354638E-3,5.7751834E-2,-6.7590594E-2,-6.1637305E-2,4.2813506E-2,-6.1690714E-2,2.372577E-2],"split_indices":[6,0,15,9,3,0,0,0,0],"split_type":[0,0,0,0,0,0,0,0,0],"sum_hessian":[1.9332759E2,1.1337862E1,1.8198973E2,5.7485893E1,1.2450384E2,4.5810875E1,1.1675018E1,1.1254618E1,1.1324922E2],"tree_param":{"num_deleted":"0","num_feature":"16","num_nodes":"9","size_leaf_vector":"1"}},{"base_weights":[8.753391E-3,-1.5441242E-1,4.6279413E-1,-4.185605E-1,-0E0,6.5601476E-2,-0E0,-8.4413305E-2,-8.23985E-3,4.4923283E-2,-1.6982678E-2],"categories":[],"categories_nodes":[],"categories_segments":[],"categories_sizes":[],"default_left":[0,0,0,0,0,0,0,0,0,0,0],"id":5,"left_children":[1,3,5,7,9,-1,-1,-1,-1,-1,-1],"loss_changes":[1.5272074E1,5.6894274E0,5.847954E0,5.385293E0,6.900269E0,0E0,0E0,0E0,0E0,0E0,0E0],"parents":[2147483647,0,0,1,1,2,2,3,3,4,4],"right_children":[2,4,6,8,10,-1,-1,-1,-1,-1,-1],"split_conditions":[5.819305E-2,2.569805E-1,2.7689676E0,3.1250995E-2,6.9745354E-2,6.5601476E-2,-0E0,-8.4413305E-2,-8.23985E-3,4.4923283E-2,-1.6982678E-2],"split_indices":[9,5,5,9,3,0,0,0,0,0,0],"split_type":[0,0,0,0,0,0,0,0,0,0,0],"sum_hessian":[1.9660797E2,1.4101741E2,5.5590557E1,5.1599934E1,8.941747E1,4.0557674E1,1.5032883E1,1.95565E1,3.2043434E1,2.4243872E1,6.51736E1],"tree_param":{"num_deleted":"0","num_feature":"16","num_nodes":"11","size_leaf_vector":"1"}},{"base_weights":[-1.4574684E-2,7.563991E-2,-8.232897E-2,-2.8120004E-2,1.9342847E-1,-2.0263907E-2,4.5343857E-2],"categories":[],"categories_nodes":[],"categories_segments":[],"categories_sizes":[],"default_left":[0,0,0,0,0,0,0],"id":6,"left_children":[1,-1,3,-1,5,-1,-1],"loss_changes":[8.968326E0,0E0,1.05305195E1,0E0,8.317884E0,0E0,0E0],"parents":[2147483647,0,0,2,2,4,4],"right_children":[2,-1,4,-1,6,-1,-1],"split_conditions":[-2.2619452E0,7.563991E-2,1.0340834E0,-2.8120004E-2,2.666677E-1,-2.0263907E-2,4.5343857E-2],"split_indices":[6,0,6,0,14,0,0],"split_type":[0,0,0,0,0,0,0],"sum_hessian":[1.9929272E2,1.3250407E1,1.8604233E2,1.1230212E2,7.374021E1,2.599606E1,4.7744152E1],"tree_param":{"num_deleted":"0","num_feature":"16","num_nodes":"7","size_leaf_vector":"1"}},{"base_weights":[3.6106184E-2,9.4426766E-2,-1.0634708E-2,-3.0824035E-1,1.5987106E-1,1.35311065E-2,-4.3461673E-2,2.5633253E-2,-4.87422E-2],"categories":[],"categories_nodes":[],"categories_segments":[],"categories_sizes":[],"default_left":[0,0,0,0,0,0,0,0,0],"id":7,"left_children":[1,-1,3,5,7,-1,-1,-1,-1],"loss_changes":[1.047399E1,0E0,9.642749E0,4.821616E0,6.658826E0,0E0,0E0,0E0,0E0],"parents":[2147483647,0,0,2,2,3,3,4,4],"right_children":[2,-1,4,6,8,-1,-1,-1,-1],"split_conditions":[-2.2619452E0,9.4426766E-2,-8.9854345E-4,-1.5056301E-2,2.9978766E0,1.35311065E-2,-4.3461673E-2,2.5633253E-2,-4.87422E-2],"split_indices":[6,0,15,15,6,0,0,0,0],"split_type":[0,0,0,0,0,0,0,0,0],"sum_hessian":[1.950234E2,1.1739587E1,1.8328383E2,7.155288E1,1.1173094E2,1.2250797E1,5.930208E1,1.0009564E2,1.1635306E1],"tree_param":{"num_deleted":"0","num_feature":"16","num_nodes":"9","size_leaf_vector":"1"}},{"base_weights":[-0E0,-3.8791142E-2,5.6274306E-2,5.8901366E-2,-1.0042419E-1,-8.971973E-2,-2.2854474E-3],"categories":[],"categories_nodes":[],"categories_segments":[],"categories_sizes":[],"default_left":[0,0,0,0,0,0,0],"id":8,"left_children":[1,3,-1,-1,5,-1,-1],"loss_changes":[4.699142E0,5.7490406E0,0E0,0E0,8.084625E0,0E0,0E0],"parents":[2147483647,0,0,1,1,4,4],"right_children":[2,4,-1,-1,6,-1,-1],"split_conditions":[4.609384E-1,-2.4825754E0,5.6274306E-2,5.8901366E-2,-1.2302542E-1,-8.971973E-2,-2.2854474E-3],"split_indices":[4,5,0,0,3,0,0],"split_type":[0,0,0,0,0,0,0],