{"learner":{"attributes":{"scikit_learn":"{\"_estimator_type\": \"classifier\"}"},"feature_names":["bias_week","bias_month","bias_quarter","bias_year","rsi","macd","macd_signal","vol_change","close_change","bb_width","return_5d","k_upper","k_lower","k_body","buy_power","rs_5d"],"feature_types":["float","float","float","float","float","float","float","float","float","float","float","float","float","float","float","float"],"gradient_booster":{"model":{"cats":{"enc":[],"feature_segments":[],"sorted_idx":[]},"gbtree_model_param":{"num_parallel_tree":"1","num_trees":"11"},"iteration_indptr":[0,1,2,3,4,5,6,7,8,9,10,11],"tree_info":[0,0,0,0,0,0,0,0,0,0,0],"trees":[{"base_weights":[5.935377E-3,1.4752223E-1,-8.225059E-2,-4.8246005E-1,1.1378046E-1,-5.8489453E-2,-0E0,1.9614983E-2,-4.1143548E-2],"categories":[],"categories_nodes":[],"categories_segments":[],"categories_sizes":[],"default_left":[0,0,0,0,0,0,0,0,0],"id":0,"left_children":[1,-1,3,5,7,-1,-1,-1,-1],"loss_changes":[2.888133E1,0E0,1.529981E1,3.5193853E0,4.843146E0,0E0,0E0,0E0,0E0],"parents":[2147483647,0,0,2,2,3,3,4,4],"right_children":[2,-1,4,6,8,-1,-1,-1,-1],"split_conditions":[-2.3392744E0,1.4752223E-1,2.0721711E-1,1.461204E-1,3.3681598E-1,-5.8489453E-2,-0E0,1.9614983E-2,-4.1143548E-2],"split_indices":[6,0,5,3,3,0,0,0,0],"split_type":[0,0,0,0,0,0,0,0,0],"sum_hessian":[1.9671126E2,1.2420715E1,1.8429054E2,6.433453E1,1.1995601E2,5.3173836E1,1.1160703E1,1.0723703E2,1.2718976E1],"tree_param":{"num_deleted":"0","num_feature":"16","num_nodes":"9","size_leaf_vector":"1"}},{"base_weights":[-6.538117E-2,-2.2248966E-1,3.9631075E-1,-8.4860235E-2,-0E0,6.207115E-1,-0E0,2.8791118E-3,9.4503574E-2],"categories":[],"categories_nodes":[],"categories_segments":[],"categories_sizes":[],"default_left":[0,0,0,0,0,0,0,0,0],"id":1,"left_children":[1,3,5,-1,-1,7,-1,-1,-1],"loss_changes":[1.4052502E1,2.187086E1,3.820323E0,0E0,0E0,3.4888372E0,0E0,0E0,0E0],"parents":[2147483647,0,0,1,1,2,2,5,5],"right_children":[2,4,6,-1,-1,8,-1,-1,-1],"split_conditions":[6.501543E-2,-5.0801905E-3,4.972515E-2,-8.4860235E-2,-0E0,9.091414E-2,-0E0,2.8791118E-3,9.4503574E-2],"split_indices":[9,15,1,0,0,12,0,0,0],"split_type":[0,0,0,0,0,0,0,0,0],"sum_hessian":[1.9896216E2,1.521207E2,4.6841454E1,4.0104443E1,1.1201626E2,2.8964615E1,1.7876839E1,1.2880964E1,1.608365E1],"tree_param":{"num_deleted":"0","num_feature":"16","num_nodes":"9","size_leaf_vector":"1"}},{"base_weights":[-0E0,1.133631E-1,-9.748992E-2,-2.94998E-1,2.3563121E-1,-6.2224362E-2,-8.75701E-3,4.9471863E-2,-2.0644369E-2],"categories":[],"categories_nodes":[],"categories_segments":[],"categories_sizes":[],"default_left":[0,0,0,0,0,0,0,0,0],"id":2,"left_children":[1,-1,3,5,7,-1,-1,-1,-1],"loss_changes":[1.9219553E1,0E0,1.1825373E1,6.335552E0,7.8900146E0,0E0,0E0,0E0,0E0],"parents":[2147483647,0,0,2,2,3,3,4,4],"right_children":[2,-1,4,6,8,-1,-1,-1,-1],"split_conditions":[-2.2619457E0,1.133631E-1,1.1583215E0,2.5915783E-2,2.3395634E0,-6.2224362E-2,-8.75701E-3,4.9471863E-2,-2.0644369E-2],"split_indices":[6,0,6,3,6,0,0,0,0],"split_type":[0,0,0,0,0,0,0,0,0],"sum_hessian":[1.908851E2,1.3346576E1,1.7753853E2,1.1571037E2,6.1828148E1,4.0135754E1,7.557462E1,4.1999317E1,1.9828829E1],"tree_param":{"num_deleted":"0","num_feature":"16","num_nodes":"9","size_leaf_vector":"1"}},{"base_weights":[3.380276E-3,8.838668E-2,-4.0001377E-2,-2.0571299E-2,3.767749E-1,6.669414E-2,-0E0],"categories":[],"categories_nodes":[],"categories_segments":[],"categories_sizes":[],"default_left":[0,0,0,0,0,0,0],"id":3,"left_children":[1,-1,3,-1,5,-1,-1],"loss_changes":[9.4801235E0,0E0,1.251554E1,0E0,4.136501E0,0E0,0E0],"parents":[2147483647,0,0,2,2,4,4],"right_children":[2,-1,4,-1,6,-1,-1],"split_conditions":[-2.5666194E0,8.838668E-2,1.4461353E0,-2.0571299E-2,2.2412593E0,6.669414E-2,-0E0],"split_indices":[5,0,5,0,5,0,0],"split_type":[0,0,0,0,0,0,0],"sum_hessian":[1.962226E2,1.1494067E1,1.8472852E2,1.3568724E2,4.904128E1,2.4499704E1,2.4541573E1],"tree_param":{"num_deleted":"0","num_feature":"16","num_nodes":"7","size_leaf_vector":"1"}},{"base_weights":[1.0604308E-2,1.1082233E-1,-4.40226E-2,-4.0886027E-1,1.7085534E-1,-6.1009865E-2,-0E0,7.41773E-2,5.7517765E-3],"categories":[],"categories_nodes":[],"categories_segments":[],"categories_sizes":[],"default_left":[0,0,0,0,0,0,0,0,0],"id":4,"left_children":[1,-1,3,5,7,-1,-1,-1,-1],"loss_changes":[1.4199403E1,0E0,1.49499E1,5.6342697E0,5.4620137E0,0E0,0E0,0E0,0E0],"parents":[2147483647,0,0,2,2,3,3,4,4],"right_children":[2,-1,4,6,8,-1,-1,-1,-1],"split_conditions":[-2.4907415E0,1.1082233E-1,-1.0265921E-3,9.59533E-2,1.3953277E-2,-6.1009865E-2,-0E0,7.41773E-2,5.7517765E-3],"split_indices":[6,0,15,3,4,0,0,0,0],"split_type":[0,0,0,0,0,0,0,0,0],"sum_hessian":[1.94738E2,1.1031562E1,1.8370644E2,7.195571E1,1.11750725E2,4.6653046E1,2.5302666E1,1.4946593E1,9.680413E1],"tree_param":{"num_deleted":"0","num_feature":"16","num_nodes":"9","size_leaf_vector":"1"}},{"base_weights":[-3.4000508E-3,-2.4628548E-1,2.1980027E-2,-6.87616E-2,-1.1536453E-2,5.115115E-2,-1.5151779E-2],"categories":[],"categories_nodes":[],"categories_segments":[],"categories_sizes":[],"default_left":[0,0,0,0,0,0,0],"id":5,"left_children":[1,3,-1,-1,5,-1,-1],"loss_changes":[1.0903904E1,8.930655E0,0E0,0E0,4.3341026E0,0E0,0E0],"parents":[2147483647,0,0,1,1,4,4],"right_children":[2,4,-1,-1,6,-1,-1],"split_conditions":[4.1588563E-2,1.8385123E-1,2.1980027E-2,-6.87616E-2,4.1215053E-1,5.115115E-2,-1.5151779E-2],"split_indices":[9,5,0,0,5,0,0],"split_type":[0,0,0,0,0,0,0],"sum_hessian":[1.9837407E2,1.0020475E2,9.816931E1,3.1150211E1,6.905454E1,1.1171937E1,5.7882607E1],"tree_param":{"num_deleted":"0","num_feature":"16","num_nodes":"7","size_leaf_vector":"1"}},{"base_weights":[3.2339346E-2,8.6385205E-2,-1.0419781E-2,-1.790183E-2,2.6476E-1,5.2593183E-2,-1.7026586E-2],"categories":[],"categories_nodes":[],"categories_segments":[],"categories_sizes":[],"default_left":[0,0,0,0,0,0,0],"id":6,"left_children":[1,-1,3,-1,5,-1,-1],"loss_changes":[8.999529E0,0E0,8.463484E0,0E0,8.41003E0,0E0,0E0],"parents":[2147483647,0,0,2,2,4,4],"right_children":[2,-1,4,-1,6,-1,-1],"split_conditions":[-2.5666194E0,8.6385205E-2,1.1583215E0,-1.790183E-2,2.3395634E0,5.2593183E-2,-1.7026586E-2],"split_indices":[5,0,6,0,6,0,0],"split_type":[0,0,0,0,0,0,0],"sum_hessian":[1.9681285E2,1.2034814E1,1.8477803E2,1.1928668E2,6.549135E1,4.3925644E1,2.1565702E1],"tree_param":{"num_deleted":"0","num_feature":"16","num_nodes":"7","size_leaf_vector":"1"}},{"base_weights":[6.445629E-2,9.808814E-2,-0E0,-3.3535966E-1,1.6651759E-1,1.8510249E-2,-5.3171623E-2,-3.6960665E-2,2.4155905E-2],"categories":[],"categories_nodes":[],"categories_segments":[],"categories_sizes":[],"default_left":[0,0,0,0,0,0,0,0,0],"id":7,"left_children":[1,-1,3,5,7,-1,-1,-1,-1],"loss_changes":[1.0957951E1,0E0,1.0072374E1,6.999348E0,4.8205986E0,0E0,0E0,0E0,0E0],"parents":[2147483647,0,0,2,2,3,3,4,4],"right_children":[2,-1,4,6,8,-1,-1,-1,-1],"split_conditions":[-2.2619457E0,9.808814E-2,-3.3354638E-3,-1.3760302E-2,-7.8406703E-1,1.8510249E-2,-5.3171623E-2,-3.6960665E-2,2.4155905E-2],"split_indices":[6,0,15,15,6,0,0,0,0],"split_type":[0,0,0,0,0,0,0,0,0],"sum_hessian":[1.9402155E2,1.1954677E1,1.8206686E2,5.9159813E1,1.2290705E2,1.3308466E1,4.5851345E1,1.1662219E1,1.11244835E2],"tree_param":{"num_deleted":"0","num_feature":"16","num_nodes":"9","size_leaf_vector":"1"}},{"base_weights":[1.7399311E-2,-6.435065E-4,5.7899866E-2],"categories":[],"categories_nodes":[],"categories_segments":[],"categories_sizes":[],"default_left":[0,0,0],"id":8,"left_children":[1,-1,-1],"loss_changes":[3.850028E0,0E0,0E0],"parents":[2147483647,0,0],"right_children":[2,-1,-1],"split_conditions":[5.197134E-2,-6.435065E-4,5.7899866E-2],"split_indices":[10,0,0],"split_type":[0,0,0],"sum_hessian":[1.8833476E2,1.769657E2,1.1369061E1],"tree_param":{"num_deleted":"0","num_feature":"16","num_nodes":"3","size_leaf_vector":"1"}},{"base_weights":[-6.09706E-2,7.563563E-2,-1.2585069E-2],"categories":[],"categories_nodes":[],"categories_segments":[],