{"learner":{"attributes":{"scikit_learn":"{\"_estimator_type\": \"classifier\"}"},"feature_names":["bias_week","bias_month","bias_quarter","bias_year","rsi","macd","macd_signal","vol_change","close_change","bb_width","return_5d","k_upper","k_lower","k_body","buy_power","rs_5d"],"feature_types":["float","float","float","float","float","float","float","float","float","float","float","float","float","float","float","float"],"gradient_booster":{"model":{"cats":{"enc":[],"feature_segments":[],"sorted_idx":[]},"gbtree_model_param":{"num_parallel_tree":"1","num_trees":"3"},"iteration_indptr":[0,1,2,3],"tree_info":[0,0,0],"trees":[{"base_weights":[2.2100007E-2,7.1152724E-2,-1.627567E-2,-3.676789E-2,1.4230289E-2],"categories":[],"categories_nodes":[],"categories_segments":[],"categories_sizes":[],"default_left":[0,0,0,0,0],"id":0,"left_children":[1,-1,3,-1,-1],"loss_changes":[6.536833E0,0E0,1.0310882E1,0E0,0E0],"parents":[2147483647,0,0,2,2],"right_children":[2,-1,4,-1,-1],"split_conditions":[-2.152918E0,7.1152724E-2,2.1305226E-1,-3.676789E-2,1.4230289E-2],"split_indices":[5,0,5,0,0],"split_type":[0,0,0,0,0],"sum_hessian":[1.8567987E2,1.2715315E1,1.7296455E2,5.8092495E1,1.1487206E2],"tree_param":{"num_deleted":"0","num_feature":"16","num_nodes":"5","size_leaf_vector":"1"}},{"base_weights":[1.4185424E-2,-3.0955443E-1,2.4860437E-1,-5.4851983E-2,5.4179497E-2,8.9992724E-2,4.8162736E-2,-1.530162E-2,3.5310205E-2],"categories":[],"categories_nodes":[],"categories_segments":[],"categories_sizes":[],"default_left":[0,0,0,0,0,0,0,0,0],"id":1,"left_children":[1,3,5,-1,-1,-1,7,-1,-1],"loss_changes":[1.3921719E1,1.5402403E1,1.2559811E1,0E0,0E0,0E0,5.9526057E0,0E0,0E0],"parents":[2147483647,0,0,1,1,2,2,6,6],"right_children":[2,4,6,-1,-1,-1,8,-1,-1],"split_conditions":[-1.3736172E-3,6.572293E-2,4.282829E-3,-5.4851983E-2,5.4179497E-2,8.9992724E-2,4.6494342E-2,-1.530162E-2,3.5310205E-2],"split_indices":[15,9,1,0,0,0,9,0,0],"split_type":[0,0,0,0,0,0,0,0,0],"sum_hessian":[1.8509795E2,7.368891E1,1.11409035E2,5.9443737E1,1.42451725E1,2.3307266E1,8.810177E1,4.8753506E1,3.934826E1],"tree_param":{"num_deleted":"0","num_feature":"16","num_nodes":"9","size_leaf_vector":"1"}},{"base_weights":[3.8757988E-3,-1.01185575E-1,2.8904283E-1,4.3407258E-2,-1.7687549E-1,-7.263913E-3,5.1261947E-2,-4.5622975E-2,-2.412865E-3],"categories":[],"categories_nodes":[],"categories_segments":[],"categories_sizes":[],"default_left":[0,0,0,0,0,0,0,0,0],"id":2,"left_children":[1,3,5,-1,7,-1,-1,-1,-1],"loss_changes":[5.7684216E0,4.499082E0,5.441631E0,0E0,3.7852337E0,0E0,0E0,0E0,0E0],"parents":[2147483647,0,0,1,1,2,2,4,4],"right_children":[2,4,6,-1,8,-1,-1,-1,-1],"split_conditions":[1.1653467E0,-1.903224E0,1.12183526E-1,4.3407258E-2,2.6558423E-2,-7.263913E-3,5.1261947E-2,-4.5622975E-2,-2.412865E-3],"split_indices":[6,6,3,0,3,0,0,0,0],"split_type":[0,0,0,0,0,0,0,0,0],"sum_hessian":[1.7824693E2,1.2451677E2,5.3730164E1,1.1623383E1,1.1289339E2,1.6937002E1,3.679316E1,3.4307125E1,7.858626E1],"tree_param":{"num_deleted":"0","num_feature":"16","num_nodes":"9","size_leaf_vector":"1"}}]},"name":"gbtree"},"learner_model_param":{"base_score":"[5E-1]","boost_from_average":"1","num_class":"0","num_feature":"16","num_target":"1"},"objective":{"name":"binary:logistic","reg_loss_param":{"scale_pos_weight":"0.433661878"}}},"version":[3,2,0]}