{"learner":{"attributes":{"scikit_learn":"{\"_estimator_type\": \"classifier\"}"},"feature_names":["bias_week","bias_month","bias_quarter","bias_year","rsi","macd","macd_signal","vol_change","close_change","bb_width","return_5d","return_10d","k_upper","k_lower","k_body","buy_power","rs_5d","rs_10d","dist_to_20d_high","dist_to_20d_low","kd_k","kd_d","kd_cross","gap_ratio","obv","atr_ratio","trend_strength"],"feature_types":["float","float","float","float","float","float","float","float","float","float","float","float","float","float","float","float","float","float","float","float","float","float","float","float","float","float","float"],"gradient_booster":{"model":{"gbtree_model_param":{"num_parallel_tree":"1","num_trees":"5"},"iteration_indptr":[0,1,2,3,4,5],"tree_info":[0,0,0,0,0],"trees":[{"base_weights":[-1.42720705E-2,9.1651136E-1,-1.9225751E-1,-2.2398764E-2,1.0369604E0,1.0401666E-2,-6.194092E-1,1.2332677E-1,-0E0,-2.6048576E-2,2.195001E-2,3.581744E-2,-8.8028334E-2],"categories":[],"categories_nodes":[],"categories_segments":[],"categories_sizes":[],"default_left":[0,0,0,0,0,0,0,0,0,0,0,0,0],"id":0,"left_children":[1,3,5,-1,7,9,11,-1,-1,-1,-1,-1,-1],"loss_changes":[7.759628E1,1.231411E1,3.6303864E1,0E0,1.2990425E1,1.5551144E1,3.651663E1,0E0,0E0,0E0,0E0,0E0,0E0],"parents":[2147483647,0,0,1,1,2,2,4,4,5,5,6,6],"right_children":[2,4,6,-1,8,10,12,-1,-1,-1,-1,-1,-1],"split_conditions":[1.4430851E-3,-2.3028022E-3,2.4431583E-3,-2.2398764E-2,1.7162422E0,2.7843274E-2,-2.2515105E-1,1.2332677E-1,-0E0,-2.6048576E-2,2.195001E-2,3.581744E-2,-8.8028334E-2],"split_indices":[25,3,25,0,6,26,3,0,0,0,0,0,0],"split_type":[0,0,0,0,0,0,0,0,0,0,0,0,0],"sum_hessian":[4.7646652E2,7.387709E1,4.0258942E2,5.189498E0,6.868759E1,2.7003616E2,1.3255327E2,5.5929604E1,1.2757991E1,1.1293227E2,1.5710388E2,2.6581812E1,1.0597146E2],"tree_param":{"num_deleted":"0","num_feature":"27","num_nodes":"13","size_leaf_vector":"1"}},{"base_weights":[1.1694593E-3,-7.914613E-1,1.0286965E-1,-1.2855483E0,-0E0,1.3326661E-1,6.450471E-2,-0E0,-1.4800939E-1,1.01752065E-1,-5.3040773E-2,1.7230615E-2,-3.8700525E-2],"categories":[],"categories_nodes":[],"categories_segments":[],"categories_sizes":[],"default_left":[0,0,0,0,0,0,0,0,0,0,0,0,0],"id":1,"left_children":[1,3,5,7,9,-1,11,-1,-1,-1,-1,-1,-1],"loss_changes":[3.7602398E1,1.9611477E1,1.7359247E1,6.583885E0,1.2007372E1,0E0,2.0553207E1,0E0,0E0,0E0,0E0,0E0,0E0],"parents":[2147483647,0,0,1,1,2,2,3,3,4,4,6,6],"right_children":[2,4,6,8,10,-1,12,-1,-1,-1,-1,-1,-1],"split_conditions":[-1.1566757E-2,7.6030344E-2,-4.7345963E-1,-9.5762005E0,-4.5995325E-1,1.3326661E-1,6.684216E-2,-0E0,-1.4800939E-1,1.01752065E-1,-5.3040773E-2,1.7230615E-2,-3.8700525E-2],"split_indices":[16,9,2,22,24,0,26,0,0,0,0,0,0],"split_type":[0,0,0,0,0,0,0,0,0,0,0,0,0],"sum_hessian":[4.839938E2,5.1851994E1,4.321418E2,3.0985083E1,2.086691E1,1.032051E1,4.218213E2,5.247304E0,2.573778E1,6.378977E0,1.4487933E1,3.445588E2,7.726248E1],"tree_param":{"num_deleted":"0","num_feature":"27","num_nodes":"13","size_leaf_vector":"1"}},{"base_weights":[2.2928189E-3,3.2043254E-1,-4.318369E-1,-6.743191E-1,4.0996996E-1,2.6799807E-1,-5.694142E-1,-9.9497795E-2,4.005293E-3,7.596333E-2,1.8237997E-2,6.0239695E-2,-9.2259794E-2,-3.6774587E-2,-1.3757575E-1],"categories":[],"categories_nodes":[],"categories_segments":[],"categories_sizes":[],"default_left":[0,0,0,0,0,0,0,0,0,0,0,0,0,0,0],"id":2,"left_children":[1,3,5,7,9,11,13,-1,-1,-1,-1,-1,-1,-1,-1],"loss_changes":[6.6159294E1,2.4624285E1,2.0101593E1,7.2341366E0,1.8649754E1,1.22819805E1,2.327285E1,0E0,0E0,0E0,0E0,0E0,0E0,0E0,0E0],"parents":[2147483647,0,0,1,1,2,2,3,3,4,4,5,5,6,6],"right_children":[2,4,6,8,10,12,14,-1,-1,-1,-1,-1,-1,-1,-1],"split_conditions":[2.1770755E-3,-1.0581192E-2,-2.0405099E-1,5.567026E-2,1.5397402E-3,1.9058019E-2,3.269519E-3,-9.9497795E-2,4.005293E-3,7.596333E-2,1.8237997E-2,6.0239695E-2,-9.2259794E-2,-3.6774587E-2,-1.3757575E-1],"split_indices":[25,16,3,9,25,25,25,0,0,0,0,0,0,0,0],"split_type":[0,0,0,0,0,0,0,0,0,0,0,0,0,0,0],"sum_hessian":[4.7911166E2,2.7961945E2,1.994922E2,2.0545744E1,2.590737E2,2.9947742E1,1.6954446E2,1.5995907E1,4.549836E0,9.59972E1,1.630765E2,2.5136734E1,4.811008E0,1.3961784E2,2.9926617E1],"tree_param":{"num_deleted":"0","num_feature":"27","num_nodes":"15","size_leaf_vector":"1"}},{"base_weights":[4.444671E-2,6.709351E-1,-7.4183874E-2,8.13259E-1,-2.2369665E-1,5.65126E-2,-4.552266E-1,8.990992E-2,-2.1144353E-2,1.40560875E-2,-1.1681473E-1,-5.4032155E-3,9.000965E-2,3.5143256E-2,-8.073111E-2],"categories":[],"categories_nodes":[],"categories_segments":[],"categories_sizes":[],"default_left":[0,0,0,0,0,0,0,0,0,0,0,0,0,0,0],"id":3,"left_children":[1,3,5,7,9,11,13,-1,-1,-1,-1,-1,-1,-1,-1],"loss_changes":[3.6314354E1,1.140876E1,2.0486353E1,8.37915E0,5.685249E0,2.9244791E1,3.1717232E1,0E0,0E0,0E0,0E0,0E0,0E0,0E0,0E0],"parents":[2147483647,0,0,1,1,2,2,3,3,4,4,5,5,6,6],"right_children":[2,4,6,8,10,12,14,-1,-1,-1,-1,-1,-1,-1,-1],"split_conditions":[1.4635166E-3,8.777562E1,2.6301031E-3,1.0014537E-2,4.8082942E-1,7.341577E-2,-2.2515105E-1,8.990992E-2,-2.1144353E-2,1.40560875E-2,-1.1681473E-1,-5.4032155E-3,9.000965E-2,3.5143256E-2,-8.073111E-2],"split_indices":[25,21,25,17,4,9,3,0,0,0,0,0,0,0,0],"split_type":[0,0,0,0,0,0,0,0,0,0,0,0,0,0,0],"sum_hessian":[4.690747E2,7.706789E1,3.920068E2,6.8732025E1,8.335862E0,2.88031E2,1.03975815E2,6.512302E1,3.6090083E0,4.849181E0,3.4866815E0,2.5316653E2,3.4864464E1,2.9992977E1,7.398284E1],"tree_param":{"num_deleted":"0","num_feature":"27","num_nodes":"15","size_leaf_vector":"1"}},{"base_weights":[-1.23266885E-2,5.4238814E-1,-1.6707374E-1,-8.112228E-2,7.2525334E-1,-3.2843694E-1,3.1291348E-1,3.5504486E-2,-7.211693E-2,8.853843E-2,-4.2882044E-2,-1.739413E-2,-1.3140488E-1,5.603569E-2,-9.817437E-2],"categories":[],"categories_nodes":[],"categories_segments":[],"categories_sizes":[],"default_left":[0,0,0,0,0,0,0,0,0,0,0,0,0,0,0],"id":4,"left_children":[1,3,5,7,9,11,13,-1,-1,-1,-1,-1,-1,-1,-1],"loss_changes":[4.029824E1,1.3061409E1,2.9392107E1,7.0022883E0,1.7105534E1,4.0150826E1,2.9719963E1,0E0,0E0,0E0,0E0,0E0,0E0,0E0,0E0],"parents":[2147483647,0,0,1,1,2,2,3,3,4,4,5,5,6,6],"right_children":[2,4,6,8,10,12,14,-1,-1,-1,-1,-1,-1,-1,-1],"split_conditions":[1.5397402E-3,1.4748591E-2,1.6613629E0,1.3557703E-3,8.777562E1,1.1700752E0,2.8795348E-3,3.5504486E-2,-7.211693E-2,8.853843E-2,-4.2882044E-2,-1.739413E-2,-1.3140488E-1,5.603569E-2,-9.817437E-2],"split_indices":[25,26,6,25,21,5,25,0,0,0,0,0,0,0,0],"split_type":[0,0,0,0,0,0,0,0,0,0,0,0,0,0,0],"sum_hessian":[4.7753912E2,1.00511284E2,3.7702783E2,2.0106344E1,8.0404945E1,2.85887E2,9.114083E1,1.0120628E1,9.985716E0,7.212721E1,8.277726E0,2.5064621E2,3.5240795E1,7.822811E1,1.2912718E1],"tree_param":{"num_deleted":"0","num_feature":"27","num_nodes":"15","size_leaf_vector":"1"}}]},"name":"gbtree"},"learner_model_param":{"base_score":"5E-1","boost_from_average":"1","num_class":"0","num_feature":"27","num_target":"1"},"objective":{"name":"binary:logistic","reg_loss_param":{"scale_pos_weight":"2.25266361"}}},"version":[2,1,0]}