{"learner":{"attributes":{"scikit_learn":"{\"_estimator_type\": \"classifier\"}"},"feature_names":["bias_week","bias_month","bias_quarter","bias_year","rsi","macd","macd_signal","vol_change","close_change","bb_width","return_5d","return_10d","k_upper","k_lower","k_body","buy_power","rs_5d","rs_10d","dist_to_20d_high","dist_to_20d_low","kd_k","kd_d","kd_cross","gap_ratio","obv","atr_ratio","trend_strength"],"feature_types":["float","float","float","float","float","float","float","float","float","float","float","float","float","float","float","float","float","float","float","float","float","float","float","float","float","float","float"],"gradient_booster":{"model":{"gbtree_model_param":{"num_parallel_tree":"1","num_trees":"11"},"iteration_indptr":[0,1,2,3,4,5,6,7,8,9,10,11],"tree_info":[0,0,0,0,0,0,0,0,0,0,0],"trees":[{"base_weights":[-2.415344E-2,9.3628037E-1,-2.4279033E-1,-2.6965711E-2,1.0623747E0,-4.0695786E-2,-9.132481E-1,1.2504373E-1,-0E0,-2.1811627E-2,5.1237393E-2,6.210798E-2,-1.11322194E-1],"categories":[],"categories_nodes":[],"categories_segments":[],"categories_sizes":[],"default_left":[0,0,0,0,0,0,0,0,0,0,0,0,0],"id":0,"left_children":[1,3,5,-1,7,9,11,-1,-1,-1,-1,-1,-1],"loss_changes":[8.893545E1,1.3914909E1,4.5633156E1,0E0,1.2670128E1,2.6849688E1,2.7170303E1,0E0,0E0,0E0,0E0,0E0,0E0],"parents":[2147483647,0,0,1,1,2,2,4,4,5,5,6,6],"right_children":[2,4,6,-1,8,10,12,-1,-1,-1,-1,-1,-1],"split_conditions":[1.4467234E-3,1.0933894E-2,2.629886E-3,-2.6965711E-2,1.7162422E0,2.1260826E-1,-2.2998965E-1,1.2504373E-1,-0E0,-2.1811627E-2,5.1237393E-2,6.210798E-2,-1.11322194E-1],"split_indices":[25,3,25,0,6,3,3,0,0,0,0,0,0],"split_type":[0,0,0,0,0,0,0,0,0,0,0,0,0],"sum_hessian":[4.2917926E2,7.714631E1,3.5203296E2,5.50703E0,7.1639275E1,2.7378427E2,7.824868E1,5.861116E1,1.3028119E1,2.1062257E2,6.3161686E1,7.856766E0,7.0391914E1],"tree_param":{"num_deleted":"0","num_feature":"27","num_nodes":"13","size_leaf_vector":"1"}},{"base_weights":[1.1687353E-2,-2.2127286E-1,3.5136744E-1,6.0959876E-1,-3.5741064E-1,4.5449108E-1,-5.72174E-1,9.811121E-2,-5.228357E-2,-2.208456E-2,-1.4226533E-1,5.8730032E-2,-1.7637245E-2,-1.3402878E-1,4.025176E-2],"categories":[],"categories_nodes":[],"categories_segments":[],"categories_sizes":[],"default_left":[0,0,0,0,0,0,0,0,0,0,0,0,0,0,0],"id":1,"left_children":[1,3,5,7,9,11,13,-1,-1,-1,-1,-1,-1,-1,-1],"loss_changes":[3.502257E1,2.8624279E1,1.7337126E1,1.619211E1,2.8381077E1,1.5532482E1,1.5183445E1,0E0,0E0,0E0,0E0,0E0,0E0,0E0,0E0],"parents":[2147483647,0,0,1,1,2,2,3,3,4,4,5,5,6,6],"right_children":[2,4,6,8,10,12,14,-1,-1,-1,-1,-1,-1,-1,-1],"split_conditions":[1.6740492E-1,-3.085969E-1,3.0486817E0,1.391086E-1,7.7598654E-2,8.973704E1,8.314673E1,9.811121E-2,-5.228357E-2,-2.208456E-2,-1.4226533E-1,5.8730032E-2,-1.7637245E-2,-1.3402878E-1,4.025176E-2],"split_indices":[4,24,6,3,9,20,20,0,0,0,0,0,0,0,0],"split_type":[0,0,0,0,0,0,0,0,0,0,0,0,0,0,0],"sum_hessian":[4.3716815E2,2.5556172E2,1.8160643E2,3.322485E1,2.2233687E2,1.6595491E2,1.5651512E1,2.6480778E1,6.7440724E0,2.0038698E2,2.194988E1,1.3927747E2,2.6677448E1,9.812309E0,5.839204E0],"tree_param":{"num_deleted":"0","num_feature":"27","num_nodes":"15","size_leaf_vector":"1"}},{"base_weights":[1.0967337E-2,7.315659E-1,-2.0720313E-1,8.417637E-1,-1.1872612E-1,5.4722326E-3,-6.682521E-1,9.657851E-2,-0E0,-2.2608258E-2,5.1678326E-2,4.3810792E-2,-8.1513345E-2],"categories":[],"categories_nodes":[],"categories_segments":[],"categories_sizes":[],"default_left":[0,0,0,0,0,0,0,0,0,0,0,0,0],"id":2,"left_children":[1,3,5,7,-1,9,11,-1,-1,-1,-1,-1,-1],"loss_changes":[6.97433E1,2.2115688E1,3.4088917E1,1.1093544E1,0E0,2.7827192E1,1.961153E1,0E0,0E0,0E0,0E0,0E0,0E0],"parents":[2147483647,0,0,1,1,2,2,3,3,5,5,6,6],"right_children":[2,4,6,8,-1,10,12,-1,-1,-1,-1,-1,-1],"split_conditions":[1.5500437E-3,9.336467E1,2.4511807E-3,3.273436E-1,-1.1872612E-1,4.875096E-2,-2.1235003E-1,9.657851E-2,-0E0,-2.2608258E-2,5.1678326E-2,4.3810792E-2,-8.1513345E-2],"split_indices":[25,20,25,24,0,9,3,0,0,0,0,0,0],"split_type":[0,0,0,0,0,0,0,0,0,0,0,0,0],"sum_hessian":[4.344084E2,1.02886635E2,3.3152176E2,9.889068E1,3.9959545E0,2.241068E2,1.0741497E2,8.541238E1,1.3478303E1,1.5158548E2,7.252132E1,1.1066071E1,9.63489E1],"tree_param":{"num_deleted":"0","num_feature":"27","num_nodes":"13","size_leaf_vector":"1"}},{"base_weights":[3.0288775E-2,1.9178008E-1,-6.607296E-1,7.066137E-1,2.7824685E-2,4.746987E-1,-8.645174E-1,8.3217196E-2,-1.22028515E-2,-7.436948E-3,8.415841E-2,1.1546059E-1,-1.7364258E-2,-9.5662855E-2,3.796996E-2],"categories":[],"categories_nodes":[],"categories_segments":[],"categories_sizes":[],"default_left":[0,0,0,0,0,0,0,0,0,0,0,0,0,0,0],"id":3,"left_children":[1,3,5,7,9,11,13,-1,-1,-1,-1,-1,-1,-1,-1],"loss_changes":[4.5821884E1,2.7282341E1,1.9036026E1,1.0426693E1,2.4099335E1,7.143674E0,9.999462E0,0E0,0E0,0E0,0E0,0E0,0E0,0E0,0E0],"parents":[2147483647,0,0,1,1,2,2,3,3,4,4,5,5,6,6],"right_children":[2,4,6,8,10,12,14,-1,-1,-1,-1,-1,-1,-1,-1],"split_conditions":[2.629886E-3,1.4610167E-3,-2.2998965E-1,8.777562E1,7.294553E-2,-5.235926E-3,5.9422535E-1,8.3217196E-2,-1.22028515E-2,-7.436948E-3,8.415841E-2,1.1546059E-1,-1.7364258E-2,-9.5662855E-2,3.796996E-2],"split_indices":[25,25,3,21,9,17,4,0,0,0,0,0,0,0,0],"split_type":[0,0,0,0,0,0,0,0,0,0,0,0,0,0,0],"sum_hessian":[4.1824664E2,3.421676E2,7.6079025E1,7.863663E1,2.6353098E2,9.718983E0,6.636004E1,7.01589E1,8.47773E0,2.324473E2,3.1083685E1,6.068777E0,3.6502051E0,6.329724E1,3.0628016E0],"tree_param":{"num_deleted":"0","num_feature":"27","num_nodes":"15","size_leaf_vector":"1"}},{"base_weights":[-9.761484E-4,5.6224096E-1,-1.9215411E-1,-3.650946E-2,7.385624E-1,6.58784E-1,-3.0246544E-1,-9.394115E-2,2.57525E-2,8.844709E-2,-3.5761505E-2,-0E0,1.3519956E-1,-1.858536E-2,-1.4423487E-1],"categories":[],"categories_nodes":[],"categories_segments":[],"categories_sizes":[],"default_left":[0,0,0,0,0,0,0,0,0,0,0,0,0,0,0],"id":4,"left_children":[1,3,5,7,9,11,13,-1,-1,-1,-1,-1,-1,-1,-1],"loss_changes":[4.5763145E1,1.2868717E1,2.9976786E1,7.742139E0,1.5832676E1,1.3998119E1,3.4716652E1,0E0,0E0,0E0,0E0,0E0,0E0,0E0,0E0],"parents":[2147483647,0,0,1,1,2,2,3,3,4,4,5,5,6,6],"right_children":[2,4,6,8,10,12,14,-1,-1,-1,-1,-1,-1,-1,-1],"split_conditions":[1.5500437E-3,1.4900094E-2,-3.0309474E-1,1.3884819E-1,8.777562E1,-1.5671839E-3,3.222361E-3,-9.394115E-2,2.57525E-2,8.844709E-2,-3.5761505E-2,-0E0,1.3519956E-1,-1.858536E-2,-1.4423487E-1],"split_indices":[25,26,24,6,21,17,25,0,0,0,0,0,0,0,0],"split_type":[0,0,0,0,0,0,0,0,0,0,0,0,0,0,0],"sum_hessian":[4.31034E2,1.05819435E2,3.2521457E2,2.1319733E1,8.44997E1,3.4483555E1,2.9073102E2,6.6353426E0,1.468439E1,7.6115E1,8.384702E0,1.9551552E1,1.4932004E1,2.6700058E2,2.3730452E1],"tree_param":{"num_deleted":"0","num_feature":"27","num_nodes":"15","size_leaf_vector":"1"}},{"base_weights":[-5.610175E-2,1.8809302E-1,-3.7893888E-1,3.6674696E-1,-1.1003262E-1,-4.821366E-1,8.8246566E-1,8.540857E-2,1.1392514E-2,-5.2716825E-2,2.282338E-2,4.527561E-2,-5.376352E-2,1.3111484E-1,-0E0],"categories":[],"categories_nodes":[],"categories_segments":[],"categories_sizes":[],"default_left":[0,0,0,0,0,0,0,0,0,0,0,0,0,0,0],"id":5,"left_children":[1,3,5,7,9,11,13,-1,-1,-1,-1,-1,-1,-1,-1],"loss_changes":[3.361769E1,1.3174468E1,2.3575243E1,1.6687256E1,1.2867094E1,1.014518E1,4.311658E0,0E0,0E0,0E0,0E0,0E0,0E0,0E0,0E0],"parents":[2147483647,0,0,1,1,2,2,3,3,4,4,5,5,6,6],"right_children":[2,4,6,8,10,12,14,-1,-1,-1,-1,-1,-1,-1,-1],"split_conditions":[2.0687713E-3,7.2293193E-3,5.3629893E-1,1.4432641E-3,1.5177439E-1,-2.2998965E-1,2.847999E-1,8.540857E-2,1.1392514E-2,-5.2716825E-2,2.282338E-2,4.527561E-2,-5.376352E-2,1.3111484E-1,-0E0],"split_indices":[25,16,4,25,3,3,3,0,0,0,0,0,0,0,0],"split_type":[0,0,0,0,0,0,0,0,0,0,0,0,0,0,0],"sum_hessian":[4.1933017E2,2.349728E2,1.8435739E2,1.5153067E2,8.344213E1,1.7256007E2,1.1797314E1,4.7433075E1,1.0409759E2,4.0011803E1,4.3430325E1,7.7410307E0,1.6481905E2,7.2490296E0,4.548284E0],"tree_param":{"num_deleted":"0","num_feature":"27","num_nodes":"15",