{"learner":{"attributes":{"scikit_learn":"{\"_estimator_type\": \"classifier\"}"},"feature_names":["bias_week","bias_month","bias_quarter","bias_year","rsi","macd","macd_signal","vol_change","close_change","bb_width","return_5d","k_upper","k_lower","k_body","buy_power","rs_5d"],"feature_types":["float","float","float","float","float","float","float","float","float","float","float","float","float","float","float","float"],"gradient_booster":{"model":{"gbtree_model_param":{"num_parallel_tree":"1","num_trees":"4"},"iteration_indptr":[0,1,2,3,4],"tree_info":[0,0,0,0],"trees":[{"base_weights":[6.189448E-2,-6.172429E-1,4.3988928E-1,7.980862E-3,-8.415927E-1,-2.858922E-2,9.3714553E-1,-8.0872625E-1,9.62556E-1,-1.3763056E0,-1.7692026E-1,6.074518E-1,-1.0095776E0,1.224079E0,5.5823714E-1,2.0333057E-2,-6.827295E-2,7.1618415E-2,-1.9733036E-2,1.4591764E-2,-7.560185E-2,-2.5721326E-2,4.2247023E-2,4.372765E-2,-1.9644313E-2,7.945253E-2,-8.467367E-2,-3.8283657E-2,6.772265E-2,-2.8685173E-2,7.0205525E-2],"categories":[],"categories_nodes":[],"categories_segments":[],"categories_sizes":[],"default_left":[0,0,0,0,0,0,0,0,0,0,0,0,0,0,0,0,0,0,0,0,0,0,0,0,0,0,0,0,0,0,0],"id":0,"left_children":[1,3,5,7,9,11,13,15,17,19,21,23,25,27,29,-1,-1,-1,-1,-1,-1,-1,-1,-1,-1,-1,-1,-1,-1,-1,-1],"loss_changes":[6.2789944E1,1.2279774E1,3.6609894E1,1.9564007E1,2.2645016E1,5.167117E1,7.6023254E0,9.709801E0,7.940777E0,8.488617E0,1.0732458E1,1.3774664E1,6.056116E1,1.2069889E1,3.401067E1,0E0,0E0,0E0,0E0,0E0,0E0,0E0,0E0,0E0,0E0,0E0,0E0,0E0,0E0,0E0,0E0],"parents":[2147483647,0,0,1,1,2,2,3,3,4,4,5,5,6,6,7,7,8,8,9,9,10,10,11,11,12,12,13,13,14,14],"right_children":[2,4,6,8,10,12,14,16,18,20,22,24,26,28,30,-1,-1,-1,-1,-1,-1,-1,-1,-1,-1,-1,-1,-1,-1,-1,-1],"split_conditions":[2.173726E-2,3.219231E-2,9.81161E-2,1.8863296E-4,6.332542E-1,6.801874E-2,1.4928111E-1,-6.15388E-1,5.6411023E-3,-2.0480528E-1,7.6710656E-3,2.2222693E-1,-3.822E-2,-2.429757E-2,1.4293935E0,2.0333057E-2,-6.827295E-2,7.1618415E-2,-1.9733036E-2,1.4591764E-2,-7.560185E-2,-2.5721326E-2,4.2247023E-2,4.372765E-2,-1.9644313E-2,7.945253E-2,-8.467367E-2,-3.8283657E-2,6.772265E-2,-2.8685173E-2,7.0205525E-2],"split_indices":[9,3,3,0,6,4,3,13,8,4,15,13,3,10,6,0,0,0,0,0,0,0,0,0,0,0,0,0,0,0,0],"split_type":[0,0,0,0,0,0,0,0,0,0,0,0,0,0,0,0,0,0,0,0,0,0,0,0,0,0,0,0,0,0,0],"sum_hessian":[2.4253679E2,8.649666E1,1.5604013E2,2.3096153E1,6.34005E1,8.083027E1,7.520987E1,1.2529264E1,1.056689E1,3.4541805E1,2.8858696E1,4.926756E1,3.156271E1,4.15301E1,3.3679768E1,4.020903E0,8.508361E0,7.8085284E0,2.7583613E0,2.5125418E0,3.2029263E1,2.206689E1,6.791806E0,3.8984116E1,1.0283445E1,6.300167E0,2.5262543E1,2.2541807E0,3.927592E1,1.4541806E1,1.913796E1],"tree_param":{"num_deleted":"0","num_feature":"16","num_nodes":"31","size_leaf_vector":"1"}},{"base_weights":[1.6588796E-3,-6.3207006E-1,3.6167935E-1,8.019424E-2,-8.630822E-1,1.1091313E-2,7.945836E-1,-3.2878128E-1,1.1766155E0,-1.6623693E0,-4.6764907E-1,6.9396055E-1,-1.0284042E0,-3.301984E-1,9.589921E-1,-4.302851E-2,2.5147265E-2,-1.0157753E-3,7.0394374E-2,-7.077057E-3,-9.167913E-2,-2.9128024E-2,6.745064E-2,-6.262631E-3,4.9456358E-2,6.2148657E-2,-6.5298505E-2,4.653887E-2,-6.59594E-2,7.438867E-2,1.8981034E-2],"categories":[],"categories_nodes":[],"categories_segments":[],"categories_sizes":[],"default_left":[0,0,0,0,0,0,0,0,0,0,0,0,0,0,0,0,0,0,0,0,0,0,0,0,0,0,0,0,0,0,0],"id":1,"left_children":[1,3,5,7,9,11,13,15,17,19,21,23,25,27,29,-1,-1,-1,-1,-1,-1,-1,-1,-1,-1,-1,-1,-1,-1,-1,-1],"loss_changes":[5.5049976E1,1.44524765E1,2.3343706E1,1.0396709E1,2.0111633E1,6.1781456E1,1.3046139E1,7.969695E0,1.7678328E0,5.3345146E0,1.0306663E1,1.2823183E1,2.3381317E1,1.3103264E1,1.791301E1,0E0,0E0,0E0,0E0,0E0,0E0,0E0,0E0,0E0,0E0,0E0,0E0,0E0,0E0,0E0,0E0],"parents":[2147483647,0,0,1,1,2,2,3,3,4,4,5,5,6,6,7,7,8,8,9,9,10,10,11,11,12,12,13,13,14,14],"right_children":[2,4,6,8,10,12,14,16,18,20,22,24,26,28,30,-1,-1,-1,-1,-1,-1,-1,-1,-1,-1,-1,-1,-1,-1,-1,-1],"split_conditions":[2.173726E-2,2.7567577E-2,1.0430716E-1,4.66579E-3,7.593236E-3,8.4900216E-4,-1.0890355E-2,3.043471E-1,1.7103769E-2,-9.541629E-3,1.4677749E0,-1.940493E-2,-3.822E-2,6.666836E-2,1.4928111E-1,-4.302851E-2,2.5147265E-2,-1.0157753E-3,7.0394374E-2,-7.077057E-3,-9.167913E-2,-2.9128024E-2,6.745064E-2,-6.262631E-3,4.9456358E-2,6.2148657E-2,-6.5298505E-2,4.653887E-2,-6.59594E-2,7.438867E-2,1.8981034E-2],"split_indices":[9,3,3,1,2,2,10,11,9,0,7,10,3,11,3,0,0,0,0,0,0,0,0,0,0,0,0,0,0,0,0],"split_type":[0,0,0,0,0,0,0,0,0,0,0,0,0,0,0,0,0,0,0,0,0,0,0,0,0,0,0,0,0,0,0],"sum_hessian":[2.3928085E2,8.641409E1,1.5286676E2,2.132304E1,6.509106E1,8.50304E1,6.783635E1,1.6040073E1,5.282967E0,2.0483643E1,4.4607414E1,5.1518856E1,3.3511547E1,8.522468E0,5.9313885E1,9.76308E0,6.2769923E0,1.00319E0,4.279777E0,2.257526E0,1.8226116E1,4.259258E1,2.014833E0,1.3798314E1,3.772054E1,3.2704742E0,3.0241074E1,3.7719886E0,4.750479E0,3.0191124E1,2.912276E1],"tree_param":{"num_deleted":"0","num_feature":"16","num_nodes":"31","size_leaf_vector":"1"}},{"base_weights":[2.9233491E-2,-4.1869527E-1,4.4172132E-1,-6.8689954E-1,4.286507E-2,9.326186E-1,1.524525E-1,-1.5045639E0,-4.738761E-1,4.539477E-1,-4.9604854E-1,-1.5163374E-1,1.2321354E0,-1.5684773E-1,1.2432595E0,1.3310945E-3,-8.1029765E-2,-4.9365543E-2,-2.9333367E-3,3.0319933E-2,-5.7688337E-2,-5.1321317E-2,5.9370663E-2,5.9084594E-2,-2.4825983E-2,6.7908004E-2,-1.6051589E-2,1.6527139E-3,-6.458508E-2,7.395783E-2,1.7850867E-2],"categories":[],"categories_nodes":[],"categories_segments":[],"categories_sizes":[],"default_left":[0,0,0,0,0,0,0,0,0,0,0,0,0,0,0,0,0,0,0,0,0,0,0,0,0,0,0,0,0,0,0],"id":2,"left_children":[1,3,5,7,9,11,13,15,17,19,21,23,25,27,29,-1,-1,-1,-1,-1,-1,-1,-1,-1,-1,-1,-1,-1,-1,-1,-1],"loss_changes":[4.3950554E1,1.4150545E1,1.743769E1,1.1863983E1,9.721346E0,1.5030346E1,2.6880123E1,2.612873E0,1.2464904E1,6.7874866E0,1.8206797E1,5.5455933E0,7.4675903E0,1.3514036E1,3.1482124E0,0E0,0E0,0E0,0E0,0E0,0E0,0E0,0E0,0E0,0E0,0E0,0E0,0E0,0E0,0E0,0E0],"parents":[2147483647,0,0,1,1,2,2,3,3,4,4,5,5,6,6,7,7,8,8,9,9,10,10,11,11,12,12,13,13,14,14],"right_children":[2,4,6,8,10,12,14,16,18,20,22,24,26,28,30,-1,-1,-1,-1,-1,-1,-1,-1,-1,-1,-1,-1,-1,-1,-1,-1],"split_conditions":[2.5582423E-2,6.332542E-1,-6.207126E-3,-7.5385757E-3,3.2061372E-2,-2.6966317E-2,1.5085115E0,-2.5791148E-2,1.6832884E-2,1.6051501E-2,6.7719086E-3,-4.797861E-2,1.6051501E-2,9.109376E-3,2.6986547E0,1.3310945E-3,-8.1029765E-2,-4.9365543E-2,-2.9333367E-3,3.0319933E-2,-5.7688337E-2,-5.1321317E-2,5.9370663E-2,5.9084594E-2,-2.4825983E-2,6.7908004E-2,-1.6051589E-2,1.6527139E-3,-6.458508E-2,7.395783E-2,1.7850867E-2],"split_indices":[9,6,2,15,2,10,6,10,9,15,8,1,15,15,6,0,0,0,0,0,0,0,0,0,0,0,0,0,0,0,0],"split_type":[0,0,0,0,0,0,0,0,0,0,0,0,0,0,0,0,0,0,0,0,0,0,0,0,0,0,0,0,0,0,0],"sum_hessian":[2.3587154E2,1.1307073E2,1.2280081E2,7.1206E1,4.1864723E1,4.4707268E1,7.8093544E1,1.3463835E1,5.7742172E1,2.3838448E1,1.8026276E1,9.783758E0,3.492351E1,6.150882E1,1.6584723E1,1.0026835E0,1.2461151E1,2.5201244E1,3.2540924E1,2.2342634E1,1.4958129E0,1.400444E1,4.0218363E0,1.512011E0,8.271747E0,3.2418606E1,2.504905E0,5.352331E1,7.985508E0,1.256989E1,4.014832E0],"tree_param":{"num_deleted":"0","num_feature":"16","num_nodes":"31","size_leaf_vector":"1"}},{"base_weights":[3.5104714E-2,-4.6753335E-1,3.7817597E-1,-1.2505157E0,-3.1344453E-1,-3.398583E-2,8.198945E-1,-8.500995E-2,-3.628845E-2,-1.2315743E0,-1.92451E-1,5.4903305E-1,-8.7907034E-1,1.1003832E0,4.5852852E-1,6.814549E-2,-6.626289E-2,-1.5644772E-2,-7.806579E-2,-1.6638286E-2,2.9051876E-2,1.3788132E-3,5.885117E-2,5.8382045E-2,-6.3665584E-2,-4.6386807E-3,6.9222234E-2,-2.7552357E-2,5.940943E-2],"categories":[],"categories_nodes":[],"categories_segments":[],"categories_sizes":[],"default_left":[0,0,0,0,0,0,0,0,0,0,0,0,0,0,0,0,0,0,0,0,0,0,0,0,0,0,0,0,0],"id":3,"left_children":[1,3,5,7,9,11,13,-1,15,17,19,21,23,25,27,-1,-1,-1,-1,-1,-1,-1,-1,-1,-1,-1,-1,-1,-1],