{"learner":{"attributes":{"scikit_learn":"{\"_estimator_type\": \"classifier\"}"},"feature_names":["bias_week","bias_month","bias_quarter","bias_year","rsi","macd","macd_signal","vol_change","close_change","bb_width","return_5d","return_10d","k_upper","k_lower","k_body","buy_power","rs_5d","rs_10d","dist_to_20d_high","dist_to_20d_low","kd_k","kd_d","kd_cross","gap_ratio","obv","atr_ratio","trend_strength"],"feature_types":["float","float","float","float","float","float","float","float","float","float","float","float","float","float","float","float","float","float","float","float","float","float","float","float","float","float","float"],"gradient_booster":{"model":{"cats":{"enc":[],"feature_segments":[],"sorted_idx":[]},"gbtree_model_param":{"num_parallel_tree":"1","num_trees":"15"},"iteration_indptr":[0,1,2,3,4,5,6,7,8,9,10,11,12,13,14,15],"tree_info":[0,0,0,0,0,0,0,0,0,0,0,0,0,0,0],"trees":[{"base_weights":[7.89519E-3,1.3710561E-1,-8.617247E-1,-7.720364E-1,1.9866945E-1,-1.1873984E0,2.979986E-1,-9.1508366E-2,1.0614222E-1,3.8575124E-2,-1.644264E-3,4.850043E-2,-1.2618744E-1,-4.2803086E-2,7.024437E-2],"categories":[],"categories_nodes":[],"categories_segments":[],"categories_sizes":[],"default_left":[0,0,0,0,0,0,0,0,0,0,0,0,0,0,0],"id":0,"left_children":[1,3,5,7,9,11,13,-1,-1,-1,-1,-1,-1,-1,-1],"loss_changes":[1.6649649E2,7.18779E1,7.4565704E1,2.2856552E1,5.1001835E1,2.3737228E1,1.3187752E1,0E0,0E0,0E0,0E0,0E0,0E0,0E0,0E0],"parents":[2147483647,0,0,1,1,2,2,3,3,4,4,5,5,6,6],"right_children":[2,4,6,8,10,12,14,-1,-1,-1,-1,-1,-1,-1,-1],"split_conditions":[1.11111164E-1,-2.2055912E0,2.5097522E-1,8.4923805E1,3.5897367E-2,-9.393344E0,1.8181853E-2,-9.1508366E-2,1.0614222E-1,3.8575124E-2,-1.644264E-3,4.850043E-2,-1.2618744E-1,-4.2803086E-2,7.024437E-2],"split_indices":[18,6,3,21,18,5,19,0,0,0,0,0,0,0,0],"split_type":[0,0,0,0,0,0,0,0,0,0,0,0,0,0,0],"sum_hessian":[1.4945304E3,1.3040851E3,1.9044539E2,7.975351E1,1.2243315E3,1.5019188E2,4.0253506E1,7.526181E1,4.4916973E0,6.5518286E2,5.6914874E2,5.7416973E0,1.4445018E2,1.2491697E1,2.7761808E1],"tree_param":{"num_deleted":"0","num_feature":"27","num_nodes":"15","size_leaf_vector":"1"}},{"base_weights":[4.8614018E-2,3.2191357E-1,-3.4442037E-1,2.7921326E-2,4.931305E-1,-4.8759103E-1,7.1974385E-1,4.1527566E-2,-2.7732983E-2,8.284141E-2,2.4512727E-2,-1.814421E-2,-7.824308E-2,-3.5276815E-2,8.44375E-2],"categories":[],"categories_nodes":[],"categories_segments":[],"categories_sizes":[],"default_left":[0,0,0,0,0,0,0,0,0,0,0,0,0,0,0],"id":1,"left_children":[1,3,5,7,9,11,13,-1,-1,-1,-1,-1,-1,-1,-1],"loss_changes":[1.6271916E2,4.3970757E1,9.39639E1,4.077255E1,4.4667664E1,4.7899185E1,1.1525204E1,0E0,0E0,0E0,0E0,0E0,0E0,0E0,0E0],"parents":[2147483647,0,0,1,1,2,2,3,3,4,4,5,5,6,6],"right_children":[2,4,6,8,10,12,14,-1,-1,-1,-1,-1,-1,-1,-1],"split_conditions":[4.926113E-2,1.6620845E-2,5.9954643E-1,-4.80376E-3,4.874283E-2,6.614106E-2,7.363604E-2,4.1527566E-2,-2.7732983E-2,8.284141E-2,2.4512727E-2,-1.814421E-2,-7.824308E-2,-3.5276815E-2,8.44375E-2],"split_indices":[18,3,3,16,9,9,9,0,0,0,0,0,0,0,0],"split_type":[0,0,0,0,0,0,0,0,0,0,0,0,0,0,0],"sum_hessian":[1.5135682E3,8.962476E2,6.173207E2,3.35073E2,5.611747E2,5.463955E2,7.0925156E1,1.5066E2,1.84413E2,2.3010774E2,3.3106693E2,2.760136E2,2.703819E2,5.696561E0,6.522859E1],"tree_param":{"num_deleted":"0","num_feature":"27","num_nodes":"15","size_leaf_vector":"1"}},{"base_weights":[3.208197E-2,4.6165842E-1,-2.3893236E-1,2.5232455E-1,6.949489E-1,-4.786298E-1,4.8994744E-1,3.4873307E-2,-1.3554196E-1,3.847424E-2,9.1052614E-2,-1.2049899E-2,-9.630066E-2,7.8245E-2,4.6051648E-3],"categories":[],"categories_nodes":[],"categories_segments":[],"categories_sizes":[],"default_left":[0,0,0,0,0,0,0,0,0,0,0,0,0,0,0],"id":2,"left_children":[1,3,5,7,9,11,13,-1,-1,-1,-1,-1,-1,-1,-1],"loss_changes":[1.7570605E2,2.6299126E1,1.6084164E2,4.8711647E1,1.5318878E1,1.19561646E2,2.7994621E1,0E0,0E0,0E0,0E0,0E0,0E0,0E0,0E0],"parents":[2147483647,0,0,1,1,2,2,3,3,4,4,5,5,6,6],"right_children":[2,4,6,8,10,12,14,-1,-1,-1,-1,-1,-1,-1,-1],"split_conditions":[3.4067046E-2,1.6620845E-2,3.5034683E-1,1.1173357E-2,5.075382E1,6.315781E-2,1.3776675E-1,3.4873307E-2,-1.3554196E-1,3.847424E-2,9.1052614E-2,-1.2049899E-2,-9.630066E-2,7.8245E-2,4.6051648E-3],"split_indices":[25,3,3,17,20,18,26,0,0,0,0,0,0,0,0],"split_type":[0,0,0,0,0,0,0,0,0,0,0,0,0,0,0],"sum_hessian":[1.5032323E3,5.8448895E2,9.1874335E2,3.1410165E2,2.7038727E2,6.93929E2,2.2481436E2,2.9790857E2,1.619309E1,1.18968346E2,1.5141893E2,4.0538705E2,2.8854196E2,1.3088179E2,9.393259E1],"tree_param":{"num_deleted":"0","num_feature":"27","num_nodes":"15","size_leaf_vector":"1"}},{"base_weights":[-2.8404534E-2,2.882194E-1,-2.9320166E-1,3.2369682E-1,-1.1217799E0,-6.01303E-1,3.957188E-1,1.0997915E-1,2.5760373E-2,-1.48951E-1,-0E0,-2.8565254E-2,-9.2941985E-2,7.289069E-2,-0E0],"categories":[],"categories_nodes":[],"categories_segments":[],"categories_sizes":[],"default_left":[0,0,0,0,0,0,0,0,0,0,0,0,0,0,0],"id":3,"left_children":[1,3,5,7,9,11,13,-1,-1,-1,-1,-1,-1,-1,-1],"loss_changes":[1.2459826E2,3.217586E1,1.7324579E2,2.9763428E1,7.953188E0,5.636064E1,3.5112263E1,0E0,0E0,0E0,0E0,0E0,0E0,0E0,0E0],"parents":[2147483647,0,0,1,1,2,2,3,3,4,4,5,5,6,6],"right_children":[2,4,6,8,10,12,14,-1,-1,-1,-1,-1,-1,-1,-1],"split_conditions":[3.69421E-2,1.1700177E-1,2.8178823E-1,-1.5484172E-1,5.384602E-1,5.5172384E-2,6.0360573E-2,1.0997915E-1,2.5760373E-2,-1.48951E-1,-0E0,-2.8565254E-2,-9.2941985E-2,7.289069E-2,-0E0],"split_indices":[25,18,3,3,13,18,25,0,0,0,0,0,0,0,0],"split_type":[0,0,0,0,0,0,0,0,0,0,0,0,0,0,0],"sum_hessian":[1.4842582E3,6.7206476E2,8.121934E2,6.577776E2,1.4287119E1,5.635451E2,2.4864833E2,4.5881626E1,6.11896E2,1.1120866E1,3.1662529E0,2.957428E2,2.678023E2,1.365384E2,1.1210993E2],"tree_param":{"num_deleted":"0","num_feature":"27","num_nodes":"15","size_leaf_vector":"1"}},{"base_weights":[-2.6555276E-3,-5.856528E-1,1.0294465E-1,4.7987387E-1,-6.5870655E-1,9.548483E-3,5.491243E-1,-4.005463E-3,1.5213E-1,-3.3718344E-2,-1.1617299E-1,1.19461566E-1,-2.2424748E-3,8.9337185E-2,1.6812736E-2],"categories":[],"categories_nodes":[],"categories_segments":[],"categories_sizes":[],"default_left":[0,0,0,0,0,0,0,0,0,0,0,0,0,0,0],"id":4,"left_children":[1,3,5,7,9,11,13,-1,-1,-1,-1,-1,-1,-1,-1],"loss_changes":[9.303877E1,1.8759697E1,5.1294495E1,1.0779193E1,3.2147964E1,4.294598E1,2.602504E1,0E0,0E0,0E0,0E0,0E0,0E0,0E0,0E0],"parents":[2147483647,0,0,1,1,2,2,3,3,4,4,5,5,6,6],"right_children":[2,4,6,8,10,12,14,-1,-1,-1,-1,-1,-1,-1,-1],"split_conditions":[-3.2811116E-2,-2.3570137E-1,3.5034683E-1,2.52489E-1,9.9381045E-2,1.6109677E-2,1.18610956E-1,-4.005463E-3,1.5213E-1,-3.3718344E-2,-1.1617299E-1,1.19461566E-1,-2.2424748E-3,8.9337185E-2,1.6812736E-2],"split_indices":[1,2,3,9,9,9,26,0,0,0,0,0,0,0,0],"split_type":[0,0,0,0,0,0,0,0,0,0,0,0,0,0,0],"sum_hessian":[1.4918539E3,2.314567E2,1.2603972E3,1.2562475E1,2.1889423E2,1.0471395E3,2.1325772E2,7.532976E0,5.029499E0,1.3853445E2,8.035977E1,2.8457611E1,1.0186819E3,1.0704187E2,1.0621584E2],"tree_param":{"num_deleted":"0","num_feature":"27","num_nodes":"15","size_leaf_vector":"1"}},{"base_weights":[-0E0,3.6556807E-1,-2.0841694E-1,3.9762282E-1,-1.0602995E-1,-4.4998997E-1,2.7425537E-1,9.1903836E-2,2.7267322E-2,-2.0763258E-2,-7.940546E-2,5.6587093E-2,-2.796618E-3],"categories":[],"categories_nodes":[],"categories_segments":[],"categories_sizes":[],"default_left":[0,0,0,0,0,0,0,0,0,0,0,0,0],"id":5,"left_children":[1,3,5,7,-1,9,11,-1,-1,-1,-1,-1,-1],"loss_changes":[1.1326575E2,2.3653214E1,1.11056915E2,3.1459457E1,0E0,5.1170105E1,2.9335161E1,0E0,0E0,0E0,0E0,0E0,0E0],"parents":[2147483647,0,0,1,1,2,2,3,3,5,5,6,6],"right_children":[2,4,6,8,-1,10,12,-1,-1,-1,-1,-1,-1],"split_conditions":[3.3470213E-2,1.1504436E-1,2.1607588E-1,-1.3332437E0,-1.0602995E-1,6.315781E-2,1.0578332E-1,9.1903836E-2,2.7267322E-2,-2.0763258E-2,-7.940546E-2,5.6587093E-2,-2.796618E-3],"split_indices":[25,18,3,5,0,18,26,0,0,0,0,0,0],"split_type":[0,0,0,0,0,0,0,0,0,0,0,0,0],