{"learner":{"attributes":{"scikit_learn":"{\"_estimator_type\": \"classifier\"}"},"feature_names":["bias_week","bias_month","bias_quarter","bias_year","rsi","macd","macd_signal","vol_change","close_change","bb_width","return_5d","return_10d","k_upper","k_lower","k_body","buy_power","rs_5d","rs_10d","dist_to_20d_high","dist_to_20d_low","kd_k","kd_d","kd_cross","gap_ratio","obv","atr_ratio","trend_strength"],"feature_types":["float","float","float","float","float","float","float","float","float","float","float","float","float","float","float","float","float","float","float","float","float","float","float","float","float","float","float"],"gradient_booster":{"model":{"gbtree_model_param":{"num_parallel_tree":"1","num_trees":"12"},"iteration_indptr":[0,1,2,3,4,5,6,7,8,9,10,11,12],"tree_info":[0,0,0,0,0,0,0,0,0,0,0,0],"trees":[{"base_weights":[3.1169485E-2,5.1193565E-1,-2.814157E-1,2.659862E-1,7.8441685E-1,-6.338598E-1,4.0091348E-1,3.7108924E-2,-7.1339145E-2,4.729432E-2,1.0327161E-1,-2.2952363E-2,-1.16784565E-1,6.2870875E-2,-2.548735E-2],"categories":[],"categories_nodes":[],"categories_segments":[],"categories_sizes":[],"default_left":[0,0,0,0,0,0,0,0,0,0,0,0,0,0,0],"id":0,"left_children":[1,3,5,7,9,11,13,-1,-1,-1,-1,-1,-1,-1,-1],"loss_changes":[2.255099E2,3.717282E1,2.1825375E2,3.322915E1,1.7972427E1,1.2758023E2,4.7928955E1,0E0,0E0,0E0,0E0,0E0,0E0,0E0,0E0],"parents":[2147483647,0,0,1,1,2,2,3,3,4,4,5,5,6,6],"right_children":[2,4,6,8,10,12,14,-1,-1,-1,-1,-1,-1,-1,-1],"split_conditions":[3.4849916E-2,1.8352238E-2,2.1607602E-1,4.980015E-1,5.028275E1,6.315781E-2,7.129881E-2,3.7108924E-2,-7.1339145E-2,4.729432E-2,1.0327161E-1,-2.2952363E-2,-1.16784565E-1,6.2870875E-2,-2.548735E-2],"split_indices":[25,3,3,6,21,18,25,0,0,0,0,0,0,0,0],"split_type":[0,0,0,0,0,0,0,0,0,0,0,0,0,0,0],"sum_hessian":[1.4954469E3,5.9184E2,9.036068E2,3.1630884E2,2.755312E2,5.980572E2,3.0554962E2,2.875773E2,2.873155E1,1.3042288E2,1.451083E2,3.466679E2,2.513893E2,2.2822159E2,7.732804E1],"tree_param":{"num_deleted":"0","num_feature":"27","num_nodes":"15","size_leaf_vector":"1"}},{"base_weights":[-1.0435331E-2,-6.0923207E-1,1.336363E-1,-2.4612397E-1,-8.979168E-1,-5.900483E-1,2.0582606E-1,2.8863E-2,-5.3196616E-2,-1.137623E-1,1.596613E-2,1.2617709E-1,-6.9503225E-2,2.4943629E-3,4.107483E-2],"categories":[],"categories_nodes":[],"categories_segments":[],"categories_sizes":[],"default_left":[0,0,0,0,0,0,0,0,0,0,0,0,0,0,0],"id":1,"left_children":[1,3,5,7,9,11,13,-1,-1,-1,-1,-1,-1,-1,-1],"loss_changes":[1.2935596E2,2.7778122E1,6.170166E1,2.1524559E1,4.4168373E1,2.1274883E1,4.003587E1,0E0,0E0,0E0,0E0,0E0,0E0,0E0,0E0],"parents":[2147483647,0,0,1,1,2,2,3,3,4,4,5,5,6,6],"right_children":[2,4,6,8,10,12,14,-1,-1,-1,-1,-1,-1,-1,-1],"split_conditions":[-2.7334943E-2,7.010386E-2,-1.9006215E0,-1.422766E0,2.9502228E-1,-3.7086133E-2,1.9689128E0,2.8863E-2,-5.3196616E-2,-1.137623E-1,1.596613E-2,1.2617709E-1,-6.9503225E-2,2.4943629E-3,4.107483E-2],"split_indices":[1,9,6,6,3,24,22,0,0,0,0,0,0,0,0],"split_type":[0,0,0,0,0,0,0,0,0,0,0,0,0,0,0],"sum_hessian":[1.4853329E3,2.9055972E2,1.1947732E3,1.3285806E2,1.5770166E2,1.0497793E2,1.0897952E3,4.3871597E1,8.8986465E1,1.2935503E2,2.8346638E1,4.234669E0,1.0074326E2,5.8981635E2,4.999789E2],"tree_param":{"num_deleted":"0","num_feature":"27","num_nodes":"15","size_leaf_vector":"1"}},{"base_weights":[3.675231E-2,4.5743817E-1,-2.1824159E-1,2.0264386E-1,7.1374536E-1,-4.8956174E-1,5.0887907E-1,3.0505178E-2,-1.3660663E-1,9.517308E-2,3.0973151E-2,-6.4165555E-2,-0E0,7.9674914E-2,7.895056E-3],"categories":[],"categories_nodes":[],"categories_segments":[],"categories_sizes":[],"default_left":[0,0,0,0,0,0,0,0,0,0,0,0,0,0,0],"id":2,"left_children":[1,3,5,7,9,11,13,-1,-1,-1,-1,-1,-1,-1,-1],"loss_changes":[1.623724E2,3.520636E1,1.8483386E2,4.6457832E1,2.4564407E1,5.230432E1,2.9858406E1,0E0,0E0,0E0,0E0,0E0,0E0,0E0,0E0],"parents":[2147483647,0,0,1,1,2,2,3,3,4,4,5,5,6,6],"right_children":[2,4,6,8,10,12,14,-1,-1,-1,-1,-1,-1,-1,-1],"split_conditions":[3.4049075E-2,1.6802695E-2,3.5034648E-1,1.12224985E-2,4.3023858E-4,8.2296275E-2,6.1575286E-2,3.0505178E-2,-1.3660663E-1,9.517308E-2,3.0973151E-2,-6.4165555E-2,-0E0,7.9674914E-2,7.895056E-3],"split_indices":[25,3,3,17,24,2,25,0,0,0,0,0,0,0,0],"split_type":[0,0,0,0,0,0,0,0,0,0,0,0,0,0,0],"sum_hessian":[1.5069542E3,5.717857E2,9.351685E2,2.9192465E2,2.7986105E2,6.835055E2,2.5166307E2,2.7574167E2,1.6182983E1,1.6940198E2,1.1045908E2,5.161853E2,1.6732019E2,1.4574597E2,1.059171E2],"tree_param":{"num_deleted":"0","num_feature":"27","num_nodes":"15","size_leaf_vector":"1"}},{"base_weights":[2.6402945E-2,-3.0956477E-1,2.576607E-1,1.4192282E-1,-6.4916706E-1,-1.6013727E-1,3.71294E-1,1.2789513E-1,-6.648051E-5,-7.952561E-2,2.439639E-3,7.063265E-2,-5.378009E-2,5.1060908E-2,5.9839254E-3],"categories":[],"categories_nodes":[],"categories_segments":[],"categories_sizes":[],"default_left":[0,0,0,0,0,0,0,0,0,0,0,0,0,0,0],"id":3,"left_children":[1,3,5,7,9,11,13,-1,-1,-1,-1,-1,-1,-1,-1],"loss_changes":[1.1612211E2,9.414076E1,4.2783463E1,4.511703E1,3.76149E1,6.2144207E1,3.0088562E1,0E0,0E0,0E0,0E0,0E0,0E0,0E0,0E0],"parents":[2147483647,0,0,1,1,2,2,3,3,4,4,5,5,6,6],"right_children":[2,4,6,8,10,12,14,-1,-1,-1,-1,-1,-1,-1,-1],"split_conditions":[4.5049656E1,3.4049075E-2,-7.73303E-1,-1.5221149E-1,2.7285513E-1,2.9929174E-2,6.833969E1,1.2789513E-1,-6.648051E-5,-7.952561E-2,2.439639E-3,7.063265E-2,-5.378009E-2,5.1060908E-2,5.9839254E-3],"split_indices":[21,25,6,3,3,25,21,0,0,0,0,0,0,0,0],"split_type":[0,0,0,0,0,0,0,0,0,0,0,0,0,0,0],"sum_hessian":[1.494345E3,6.051506E2,8.891944E2,2.5714716E2,3.480034E2,1.8581421E2,7.033802E2,2.9406797E1,2.2774036E2,2.863678E2,6.163559E1,5.4571968E1,1.3124225E2,4.7601013E2,2.2737006E2],"tree_param":{"num_deleted":"0","num_feature":"27","num_nodes":"15","size_leaf_vector":"1"}},{"base_weights":[9.185287E-3,1.096327E-1,-6.346686E-1,5.251443E-1,-5.1389295E-3,-7.5661385E-1,4.7179788E-1,1.1377545E-1,3.324198E-2,-1.3939816E-2,5.1989492E-2,8.313042E-2,-8.2972795E-2,1.3035394E-1,-4.48637E-3],"categories":[],"categories_nodes":[],"categories_segments":[],"categories_sizes":[],"default_left":[0,0,0,0,0,0,0,0,0,0,0,0,0,0,0],"id":4,"left_children":[1,3,5,7,9,11,13,-1,-1,-1,-1,-1,-1,-1,-1],"loss_changes":[9.5525314E1,6.3003407E1,2.7770699E1,2.9989037E1,7.174254E1,2.3661789E1,1.0936882E1,0E0,0E0,0E0,0E0,0E0,0E0,0E0,0E0],"parents":[2147483647,0,0,1,1,2,2,3,3,4,4,5,5,6,6],"right_children":[2,4,6,8,10,12,14,-1,-1,-1,-1,-1,-1,-1,-1],"split_conditions":[1.06217615E-1,2.6075438E-2,3.7969527E0,-1.0079608E0,3.5034648E-1,-9.372808E0,9.5083155E-2,1.1377545E-1,3.324198E-2,-1.3939816E-2,5.1989492E-2,8.313042E-2,-8.2972795E-2,1.3035394E-1,-4.48637E-3],"split_indices":[18,25,6,6,3,5,26,0,0,0,0,0,0,0,0],"split_type":[0,0,0,0,0,0,0,0,0,0,0,0,0,0,0],"sum_hessian":[1.4935526E3,1.2956378E3,1.979148E2,2.8400488E2,1.011633E3,1.803486E2,1.7566202E1,6.268993E1,2.2131496E2,8.094564E2,2.0217656E2,6.8586683E0,1.7348993E2,7.834457E0,9.731745E0],"tree_param":{"num_deleted":"0","num_feature":"27","num_nodes":"15","size_leaf_vector":"1"}},{"base_weights":[9.836015E-3,2.8463116E-1,-2.4407697E-1,9.5581144E-1,2.170932E-1,-5.507824E-1,3.3250862E-1,-0E0,1.0899255E-1,-5.0880335E-4,4.321194E-2,-2.2892537E-2,-8.7217644E-2,4.9924944E-2,-2.2240957E-2],"categories":[],"categories_nodes":[],"categories_segments":[],"categories_sizes":[],"default_left":[0,0,0,0,0,0,0,0,0,0,0,0,0,0,0],"id":5,"left_children":[1,3,5,7,9,11,13,-1,-1,-1,-1,-1,-1,-1,-1],"loss_changes":[1.0444996E2,2.9929787E1,1.373705E2,1.0951565E1,3.3052456E1,5.0666077E1,2.6056133E1,0E0,0E0,0E0,0E0,0E0,0E0,0E0,0E0],"parents":[2147483647,0,0,1,1,2,2,3,3,4,4,5,5,6,6],"right_children":[2,4,6,8,10,12,14,-1,-1,-1,-1,-1,-1,-1,-1],"split_conditions":[3.7922572E-2,-1.5221149E-1,2.5097552E-1,-2.5248983E0,1.6802695E-2,5.5172384E-2,7.559083E-2,-0E0,1.0899255E-1,-5.0880335E-4,4.321194E-2,-2.2892537E-2,-8.7217644E-2,4.9924944E-2,-2.2240957E-2],"split_indices":[25,3,3,6,3,18,25,0,0,0,0,0,0,0,0],"split_type":[0,0,0,0,0,0,0,0,0,0,0,0,0,0,0],