{"learner":{"attributes":{"scikit_learn":"{\"_estimator_type\": \"classifier\"}"},"feature_names":["bias_week","bias_month","bias_quarter","bias_year","rsi","macd","macd_signal","vol_change","close_change","bb_width","return_5d","return_10d","k_upper","k_lower","k_body","buy_power","rs_5d","rs_10d","dist_to_20d_high","dist_to_20d_low","kd_k","kd_d","kd_cross","gap_ratio","obv","atr_ratio","trend_strength"],"feature_types":["float","float","float","float","float","float","float","float","float","float","float","float","float","float","float","float","float","float","float","float","float","float","float","float","float","float","float"],"gradient_booster":{"model":{"gbtree_model_param":{"num_parallel_tree":"1","num_trees":"11"},"iteration_indptr":[0,1,2,3,4,5,6,7,8,9,10,11],"tree_info":[0,0,0,0,0,0,0,0,0,0,0],"trees":[{"base_weights":[3.2430157E-2,5.335188E-1,-2.8318694E-1,2.7605882E-1,8.024712E-1,-6.0464656E-1,3.1044358E-1,1.05954185E-1,1.2939791E-2,4.2878743E-2,9.985721E-2,-2.3549234E-2,-1.0835539E-1,4.9155805E-2,-3.0180821E-2],"categories":[],"categories_nodes":[],"categories_segments":[],"categories_sizes":[],"default_left":[0,0,0,0,0,0,0,0,0,0,0,0,0,0,0],"id":0,"left_children":[1,3,5,7,9,11,13,-1,-1,-1,-1,-1,-1,-1,-1],"loss_changes":[2.4585031E2,3.9069992E1,1.818983E2,3.3302795E1,1.82807E1,1.0751132E2,3.8267128E1,0E0,0E0,0E0,0E0,0E0,0E0,0E0,0E0],"parents":[2147483647,0,0,1,1,2,2,3,3,4,4,5,5,6,6],"right_children":[2,4,6,8,10,12,14,-1,-1,-1,-1,-1,-1,-1,-1],"split_conditions":[3.468486E-2,1.7080173E-2,2.141654E-1,-1.5100697E-1,2.7536228E-2,6.343284E-2,7.192576E-2,1.05954185E-1,1.2939791E-2,4.2878743E-2,9.985721E-2,-2.3549234E-2,-1.0835539E-1,4.9155805E-2,-3.0180821E-2],"split_indices":[25,3,3,3,19,18,25,0,0,0,0,0,0,0,0],"split_type":[0,0,0,0,0,0,0,0,0,0,0,0,0,0,0],"sum_hessian":[1.5492627E3,6.012451E2,9.480175E2,3.1236136E2,2.8888376E2,6.174442E2,3.305733E2,4.5257122E1,2.6710425E2,1.0755976E2,1.81324E2,3.555662E2,2.6187805E2,2.5702066E2,7.355264E1],"tree_param":{"num_deleted":"0","num_feature":"27","num_nodes":"15","size_leaf_vector":"1"}},{"base_weights":[-1.2722559E-2,-4.2761922E-1,1.946908E-1,-2.5445098E-1,-9.2879486E-1,8.90538E-3,3.846459E-1,-6.468129E-2,-6.991043E-3,2.052902E-2,-1.1804945E-1,1.17384344E-1,-2.4257577E-3,-1.555645E-2,5.397564E-2],"categories":[],"categories_nodes":[],"categories_segments":[],"categories_sizes":[],"default_left":[0,0,0,0,0,0,0,0,0,0,0,0,0,0,0],"id":1,"left_children":[1,3,5,7,9,11,13,-1,-1,-1,-1,-1,-1,-1,-1],"loss_changes":[1.3268929E2,4.186699E1,3.511861E1,2.6686066E1,4.0613358E1,2.3115778E1,4.3988228E1,0E0,0E0,0E0,0E0,0E0,0E0,0E0,0E0],"parents":[2147483647,0,0,1,1,2,2,3,3,4,4,5,5,6,6],"right_children":[2,4,6,8,10,12,14,-1,-1,-1,-1,-1,-1,-1,-1],"split_conditions":[-1.0481003E-2,9.829826E-2,2.2850552E0,-7.690028E-4,-2.0753375E-1,1.5191889E-2,-7.954534E-1,-6.468129E-2,-6.991043E-3,2.052902E-2,-1.1804945E-1,1.17384344E-1,-2.4257577E-3,-1.555645E-2,5.397564E-2],"split_indices":[1,9,22,24,2,9,6,0,0,0,0,0,0,0,0],"split_type":[0,0,0,0,0,0,0,0,0,0,0,0,0,0,0],"sum_hessian":[1.5341113E3,5.1463055E2,1.0194807E3,3.8678564E2,1.2784491E2,5.2185376E2,4.9762698E2,1.1779004E2,2.689956E2,2.2325558E1,1.0551935E2,1.5459131E1,5.0639462E2,1.0999848E2,3.876285E2],"tree_param":{"num_deleted":"0","num_feature":"27","num_nodes":"15","size_leaf_vector":"1"}},{"base_weights":[3.0727996E-2,4.509216E-1,-2.1736437E-1,1.9368906E-1,7.0143074E-1,-4.9287456E-1,4.2286092E-1,3.0127747E-2,-1.4081436E-1,8.936448E-2,3.729366E-2,-6.929939E-2,-9.488949E-3,6.567182E-2,-0E0],"categories":[],"categories_nodes":[],"categories_segments":[],"categories_sizes":[],"default_left":[0,0,0,0,0,0,0,0,0,0,0,0,0,0,0],"id":2,"left_children":[1,3,5,7,9,11,13,-1,-1,-1,-1,-1,-1,-1,-1],"loss_changes":[1.6276913E2,3.5311646E1,1.7236273E2,4.9741547E1,1.5629456E1,5.40997E1,2.9627102E1,0E0,0E0,0E0,0E0,0E0,0E0,0E0,0E0],"parents":[2147483647,0,0,1,1,2,2,3,3,4,4,5,5,6,6],"right_children":[2,4,6,8,10,12,14,-1,-1,-1,-1,-1,-1,-1,-1],"split_conditions":[3.4078863E-2,1.7080173E-2,3.0980554E-1,1.1136194E-2,4.289316E-4,1.05913386E-1,6.30038E-2,3.0127747E-2,-1.4081436E-1,8.936448E-2,3.729366E-2,-6.929939E-2,-9.488949E-3,6.567182E-2,-0E0],"split_indices":[25,3,3,17,24,4,25,0,0,0,0,0,0,0,0],"split_type":[0,0,0,0,0,0,0,0,0,0,0,0,0,0,0],"sum_hessian":[1.5546577E3,5.80258E2,9.7439966E2,2.91482E2,2.8877597E2,6.838404E2,2.905593E2,2.748361E2,1.6645914E1,1.7382487E2,1.1495111E2,4.4635617E2,2.374842E2,1.8563887E2,1.04920425E2],"tree_param":{"num_deleted":"0","num_feature":"27","num_nodes":"15","size_leaf_vector":"1"}},{"base_weights":[2.2057815E-2,-2.9825577E-1,2.5003844E-1,1.6812662E-2,-7.1947974E-1,5.350941E-1,5.0416138E-2,8.651319E-2,-1.0685659E-2,-9.983358E-2,8.123699E-3,8.436919E-2,3.352839E-2,-1.0892399E-2,6.1447687E-2],"categories":[],"categories_nodes":[],"categories_segments":[],"categories_sizes":[],"default_left":[0,0,0,0,0,0,0,0,0,0,0,0,0,0,0],"id":3,"left_children":[1,3,5,7,9,11,13,-1,-1,-1,-1,-1,-1,-1,-1],"loss_changes":[1.1290321E2,8.645157E1,5.033406E1,4.0528637E1,6.577098E1,2.0031029E1,5.0412495E1,0E0,0E0,0E0,0E0,0E0,0E0,0E0,0E0],"parents":[2147483647,0,0,1,1,2,2,3,3,4,4,5,5,6,6],"right_children":[2,4,6,8,10,12,14,-1,-1,-1,-1,-1,-1,-1,-1],"split_conditions":[4.511652E1,3.9018977E-2,3.589872E-2,-1.5100697E-1,2.7342832E-1,-5.092988E-3,6.398294E-1,8.651319E-2,-1.0685659E-2,-9.983358E-2,8.123699E-3,8.436919E-2,3.352839E-2,-1.0892399E-2,6.1447687E-2],"split_indices":[21,25,25,3,3,17,3,0,0,0,0,0,0,0,0],"split_type":[0,0,0,0,0,0,0,0,0,0,0,0,0,0,0],"sum_hessian":[1.545829E3,6.38533E2,9.0729596E2,3.6270877E2,2.7582425E2,3.6843573E2,5.388602E2,4.774128E1,3.149675E2,2.0501677E2,7.0807465E1,1.3619873E2,2.32237E2,4.1791998E2,1.2094025E2],"tree_param":{"num_deleted":"0","num_feature":"27","num_nodes":"15","size_leaf_vector":"1"}},{"base_weights":[1.0654839E-2,2.8165832E-1,-2.0705612E-1,1.0337398E0,2.0928925E-1,-4.5795822E-1,3.9200604E-1,-4.413232E-3,1.2848434E-1,-4.341149E-3,4.3104384E-2,-1.3760095E-2,-7.807017E-2,-2.250565E-2,5.587908E-2],"categories":[],"categories_nodes":[],"categories_segments":[],"categories_sizes":[],"default_left":[0,0,0,0,0,0,0,0,0,0,0,0,0,0,0],"id":4,"left_children":[1,3,5,7,9,11,13,-1,-1,-1,-1,-1,-1,-1,-1],"loss_changes":[9.127992E1,3.4703552E1,1.2832463E2,1.917442E1,3.712075E1,6.1198997E1,2.7289917E1,0E0,0E0,0E0,0E0,0E0,0E0,0E0,0E0],"parents":[2147483647,0,0,1,1,2,2,3,3,4,4,5,5,6,6],"right_children":[2,4,6,8,10,12,14,-1,-1,-1,-1,-1,-1,-1,-1],"split_conditions":[3.6915384E-2,-1.5100697E-1,3.3646637E-1,-4.9708487E-4,1.4300417E-2,5.5248678E-2,3.8698086E1,-4.413232E-3,1.2848434E-1,-4.341149E-3,4.3104384E-2,-1.3760095E-2,-7.807017E-2,-2.250565E-2,5.587908E-2],"split_indices":[25,3,3,24,3,18,20,0,0,0,0,0,0,0,0],"split_type":[0,0,0,0,0,0,0,0,0,0,0,0,0,0,0],"sum_hessian":[1.5425404E3,6.9166626E2,8.5087415E2,5.6973164E1,6.346931E2,6.024991E2,2.4837505E2,9.576178E0,4.7396988E1,2.94501E2,3.4019208E2,3.098996E2,2.925995E2,5.0928368E1,1.9744667E2],"tree_param":{"num_deleted":"0","num_feature":"27","num_nodes":"15","size_leaf_vector":"1"}},{"base_weights":[1.2246278E-2,2.636604E-1,-2.195973E-1,8.38194E-1,2.0439318E-1,-4.9273065E-1,3.03247E-1,-1.3435677E-2,9.698361E-2,-8.2854653E-4,3.9921775E-2,-8.388113E-2,-2.3086049E-2,4.5365866E-2,-5.6570124E-2],"categories":[],"categories_nodes":[],"categories_segments":[],"categories_sizes":[],"default_left":[0,0,0,0,0,0,0,0,0,0,0,0,0,0,0],"id":5,"left_children":[1,3,5,7,9,11,13,-1,-1,-1,-1,-1,-1,-1,-1],"loss_changes":[9.038484E1,2.2963367E1,1.1497113E2,1.0986755E1,2.9648182E1,4.5970566E1,3.6660534E1,0E0,0E0,0E0,0E0,0E0,0E0,0E0,0E0],"parents":[2147483647,0,0,1,1,2,2,3,3,4,4,5,5,6,6],"right_children":[2,4,6,8,10,12,14,-1,-1,-1,-1,-1,-1,-1,-1],"split_conditions":[3.798987E-2,-1.5100697E-1,2.8178823E-1,-2.5087302E0,1.7080173E-2,-9.009075E-3,2.061885E-1,-1.3435677E-2,9.698361E-2,-8.2854653E-4,3.9921775E-2,-8.388113E-2,-2.3086049E-2,4.5365866E-2,-5.6570124E-2],"split_indices":[25,3,3,6,3,1,9,0,0,0,0,0,0,0,0],