{"learner":{"attributes":{"scikit_learn":"{\"_estimator_type\": \"classifier\"}"},"feature_names":["bias_week","bias_month","bias_quarter","bias_year","rsi","macd","macd_signal","vol_change","close_change","bb_width","return_5d","return_10d","k_upper","k_lower","k_body","buy_power","rs_5d","rs_10d","dist_to_20d_high","dist_to_20d_low","kd_k","kd_d","kd_cross","gap_ratio","obv","atr_ratio","trend_strength"],"feature_types":["float","float","float","float","float","float","float","float","float","float","float","float","float","float","float","float","float","float","float","float","float","float","float","float","float","float","float"],"gradient_booster":{"model":{"gbtree_model_param":{"num_parallel_tree":"1","num_trees":"6"},"iteration_indptr":[0,1,2,3,4,5,6],"tree_info":[0,0,0,0,0,0],"trees":[{"base_weights":[3.1907756E-2,5.2902347E-1,-2.7025494E-1,2.9443136E-1,7.854365E-1,-6.1610466E-1,4.113513E-1,6.48729E-2,-0E0,4.775923E-2,1.0363993E-1,-2.212271E-2,-1.1465673E-1,6.3786924E-2,-2.5417415E-2],"categories":[],"categories_nodes":[],"categories_segments":[],"categories_sizes":[],"default_left":[0,0,0,0,0,0,0,0,0,0,0,0,0,0,0],"id":0,"left_children":[1,3,5,7,9,11,13,-1,-1,-1,-1,-1,-1,-1,-1],"loss_changes":[2.2555139E2,3.1592468E1,2.1961455E2,3.2177307E1,1.7153336E1,1.2792093E2,4.9102047E1,0E0,0E0,0E0,0E0,0E0,0E0,0E0,0E0],"parents":[2147483647,0,0,1,1,2,2,3,3,4,4,5,5,6,6],"right_children":[2,4,6,8,10,12,14,-1,-1,-1,-1,-1,-1,-1,-1],"split_conditions":[3.4066003E-2,1.6696304E-2,2.1607587E-1,-7.2079554E-2,5.0309914E1,6.3106775E-2,7.12988E-2,6.48729E-2,-0E0,4.775923E-2,1.0363993E-1,-2.212271E-2,-1.1465673E-1,6.3786924E-2,-2.5417415E-2],"split_indices":[25,3,3,3,21,18,25,0,0,0,0,0,0,0,0],"split_type":[0,0,0,0,0,0,0,0,0,0,0,0,0,0,0],"sum_hessian":[1.4960082E3,5.681333E2,9.278748E2,3.0225018E2,2.6588312E2,6.177941E2,3.100807E2,1.3581961E2,1.6643057E2,1.2753545E2,1.3834767E2,3.605709E2,2.5722324E2,2.3272821E2,7.735248E1],"tree_param":{"num_deleted":"0","num_feature":"27","num_nodes":"15","size_leaf_vector":"1"}},{"base_weights":[-1.1424708E-2,-6.1127406E-1,1.3295679E-1,-2.4915856E-1,-8.9912856E-1,-5.907372E-1,2.0517029E-1,2.6395222E-2,-5.4068007E-2,-1.13913566E-1,1.5971206E-2,1.2610842E-1,-6.9575205E-2,2.9038175E-3,4.169209E-2],"categories":[],"categories_nodes":[],"categories_segments":[],"categories_sizes":[],"default_left":[0,0,0,0,0,0,0,0,0,0,0,0,0,0,0],"id":1,"left_children":[1,3,5,7,9,11,13,-1,-1,-1,-1,-1,-1,-1,-1],"loss_changes":[1.2986113E2,2.760305E1,6.171414E1,2.114569E1,4.4284912E1,2.1289913E1,4.0239197E1,0E0,0E0,0E0,0E0,0E0,0E0,0E0,0E0],"parents":[2147483647,0,0,1,1,2,2,3,3,4,4,5,5,6,6],"right_children":[2,4,6,8,10,12,14,-1,-1,-1,-1,-1,-1,-1,-1],"split_conditions":[-2.7334934E-2,7.006581E-2,-1.8982714E0,-1.3591682E0,2.9502243E-1,-3.7077144E-2,2.2867792E0,2.6395222E-2,-5.4068007E-2,-1.13913566E-1,1.5971206E-2,1.2610842E-1,-6.9575205E-2,2.9038175E-3,4.169209E-2],"split_indices":[1,9,6,6,3,24,22,0,0,0,0,0,0,0,0],"split_type":[0,0,0,0,0,0,0,0,0,0,0,0,0,0,0],"sum_hessian":[1.4853042E3,2.9063864E2,1.1946655E3,1.3289738E2,1.5774126E2,1.0499869E2,1.0896669E3,4.573067E1,8.716671E1,1.2938332E2,2.835795E1,4.2380285E0,1.0076066E2,6.057803E2,4.8388657E2],"tree_param":{"num_deleted":"0","num_feature":"27","num_nodes":"15","size_leaf_vector":"1"}},{"base_weights":[3.7326906E-2,4.607219E-1,-2.1385285E-1,2.0718186E-1,7.155782E-1,-4.806968E-1,5.0894505E-1,3.1035788E-2,-1.3755623E-1,9.512422E-2,3.1412534E-2,-7.416486E-2,-1.7593171E-2,7.965051E-2,7.939844E-3],"categories":[],"categories_nodes":[],"categories_segments":[],"categories_sizes":[],"default_left":[0,0,0,0,0,0,0,0,0,0,0,0,0,0,0],"id":2,"left_children":[1,3,5,7,9,11,13,-1,-1,-1,-1,-1,-1,-1,-1],"loss_changes":[1.6103438E2,3.43124E1,1.8219267E2,4.662702E1,2.3758682E1,5.383998E1,2.980951E1,0E0,0E0,0E0,0E0,0E0,0E0,0E0,0E0],"parents":[2147483647,0,0,1,1,2,2,3,3,4,4,5,5,6,6],"right_children":[2,4,6,8,10,12,14,-1,-1,-1,-1,-1,-1,-1,-1],"split_conditions":[3.391923E-2,1.6696304E-2,3.503466E-1,1.1209909E-2,4.2996398E-4,2.6651625E-2,6.157529E-2,3.1035788E-2,-1.3755623E-1,9.512422E-2,3.1412534E-2,-7.416486E-2,-1.7593171E-2,7.965051E-2,7.939844E-3],"split_indices":[25,3,3,17,24,4,25,0,0,0,0,0,0,0,0],"split_type":[0,0,0,0,0,0,0,0,0,0,0,0,0,0,0],"sum_hessian":[1.5073224E3,5.643298E2,9.429926E2,2.881138E2,2.76216E2,6.9121606E2,2.517765E2,2.7217502E2,1.5938776E1,1.6730191E2,1.08914085E2,3.6305057E2,3.2816553E2,1.4581952E2,1.05956985E2],"tree_param":{"num_deleted":"0","num_feature":"27","num_nodes":"15","size_leaf_vector":"1"}},{"base_weights":[2.7057292E-2,-3.080693E-1,2.540377E-1,1.4813434E-1,-6.554691E-1,-1.7380658E-1,3.676705E-1,1.2534852E-1,-0E0,-7.9726115E-2,-0E0,7.377443E-2,-5.6949005E-2,5.064106E-2,5.368026E-3],"categories":[],"categories_nodes":[],"categories_segments":[],"categories_sizes":[],"default_left":[0,0,0,0,0,0,0,0,0,0,0,0,0,0,0],"id":3,"left_children":[1,3,5,7,9,11,13,-1,-1,-1,-1,-1,-1,-1,-1],"loss_changes":[1.1369052E2,9.634928E1,4.405262E1,4.266724E1,3.505626E1,6.77264E1,3.0607063E1,0E0,0E0,0E0,0E0,0E0,0E0,0E0,0E0],"parents":[2147483647,0,0,1,1,2,2,3,3,4,4,5,5,6,6],"right_children":[2,4,6,8,10,12,14,-1,-1,-1,-1,-1,-1,-1,-1],"split_conditions":[4.487554E1,3.4066003E-2,-7.990604E-1,-1.519306E-1,2.7285513E-1,2.9924452E-2,6.833969E1,1.2534852E-1,-0E0,-7.9726115E-2,-0E0,7.377443E-2,-5.6949005E-2,5.064106E-2,5.368026E-3],"split_indices":[21,25,6,3,3,25,21,0,0,0,0,0,0,0,0],"split_type":[0,0,0,0,0,0,0,0,0,0,0,0,0,0,0],"sum_hessian":[1.4944583E3,5.9933136E2,8.9512695E2,2.5650085E2,3.428305E2,1.8358925E2,7.115377E2,2.9397215E1,2.2710362E2,2.8202206E2,6.0808437E1,5.3829838E1,1.2975941E2,4.8355066E2,2.2798703E2],"tree_param":{"num_deleted":"0","num_feature":"27","num_nodes":"15","size_leaf_vector":"1"}},{"base_weights":[8.1161745E-3,2.872608E-1,-2.1961074E-1,1.0368496E0,2.1714196E-1,-4.8808962E-1,4.5154768E-1,-6.597391E-2,1.2647414E-1,-3.8356488E-3,4.5109436E-2,-1.4166109E-2,-8.466271E-2,-4.8777524E-2,6.054188E-2],"categories":[],"categories_nodes":[],"categories_segments":[],"categories_sizes":[],"default_left":[0,0,0,0,0,0,0,0,0,0,0,0,0,0,0],"id":4,"left_children":[1,3,5,7,9,11,13,-1,-1,-1,-1,-1,-1,-1,-1],"loss_changes":[9.517999E1,3.251232E1,1.4781885E2,2.433276E1,3.876071E1,7.178815E1,3.526854E1,0E0,0E0,0E0,0E0,0E0,0E0,0E0,0E0],"parents":[2147483647,0,0,1,1,2,2,3,3,4,4,5,5,6,6],"right_children":[2,4,6,8,10,12,14,-1,-1,-1,-1,-1,-1,-1,-1],"split_conditions":[3.694209E-2,-1.519306E-1,3.503466E-1,-8.853747E-4,1.4213549E-2,5.494511E-2,-1.1067768E-2,-6.597391E-2,1.2647414E-1,-3.8356488E-3,4.5109436E-2,-1.4166109E-2,-8.466271E-2,-4.8777524E-2,6.054188E-2],"split_indices":[25,3,3,24,3,18,17,0,0,0,0,0,0,0,0],"split_type":[0,0,0,0,0,0,0,0,0,0,0,0,0,0,0],"sum_hessian":[1.4931588E3,6.7519196E2,8.179668E2,5.3989223E1,6.2120276E2,5.8681976E2,2.311471E2,5.2740235E0,4.8715202E1,2.949116E2,3.2629117E2,3.0548917E2,2.8133057E2,3.099222E1,2.0015486E2],"tree_param":{"num_deleted":"0","num_feature":"27","num_nodes":"15","size_leaf_vector":"1"}},{"base_weights":[1.0532865E-2,2.7093506E-1,-2.3358661E-1,9.4358045E-1,2.100066E-1,-5.403692E-1,3.351346E-1,1.15932085E-1,-7.832199E-2,8.6285405E-2,1.3944971E-2,-2.5346283E-2,-8.798044E-2,5.0368655E-2,-2.2660106E-2],"categories":[],"categories_nodes":[],"categories_segments":[],"categories_sizes":[],"default_left":[0,0,0,0,0,0,0,0,0,0,0,0,0,0,0],"id":5,"left_children":[1,3,5,7,9,11,13,-1,-1,-1,-1,-1,-1,-1,-1],"loss_changes":[9.503187E1,2.7029526E1,1.343458E2,2.3915993E1,2.8353745E1,4.6663834E1,2.6657465E1,0E0,0E0,0E0,0E0,0E0,0E0,0E0,0E0],"parents":[2147483647,0,0,1,1,2,2,3,3,4,4,5,5,6,6],"right_children":[2,4,6,8,10,12,14,-1,-1,-1,-1,-1,-1,-1,-1],"split_conditions":[3.8028277E-2,1.896886E-2,2.509751E-1,3.608099E-3,-1.519306E-1,6.104653E-2,7.5590834E-2,1.15932085E-1,-7.832199E-2,8.6285405E-2,1.3944971E-2,-2.5346283E-2,-8.798044E-2,5.0368655E-2,-2.2660106E-2],"split_indices":[25,9,3,16,3,18,25,0,0,0,0,0,0,0,0],"split_type":[0,0,0,0,0,0,0,0,0,0,0,0,0,0,0],