{"learner":{"attributes":{"scikit_learn":"{\"_estimator_type\": \"classifier\"}"},"feature_names":["bias_week","bias_month","bias_quarter","bias_year","rsi","macd","macd_signal","vol_change","close_change","bb_width","return_5d","return_10d","k_upper","k_lower","k_body","buy_power","rs_5d","rs_10d","dist_to_20d_high","dist_to_20d_low","kd_k","kd_d","kd_cross","gap_ratio","obv","atr_ratio","trend_strength"],"feature_types":["float","float","float","float","float","float","float","float","float","float","float","float","float","float","float","float","float","float","float","float","float","float","float","float","float","float","float"],"gradient_booster":{"model":{"cats":{"enc":[],"feature_segments":[],"sorted_idx":[]},"gbtree_model_param":{"num_parallel_tree":"1","num_trees":"15"},"iteration_indptr":[0,1,2,3,4,5,6,7,8,9,10,11,12,13,14,15],"tree_info":[0,0,0,0,0,0,0,0,0,0,0,0,0,0,0],"trees":[{"base_weights":[8.577515E-3,1.3939507E-1,-8.747747E-1,-7.7462786E-1,2.014787E-1,-1.2044908E0,2.8556564E-1,-9.1748685E-2,1.0625013E-1,3.8806457E-2,-1.3255158E-3,-1.2921947E-1,2.1485316E-2,-4.268989E-2,6.80486E-2],"categories":[],"categories_nodes":[],"categories_segments":[],"categories_sizes":[],"default_left":[0,0,0,0,0,0,0,0,0,0,0,0,0,0,0],"id":0,"left_children":[1,3,5,7,9,11,13,-1,-1,-1,-1,-1,-1,-1,-1],"loss_changes":[1.7125304E2,7.292295E1,7.536034E1,2.2961212E1,5.0803543E1,2.3642883E1,1.2698774E1,0E0,0E0,0E0,0E0,0E0,0E0,0E0,0E0],"parents":[2147483647,0,0,1,1,2,2,3,3,4,4,5,5,6,6],"right_children":[2,4,6,8,10,12,14,-1,-1,-1,-1,-1,-1,-1,-1],"split_conditions":[1.1111112E-1,-2.2014503E0,2.509751E-1,8.4923805E1,3.5897367E-2,7.679168E1,1.8181853E-2,-9.1748685E-2,1.0625013E-1,3.8806457E-2,-1.3255158E-3,-1.2921947E-1,2.1485316E-2,-4.268989E-2,6.80486E-2],"split_indices":[18,6,3,21,18,20,19,0,0,0,0,0,0,0,0],"split_type":[0,0,0,0,0,0,0,0,0,0,0,0,0,0,0],"sum_hessian":[1.4945406E3,1.3046158E3,1.899248E2,8.003862E1,1.2245773E3,1.4938618E2,4.053862E1,7.554065E1,4.4979677E0,6.555122E2,5.6906506E2,1.4128862E2,8.097561E0,1.2497968E1,2.8040651E1],"tree_param":{"num_deleted":"0","num_feature":"27","num_nodes":"15","size_leaf_vector":"1"}},{"base_weights":[4.826772E-2,3.209419E-1,-3.4441495E-1,2.9278407E-2,4.9092293E-1,-4.8810217E-1,7.209374E-1,4.1244037E-2,-2.7358653E-2,8.293663E-2,2.402666E-2,-1.7841607E-2,-7.873101E-2,-3.5214093E-2,8.45499E-2],"categories":[],"categories_nodes":[],"categories_segments":[],"categories_sizes":[],"default_left":[0,0,0,0,0,0,0,0,0,0,0,0,0,0,0],"id":1,"left_children":[1,3,5,7,9,11,13,-1,-1,-1,-1,-1,-1,-1,-1],"loss_changes":[1.6213725E2,4.329976E1,9.429311E1,4.005322E1,4.5633453E1,4.9148804E1,1.1540104E1,0E0,0E0,0E0,0E0,0E0,0E0,0E0,0E0],"parents":[2147483647,0,0,1,1,2,2,3,3,4,4,5,5,6,6],"right_children":[2,4,6,8,10,12,14,-1,-1,-1,-1,-1,-1,-1,-1],"split_conditions":[4.926113E-2,1.66963E-2,5.9954655E-1,-4.7893636E-3,4.871445E-2,6.6119105E-2,7.357829E-2,4.1244037E-2,-2.7358653E-2,8.293663E-2,2.402666E-2,-1.7841607E-2,-7.873101E-2,-3.5214093E-2,8.45499E-2],"split_indices":[18,3,3,16,9,9,9,0,0,0,0,0,0,0,0],"split_type":[0,0,0,0,0,0,0,0,0,0,0,0,0,0,0],"sum_hessian":[1.5129896E3,8.96423E2,6.165666E2,3.353257E2,5.610973E2,5.455678E2,7.099882E1,1.51046E2,1.8427972E2,2.3035143E2,3.3074585E2,2.7594345E2,2.6962436E2,5.6990705E0,6.529974E1],"tree_param":{"num_deleted":"0","num_feature":"27","num_nodes":"15","size_leaf_vector":"1"}},{"base_weights":[3.151493E-2,4.5970082E-1,-2.3867713E-1,2.5368068E-1,6.896232E-1,-4.7919026E-1,4.914608E-1,3.500843E-2,-1.355492E-1,8.153714E-2,2.0925926E-2,-1.1916532E-2,-9.679521E-2,7.839979E-2,4.737713E-3],"categories":[],"categories_nodes":[],"categories_segments":[],"categories_sizes":[],"default_left":[0,0,0,0,0,0,0,0,0,0,0,0,0,0,0],"id":2,"left_children":[1,3,5,7,9,11,13,-1,-1,-1,-1,-1,-1,-1,-1],"loss_changes":[1.7456032E2,2.5446564E1,1.6160887E2,4.880558E1,1.468219E1,1.212142E2,2.8031792E1,0E0,0E0,0E0,0E0,0E0,0E0,0E0,0E0],"parents":[2147483647,0,0,1,1,2,2,3,3,4,4,5,5,6,6],"right_children":[2,4,6,8,10,12,14,-1,-1,-1,-1,-1,-1,-1,-1],"split_conditions":[3.406601E-2,1.66963E-2,3.503466E-1,1.1209909E-2,1.22544415E-1,6.3106775E-2,1.3749294E-1,3.500843E-2,-1.355492E-1,8.153714E-2,2.0925926E-2,-1.1916532E-2,-9.679521E-2,7.839979E-2,4.737713E-3],"split_indices":[25,3,3,17,3,18,26,0,0,0,0,0,0,0,0],"split_type":[0,0,0,0,0,0,0,0,0,0,0,0,0,0,0],"sum_hessian":[1.5028435E3,5.84422E2,9.184216E2,3.143609E2,2.700611E2,6.9339575E2,2.2502577E2,2.981653E2,1.6195593E1,2.0739973E2,6.2661343E1,4.0567035E2,2.8772543E2,1.3102061E2,9.400515E1],"tree_param":{"num_deleted":"0","num_feature":"27","num_nodes":"15","size_leaf_vector":"1"}},{"base_weights":[-2.745567E-2,2.8793013E-1,-2.9103753E-1,3.234309E-1,-1.1225662E0,-5.990172E-1,3.9719537E-1,1.1004728E-1,2.5717886E-2,-1.491987E-1,-0E0,-2.8590674E-2,-9.2519276E-2,7.3023185E-2,-0E0],"categories":[],"categories_nodes":[],"categories_segments":[],"categories_sizes":[],"default_left":[0,0,0,0,0,0,0,0,0,0,0,0,0,0,0],"id":3,"left_children":[1,3,5,7,9,11,13,-1,-1,-1,-1,-1,-1,-1,-1],"loss_changes":[1.2355905E2,3.2199947E1,1.7308417E2,2.9879662E1,8.014744E0,5.55614E1,3.513234E1,0E0,0E0,0E0,0E0,0E0,0E0,0E0,0E0],"parents":[2147483647,0,0,1,1,2,2,3,3,4,4,5,5,6,6],"right_children":[2,4,6,8,10,12,14,-1,-1,-1,-1,-1,-1,-1,-1],"split_conditions":[3.694209E-2,1.1688283E-1,2.8178823E-1,-1.5470876E-1,5.384602E-1,5.494511E-2,6.035638E-2,1.1004728E-1,2.5717886E-2,-1.491987E-1,-0E0,-2.8590674E-2,-9.2519276E-2,7.3023185E-2,-0E0],"split_indices":[25,18,3,3,13,18,25,0,0,0,0,0,0,0,0],"split_type":[0,0,0,0,0,0,0,0,0,0,0,0,0,0,0],"sum_hessian":[1.4845195E3,6.7191473E2,8.1260474E2,6.5762604E2,1.4288689E1,5.6372784E2,2.4887689E2,4.5935093E1,6.11691E2,1.1121016E1,3.167673E0,2.9618076E2,2.675471E2,1.3668294E2,1.1219396E2],"tree_param":{"num_deleted":"0","num_feature":"27","num_nodes":"15","size_leaf_vector":"1"}},{"base_weights":[-2.1938037E-3,-5.82872E-1,1.03003815E-1,8.8504905E-1,-6.494812E-1,9.273403E-3,5.504256E-1,-0E0,1.7105791E-1,-3.4236103E-2,-1.1050096E-1,1.1834861E-1,-2.2380305E-3,8.945368E-2,1.694532E-2],"categories":[],"categories_nodes":[],"categories_segments":[],"categories_sizes":[],"default_left":[0,0,0,0,0,0,0,0,0,0,0,0,0,0,0],"id":4,"left_children":[1,3,5,7,9,11,13,-1,-1,-1,-1,-1,-1,-1,-1],"loss_changes":[9.234363E1,2.269104E1,5.1640415E1,1.0101376E1,2.808638E1,4.2158806E1,2.6033218E1,0E0,0E0,0E0,0E0,0E0,0E0,0E0,0E0],"parents":[2147483647,0,0,1,1,2,2,3,3,4,4,5,5,6,6],"right_children":[2,4,6,8,10,12,14,-1,-1,-1,-1,-1,-1,-1,-1],"split_conditions":[-3.2809395E-2,-2.5920022E-1,3.503466E-1,2.4389566E-1,9.9250324E-2,1.61098E-2,1.1838337E-1,-0E0,1.7105791E-1,-3.4236103E-2,-1.1050096E-1,1.1834861E-1,-2.2380305E-3,8.945368E-2,1.694532E-2],"split_indices":[1,2,3,9,9,9,26,0,0,0,0,0,0,0,0],"split_type":[0,0,0,0,0,0,0,0,0,0,0,0,0,0,0],"sum_hessian":[1.4922789E3,2.3156773E2,1.2607112E3,8.122447E0,2.234453E2,1.0472434E3,2.1346783E2,3.2208357E0,4.9016113E0,1.3882645E2,8.461885E1,2.8456211E1,1.01878723E3,1.0716304E2,1.0630479E2],"tree_param":{"num_deleted":"0","num_feature":"27","num_nodes":"15","size_leaf_vector":"1"}},{"base_weights":[-0E0,3.664405E-1,-2.0447195E-1,1.1619043E0,3.0010948E-1,-4.420811E-1,2.7407485E-1,-0E0,1.3219436E-1,6.7522656E-3,5.238485E-2,-9.919674E-3,-6.844218E-2,5.6300785E-2,-2.589638E-3],"categories":[],"categories_nodes":[],"categories_segments":[],"categories_sizes":[],"default_left":[0,0,0,0,0,0,0,0,0,0,0,0,0,0,0],"id":5,"left_children":[1,3,5,7,9,11,13,-1,-1,-1,-1,-1,-1,-1,-1],"loss_changes":[1.11484406E2,2.4524162E1,1.0905173E2,7.7720222E0,2.4847046E1,5.2551453E1,2.891062E1,0E0,0E0,0E0,0E0,0E0,0E0,0E0,0E0],"parents":[2147483647,0,0,1,1,2,2,3,3,4,4,5,5,6,6],"right_children":[2,4,6,8,10,12,14,-1,-1,-1,-1,-1,-1,-1,-1],"split_conditions":[3.320765E-2,-1.5193082E-1,2.1607575E-1,2.9758843E-2,1.66963E-2,4.2016726E-2,1.0561136E-1,-0E0,1.3219436E-1,6.7522656E-3,5.238485E-2,-9.919674E-3,-6.844218E-2,5.6300785E-2,-2.589638E-3],"split_indices":[25,3,3,9,3,18,26,0,0,0,0,0,0,0,0],