{"learner":{"attributes":{"scikit_learn":"{\"_estimator_type\": \"classifier\"}"},"feature_names":["bias_week","bias_month","bias_quarter","bias_year","rsi","macd","macd_signal","vol_change","close_change","bb_width","return_5d","k_upper","k_lower","k_body","buy_power","rs_5d","obv","atr_ratio","trend_strength"],"feature_types":["float","float","float","float","float","float","float","float","float","float","float","float","float","float","float","float","float","float","float"],"gradient_booster":{"model":{"cats":{"enc":[],"feature_segments":[],"sorted_idx":[]},"gbtree_model_param":{"num_parallel_tree":"1","num_trees":"14"},"iteration_indptr":[0,1,2,3,4,5,6,7,8,9,10,11,12,13,14],"tree_info":[0,0,0,0,0,0,0,0,0,0,0,0,0,0],"trees":[{"base_weights":[-4.1068263E-2,3.664285E-1,-2.420752E-1,1.2701234E-1,6.218301E-1,-4.9661517E-1,4.4049543E-1,1.8874476E-2,-0E0,2.5832716E-2,7.802931E-3,-1.3495897E-2,-4.1917856E-3,9.910682E-3,-4.579624E-3],"categories":[],"categories_nodes":[],"categories_segments":[],"categories_sizes":[],"default_left":[0,0,0,0,0,0,0,0,0,0,0,0,0,0,0],"id":0,"left_children":[1,3,5,7,9,11,13,-1,-1,-1,-1,-1,-1,-1,-1],"loss_changes":[1.030986E2,2.4585037E1,1.4718175E2,2.9489067E1,2.273108E1,4.973062E1,3.1830223E1,0E0,0E0,0E0,0E0,0E0,0E0,0E0,0E0],"parents":[2147483647,0,0,1,1,2,2,3,3,4,4,5,5,6,6],"right_children":[2,4,6,8,10,12,14,-1,-1,-1,-1,-1,-1,-1,-1],"split_conditions":[3.339285E-2,1.2247015E-2,2.6908842E-1,-1.5607473E-1,-1.5966405E0,-7.297997E-1,7.7181764E-2,1.8874476E-2,-0E0,2.5832716E-2,7.802931E-3,-1.3495897E-2,-4.1917856E-3,9.910682E-3,-4.579624E-3],"split_indices":[17,3,3,3,6,5,17,0,0,0,0,0,0,0,0],"split_type":[0,0,0,0,0,0,0,0,0,0,0,0,0,0,0],"sum_hessian":[1.2572078E3,4.1344806E2,8.4375964E2,2.1626967E2,1.9717839E2,6.1580396E2,2.2795572E2,2.1760887E1,1.9450879E2,1.9525484E1,1.776529E2,2.3892677E2,3.7687717E2,1.8266565E2,4.529008E1],"tree_param":{"num_deleted":"0","num_feature":"19","num_nodes":"15","size_leaf_vector":"1"}},{"base_weights":[1.1478991E-2,-3.105752E-1,1.9156514E-1,1.9836666E-2,-3.4681046E-1,1.1872604E-1,6.804739E-1,-1.079872E-2,-1.7968687E-3,3.0572794E-3,-8.477176E-3,1.2766938E-2,-2.2325944E-2],"categories":[],"categories_nodes":[],"categories_segments":[],"categories_sizes":[],"default_left":[0,0,0,0,0,0,0,0,0,0,0,0,0],"id":1,"left_children":[1,3,5,-1,7,9,11,-1,-1,-1,-1,-1,-1],"loss_changes":[7.41717E1,2.574273E1,2.8486109E1,0E0,3.4397522E1,3.5093525E1,2.9013653E1,0E0,0E0,0E0,0E0,0E0,0E0],"parents":[2147483647,0,0,1,1,2,2,4,4,5,5,6,6],"right_children":[2,4,6,-1,8,10,12,-1,-1,-1,-1,-1,-1],"split_conditions":[-9.365134E-3,-1.0081104E1,6.402122E-1,1.9836666E-2,-7.0050167E-4,1.3594055E-1,1.8474375E0,-1.079872E-2,-1.7968687E-3,3.0572794E-3,-8.477176E-3,1.2766938E-2,-2.2325944E-2],"split_indices":[1,5,3,0,16,9,3,0,0,0,0,0,0],"split_type":[0,0,0,0,0,0,0,0,0,0,0,0,0],"sum_hessian":[1.2779556E3,4.5618106E2,8.217744E2,8.7185545E0,4.4746252E2,7.1829144E2,1.0348302E2,1.804079E2,2.6705463E2,6.468126E2,7.147879E1,9.8733116E1,4.749898E0],"tree_param":{"num_deleted":"0","num_feature":"19","num_nodes":"13","size_leaf_vector":"1"}},{"base_weights":[2.2953134E-2,3.546117E-1,-1.6571285E-1,4.5147565E-1,3.0062364E-2,-4.02499E-1,4.466568E-1,1.2953764E-2,5.3427904E-3,7.382833E-3,-4.486753E-3,1.8897261E-2,-7.1595297E-3,9.806947E-3,-6.433657E-3],"categories":[],"categories_nodes":[],"categories_segments":[],"categories_sizes":[],"default_left":[0,0,0,0,0,0,0,0,0,0,0,0,0,0,0],"id":2,"left_children":[1,3,5,7,9,11,13,-1,-1,-1,-1,-1,-1,-1,-1],"loss_changes":[8.067027E1,1.4267567E1,1.18877525E2,1.354232E1,1.5613297E1,4.798925E1,3.4388462E1,0E0,0E0,0E0,0E0,0E0,0E0,0E0,0E0],"parents":[2147483647,0,0,1,1,2,2,3,3,4,4,5,5,6,6],"right_children":[2,4,6,8,10,12,14,-1,-1,-1,-1,-1,-1,-1,-1],"split_conditions":[3.405958E-2,4.516136E-1,2.5783262E-1,-2.3273373E-2,2.4840774E-2,-3.7673464E-1,8.0305904E-2,1.2953764E-2,5.3427904E-3,7.382833E-3,-4.486753E-3,1.8897261E-2,-7.1595297E-3,9.806947E-3,-6.433657E-3],"split_indices":[17,12,3,15,17,3,17,0,0,0,0,0,0,0,0],"split_type":[0,0,0,0,0,0,0,0,0,0,0,0,0,0,0],"sum_hessian":[1.2838718E3,4.6681213E2,8.170597E2,3.5697318E2,1.0983894E2,5.906172E2,2.264425E2,8.011695E1,2.7685623E2,4.6831097E1,6.3007847E1,1.6642963E1,5.739742E2,1.8928474E2,3.715776E1],"tree_param":{"num_deleted":"0","num_feature":"19","num_nodes":"15","size_leaf_vector":"1"}},{"base_weights":[9.3553204E-4,3.0012548E-1,-2.2567925E-1,5.801834E-1,1.3575526E-1,-5.057425E-1,4.5700684E-1,1.8943409E-2,6.4113555E-3,1.7309633E-4,1.1373227E-2,1.7631784E-2,-8.7274825E-3,9.987123E-3,-1.031878E-2],"categories":[],"categories_nodes":[],"categories_segments":[],"categories_sizes":[],"default_left":[0,0,0,0,0,0,0,0,0,0,0,0,0,0,0],"id":3,"left_children":[1,3,5,7,9,11,13,-1,-1,-1,-1,-1,-1,-1,-1],"loss_changes":[8.721266E1,2.4829063E1,1.3986687E2,1.9811127E1,2.5133663E1,3.9579803E1,4.1758106E1,0E0,0E0,0E0,0E0,0E0,0E0,0E0,0E0],"parents":[2147483647,0,0,1,1,2,2,3,3,4,4,5,5,6,6],"right_children":[2,4,6,8,10,12,14,-1,-1,-1,-1,-1,-1,-1,-1],"split_conditions":[3.6894076E-2,2.5366127E-2,2.807205E-1,-4.031252E-2,4.2064946E-2,-3.7673464E-1,8.575618E-2,1.8943409E-2,6.4113555E-3,1.7309633E-4,1.1373227E-2,1.7631784E-2,-8.7274825E-3,9.987123E-3,-1.031878E-2],"split_indices":[17,17,3,2,10,3,17,0,0,0,0,0,0,0,0],"split_type":[0,0,0,0,0,0,0,0,0,0,0,0,0,0,0],"sum_hessian":[1.2825945E3,5.542967E2,7.2829785E2,2.0170988E2,3.5258676E2,5.1761896E2,2.1067886E2,4.1458927E1,1.6025096E2,2.9292273E2,5.966405E1,1.3055646E1,5.0456332E2,1.8318199E2,2.7496878E1],"tree_param":{"num_deleted":"0","num_feature":"19","num_nodes":"15","size_leaf_vector":"1"}},{"base_weights":[-3.5469488E-3,3.1090522E-1,-2.4074177E-1,9.7925745E-2,5.311372E-1,-5.434021E-1,4.3997282E-1,7.682716E-3,-1.3240236E-3,3.6230318E-3,1.1191417E-2,-1.523985E-2,-3.3379178E-3,1.0441621E-2,-7.439466E-3],"categories":[],"categories_nodes":[],"categories_segments":[],"categories_sizes":[],"default_left":[0,0,0,0,0,0,0,0,0,0,0,0,0,0,0],"id":4,"left_children":[1,3,5,7,9,11,13,-1,-1,-1,-1,-1,-1,-1,-1],"loss_changes":[9.6304565E1,2.5346218E1,1.5248624E2,2.0552433E1,1.3373451E1,7.034894E1,4.6267715E1,0E0,0E0,0E0,0E0,0E0,0E0,0E0,0E0],"parents":[2147483647,0,0,1,1,2,2,3,3,4,4,5,5,6,6],"right_children":[2,4,6,8,10,12,14,-1,-1,-1,-1,-1,-1,-1,-1],"split_conditions":[3.7042044E-2,1.367281E-2,2.6908842E-1,2.3938281E-2,-5.417099E-4,-8.887609E-3,7.7181764E-2,7.682716E-3,-1.3240236E-3,3.6230318E-3,1.1191417E-2,-1.523985E-2,-3.3379178E-3,1.0441621E-2,-7.439466E-3],"split_indices":[17,3,3,17,0,1,17,0,0,0,0,0,0,0,0],"split_type":[0,0,0,0,0,0,0,0,0,0,0,0,0,0,0],"sum_hessian":[1.2892924E3,5.5255585E2,7.367366E2,2.839759E2,2.6857993E2,5.110887E2,2.2564786E2,9.137372E1,1.9260217E2,1.02374725E2,1.662052E2,2.2301465E2,2.8807407E2,1.8269968E2,4.2948177E1],"tree_param":{"num_deleted":"0","num_feature":"19","num_nodes":"15","size_leaf_vector":"1"}},{"base_weights":[-5.4936963E-3,2.2984436E-1,-2.8701875E-1,-0E0,4.4078588E-1,-6.230377E-1,2.861151E-1,7.679952E-3,-2.8463074E-3,1.3743757E-2,5.2777487E-3,2.4985492E-3,-1.1699247E-2,8.12907E-3,-6.6351434E-3],"categories":[],"categories_nodes":[],"categories_segments":[],"categories_sizes":[],"default_left":[0,0,0,0,0,0,0,0,0,0,0,0,0,0,0],"id":5,"left_children":[1,3,5,7,9,11,13,-1,-1,-1,-1,-1,-1,-1,-1],"loss_changes":[8.45827E1,3.3875275E1,1.127556E2,2.8984741E1,1.5143158E1,3.450392E1,3.509635E1,0E0,0E0,0E0,0E0,0E0,0E0,0E0,0E0],"parents":[2147483647,0,0,1,1,2,2,3,3,4,4,5,5,6,6],"right_children":[2,4,6,8,10,12,14,-1,-1,-1,-1,-1,-1,-1,-1],"split_conditions":[4.131532E-2,1.2247015E-2,2.299205E-1,2.3738813E-2,3.6108E-2,-4.5724673E0,7.7181764E-2,7.679952E-3,-2.8463074E-3,1.3743757E-2,5.2777487E-3,2.4985492E-3,-1.1699247E-2,8.12907E-3,-6.6351434E-3],"split_indices":[17,3,3,17,3,6,17,0,0,0,0,0,0,0,0],"split_type":[0,0,0,0,0,0,0,0,0,0,0,0,0,0,0],"sum_hessian":[1.2731553E3,6.9186285E2,5.812924E2,3.303848E2,3.6147803E2,3.6736124E2,2.1393118E2,8.780734E1,2.4257747E2,6.8399765E1,2.9307828E2,4.694352E1,3.204177E2,1.6288503E2,5.1046158E1],