{"learner":{"attributes":{"scikit_learn":"{\"_estimator_type\": \"classifier\"}"},"feature_names":["bias_week","bias_month","bias_quarter","bias_year","rsi","macd","macd_signal","vol_change","close_change","bb_width","return_5d","k_upper","k_lower","k_body","buy_power","rs_5d","obv","atr_ratio","trend_strength"],"feature_types":["float","float","float","float","float","float","float","float","float","float","float","float","float","float","float","float","float","float","float"],"gradient_booster":{"model":{"cats":{"enc":[],"feature_segments":[],"sorted_idx":[]},"gbtree_model_param":{"num_parallel_tree":"1","num_trees":"15"},"iteration_indptr":[0,1,2,3,4,5,6,7,8,9,10,11,12,13,14,15],"tree_info":[0,0,0,0,0,0,0,0,0,0,0,0,0,0,0],"trees":[{"base_weights":[-1.968824E-2,3.593797E-1,-2.2041062E-1,1.3187131E-1,6.3093036E-1,-4.8549184E-1,5.157665E-1,3.8368467E-2,-2.4467465E-2,1.4881907E-1,4.66402E-2,-8.897753E-2,-2.4006754E-2,7.501718E-2,-2.4191217E-2],"categories":[],"categories_nodes":[],"categories_segments":[],"categories_sizes":[],"default_left":[0,0,0,0,0,0,0,0,0,0,0,0,0,0,0],"id":0,"left_children":[1,3,5,7,9,11,13,-1,-1,-1,-1,-1,-1,-1,-1],"loss_changes":[9.865573E1,2.5853806E1,1.666655E2,2.420649E1,2.330935E1,6.0574127E1,4.2077465E1,0E0,0E0,0E0,0E0,0E0,0E0,0E0,0E0],"parents":[2147483647,0,0,1,1,2,2,3,3,4,4,5,5,6,6],"right_children":[2,4,6,8,10,12,14,-1,-1,-1,-1,-1,-1,-1,-1],"split_conditions":[3.3906717E-2,1.7163008E-2,2.7352467E-1,3.3333334E-1,-1.1837035E0,-8.975031E-1,7.632092E-2,3.8368467E-2,-2.4467465E-2,1.4881907E-1,4.66402E-2,-8.897753E-2,-2.4006754E-2,7.501718E-2,-2.4191217E-2],"split_indices":[17,3,3,12,6,5,17,0,0,0,0,0,0,0,0],"split_type":[0,0,0,0,0,0,0,0,0,0,0,0,0,0,0],"sum_hessian":[1.300569E3,4.463449E2,8.542241E2,2.4744803E2,1.9889687E2,6.303411E2,2.2388303E2,1.5142662E2,9.602141E1,2.8753784E1,1.7014308E2,2.308205E2,3.9952063E2,1.7230835E2,5.1574673E1],"tree_param":{"num_deleted":"0","num_feature":"19","num_nodes":"15","size_leaf_vector":"1"}},{"base_weights":[1.8811304E-2,-5.7014596E-2,7.119629E-1,4.070718E-1,-1.8726157E-1,1.2146434E0,2.4960043E-1,-1.9791294E-2,4.7463067E-2,-4.403206E-2,-1.0779455E-3,-0E0,1.481733E-1,-3.9624095E-2,4.635298E-2],"categories":[],"categories_nodes":[],"categories_segments":[],"categories_sizes":[],"default_left":[0,0,0,0,0,0,0,0,0,0,0,0,0,0,0],"id":1,"left_children":[1,3,5,7,9,11,13,-1,-1,-1,-1,-1,-1,-1,-1],"loss_changes":[7.035517E1,7.073775E1,2.7390884E1,1.165522E1,4.0798004E1,2.0932388E1,1.0236443E1,0E0,0E0,0E0,0E0,0E0,0E0,0E0,0E0],"parents":[2147483647,0,0,1,1,2,2,3,3,4,4,5,5,6,6],"right_children":[2,4,6,8,10,12,14,-1,-1,-1,-1,-1,-1,-1,-1],"split_conditions":[6.486169E-1,3.382656E-2,9.7093534E-1,-1.1071517E0,-7.959933E-3,8.047395E-2,2.3015694E-1,-1.9791294E-2,4.7463067E-2,-4.403206E-2,-1.0779455E-3,-0E0,1.481733E-1,-3.9624095E-2,4.635298E-2],"split_indices":[3,9,3,5,1,9,2,0,0,0,0,0,0,0,0],"split_type":[0,0,0,0,0,0,0,0,0,0,0,0,0,0,0],"sum_hessian":[1.3103663E3,1.1782888E3,1.3207755E2,2.5439005E2,9.2389874E2,6.088288E1,7.1194664E1,2.3445873E1,2.3094417E2,3.711179E2,5.527809E2,1.1266896E1,4.9615982E1,1.5262533E1,5.593213E1],"tree_param":{"num_deleted":"0","num_feature":"19","num_nodes":"15","size_leaf_vector":"1"}},{"base_weights":[1.0820334E-2,3.100391E-1,-1.5874326E-1,5.006983E-1,1.4363655E-1,-5.152502E-1,5.8718707E-2,1.1910362E-1,3.2028433E-2,2.986098E-2,-2.8477838E-2,-2.5848432E-2,-8.731934E-2,1.1814808E-2,-8.375752E-2],"categories":[],"categories_nodes":[],"categories_segments":[],"categories_sizes":[],"default_left":[0,0,0,0,0,0,0,0,0,0,0,0,0,0,0],"id":2,"left_children":[1,3,5,7,9,11,13,-1,-1,-1,-1,-1,-1,-1,-1],"loss_changes":[6.6610756E1,1.3683289E1,6.529318E1,2.3429893E1,1.774812E1,2.6968277E1,2.6236124E1,0E0,0E0,0E0,0E0,0E0,0E0,0E0,0E0],"parents":[2147483647,0,0,1,1,2,2,3,3,4,4,5,5,6,6],"right_children":[2,4,6,8,10,12,14,-1,-1,-1,-1,-1,-1,-1,-1],"split_conditions":[3.4047697E-2,2.528897E-2,-8.346828E-3,-4.1138314E-2,4.444416E-1,2.2222146E-1,8.626278E-2,1.1910362E-1,3.2028433E-2,2.986098E-2,-2.8477838E-2,-2.5848432E-2,-8.731934E-2,1.1814808E-2,-8.375752E-2],"split_indices":[17,17,1,2,12,11,17,0,0,0,0,0,0,0,0],"split_type":[0,0,0,0,0,0,0,0,0,0,0,0,0,0,0],"sum_hessian":[1.3059973E3,4.771791E2,8.288181E2,2.1599422E2,2.611849E2,3.1790527E2,5.1091287E2,4.109976E1,1.7489445E2,1.9513914E2,6.6045746E1,1.909639E2,1.2694137E2,4.8129532E2,2.9617552E1],"tree_param":{"num_deleted":"0","num_feature":"19","num_nodes":"15","size_leaf_vector":"1"}},{"base_weights":[1.1419812E-2,2.6570925E-1,-2.2343591E-1,4.8426915E-2,4.9059078E-1,-5.240958E-1,4.3912455E-1,7.313393E-2,-5.7368157E-3,6.9106184E-2,6.2436187E-3,-7.677068E-2,-2.4155721E-2,6.496128E-2,-3.9197337E-2],"categories":[],"categories_nodes":[],"categories_segments":[],"categories_sizes":[],"default_left":[0,0,0,0,0,0,0,0,0,0,0,0,0,0,0],"id":3,"left_children":[1,3,5,7,9,11,13,-1,-1,-1,-1,-1,-1,-1,-1],"loss_changes":[7.8630394E1,2.9859531E1,1.3547565E2,2.558934E1,2.537297E1,3.0596527E1,3.8337593E1,0E0,0E0,0E0,0E0,0E0,0E0,0E0,0E0],"parents":[2147483647,0,0,1,1,2,2,3,3,4,4,5,5,6,6],"right_children":[2,4,6,8,10,12,14,-1,-1,-1,-1,-1,-1,-1,-1],"split_conditions":[3.867087E-2,1.4369037E-2,2.6345605E-1,-1.557879E-1,1.1120794E-1,-4.391938E-3,7.999418E-2,7.313393E-2,-5.7368157E-3,6.9106184E-2,6.2436187E-3,-7.677068E-2,-2.4155721E-2,6.496128E-2,-3.9197337E-2],"split_indices":[17,3,3,3,3,4,17,0,0,0,0,0,0,0,0],"split_type":[0,0,0,0,0,0,0,0,0,0,0,0,0,0,0],"sum_hessian":[1.3148704E3,6.359195E2,6.789509E2,3.2857126E2,3.073482E2,4.693748E2,2.0957614E2,4.668604E1,2.8188522E2,2.0382408E2,1.03524124E2,2.4398749E2,2.253873E2,1.6867773E2,4.0898407E1],"tree_param":{"num_deleted":"0","num_feature":"19","num_nodes":"15","size_leaf_vector":"1"}},{"base_weights":[-4.762361E-3,2.4546134E-1,-2.2122331E-1,6.421845E-2,4.4047573E-1,-5.029699E-1,4.0750885E-1,3.326382E-2,-1.7514117E-2,6.547269E-2,1.4597519E-2,-8.420194E-2,-2.2285238E-2,6.101475E-2,-3.198434E-2],"categories":[],"categories_nodes":[],"categories_segments":[],"categories_sizes":[],"default_left":[0,0,0,0,0,0,0,0,0,0,0,0,0,0,0],"id":4,"left_children":[1,3,5,7,9,11,13,-1,-1,-1,-1,-1,-1,-1,-1],"loss_changes":[7.0836845E1,2.0146286E1,1.2539946E2,2.1134445E1,1.6466644E1,4.477298E1,3.343365E1,0E0,0E0,0E0,0E0,0E0,0E0,0E0,0E0],"parents":[2147483647,0,0,1,1,2,2,3,3,4,4,5,5,6,6],"right_children":[2,4,6,8,10,12,14,-1,-1,-1,-1,-1,-1,-1,-1],"split_conditions":[3.791925E-2,1.4369037E-2,2.7352467E-1,-9.3722665E-6,4.3356576E-4,-8.821118E-3,7.698053E-2,3.326382E-2,-1.7514117E-2,6.547269E-2,1.4597519E-2,-8.420194E-2,-2.2285238E-2,6.101475E-2,-3.198434E-2],"split_indices":[17,3,3,16,16,1,17,0,0,0,0,0,0,0,0],"split_type":[0,0,0,0,0,0,0,0,0,0,0,0,0,0,0],"sum_hessian":[1.3086827E3,6.021667E2,7.0651605E2,3.1814896E2,2.8401773E2,4.903724E2,2.1614366E2,1.5403879E2,1.6411017E2,1.5799014E2,1.2602758E2,2.1497952E2,2.7539288E2,1.7070412E2,4.543954E1],"tree_param":{"num_deleted":"0","num_feature":"19","num_nodes":"15","size_leaf_vector":"1"}},{"base_weights":[-1.6225543E-3,1.6950816E-1,-2.031299E-1,3.7961954E-1,6.599023E-2,-3.7147886E-1,1.6164893E-1,1.0941419E-1,1.9081874E-2,-2.3537466E-2,2.4570864E-2,-5.95785E-2,-1.8386746E-2,3.2166E-2,-5.8773227E-2],"categories":[],"categories_nodes":[],"categories_segments":[],"categories_sizes":[],"default_left":[0,0,0,0,0,0,0,0,0,0,0,0,0,0,0],"id":5,"left_children":[1,3,5,7,9,11,13,-1,-1,-1,-1,-1,-1,-1,-1],"loss_changes":[4.497941E1,1.417734E1,3.7572685E1,2.7298645E1,2.6200045E1,1.6025875E1,2.2288303E1,0E0,0E0,0E0,0E0,0E0,0E0,0E0,0E0],"parents":[2147483647,0,0,1,1,2,2,3,3,4,4,5,5,6,6],"right_children":[2,4,6,8,10,12,14,-1,-1,-1,-1,-1,-1,-1,-1],"split_conditions":[4.1036393E-2,2.5816264E-2,1.2959966E-1,-3.915601E-2,-5.803905E-1,-1.4749262E-2,7.926171E-2,1.0941419E-1,1.9081874E-2,-2.3537466E-2,2.4570864E-2,-5.95785E-2,-1.8386746E-2,3.2166E-2,-5.8773227E-2],"split_indices":[17,17,2,2,5,10,17,0,0,0,0,0,0,0,0],"split_type":[0,0,0,0,0,0,0,0,0,0,0,0,0,0,0],