{"learner":{"attributes":{"scikit_learn":"{\"_estimator_type\": \"classifier\"}"},"feature_names":["bias_week","bias_month","bias_quarter","bias_year","rsi","macd","macd_signal","vol_change","close_change","bb_width","return_5d","k_upper","k_lower","k_body","buy_power","rs_5d"],"feature_types":["float","float","float","float","float","float","float","float","float","float","float","float","float","float","float","float"],"gradient_booster":{"model":{"cats":{"enc":[],"feature_segments":[],"sorted_idx":[]},"gbtree_model_param":{"num_parallel_tree":"1","num_trees":"20"},"iteration_indptr":[0,1,2,3,4,5,6,7,8,9,10,11,12,13,14,15,16,17,18,19,20],"tree_info":[0,0,0,0,0,0,0,0,0,0,0,0,0,0,0,0,0,0,0,0],"trees":[{"base_weights":[5.1687374E-3,-9.227236E-2,1.2320951E-1,8.741838E-2,-1.3193007E-1,-3.0643681E-2,4.700569E-3],"categories":[],"categories_nodes":[],"categories_segments":[],"categories_sizes":[],"default_left":[0,0,0,0,0,0,0],"id":0,"left_children":[1,3,-1,-1,5,-1,-1],"loss_changes":[5.295302E1,1.3208848E1,0E0,0E0,1.2423224E1,0E0,0E0],"parents":[2147483647,0,0,1,1,4,4],"right_children":[2,4,-1,-1,6,-1,-1],"split_conditions":[4.7560942E-1,-4.7190166E0,1.2320951E-1,8.741838E-2,1.304893E-2,-3.0643681E-2,4.700569E-3],"split_indices":[3,6,0,0,3,0,0],"split_type":[0,0,0,0,0,0,0],"sum_hessian":[4.1770697E2,3.8557996E2,3.212699E1,1.2802627E1,3.7277734E2,1.9391046E2,1.7886688E2],"tree_param":{"num_deleted":"0","num_feature":"16","num_nodes":"7","size_leaf_vector":"1"}},{"base_weights":[1.041158E-2,-6.688637E-2,7.951688E-2,-2.416358E-1,1.0201131E-1,1.7460326E-2,-3.016883E-2,-2.487983E-2,1.8429067E-2],"categories":[],"categories_nodes":[],"categories_segments":[],"categories_sizes":[],"default_left":[0,0,0,0,0,0,0,0,0],"id":1,"left_children":[1,3,-1,5,7,-1,-1,-1,-1],"loss_changes":[2.718191E1,1.146295E1,0E0,5.308633E0,5.3402815E0,0E0,0E0,0E0,0E0],"parents":[2147483647,0,0,1,1,3,3,4,4],"right_children":[2,4,-1,6,8,-1,-1,-1,-1],"split_conditions":[1.4701091E-1,5.29069E-2,7.951688E-2,2.2391275E-2,-5.8765594E-2,1.7460326E-2,-3.016883E-2,-2.487983E-2,1.8429067E-2],"split_indices":[9,9,0,9,1,0,0,0,0],"split_type":[0,0,0,0,0,0,0,0,0],"sum_hessian":[4.172392E2,3.7757187E2,3.9667347E1,1.9211523E2,1.8545663E2,2.0288277E1,1.7182695E2,3.0389204E1,1.5506743E2],"tree_param":{"num_deleted":"0","num_feature":"16","num_nodes":"9","size_leaf_vector":"1"}},{"base_weights":[1.3281274E-2,-5.5570234E-2,9.65055E-2,-1.6744852E-1,1.9063373E-1,9.598766E-2,-2.2454012E-2,3.2749128E-2,-3.696503E-3],"categories":[],"categories_nodes":[],"categories_segments":[],"categories_sizes":[],"default_left":[0,0,0,0,0,0,0,0,0],"id":2,"left_children":[1,3,-1,5,7,-1,-1,-1,-1],"loss_changes":[2.9572569E1,1.0589814E1,0E0,1.652582E1,4.298911E0,0E0,0E0,0E0,0E0],"parents":[2147483647,0,0,1,1,3,3,4,4],"right_children":[2,4,-1,6,8,-1,-1,-1,-1],"split_conditions":[5.306331E-1,1.6820053E-2,9.65055E-2,-4.7190166E0,2.0487127E0,9.598766E-2,-2.2454012E-2,3.2749128E-2,-3.696503E-3],"split_indices":[3,1,0,6,6,0,0,0,0],"split_type":[0,0,0,0,0,0,0,0,0],"sum_hessian":[4.1617258E2,3.8618622E2,2.998634E1,2.718404E2,1.1434585E2,1.1463252E1,2.6037714E2,7.7043945E1,3.7301903E1],"tree_param":{"num_deleted":"0","num_feature":"16","num_nodes":"9","size_leaf_vector":"1"}},{"base_weights":[-0E0,-7.938791E-2,6.1528794E-2,-0E0,-4.806066E-2,-3.1700935E-3,7.250162E-2],"categories":[],"categories_nodes":[],"categories_segments":[],"categories_sizes":[],"default_left":[0,0,0,0,0,0,0],"id":3,"left_children":[1,3,-1,5,-1,-1,-1],"loss_changes":[1.9758207E1,1.2696312E1,0E0,8.146105E0,0E0,0E0,0E0],"parents":[2147483647,0,0,1,1,3,3],"right_children":[2,4,-1,6,-1,-1,-1],"split_conditions":[5.617972E-2,9.5238054E-1,6.1528794E-2,4.255918E0,-4.806066E-2,-3.1700935E-3,7.250162E-2],"split_indices":[10,14,0,5,0,0,0],"split_type":[0,0,0,0,0,0,0],"sum_hessian":[4.2154077E2,3.76428E2,4.5112766E1,3.1230597E2,6.412204E1,2.9770288E2,1.4603078E1],"tree_param":{"num_deleted":"0","num_feature":"16","num_nodes":"7","size_leaf_vector":"1"}},{"base_weights":[-4.0007825E-3,-8.597389E-2,8.131703E-1,8.596736E-2,-1.2016246E-1,3.0033153E-2,1.1956762E-1,-2.6960662E-2,4.9503907E-3],"categories":[],"categories_nodes":[],"categories_segments":[],"categories_sizes":[],"default_left":[0,0,0,0,0,0,0,0,0],"id":4,"left_children":[1,3,5,-1,7,-1,-1,-1,-1],"loss_changes":[2.6649548E1,1.09065E1,3.776146E0,0E0,1.0177979E1,0E0,0E0,0E0,0E0],"parents":[2147483647,0,0,1,1,2,2,4,4],"right_children":[2,4,6,-1,8,-1,-1,-1,-1],"split_conditions":[4.4027194E-1,-4.7190166E0,1.2961958E-1,8.596736E-2,1.5983481E-2,3.0033153E-2,1.1956762E-1,-2.6960662E-2,4.9503907E-3],"split_indices":[3,6,9,0,3,0,0,0,0],"split_type":[0,0,0,0,0,0,0,0,0],"sum_hessian":[4.2215277E2,3.8623672E2,3.5916058E1,1.1031493E1,3.7520523E2,1.816274E1,1.7753317E1,2.0534462E2,1.698606E2],"tree_param":{"num_deleted":"0","num_feature":"16","num_nodes":"9","size_leaf_vector":"1"}},{"base_weights":[5.1818667E-3,-5.9495006E-2,9.469304E-2,-2.001627E-1,9.65468E-2,1.6562596E-2,-3.3902213E-2,8.7977074E-2,-0E0],"categories":[],"categories_nodes":[],"categories_segments":[],"categories_sizes":[],"default_left":[0,0,0,0,0,0,0,0,0],"id":5,"left_children":[1,3,-1,5,7,-1,-1,-1,-1],"loss_changes":[2.771412E1,8.786277E0,0E0,1.1444974E1,1.4431018E1,0E0,0E0,0E0,0E0],"parents":[2147483647,0,0,1,1,3,3,4,4],"right_children":[2,4,-1,6,8,-1,-1,-1,-1],"split_conditions":[5.306331E-1,1.5983481E-2,9.469304E-2,-1.4112778E-1,-3.4331094E-2,1.6562596E-2,-3.3902213E-2,8.7977074E-2,-0E0],"split_indices":[3,3,0,3,2,0,0,0,0],"split_type":[0,0,0,0,0,0,0,0,0],"sum_hessian":[4.1833243E2,3.894963E2,2.8836119E1,2.1242586E2,1.7707045E2,5.468972E1,1.5773613E2,2.0369194E1,1.5670126E2],"tree_param":{"num_deleted":"0","num_feature":"16","num_nodes":"9","size_leaf_vector":"1"}},{"base_weights":[-1.7376883E-2,-1.05508305E-1,5.966997E-2,7.3868185E-2,-1.3920282E-1,-7.207829E-3,-4.041213E-2],"categories":[],"categories_nodes":[],"categories_segments":[],"categories_sizes":[],"default_left":[0,0,0,0,0,0,0],"id":6,"left_children":[1,3,-1,-1,5,-1,-1],"loss_changes":[2.1555761E1,9.157719E0,0E0,0E0,5.2627864E0,0E0,0E0],"parents":[2147483647,0,0,1,1,4,4],"right_children":[2,4,-1,-1,6,-1,-1],"split_conditions":[2.7352464E-1,-4.8749046E0,5.966997E-2,7.3868185E-2,1E0,-7.207829E-3,-4.041213E-2],"split_indices":[3,5,0,0,14,0,0],"split_type":[0,0,0,0,0,0,0],"sum_hessian":[4.155361E2,3.6698404E2,4.8552082E1,1.1377E1,3.5560703E2,2.9172632E2,6.3880707E1],"tree_param":{"num_deleted":"0","num_feature":"16","num_nodes":"7","size_leaf_vector":"1"}},{"base_weights":[-0E0,-4.1467186E-2,5.0693847E-2,-8.557363E-2,2.9438604E-2,2.8286397E-2,-1.3699973E-2],"categories":[],"categories_nodes":[],"categories_segments":[],"categories_sizes":[],"default_left":[0,0,0,0,0,0,0],"id":7,"left_children":[1,3,-1,5,-1,-1,-1],"loss_changes":[9.616222E0,5.329908E0,0E0,6.49022E0,0E0,0E0,0E0],"parents":[2147483647,0,0,1,1,3,3],"right_children":[2,4,-1,6,-1,-1,-1],"split_conditions":[3.8162937E0,5.3763498E-2,5.0693847E-2,-4.1595116E-2,2.9438604E-2,2.8286397E-2,-1.3699973E-2],"split_indices":[6,10,0,15,0,0,0],"split_type":[0,0,0,0,0,0,0],"sum_hessian":[4.2316873E2,3.8898557E2,3.4183163E1,3.500599E2,3.8925644E1,3.8077652E1,3.1198227E2],"tree_param":{"num_deleted":"0","num_feature":"16","num_nodes":"7","size_leaf_vector":"1"}},{"base_weights":[-3.0943744E-2,-9.584282E-2,4.8805618E-1,6.593509E-2,-1.255222E-1,-0E0,6.926631E-2,-2.3416309E-2,2.3387113E-4],"categories":[],"categories_nodes":[],"categories_segments":[],"categories_sizes":[],"default_left":[0,0,0,0,0,0,0,0,0],"id":8,"left_children":[1,3,5,-1,7,-1,-1,-1,-1],"loss_changes":[1.3141989E1,7.23203E0,4.3703117E0,0E0,5.655474E0,0E0,0E0,0E0,0E0],"parents":[2147483647,0,0,1,1,2,2,4,4],"right_children":[2,4,6,-1,8,-1,-1,-1,-1],"split_conditions":[3.3392885E-1,-4.8749046E0,8.741238E-2,6.593509E-2,1.7155714E-2,-0E0,6.926631E-2,-2.3416309E-2,2.3387113E-4],"split_indices":[3,5,4,0,3,0,0,0,0],"split_type":[0,0,0,0,0,0,0,0,0],