{"learner":{"attributes":{"scikit_learn":"{\"_estimator_type\": \"classifier\"}"},"feature_names":["bias_week","bias_month","bias_quarter","bias_year","rsi","macd","macd_signal","vol_change","close_change","bb_width","return_5d","k_upper","k_lower","k_body","buy_power","rs_5d","obv","atr_ratio","trend_strength"],"feature_types":["float","float","float","float","float","float","float","float","float","float","float","float","float","float","float","float","float","float","float"],"gradient_booster":{"model":{"cats":{"enc":[],"feature_segments":[],"sorted_idx":[]},"gbtree_model_param":{"num_parallel_tree":"1","num_trees":"12"},"iteration_indptr":[0,1,2,3,4,5,6,7,8,9,10,11,12],"tree_info":[0,0,0,0,0,0,0,0,0,0,0,0],"trees":[{"base_weights":[-9.723686E-3,-2.3297209E-1,6.8856704E-1,-3.166878E-1,3.7337843E-1,4.999518E-1,1.5064858E-1,2.6332594E-2,-3.7727192E-2,7.5421125E-2,-4.526969E-2,7.083686E-2,-0E0],"categories":[],"categories_nodes":[],"categories_segments":[],"categories_sizes":[],"default_left":[0,0,0,0,0,0,0,0,0,0,0,0,0],"id":0,"left_children":[1,3,5,7,9,11,-1,-1,-1,-1,-1,-1,-1],"loss_changes":[7.631402E1,1.9088135E1,1.3823994E1,1.2703995E1,1.4411245E1,1.049494E1,0E0,0E0,0E0,0E0,0E0,0E0,0E0],"parents":[2147483647,0,0,1,1,2,2,3,3,4,4,5,5],"right_children":[2,4,6,8,10,12,-1,-1,-1,-1,-1,-1,-1],"split_conditions":[6.3286096E-2,1.6549757E0,1.4505939E-1,-9.891108E-2,3.2191923E-1,1.4492709E-2,1.5064858E-1,2.6332594E-2,-3.7727192E-2,7.5421125E-2,-4.526969E-2,7.083686E-2,-0E0],"split_indices":[18,6,18,3,3,0,0,0,0,0,0,0,0],"split_type":[0,0,0,0,0,0,0,0,0,0,0,0,0],"sum_hessian":[4.959611E2,3.7829733E2,1.17663765E2,3.3570377E2,4.2593548E1,9.8192474E1,1.947129E1,2.9561075E1,3.061427E2,3.0905485E1,1.1688065E1,6.8674736E1,2.9517742E1],"tree_param":{"num_deleted":"0","num_feature":"19","num_nodes":"13","size_leaf_vector":"1"}},{"base_weights":[-1.3453912E-2,-1.0782025E-1,1.15609236E-1,-2.7171072E-1,1.851156E-1,3.1106608E-2,-3.1417575E-2,-4.02014E-5,5.5598702E-2],"categories":[],"categories_nodes":[],"categories_segments":[],"categories_sizes":[],"default_left":[0,0,0,0,0,0,0,0,0],"id":1,"left_children":[1,3,-1,5,7,-1,-1,-1,-1],"loss_changes":[5.2953335E1,2.239532E1,0E0,7.9536304E0,1.2472452E1,0E0,0E0,0E0,0E0],"parents":[2147483647,0,0,1,1,3,3,4,4],"right_children":[2,4,-1,6,8,-1,-1,-1,-1],"split_conditions":[1.25711E-1,5.9097636E-2,1.15609236E-1,-1.4192655E0,1.4987022E0,3.1106608E-2,-3.1417575E-2,-4.02014E-5,5.5598702E-2],"split_indices":[9,9,0,5,5,0,0,0,0],"split_type":[0,0,0,0,0,0,0,0,0],"sum_hessian":[4.9727115E2,4.6225192E2,3.5019215E1,3.0135373E2,1.608982E2,1.790478E1,2.8344894E2,1.03710396E2,5.7187794E1],"tree_param":{"num_deleted":"0","num_feature":"19","num_nodes":"9","size_leaf_vector":"1"}},{"base_weights":[6.098885E-2,-0E0,1.1691883E-1,-8.925516E-2,4.832178E-1,2.0319782E-2,-2.035081E-2,6.797775E-2,3.977396E-3],"categories":[],"categories_nodes":[],"categories_segments":[],"categories_sizes":[],"default_left":[0,0,0,0,0,0,0,0,0],"id":2,"left_children":[1,3,-1,5,7,-1,-1,-1,-1],"loss_changes":[3.4594173E1,1.9386272E1,0E0,1.3325644E1,4.601837E0,0E0,0E0,0E0,0E0],"parents":[2147483647,0,0,1,1,3,3,4,4],"right_children":[2,4,-1,6,8,-1,-1,-1,-1],"split_conditions":[1.4075513E-1,1.876585E0,1.1691883E-1,-1.8980764E-2,1.3121808E-2,2.0319782E-2,-2.035081E-2,6.797775E-2,3.977396E-3],"split_indices":[9,5,0,1,0,0,0,0,0],"split_type":[0,0,0,0,0,0,0,0,0],"sum_hessian":[4.865162E2,4.6038785E2,2.6128359E1,3.9077588E2,6.961196E1,1.0494804E2,2.8582785E2,4.428838E1,2.5323582E1],"tree_param":{"num_deleted":"0","num_feature":"19","num_nodes":"9","size_leaf_vector":"1"}},{"base_weights":[-3.3460036E-2,-1.600089E-1,4.6715826E-1,3.4364524E-1,-2.701748E-1,3.2209212E-1,1.3410753E-1,1.0436755E-1,1.4434032E-2,-0E0,-3.7866667E-2,5.5953603E-2,-3.0463682E-2],"categories":[],"categories_nodes":[],"categories_segments":[],"categories_sizes":[],"default_left":[0,0,0,0,0,0,0,0,0,0,0,0,0],"id":3,"left_children":[1,3,5,7,9,11,-1,-1,-1,-1,-1,-1,-1],"loss_changes":[3.1001228E1,2.2197193E1,8.686584E0,6.927993E0,9.449951E0,1.3674231E1,0E0,0E0,0E0,0E0,0E0,0E0,0E0],"parents":[2147483647,0,0,1,1,2,2,3,3,4,4,5,5],"right_children":[2,4,6,8,10,12,-1,-1,-1,-1,-1,-1,-1],"split_conditions":[1.6549757E0,-1.6294787E0,4.298599E0,-4.2425947E0,-5.81409E-3,3.2191923E-1,1.3410753E-1,1.0436755E-1,1.4434032E-2,-0E0,-3.7866667E-2,5.5953603E-2,-3.0463682E-2],"split_indices":[6,6,6,6,0,3,0,0,0,0,0,0,0],"split_type":[0,0,0,0,0,0,0,0,0,0,0,0,0],"sum_hessian":[5.001041E2,4.0283087E2,9.727323E1,6.8595894E1,3.3423495E2,8.585104E1,1.1422182E1,1.243192E1,5.616397E1,1.019828E2,2.3225217E2,6.460006E1,2.1250988E1],"tree_param":{"num_deleted":"0","num_feature":"19","num_nodes":"13","size_leaf_vector":"1"}},{"base_weights":[2.3189036E-2,-8.979292E-2,6.358447E-1,4.3736327E-1,-2.1496145E-1,2.9898696E-3,7.541079E-1,1.11861914E-1,2.218688E-2,-9.898633E-3,-4.551847E-2,1.0780419E-1,3.3751983E-2],"categories":[],"categories_nodes":[],"categories_segments":[],"categories_sizes":[],"default_left":[0,0,0,0,0,0,0,0,0,0,0,0,0],"id":4,"left_children":[1,3,5,7,9,-1,11,-1,-1,-1,-1,-1,-1],"loss_changes":[3.5430878E1,2.6826956E1,3.9632568E0,8.147939E0,8.235028E0,0E0,5.5430145E0,0E0,0E0,0E0,0E0,0E0,0E0],"parents":[2147483647,0,0,1,1,2,2,3,3,4,4,6,6],"right_children":[2,4,6,8,10,-1,12,-1,-1,-1,-1,-1,-1],"split_conditions":[1.876585E0,-1.5680066E0,5.6206755E-2,-7.794472E-2,1.9797886E-2,2.9898696E-3,9.001409E-3,1.11861914E-1,2.218688E-2,-9.898633E-3,-4.551847E-2,1.0780419E-1,3.3751983E-2],"split_indices":[5,5,9,1,1,0,0,0,0,0,0,0,0],"split_type":[0,0,0,0,0,0,0,0,0,0,0,0,0],"sum_hessian":[4.939387E2,4.1398154E2,7.995717E1,7.594169E1,3.3803986E2,1.6191385E1,6.376578E1,1.5380214E1,6.0561474E1,2.3596227E2,1.02077576E2,3.2262257E1,3.1503525E1],"tree_param":{"num_deleted":"0","num_feature":"19","num_nodes":"13","size_leaf_vector":"1"}},{"base_weights":[-1.6709024E-4,-8.787886E-2,4.7702235E-1,1.621417E-2,-3.9191093E-2,2.6218787E-1,9.354323E-2,-5.8101593E-3,3.8389914E-2,8.914163E-2,-0E0],"categories":[],"categories_nodes":[],"categories_segments":[],"categories_sizes":[],"default_left":[0,0,0,0,0,0,0,0,0,0,0],"id":5,"left_children":[1,3,5,7,-1,9,-1,-1,-1,-1,-1],"loss_changes":[1.9801788E1,1.4327719E1,4.5433807E0,9.31857E0,0E0,7.557444E0,0E0,0E0,0E0,0E0,0E0],"parents":[2147483647,0,0,1,1,2,2,3,3,5,5],"right_children":[2,4,6,8,-1,10,-1,-1,-1,-1,-1],"split_conditions":[1.0777312E-1,7.692312E-1,1.8006398E-1,1.5705811E0,-3.9191093E-2,-1.6448691E-1,9.354323E-2,-5.8101593E-3,3.8389914E-2,8.914163E-2,-0E0],"split_indices":[17,14,17,5,0,4,0,0,0,0,0],"split_type":[0,0,0,0,0,0,0,0,0,0,0],"sum_hessian":[4.9390808E2,4.21264E2,7.264407E1,3.0921906E2,1.12044945E2,5.3114906E1,1.952917E1,2.52314E2,5.690506E1,1.380962E1,3.9305283E1],"tree_param":{"num_deleted":"0","num_feature":"19","num_nodes":"11","size_leaf_vector":"1"}},{"base_weights":[7.980169E-3,-3.817517E-2,9.075111E-2,-1.2041081E-1,3.244197E-1,2.1000756E-2,-1.9901406E-2,5.314613E-2,-2.7024539E-3],"categories":[],"categories_nodes":[],"categories_segments":[],"categories_sizes":[],"default_left":[0,0,0,0,0,0,0,0,0],"id":6,"left_children":[1,3,-1,5,7,-1,-1,-1,-1],"loss_changes":[2.23405E1,1.327773E1,0E0,1.0116353E1,7.10071E0,0E0,0E0,0E0,0E0],"parents":[2147483647,0,0,1,1,3,3,4,4],"right_children":[2,4,-1,6,8,-1,-1,-1,-1],"split_conditions":[1.3481604E-1,1.6549757E0,9.075111E-2,-1.4530747E0,2.5339786E-2,2.1000756E-2,-1.9901406E-2,5.314613E-2,-2.7024539E-3],"split_indices":[9,6,0,5,15,0,0,0,0],"split_type":[0,0,0,0,0,0,0,0,0],"sum_hessian":[4.8638486E2,4.605339E2,2.5850958E1,3.8050583E2,8.002808E1,6.852671E1,3.1197913E2,5.396725E1,2.6060833E1],"tree_param":{"num_deleted":"0","num_feature":"19","num_nodes":"9","size_leaf_vector":"1"}},{"base_weights":[8.57373E-3,-3.7037097E-2,7.100444E-2,-1.1212856E-1,3.0318773E-1,-0E0,-3.8560443E-2,5.45334E-2,-2.8785832E-2],"categories":[],"categories_nodes":[],"categories_segments":[],"categories_sizes":[],"default_left":[0,0,0,0,0,0,0,0,0],"id":7,