{"learner":{"attributes":{"scikit_learn":"{\"_estimator_type\": \"classifier\"}"},"feature_names":["bias_week","bias_month","bias_quarter","bias_year","rsi","macd","macd_signal","vol_change","close_change","bb_width","return_5d","k_upper","k_lower","k_body","buy_power","rs_5d"],"feature_types":["float","float","float","float","float","float","float","float","float","float","float","float","float","float","float","float"],"gradient_booster":{"model":{"cats":{"enc":[],"feature_segments":[],"sorted_idx":[]},"gbtree_model_param":{"num_parallel_tree":"1","num_trees":"14"},"iteration_indptr":[0,1,2,3,4,5,6,7,8,9,10,11,12,13,14],"tree_info":[0,0,0,0,0,0,0,0,0,0,0,0,0,0],"trees":[{"base_weights":[-1.0066288E-2,-1.6472967E-1,7.31423E-1,5.308884E-1,-3.192475E-1,5.6230533E-1,1.5948808E-1,1.4066237E-1,3.0111937E-2,-3.6031004E-2,3.8390562E-2,7.511679E-2,1.6024344E-2],"categories":[],"categories_nodes":[],"categories_segments":[],"categories_sizes":[],"default_left":[0,0,0,0,0,0,0,0,0,0,0,0,0],"id":0,"left_children":[1,3,5,7,9,11,-1,-1,-1,-1,-1,-1,-1],"loss_changes":[5.5608448E1,4.392097E1,7.3517303E0,1.0692558E1,1.0533367E1,3.5379944E0,0E0,0E0,0E0,0E0,0E0,0E0,0E0],"parents":[2147483647,0,0,1,1,2,2,3,3,4,4,5,5],"right_children":[2,4,6,8,10,12,-1,-1,-1,-1,-1,-1,-1],"split_conditions":[1.8765854E0,-1.6226625E0,4.2985992E0,-4.4236364E0,1.724187E0,1.0689989E-2,1.5948808E-1,1.4066237E-1,3.0111937E-2,-3.6031004E-2,3.8390562E-2,7.511679E-2,1.6024344E-2],"split_indices":[5,5,6,5,6,0,0,0,0,0,0,0,0],"split_type":[0,0,0,0,0,0,0,0,0,0,0,0,0],"sum_hessian":[4.9587653E2,4.1286108E2,8.301544E1,7.235383E1,3.4050726E2,7.184996E1,1.1165483E1,1.2653863E1,5.969997E1,3.235918E2,1.6915483E1,4.450807E1,2.7341888E1],"tree_param":{"num_deleted":"0","num_feature":"16","num_nodes":"13","size_leaf_vector":"1"}},{"base_weights":[-8.361138E-3,-1.0361909E-1,1.1800396E-1,-2.652575E-1,1.8412808E-1,4.07874E-2,-2.985693E-2,4.5578506E-2,3.035187E-3],"categories":[],"categories_nodes":[],"categories_segments":[],"categories_sizes":[],"default_left":[0,0,0,0,0,0,0,0,0],"id":1,"left_children":[1,3,-1,5,7,-1,-1,-1,-1],"loss_changes":[5.423256E1,2.1668457E1,0E0,7.02866E0,5.706484E0,0E0,0E0,0E0,0E0],"parents":[2147483647,0,0,1,1,3,3,4,4],"right_children":[2,4,-1,6,8,-1,-1,-1,-1],"split_conditions":[1.2539306E-1,5.9082285E-2,1.1800396E-1,1.9296706E-2,-5.8302185E-3,4.07874E-2,-2.985693E-2,4.5578506E-2,3.035187E-3],"split_indices":[9,9,0,9,0,0,0,0,0],"split_type":[0,0,0,0,0,0,0,0,0],"sum_hessian":[4.9655374E2,4.6178586E2,3.476787E1,3.0070795E2,1.610779E2,1.1876057E1,2.888319E2,5.235269E1,1.08725204E2],"tree_param":{"num_deleted":"0","num_feature":"16","num_nodes":"9","size_leaf_vector":"1"}},{"base_weights":[6.468222E-2,-6.1255112E-2,5.5271524E-1,4.353662E-1,-1.7818098E-1,7.054672E-2,1.8023508E-2,7.2744906E-2,1.2601712E-2,-2.2665441E-2,4.3917235E-2],"categories":[],"categories_nodes":[],"categories_segments":[],"categories_sizes":[],"default_left":[0,0,0,0,0,0,0,0,0,0,0],"id":2,"left_children":[1,3,5,7,9,-1,-1,-1,-1,-1,-1],"loss_changes":[3.100285E1,2.1665815E1,4.057886E0,4.422858E0,9.323396E0,0E0,0E0,0E0,0E0,0E0,0E0],"parents":[2147483647,0,0,1,1,2,2,3,3,4,4],"right_children":[2,4,6,8,10,-1,-1,-1,-1,-1,-1],"split_conditions":[1.5257946E0,-3.315226E-2,9.1743795E-3,-1.4599098E0,5.44995E-2,7.054672E-2,1.8023508E-2,7.2744906E-2,1.2601712E-2,-2.2665441E-2,4.3917235E-2],"split_indices":[6,1,8,6,1,0,0,0,0,0,0],"split_type":[0,0,0,0,0,0,0,0,0,0,0],"sum_hessian":[4.8627826E2,3.8291522E2,1.03363045E2,6.9258545E1,3.1365668E2,6.812396E1,3.5239075E1,3.144918E1,3.780937E1,2.9355487E2,2.0101816E1],"tree_param":{"num_deleted":"0","num_feature":"16","num_nodes":"11","size_leaf_vector":"1"}},{"base_weights":[-3.290536E-2,-1.4031017E-1,4.6528152E-1,3.7856114E-1,-2.576916E-1,3.05833E-1,1.2706873E-1,1.0841278E-1,1.58134E-2,-1.945742E-3,-3.4682054E-2,5.800597E-2,-0E0],"categories":[],"categories_nodes":[],"categories_segments":[],"categories_sizes":[],"default_left":[0,0,0,0,0,0,0,0,0,0,0,0,0],"id":3,"left_children":[1,3,5,7,9,11,-1,-1,-1,-1,-1,-1,-1],"loss_changes":[2.6034868E1,2.5025482E1,7.4469337E0,8.60558E0,6.656687E0,6.9504128E0,0E0,0E0,0E0,0E0,0E0,0E0,0E0],"parents":[2147483647,0,0,1,1,2,2,3,3,4,4,5,5],"right_children":[2,4,6,8,10,12,-1,-1,-1,-1,-1,-1,-1],"split_conditions":[1.8765854E0,-1.6226625E0,4.674329E0,-7.7944875E-2,-5.6285122E-3,7.54416E-3,1.2706873E-1,1.0841278E-1,1.58134E-2,-1.945742E-3,-3.4682054E-2,5.800597E-2,-0E0],"split_indices":[5,5,5,1,0,0,0,0,0,0,0,0,0],"split_type":[0,0,0,0,0,0,0,0,0,0,0,0,0],"sum_hessian":[5.0008282E2,4.151594E2,8.492342E1,7.301682E1,3.4214258E2,7.343842E1,1.1485006E1,1.4654286E1,5.8362537E1,1.0216555E2,2.3997704E2,4.036067E1,3.307775E1],"tree_param":{"num_deleted":"0","num_feature":"16","num_nodes":"13","size_leaf_vector":"1"}},{"base_weights":[2.5295017E-2,-9.076444E-2,6.516369E-1,4.0686074E-1,-2.1302456E-1,3.2885713E-3,7.666526E-2,2.1698805E-2,9.954447E-2,-2.6029611E-2,4.5985147E-2],"categories":[],"categories_nodes":[],"categories_segments":[],"categories_sizes":[],"default_left":[0,0,0,0,0,0,0,0,0,0,0],"id":4,"left_children":[1,3,5,7,9,-1,-1,-1,-1,-1,-1],"loss_changes":[3.717416E1,2.4741812E1,4.1973E0,5.9810276E0,1.0773803E1,0E0,0E0,0E0,0E0,0E0,0E0],"parents":[2147483647,0,0,1,1,2,2,3,3,4,4],"right_children":[2,4,6,8,10,-1,-1,-1,-1,-1,-1],"split_conditions":[1.8765854E0,-1.5203453E0,5.6113165E-2,1.2539306E-1,1.6572498E0,3.2885713E-3,7.666526E-2,2.1698805E-2,9.954447E-2,-2.6029611E-2,4.5985147E-2],"split_indices":[5,5,9,9,6,0,0,0,0,0,0],"split_type":[0,0,0,0,0,0,0,0,0,0,0],"sum_hessian":[4.9385013E2,4.1366608E2,8.018407E1,7.791473E1,3.3575134E2,1.620245E1,6.3981613E1,6.2190273E1,1.5724452E1,3.160676E2,1.9683737E1],"tree_param":{"num_deleted":"0","num_feature":"16","num_nodes":"11","size_leaf_vector":"1"}},{"base_weights":[-0E0,-7.013757E-2,9.086729E-2,-1.4723721E-1,2.3839319E-1,2.9122725E-2,-2.019532E-2,4.346626E-2,-3.1319138E-2],"categories":[],"categories_nodes":[],"categories_segments":[],"categories_sizes":[],"default_left":[0,0,0,0,0,0,0,0,0],"id":5,"left_children":[1,3,-1,5,7,-1,-1,-1,-1],"loss_changes":[3.0060907E1,1.076355E1,0E0,9.1092005E0,9.845976E0,0E0,0E0,0E0,0E0],"parents":[2147483647,0,0,1,1,3,3,4,4],"right_children":[2,4,-1,6,8,-1,-1,-1,-1],"split_conditions":[1.2539306E-1,1.5992764E0,9.086729E-2,-1.7571762E-2,3.2191923E-1,2.9122725E-2,-2.019532E-2,4.346626E-2,-3.1319138E-2],"split_indices":[9,5,0,8,3,0,0,0,0],"split_type":[0,0,0,0,0,0,0,0,0],"sum_hessian":[4.9397827E2,4.60932E2,3.3046257E1,3.7465604E2,8.627596E1,3.7889145E1,3.367669E2,6.641587E1,1.9860092E1],"tree_param":{"num_deleted":"0","num_feature":"16","num_nodes":"9","size_leaf_vector":"1"}},{"base_weights":[8.434667E-3,-7.74858E-2,4.0711132E-1,3.101105E-1,-1.8219212E-1,6.0561553E-2,-0E0,9.2405684E-2,1.6077809E-2,-2.2689529E-2,6.4916704E-3,-4.6921026E-2,4.0303256E-2],"categories":[],"categories_nodes":[],"categories_segments":[],"categories_sizes":[],"default_left":[0,0,0,0,0,0,0,0,0,0,0,0,0],"id":6,"left_children":[1,3,5,7,9,-1,11,-1,-1,-1,-1,-1,-1],"loss_changes":[1.7390644E1,1.5753937E1,8.82098E0,4.8358145E0,4.0078125E0,0E0,5.315785E0,0E0,0E0,0E0,0E0,0E0,0E0],"parents":[2147483647,0,0,1,1,2,2,3,3,4,4,6,6],"right_children":[2,4,6,8,10,-1,12,-1,-1,-1,-1,-1,-1],"split_conditions":[1.6572498E0,-1.4530722E0,3.2191923E-1,-4.4236364E0,1.6446722E-1,6.0561553E-2,3.1520953E0,9.2405684E-2,1.6077809E-2,-2.2689529E-2,6.4916704E-3,-4.6921026E-2,4.0303256E-2],"split_indices":[6,5,3,5,3,0,6,0,0,0,0,0,0],"split_type":[0,0,0,0,0,0,0,0,0,0,0,0,0],"sum_hessian":[4.8584528E2,3.951028E2,9.074245E1,7.942119E1,3.156816E2,6.3976013E1,2.6766436E1,1.2270897E1,6.715029E1,2.7341412E2,4.2267506E1,1.4785372E1,1.1981064E1],"tree_param":{"num_deleted":"0","num_feature":"16","num_nodes":"13","size_leaf_vector":"1"}},{"base_weights":[1.1011763E-2,-4.8259452E-2,4.7967774E-1,3.2947652E-2,-1.3899308E-1,5.8958992E-2,-0E0,1.7874317E-2,-1.8034676E-2],"categories":[],"categories_nodes":[],"categories_segments":[],"categories_sizes":[],