{"learner":{"attributes":{"scikit_learn":"{\"_estimator_type\": \"classifier\"}"},"feature_names":["bias_week","bias_month","bias_quarter","bias_year","rsi","macd","macd_signal","vol_change","close_change","bb_width","return_5d","k_upper","k_lower","k_body","buy_power","rs_5d","obv","atr_ratio","trend_strength"],"feature_types":["float","float","float","float","float","float","float","float","float","float","float","float","float","float","float","float","float","float","float"],"gradient_booster":{"model":{"cats":{"enc":[],"feature_segments":[],"sorted_idx":[]},"gbtree_model_param":{"num_parallel_tree":"1","num_trees":"4"},"iteration_indptr":[0,1,2,3,4],"tree_info":[0,0,0,0],"trees":[{"base_weights":[6.7279437E-3,6.328115E-1,-9.342039E-2,4.352768E-1,1.3369415E0,-1.93355E-1,3.7024042E-1,1.08696744E-1,1.3276703E-2,1.5845203E-1,4.9184136E-2,2.4340466E-2,-3.1621817E-2,5.2096963E-2,-9.738058E-2],"categories":[],"categories_nodes":[],"categories_segments":[],"categories_sizes":[],"default_left":[0,0,0,0,0,0,0,0,0,0,0,0,0,0,0],"id":0,"left_children":[1,3,5,7,9,11,13,-1,-1,-1,-1,-1,-1,-1,-1],"loss_changes":[8.773874E1,2.2858826E1,5.4585464E1,2.7805088E1,3.942215E0,5.410317E1,4.2245193E1,0E0,0E0,0E0,0E0,0E0,0E0,0E0,0E0],"parents":[2147483647,0,0,1,1,2,2,3,3,4,4,5,5,6,6],"right_children":[2,4,6,8,10,12,14,-1,-1,-1,-1,-1,-1,-1,-1],"split_conditions":[2.5517464E-2,1.7008139E0,2.1443264E0,-4.8126465E-1,2.3919306E0,-9.6497506E-2,6.446258E-1,1.08696744E-1,1.3276703E-2,1.5845203E-1,4.9184136E-2,2.4340466E-2,-3.1621817E-2,5.2096963E-2,-9.738058E-2],"split_indices":[17,6,6,6,5,3,3,0,0,0,0,0,0,0,0],"split_type":[0,0,0,0,0,0,0,0,0,0,0,0,0,0,0],"sum_hessian":[1.379769E3,1.933192E2,1.1864498E3,1.5356609E2,3.9753124E1,9.801106E2,2.0633923E2,4.5716442E1,1.0784964E2,2.8256504E1,1.1496618E1,2.1387592E2,7.662347E2,1.866626E2,1.967664E1],"tree_param":{"num_deleted":"0","num_feature":"19","num_nodes":"15","size_leaf_vector":"1"}},{"base_weights":[-4.340023E-3,-5.342915E-1,5.030126E-2,-2.0399071E-1,-8.806477E-1,4.537446E-1,-1.861238E-2,-4.799034E-2,8.712239E-2,-1.3566348E-2,-1.1782778E-1,-1.7113985E-2,6.8059646E-2,-2.0815989E-2,9.264595E-3],"categories":[],"categories_nodes":[],"categories_segments":[],"categories_sizes":[],"default_left":[0,0,0,0,0,0,0,0,0,0,0,0,0,0,0],"id":1,"left_children":[1,3,5,7,9,11,13,-1,-1,-1,-1,-1,-1,-1,-1],"loss_changes":[4.09994E1,1.2718765E1,3.56103E1,2.0746155E1,1.103109E1,2.830222E1,2.2948301E1,0E0,0E0,0E0,0E0,0E0,0E0,0E0,0E0],"parents":[2147483647,0,0,1,1,2,2,3,3,4,4,5,5,6,6],"right_children":[2,4,6,8,10,12,14,-1,-1,-1,-1,-1,-1,-1,-1],"split_conditions":[-7.868473E-6,-1.2563721E-2,-9.6497506E-2,9.224365E-1,-8.499681E-2,-3.8766686E-2,4.329963E-2,-4.799034E-2,8.712239E-2,-1.3566348E-2,-1.1782778E-1,-1.7113985E-2,6.8059646E-2,-2.0815989E-2,9.264595E-3],"split_indices":[16,0,3,5,2,1,3,0,0,0,0,0,0,0,0],"split_type":[0,0,0,0,0,0,0,0,0,0,0,0,0,0,0],"sum_hessian":[1.3780289E3,1.3259555E2,1.2454333E3,7.1266045E1,6.1329514E1,1.8640958E2,1.0590238E3,5.831627E1,1.2949777E1,2.0099812E1,4.1229702E1,4.7822517E1,1.3858707E2,3.9858414E2,6.6043964E2],"tree_param":{"num_deleted":"0","num_feature":"19","num_nodes":"15","size_leaf_vector":"1"}},{"base_weights":[3.110118E-2,5.9627634E-1,-4.817194E-2,1.3393967E-1,4.4372576E-1,-1.19847514E-1,-2.369458E-2,4.4121635E-3,7.294297E-2,-5.53826E-3,5.999261E-2],"categories":[],"categories_nodes":[],"categories_segments":[],"categories_sizes":[],"default_left":[0,0,0,0,0,0,0,0,0,0,0],"id":2,"left_children":[1,3,5,-1,7,-1,9,-1,-1,-1,-1],"loss_changes":[6.342936E1,1.5950043E1,3.1687565E1,0E0,1.5414362E1,0E0,2.2814087E1,0E0,0E0,0E0,0E0],"parents":[2147483647,0,0,1,1,2,2,4,4,6,6],"right_children":[2,4,6,-1,8,-1,10,-1,-1,-1,-1],"split_conditions":[2.4762083E-2,1.9973494E-2,-6.758876E-2,1.3393967E-1,6.215495E-1,-1.19847514E-1,4.214477E0,4.4121635E-3,7.294297E-2,-5.53826E-3,5.999261E-2],"split_indices":[17,9,15,0,5,0,5,0,0,0,0],"split_type":[0,0,0,0,0,0,0,0,0,0,0],"sum_hessian":[1.3880243E3,1.7417572E2,1.2138485E3,2.6722054E1,1.4745366E2,2.3103722E1,1.1907449E3,6.5538345E1,8.191532E1,1.1363013E3,5.4443565E1],"tree_param":{"num_deleted":"0","num_feature":"19","num_nodes":"11","size_leaf_vector":"1"}},{"base_weights":[-3.6348302E-2,4.3315867E-1,-1.15371116E-1,2.7044806E-1,1.0583805E0,-1.6256519E-1,5.6422746E-1,8.802447E-2,8.807658E-4,1.549059E-1,-0E0,-1.1964883E-2,-6.981716E-2,1.0972033E-1,-7.6508805E-2],"categories":[],"categories_nodes":[],"categories_segments":[],"categories_sizes":[],"default_left":[0,0,0,0,0,0,0,0,0,0,0,0,0,0,0],"id":3,"left_children":[1,3,5,7,9,11,13,-1,-1,-1,-1,-1,-1,-1,-1],"loss_changes":[5.0301327E1,1.6716381E1,3.6981792E1,2.329565E1,2.0969624E1,2.3281986E1,5.4083366E1,0E0,0E0,0E0,0E0,0E0,0E0,0E0,0E0],"parents":[2147483647,0,0,1,1,2,2,3,3,4,4,5,5,6,6],"right_children":[2,4,6,8,10,12,14,-1,-1,-1,-1,-1,-1,-1,-1],"split_conditions":[2.5517464E-2,1.7241888E0,3.5464208E0,-4.8126465E-1,3.260288E-1,3.0573758E-1,6.031066E-1,8.802447E-2,8.807658E-4,1.549059E-1,-0E0,-1.1964883E-2,-6.981716E-2,1.0972033E-1,-7.6508805E-2],"split_indices":[17,6,6,6,4,3,3,0,0,0,0,0,0,0,0],"split_type":[0,0,0,0,0,0,0,0,0,0,0,0,0,0,0],"sum_hessian":[1.374894E3,1.9391092E2,1.1809832E3,1.5681754E2,3.709339E1,1.1074537E3,7.352939E1,4.407168E1,1.1274585E2,2.5597404E1,1.1495987E1,1.0317437E3,7.571009E1,5.351797E1,2.0011417E1],"tree_param":{"num_deleted":"0","num_feature":"19","num_nodes":"15","size_leaf_vector":"1"}}]},"name":"gbtree"},"learner_model_param":{"base_score":"[5E-1]","boost_from_average":"1","num_class":"0","num_feature":"19","num_target":"1"},"objective":{"name":"binary:logistic","reg_loss_param":{"scale_pos_weight":"2.21331954"}}},"version":[3,2,0]}