{"learner":{"attributes":{"scikit_learn":"{\"_estimator_type\": \"classifier\"}"},"feature_names":["bias_week","bias_month","bias_quarter","bias_year","rsi","macd","macd_signal","vol_change","close_change","bb_width","return_5d","k_upper","k_lower","k_body","buy_power","rs_5d"],"feature_types":["float","float","float","float","float","float","float","float","float","float","float","float","float","float","float","float"],"gradient_booster":{"model":{"cats":{"enc":[],"feature_segments":[],"sorted_idx":[]},"gbtree_model_param":{"num_parallel_tree":"1","num_trees":"13"},"iteration_indptr":[0,1,2,3,4,5,6,7,8,9,10,11,12,13],"tree_info":[0,0,0,0,0,0,0,0,0,0,0,0,0],"trees":[{"base_weights":[-5.2102045E-3,-1.4983173E-1,7.366987E-1,5.304854E-1,-3.0184934E-1,5.381703E-1,1.5581132E-1,7.8145415E-2,-0E0,1.5555127E-2,-3.61796E-2,7.794972E-2,4.6961256E-3],"categories":[],"categories_nodes":[],"categories_segments":[],"categories_sizes":[],"default_left":[0,0,0,0,0,0,0,0,0,0,0,0,0],"id":0,"left_children":[1,3,5,7,9,11,-1,-1,-1,-1,-1,-1,-1],"loss_changes":[5.1065144E1,4.2018127E1,7.9463806E0,1.1058781E1,1.0242249E1,5.9680634E0,0E0,0E0,0E0,0E0,0E0,0E0,0E0],"parents":[2147483647,0,0,1,1,2,2,3,3,4,4,5,5],"right_children":[2,4,6,8,10,12,-1,-1,-1,-1,-1,-1,-1],"split_conditions":[1.8814166E0,-1.6262717E0,3.7792382E0,-4.749277E-2,-1.6929967E-2,1.0713268E-2,1.5581132E-1,7.8145415E-2,-0E0,1.5555127E-2,-3.61796E-2,7.794972E-2,4.6961256E-3],"split_indices":[5,5,6,3,0,0,0,0,0,0,0,0,0],"split_type":[0,0,0,0,0,0,0,0,0,0,0,0,0],"sum_hessian":[4.8810098E2,4.1107117E2,7.702983E1,7.233397E1,3.3873718E2,6.450575E1,1.252408E1,5.0580475E1,2.1753496E1,3.649464E1,3.0224255E2,3.9791676E1,2.4714075E1],"tree_param":{"num_deleted":"0","num_feature":"16","num_nodes":"13","size_leaf_vector":"1"}},{"base_weights":[-1.1409679E-2,-9.922551E-2,1.17993124E-1,-2.4317634E-1,1.8154475E-1,4.5732968E-2,-2.7942816E-2,-3.7283394E-3,3.134642E-2],"categories":[],"categories_nodes":[],"categories_segments":[],"categories_sizes":[],"default_left":[0,0,0,0,0,0,0,0,0],"id":1,"left_children":[1,3,-1,5,7,-1,-1,-1,-1],"loss_changes":[4.914722E1,1.864346E1,0E0,7.9558754E0,5.0443416E0,0E0,0E0,0E0,0E0],"parents":[2147483647,0,0,1,1,3,3,4,4],"right_children":[2,4,-1,6,8,-1,-1,-1,-1],"split_conditions":[1.2682521E-1,6.072603E-2,1.17993124E-1,1.9874524E-2,-1.128489E-2,4.5732968E-2,-2.7942816E-2,-3.7283394E-3,3.134642E-2],"split_indices":[9,9,0,9,15,0,0,0,0],"split_type":[0,0,0,0,0,0,0,0,0],"sum_hessian":[4.891954E2,4.576755E2,3.151987E1,3.078705E2,1.49805E2,1.2881684E1,2.9498883E2,5.0608425E1,9.919657E1],"tree_param":{"num_deleted":"0","num_feature":"16","num_nodes":"9","size_leaf_vector":"1"}},{"base_weights":[5.3639006E-2,-6.925407E-2,5.639696E-1,4.435433E-1,-1.8799308E-1,7.721716E-2,1.23917416E-1,5.513722E-2,-0E0,-2.3995753E-2,3.135247E-2,-3.4476155E-3,6.299206E-2],"categories":[],"categories_nodes":[],"categories_segments":[],"categories_sizes":[],"default_left":[0,0,0,0,0,0,0,0,0,0,0,0,0],"id":2,"left_children":[1,3,5,7,9,-1,11,-1,-1,-1,-1,-1,-1],"loss_changes":[3.1195494E1,2.2751528E1,7.0774155E0,3.849247E0,8.386409E0,0E0,4.209546E0,0E0,0E0,0E0,0E0,0E0,0E0],"parents":[2147483647,0,0,1,1,2,2,3,3,4,4,6,6],"right_children":[2,4,6,8,10,-1,12,-1,-1,-1,-1,-1,-1],"split_conditions":[1.5267739E0,-3.3152293E-2,8.503455E-3,7.4377066E-1,4.9276758E-2,7.721716E-2,2.6741893E0,5.513722E-2,-0E0,-2.3995753E-2,3.135247E-2,-3.4476155E-3,6.299206E-2],"split_indices":[6,1,8,7,1,0,6,0,0,0,0,0,0],"split_type":[0,0,0,0,0,0,0,0,0,0,0,0,0],"sum_hessian":[4.7949777E2,3.82933E2,9.6564766E1,6.838764E1,3.1454538E2,6.144206E1,3.5122707E1,5.598096E1,1.2406681E1,2.8823645E2,2.6308912E1,2.349103E1,1.1631675E1],"tree_param":{"num_deleted":"0","num_feature":"16","num_nodes":"13","size_leaf_vector":"1"}},{"base_weights":[-2.3255715E-2,-1.2958425E-1,5.0365627E-1,4.140213E-1,-2.4424186E-1,3.5067794E-1,1.17966115E-1,1.14449315E-1,1.8737331E-2,-0E0,-3.4208506E-2,6.436454E-2,-0E0],"categories":[],"categories_nodes":[],"categories_segments":[],"categories_sizes":[],"default_left":[0,0,0,0,0,0,0,0,0,0,0,0,0],"id":3,"left_children":[1,3,5,7,9,11,-1,-1,-1,-1,-1,-1,-1],"loss_changes":[2.6741785E1,2.538161E1,4.792589E0,8.377459E0,8.158257E0,8.329083E0,0E0,0E0,0E0,0E0,0E0,0E0,0E0],"parents":[2147483647,0,0,1,1,2,2,3,3,4,4,5,5],"right_children":[2,4,6,8,10,12,-1,-1,-1,-1,-1,-1,-1],"split_conditions":[1.8814166E0,-1.7083445E0,4.3170557E0,-8.163264E-2,-5.429437E-3,9.209282E-3,1.17966115E-1,1.14449315E-1,1.8737331E-2,-0E0,-3.4208506E-2,6.436454E-2,-0E0],"split_indices":[5,5,5,1,0,0,0,0,0,0,0,0,0],"split_type":[0,0,0,0,0,0,0,0,0,0,0,0,0],"sum_hessian":[4.9219635E2,4.131599E2,7.903642E1,6.850468E1,3.4465524E2,6.740174E1,1.1634679E1,1.3573357E1,5.4931324E1,1.03195496E2,2.4145975E2,3.94182E1,2.7983543E1],"tree_param":{"num_deleted":"0","num_feature":"16","num_nodes":"13","size_leaf_vector":"1"}},{"base_weights":[1.1117845E-2,-8.0089174E-2,8.02266E-2,4.5429516E-1,-1.8584558E-1,1.1618738E-1,2.52669E-2,-2.788385E-2,8.850368E-3],"categories":[],"categories_nodes":[],"categories_segments":[],"categories_sizes":[],"default_left":[0,0,0,0,0,0,0,0,0],"id":4,"left_children":[1,3,-1,5,7,-1,-1,-1,-1],"loss_changes":[3.7156563E1,2.4016373E1,0E0,6.557844E0,1.0053497E1,0E0,0E0,0E0,0E0],"parents":[2147483647,0,0,1,1,3,3,4,4],"right_children":[2,4,-1,6,8,-1,-1,-1,-1],"split_conditions":[2.2460556E0,-1.7083445E0,8.02266E-2,-4.4177537E0,1.034152E0,1.1618738E-1,2.52669E-2,-2.788385E-2,8.850368E-3],"split_indices":[5,5,0,5,6,0,0,0,0],"split_type":[0,0,0,0,0,0,0,0,0],"sum_hessian":[4.8802637E2,4.3547382E2,5.2552563E1,6.8379486E1,3.6709433E2,1.2348183E1,5.6031303E1,2.7876535E2,8.8328964E1],"tree_param":{"num_deleted":"0","num_feature":"16","num_nodes":"9","size_leaf_vector":"1"}},{"base_weights":[-1.9420172E-3,-6.775277E-2,9.3206905E-2,-1.3555613E-1,2.1390936E-1,2.9604241E-2,-1.8153775E-2,3.9333254E-2,-2.7953366E-2],"categories":[],"categories_nodes":[],"categories_segments":[],"categories_sizes":[],"default_left":[0,0,0,0,0,0,0,0,0],"id":5,"left_children":[1,3,-1,5,7,-1,-1,-1,-1],"loss_changes":[2.8234009E1,8.568087E0,0E0,7.47499E0,7.7252526E0,0E0,0E0,0E0,0E0],"parents":[2147483647,0,0,1,1,3,3,4,4],"right_children":[2,4,-1,6,8,-1,-1,-1,-1],"split_conditions":[1.2682521E-1,1.6022177E0,9.3206905E-2,-1.8789027E-2,3.2018074E-1,2.9604241E-2,-1.8153775E-2,3.9333254E-2,-2.7953366E-2],"split_indices":[9,5,0,8,3,0,0,0,0],"split_type":[0,0,0,0,0,0,0,0,0],"sum_hessian":[4.872253E2,4.576999E2,2.9525429E1,3.753807E2,8.231917E1,3.2270668E1,3.4311005E2,6.3494167E1,1.8825005E1],"tree_param":{"num_deleted":"0","num_feature":"16","num_nodes":"9","size_leaf_vector":"1"}},{"base_weights":[-0E0,-8.2366064E-2,3.8984597E-1,1.0399094E-1,-1.2493565E-1,5.6621693E-2,-2.4168561E-3,6.071427E-3,-2.1180805E-2],"categories":[],"categories_nodes":[],"categories_segments":[],"categories_sizes":[],"default_left":[0,0,0,0,0,0,0,0,0],"id":6,"left_children":[1,3,5,-1,7,-1,-1,-1,-1],"loss_changes":[1.55762825E1,1.6926426E1,7.593643E0,0E0,6.6491556E0,0E0,0E0,0E0,0E0],"parents":[2147483647,0,0,1,1,2,2,4,4],"right_children":[2,4,6,-1,8,-1,-1,-1,-1],"split_conditions":[1.6544924E0,-4.4177537E0,3.2701686E-1,1.0399094E-1,-1.464709E-2,5.6621693E-2,-2.4168561E-3,6.071427E-3,-2.1180805E-2],"split_indices":[6,5,3,0,1,0,0,0,0],"split_type":[0,0,0,0,0,0,0,0,0],"sum_hessian":[4.7942075E2,3.9462866E2,8.479206E1,1.2330332E1,3.8229834E2,6.278112E1,2.201094E1,1.15069214E2,2.6722913E2],"tree_param":{"num_deleted":"0","num_feature":"16","num_nodes":"9","size_leaf_vector":"1"}},{"base_weights":[7.991678E-3,-6.388656E-2,3.718222E-2,3.2490972E-2,-1.6218452E-1,1.6714832E-2,-2.1062946E-2],"categories":[],"categories_nodes":[],"categories_segments":[],"categories_sizes":[],"default_left":[0,0,0,0,0,0,0],"id":7,"left_children":[1,3,-1,-1,5,-1,-1],"loss_changes":[1.3617837E1,1.5194337E1,0E0,0E0,5.5396004E0,0E0,0E0],"parents":[2147483647,0,0,1,1,4,4],"right_children":[2,4,-1,-1,6,-1,-1],