{"learner":{"attributes":{"scikit_learn":"{\"_estimator_type\": \"classifier\"}"},"feature_names":["bias_week","bias_month","bias_quarter","bias_year","rsi","macd","macd_signal","vol_change","close_change","bb_width","return_5d","k_upper","k_lower","k_body","buy_power","rs_5d"],"feature_types":["float","float","float","float","float","float","float","float","float","float","float","float","float","float","float","float"],"gradient_booster":{"model":{"cats":{"enc":[],"feature_segments":[],"sorted_idx":[]},"gbtree_model_param":{"num_parallel_tree":"1","num_trees":"15"},"iteration_indptr":[0,1,2,3,4,5,6,7,8,9,10,11,12,13,14,15],"tree_info":[0,0,0,0,0,0,0,0,0,0,0,0,0,0,0],"trees":[{"base_weights":[-1.0045337E-2,-1.645089E-1,7.308587E-1,5.302815E-1,-3.1875715E-1,5.6170404E-1,1.5946425E-1,1.4099886E-1,2.981712E-2,-3.6352634E-2,3.3051137E-2,7.5061E-2,1.595848E-2],"categories":[],"categories_nodes":[],"categories_segments":[],"categories_sizes":[],"default_left":[0,0,0,0,0,0,0,0,0,0,0,0,0],"id":0,"left_children":[1,3,5,7,9,11,-1,-1,-1,-1,-1,-1,-1],"loss_changes":[5.5491474E1,4.379555E1,7.35548E0,1.090423E1,1.0678234E1,3.540453E0,0E0,0E0,0E0,0E0,0E0,0E0,0E0],"parents":[2147483647,0,0,1,1,2,2,3,3,4,4,5,5],"right_children":[2,4,6,8,10,12,-1,-1,-1,-1,-1,-1,-1],"split_conditions":[1.8765854E0,-1.6226615E0,4.2985992E0,-4.4177537E0,1.6544924E0,1.0713268E-2,1.5946425E-1,1.4099886E-1,2.981712E-2,-3.6352634E-2,3.3051137E-2,7.5061E-2,1.595848E-2],"split_indices":[5,5,6,5,6,0,0,0,0,0,0,0,0],"split_type":[0,0,0,0,0,0,0,0,0,0,0,0,0],"sum_hessian":[4.958817E2,4.1290323E2,8.297849E1,7.232392E1,3.4057928E2,7.181989E1,1.1158602E1,1.2728494E1,5.959543E1,3.2061288E2,1.9966398E1,4.4487904E1,2.733199E1],"tree_param":{"num_deleted":"0","num_feature":"16","num_nodes":"13","size_leaf_vector":"1"}},{"base_weights":[-7.967581E-3,-1.03523575E-1,1.1822415E-1,-2.6749277E-1,1.9018072E-1,4.0715955E-2,-3.0076489E-2,4.5511052E-2,3.8885581E-3],"categories":[],"categories_nodes":[],"categories_segments":[],"categories_sizes":[],"default_left":[0,0,0,0,0,0,0,0,0],"id":1,"left_children":[1,3,-1,5,7,-1,-1,-1,-1],"loss_changes":[5.4501278E1,2.2422033E1,0E0,7.061186E0,5.388751E0,0E0,0E0,0E0,0E0],"parents":[2147483647,0,0,1,1,3,3,4,4],"right_children":[2,4,-1,6,8,-1,-1,-1,-1],"split_conditions":[1.2567955E-1,5.9163265E-2,1.1822415E-1,1.9296756E-2,-5.7866382E-3,4.0715955E-2,-3.0076489E-2,4.5511052E-2,3.8885581E-3],"split_indices":[9,9,0,9,0,0,0,0,0],"split_type":[0,0,0,0,0,0,0,0,0],"sum_hessian":[4.9664062E2,4.6180923E2,3.4831406E1,3.012888E2,1.6052043E2,1.1871096E1,2.894177E2,5.2331055E1,1.0818938E2],"tree_param":{"num_deleted":"0","num_feature":"16","num_nodes":"9","size_leaf_vector":"1"}},{"base_weights":[6.466559E-2,-6.0713623E-2,5.5086917E-1,4.3489388E-1,-1.7734404E-1,7.036266E-2,1.7841728E-2,7.267875E-2,1.2572218E-2,-2.256769E-2,4.383038E-2],"categories":[],"categories_nodes":[],"categories_segments":[],"categories_sizes":[],"default_left":[0,0,0,0,0,0,0,0,0,0,0],"id":2,"left_children":[1,3,5,7,9,-1,-1,-1,-1,-1,-1],"loss_changes":[3.0755903E1,2.1565842E1,4.0633984E0,4.4146357E0,9.269395E0,0E0,0E0,0E0,0E0,0E0,0E0],"parents":[2147483647,0,0,1,1,2,2,3,3,4,4],"right_children":[2,4,6,8,10,-1,-1,-1,-1,-1,-1],"split_conditions":[1.5257919E0,-3.3152293E-2,9.174356E-3,-1.4588708E0,5.4499347E-2,7.036266E-2,1.7841728E-2,7.267875E-2,1.2572218E-2,-2.256769E-2,4.383038E-2],"split_indices":[6,1,8,6,1,0,0,0,0,0,0],"split_type":[0,0,0,0,0,0,0,0,0,0,0],"sum_hessian":[4.8627924E2,3.829561E2,1.0332315E2,6.922968E1,3.137264E2,6.809658E1,3.522657E1,3.143374E1,3.779594E1,2.9363297E2,2.0093441E1],"tree_param":{"num_deleted":"0","num_feature":"16","num_nodes":"11","size_leaf_vector":"1"}},{"base_weights":[-3.3236068E-2,-1.4053111E-1,4.645689E-1,3.7082854E-1,-2.6007062E-1,3.0507696E-1,1.2703481E-1,1.0832075E-1,1.5628302E-2,-1.8591828E-3,-3.507395E-2,5.7774834E-2,-0E0],"categories":[],"categories_nodes":[],"categories_segments":[],"categories_sizes":[],"default_left":[0,0,0,0,0,0,0,0,0,0,0,0,0],"id":3,"left_children":[1,3,5,7,9,11,-1,-1,-1,-1,-1,-1,-1],"loss_changes":[2.598467E1,2.5137428E1,7.452791E0,8.724352E0,6.834934E0,6.592624E0,0E0,0E0,0E0,0E0,0E0,0E0,0E0],"parents":[2147483647,0,0,1,1,2,2,3,3,4,4,5,5],"right_children":[2,4,6,8,10,12,-1,-1,-1,-1,-1,-1,-1],"split_conditions":[1.8765854E0,-1.5676247E0,4.674329E0,-7.7944875E-2,-5.6284894E-3,7.1323314E-3,1.2703481E-1,1.0832075E-1,1.5628302E-2,-1.8591828E-3,-3.507395E-2,5.7774834E-2,-0E0],"split_indices":[5,5,5,1,0,0,0,0,0,0,0,0,0],"split_type":[0,0,0,0,0,0,0,0,0,0,0,0,0],"sum_hessian":[4.9999933E2,4.1511234E2,8.4886986E1,7.504884E1,3.400635E2,7.3409E1,1.1477987E1,1.46445465E1,6.04043E1,1.0171932E2,2.3834418E2,3.9521885E1,3.3887115E1],"tree_param":{"num_deleted":"0","num_feature":"16","num_nodes":"13","size_leaf_vector":"1"}},{"base_weights":[2.5091773E-2,-9.098118E-2,6.516847E-1,3.827236E-1,-2.1858364E-1,3.3952727E-3,7.6645136E-2,1.0847352E-1,2.276075E-2,-2.672621E-2,4.5923125E-2],"categories":[],"categories_nodes":[],"categories_segments":[],"categories_sizes":[],"default_left":[0,0,0,0,0,0,0,0,0,0,0],"id":4,"left_children":[1,3,5,7,9,-1,-1,-1,-1,-1,-1],"loss_changes":[3.718641E1,2.4642603E1,4.1704254E0,6.156808E0,1.0995752E1,0E0,0E0,0E0,0E0,0E0,0E0],"parents":[2147483647,0,0,1,1,2,2,3,3,4,4],"right_children":[2,4,6,8,10,-1,-1,-1,-1,-1,-1],"split_conditions":[1.8765854E0,-1.4178485E0,5.6247454E-2,-4.4177537E0,1.6544924E0,3.3952727E-3,7.6645136E-2,1.0847352E-1,2.276075E-2,-2.672621E-2,4.5923125E-2],"split_indices":[5,5,9,5,6,0,0,0,0,0,0],"split_type":[0,0,0,0,0,0,0,0,0,0,0],"sum_hessian":[4.9376834E2,4.1361667E2,8.015169E1,8.399056E1,3.296261E2,1.6198063E1,6.3953625E1,1.2205892E1,7.178467E1,3.0986847E2,1.9757635E1],"tree_param":{"num_deleted":"0","num_feature":"16","num_nodes":"11","size_leaf_vector":"1"}},{"base_weights":[-0E0,-6.892E-2,9.4043724E-2,-1.4653517E-1,2.3984453E-1,2.9102823E-2,-2.0109395E-2,4.2840343E-2,-2.8236352E-2],"categories":[],"categories_nodes":[],"categories_segments":[],"categories_sizes":[],"default_left":[0,0,0,0,0,0,0,0,0],"id":5,"left_children":[1,3,-1,5,7,-1,-1,-1,-1],"loss_changes":[3.05527E1,1.0877781E1,0E0,9.081316E0,9.114665E0,0E0,0E0,0E0,0E0],"parents":[2147483647,0,0,1,1,3,3,4,4],"right_children":[2,4,-1,6,8,-1,-1,-1,-1],"split_conditions":[1.2795728E-1,1.5992787E0,9.4043724E-2,-1.757176E-2,3.2191923E-1,2.9102823E-2,-2.0109395E-2,4.2840343E-2,-2.8236352E-2],"split_indices":[9,5,0,8,3,0,0,0,0],"split_type":[0,0,0,0,0,0,0,0,0],"sum_hessian":[4.9396457E2,4.6249234E2,3.1472229E1,3.7545547E2,8.703688E1,3.793719E1,3.3751828E2,6.686858E1,2.0168297E1],"tree_param":{"num_deleted":"0","num_feature":"16","num_nodes":"9","size_leaf_vector":"1"}},{"base_weights":[8.338738E-3,-7.618215E-2,3.994205E-1,3.076607E-1,-1.8013248E-1,5.94535E-2,-0E0,8.879794E-2,1.5644047E-2,-2.2529874E-2,6.9006626E-3,-4.7228344E-2,4.0290073E-2],"categories":[],"categories_nodes":[],"categories_segments":[],"categories_sizes":[],"default_left":[0,0,0,0,0,0,0,0,0,0,0,0,0],"id":6,"left_children":[1,3,5,7,9,-1,11,-1,-1,-1,-1,-1,-1],"loss_changes":[1.6793205E1,1.5473387E1,8.579808E0,4.6244693E0,4.0567026E0,0E0,5.3561797E0,0E0,0E0,0E0,0E0,0E0,0E0],"parents":[2147483647,0,0,1,1,2,2,3,3,4,4,6,6],"right_children":[2,4,6,8,10,-1,12,-1,-1,-1,-1,-1,-1],"split_conditions":[1.6544924E0,-1.4530725E0,3.2191923E-1,-4.242601E0,1.6448571E-1,5.94535E-2,3.152094E0,8.879794E-2,1.5644047E-2,-2.2529874E-2,6.9006626E-3,-4.7228344E-2,4.0290073E-2],"split_indices":[6,5,3,6,3,0,6,0,0,0,0,0,0],"split_type":[0,0,0,0,0,0,0,0,0,0,0,0,0],"sum_hessian":[4.8584857E2,3.948181E2,9.103045E1,7.9482666E1,3.1533545E2,6.427399E1,2.6756462E1,1.3026932E1,6.6455734E1,2.7300278E2,4.2332672E1,1.4779542E1,1.1976921E1],"tree_param":{"num_deleted":"0","num_feature":"16","num_nodes":"13","size_leaf_vector":"1"}},{"base_weights":[1.1153404E-2,-4.840828E-2,4.81472E-1,3.2972198E-2,-1.3937639E-1,5.9141558E-2,-0E0,1.5955692E-2,-1.7879281E-2],"categories":[],"categories_nodes":[],"categories_segments":[],"categories_sizes":[],