{"learner":{"attributes":{"scikit_learn":"{\"_estimator_type\": \"classifier\"}"},"feature_names":["bias_week","bias_month","bias_quarter","bias_year","rsi","macd","macd_signal","vol_change","close_change","bb_width","return_5d","k_upper","k_lower","k_body","buy_power","rs_5d","obv","atr_ratio","trend_strength"],"feature_types":["float","float","float","float","float","float","float","float","float","float","float","float","float","float","float","float","float","float","float"],"gradient_booster":{"model":{"cats":{"enc":[],"feature_segments":[],"sorted_idx":[]},"gbtree_model_param":{"num_parallel_tree":"1","num_trees":"14"},"iteration_indptr":[0,1,2,3,4,5,6,7,8,9,10,11,12,13,14],"tree_info":[0,0,0,0,0,0,0,0,0,0,0,0,0,0],"trees":[{"base_weights":[-5.567257E-3,-2.2230323E-1,6.879628E-1,-3.62354E-1,7.1521804E-2,4.9077997E-1,1.6228256E-1,7.549344E-3,-4.2008374E-2,7.9804346E-2,-6.8724607E-3,7.246334E-2,-0E0],"categories":[],"categories_nodes":[],"categories_segments":[],"categories_sizes":[],"default_left":[0,0,0,0,0,0,0,0,0,0,0,0,0],"id":0,"left_children":[1,3,5,7,9,11,-1,-1,-1,-1,-1,-1,-1],"loss_changes":[7.240356E1,1.608055E1,1.6428577E1,7.726753E0,1.3617462E1,1.2692209E1,0E0,0E0,0E0,0E0,0E0,0E0,0E0],"parents":[2147483647,0,0,1,1,2,2,3,3,4,4,5,5],"right_children":[2,4,6,8,10,12,-1,-1,-1,-1,-1,-1,-1],"split_conditions":[6.325408E-2,3.818838E-2,1.4661545E-1,2.2504825E-2,-5.924233E-2,1.4476141E-2,1.6228256E-1,7.549344E-3,-4.2008374E-2,7.9804346E-2,-6.8724607E-3,7.246334E-2,-0E0],"split_indices":[18,18,18,17,3,0,0,0,0,0,0,0,0],"split_type":[0,0,0,0,0,0,0,0,0,0,0,0,0],"sum_hessian":[4.885127E2,3.7471402E2,1.1379867E2,2.5894394E2,1.1577008E2,9.627008E1,1.7528593E1,2.7163828E1,2.3178012E2,2.1176687E1,9.459339E1,6.7199585E1,2.9070494E1],"tree_param":{"num_deleted":"0","num_feature":"19","num_nodes":"13","size_leaf_vector":"1"}},{"base_weights":[-1.0440375E-2,-9.673533E-2,1.1601645E-1,-1.7999767E-1,3.8269308E-1,2.288714E-2,-2.6709046E-2,6.097154E-2,-8.898874E-3],"categories":[],"categories_nodes":[],"categories_segments":[],"categories_sizes":[],"default_left":[0,0,0,0,0,0,0,0,0],"id":1,"left_children":[1,3,-1,5,7,-1,-1,-1,-1],"loss_changes":[4.7425217E1,1.7827723E1,0E0,1.4541775E1,8.17569E0,0E0,0E0,0E0,0E0],"parents":[2147483647,0,0,1,1,3,3,4,4],"right_children":[2,4,-1,6,8,-1,-1,-1,-1],"split_conditions":[1.2682538E-1,1.8814183E0,1.1601645E-1,-5.784004E-2,1.0165329E-5,2.288714E-2,-2.6709046E-2,6.097154E-2,-8.898874E-3],"split_indices":[9,5,0,2,16,0,0,0,0],"split_type":[0,0,0,0,0,0,0,0,0],"sum_hessian":[4.8934174E2,4.5784033E2,3.1501404E1,3.94141E2,6.369935E1,6.582562E1,3.2831537E2,4.5908245E1,1.7791101E1],"tree_param":{"num_deleted":"0","num_feature":"19","num_nodes":"9","size_leaf_vector":"1"}},{"base_weights":[5.275443E-2,-4.515179E-3,1.1515095E-1,-1.0867443E-1,4.0181726E-1,2.0855958E-2,-2.3347946E-2,-5.17728E-3,6.261212E-2],"categories":[],"categories_nodes":[],"categories_segments":[],"categories_sizes":[],"default_left":[0,0,0,0,0,0,0,0,0],"id":2,"left_children":[1,3,-1,5,7,-1,-1,-1,-1],"loss_changes":[3.306792E1,1.8581497E1,0E0,1.4860046E1,1.050758E1,0E0,0E0,0E0,0E0],"parents":[2147483647,0,0,1,1,3,3,4,4],"right_children":[2,4,-1,6,8,-1,-1,-1,-1],"split_conditions":[1.3590993E-1,1.5776592E0,1.1515095E-1,-2.0037029E-2,5.509458E-2,2.0855958E-2,-2.3347946E-2,-5.17728E-3,6.261212E-2],"split_indices":[9,5,0,1,9,0,0,0,0],"split_type":[0,0,0,0,0,0,0,0,0],"sum_hessian":[4.7994214E2,4.5449432E2,2.5447828E1,3.6622235E2,8.827195E1,9.904524E1,2.6717712E2,2.6347366E1,6.1924587E1],"tree_param":{"num_deleted":"0","num_feature":"19","num_nodes":"9","size_leaf_vector":"1"}},{"base_weights":[-2.223611E-2,-1.479812E-1,5.001825E-1,3.0709344E-1,-2.5749248E-1,3.5288167E-1,1.3347675E-1,1.0407918E-1,1.1714675E-2,9.445547E-3,-3.420266E-2,5.590719E-2,-2.1164121E-2],"categories":[],"categories_nodes":[],"categories_segments":[],"categories_sizes":[],"default_left":[0,0,0,0,0,0,0,0,0,0,0,0,0],"id":3,"left_children":[1,3,5,7,9,11,-1,-1,-1,-1,-1,-1,-1],"loss_changes":[3.1557516E1,1.9848724E1,7.5977936E0,7.696688E0,1.0626183E1,1.0436237E1,0E0,0E0,0E0,0E0,0E0,0E0,0E0],"parents":[2147483647,0,0,1,1,2,2,3,3,4,4,5,5],"right_children":[2,4,6,8,10,12,-1,-1,-1,-1,-1,-1,-1],"split_conditions":[1.653675E0,-1.5497239E0,4.1265483E0,-4.209714E0,-1.1895847E-2,3.2018086E-1,1.3347675E-1,1.0407918E-1,1.1714675E-2,9.445547E-3,-3.420266E-2,5.590719E-2,-2.1164121E-2],"split_indices":[6,6,6,6,0,3,0,0,0,0,0,0,0],"split_type":[0,0,0,0,0,0,0,0,0,0,0,0,0],"sum_hessian":[4.9231073E2,4.0032474E2,9.1986E1,7.362951E1,3.2669522E2,8.070128E1,1.1284718E1,1.2452682E1,6.1176826E1,5.9688107E1,2.670071E2,6.1717606E1,1.8983677E1],"tree_param":{"num_deleted":"0","num_feature":"19","num_nodes":"13","size_leaf_vector":"1"}},{"base_weights":[1.2315328E-2,-7.752402E-2,7.988767E-1,4.4890013E-1,-1.8156157E-1,1.125015E-1,4.0029702E-1,6.2131368E-2,-0E0,-2.5577014E-2,3.9018705E-3,-0E0,7.638465E-2],"categories":[],"categories_nodes":[],"categories_segments":[],"categories_sizes":[],"default_left":[0,0,0,0,0,0,0,0,0,0,0,0,0],"id":4,"left_children":[1,3,5,7,9,-1,11,-1,-1,-1,-1,-1,-1],"loss_changes":[3.6089096E1,2.3235447E1,3.5286255E0,6.298688E0,6.676031E0,0E0,3.5722728E0,0E0,0E0,0E0,0E0,0E0,0E0],"parents":[2147483647,0,0,1,1,2,2,3,3,4,4,6,6],"right_children":[2,4,6,8,10,-1,12,-1,-1,-1,-1,-1,-1],"split_conditions":[2.2460518E0,-1.7083483E0,9.232835E-3,1.4068162E-2,6.413916E-2,1.125015E-1,1.529631E-1,6.2131368E-2,-0E0,-2.5577014E-2,3.9018705E-3,-0E0,7.638465E-2],"split_indices":[5,5,0,0,17,0,2,0,0,0,0,0,0],"split_type":[0,0,0,0,0,0,0,0,0,0,0,0,0],"sum_hessian":[4.8755237E2,4.350642E2,5.248815E1,6.817488E1,3.6688934E2,2.5359978E1,2.7128176E1,5.103939E1,1.7135492E1,2.8029984E2,8.658951E1,1.3828479E1,1.3299697E1],"tree_param":{"num_deleted":"0","num_feature":"19","num_nodes":"13","size_leaf_vector":"1"}},{"base_weights":[-3.078957E-3,-9.3025304E-2,4.6090052E-1,1.4935993E-2,-4.2841658E-2,1.9588555E-1,8.3471164E-2,-2.721196E-3,4.0196236E-2,4.8029523E-2,-4.896992E-2],"categories":[],"categories_nodes":[],"categories_segments":[],"categories_sizes":[],"default_left":[0,0,0,0,0,0,0,0,0,0,0],"id":5,"left_children":[1,3,5,7,-1,9,-1,-1,-1,-1,-1],"loss_changes":[1.9538994E1,1.6044481E1,5.2304935E0,5.9476066E0,0E0,9.521166E0,0E0,0E0,0E0,0E0,0E0],"parents":[2147483647,0,0,1,1,2,2,3,3,5,5],"right_children":[2,4,6,8,-1,10,-1,-1,-1,-1,-1],"split_conditions":[1.0747416E-1,7.857125E-1,8.460529E-1,1.9037502E0,-4.2841658E-2,-2.5535943E-2,8.3471164E-2,-2.721196E-3,4.0196236E-2,4.8029523E-2,-4.896992E-2],"split_indices":[17,14,5,5,0,2,0,0,0,0,0],"split_type":[0,0,0,0,0,0,0,0,0,0,0],"sum_hessian":[4.879029E2,4.1279953E2,7.5103355E1,3.080662E2,1.0473333E2,4.7833736E1,2.7269615E1,2.7275192E2,3.5314262E1,3.6053253E1,1.1780483E1],"tree_param":{"num_deleted":"0","num_feature":"19","num_nodes":"11","size_leaf_vector":"1"}},{"base_weights":[-0E0,-4.9162015E-2,8.1450604E-2,-1.2700805E-1,3.1301215E-1,1.3494193E-2,-1.8506506E-2,4.965911E-2,-0E0],"categories":[],"categories_nodes":[],"categories_segments":[],"categories_sizes":[],"default_left":[0,0,0,0,0,0,0,0,0],"id":6,"left_children":[1,3,-1,5,7,-1,-1,-1,-1],"loss_changes":[2.0374666E1,1.2280654E1,0E0,6.0031276E0,5.1574097E0,0E0,0E0,0E0,0E0],"parents":[2147483647,0,0,1,1,3,3,4,4],"right_children":[2,4,-1,6,8,-1,-1,-1,-1],"split_conditions":[1.2682538E-1,1.653675E0,8.1450604E-2,-1.5235493E0,2.5092717E-2,1.3494193E-2,-1.8506506E-2,4.965911E-2,-0E0],"split_indices":[9,6,0,5,15,0,0,0,0],"split_type":[0,0,0,0,0,0,0,0,0],"sum_hessian":[4.787953E2,4.5026556E2,2.8529743E1,3.7577225E2,7.4493324E1,6.2360046E1,3.134122E2,4.9658066E1,2.4835257E1],"tree_param":{"num_deleted":"0","num_feature":"19","num_nodes":"9","size_leaf_vector":"1"}},{"base_weights":[5.1752008E-3,-1.1834909E-1,2.3559989E-1,-2.3059915E-1,1.1999781E-1,3.258394E-2,5.782059E-2,1.699116E-2,-2.9738022E-2,4.3899007E-2,-1.7816582E-3,3.2940444E-2,-3.293129E-2],"categories":[],"categories_nodes":[],"categories_segments":[],"categories_sizes":[],