{"learner":{"attributes":{"scikit_learn":"{\"_estimator_type\": \"classifier\"}"},"feature_names":["bias_week","bias_month","bias_quarter","bias_year","rsi","macd","macd_signal","vol_change","close_change","bb_width","return_5d","return_10d","k_upper","k_lower","k_body","buy_power","rs_5d","rs_10d","dist_to_20d_high","dist_to_20d_low","kd_k","kd_d","kd_cross","gap_ratio","obv","atr_ratio","trend_strength"],"feature_types":["float","float","float","float","float","float","float","float","float","float","float","float","float","float","float","float","float","float","float","float","float","float","float","float","float","float","float"],"gradient_booster":{"model":{"gbtree_model_param":{"num_parallel_tree":"1","num_trees":"4"},"iteration_indptr":[0,1,2,3,4],"tree_info":[0,0,0,0],"trees":[{"base_weights":[1.0922575E-2,3.7465262E-1,-3.1710798E-1,7.868401E-1,1.3143532E-1,-5.5174804E-1,-2.3123547E-2,6.788244E-2,1.3489005E-1,3.1796765E-2,-1.255835E-2,1.1350476E-2,-6.786545E-2,3.0161414E-2,-2.9970758E-2],"categories":[],"categories_nodes":[],"categories_segments":[],"categories_sizes":[],"default_left":[0,0,0,0,0,0,0,0,0,0,0,0,0,0,0],"id":0,"left_children":[1,3,5,7,9,11,13,-1,-1,-1,-1,-1,-1,-1,-1],"loss_changes":[1.878637E2,7.296531E1,5.553807E1,1.071431E1,2.3685703E1,4.1388046E1,3.3935177E1,0E0,0E0,0E0,0E0,0E0,0E0,0E0,0E0],"parents":[2147483647,0,0,1,1,2,2,3,3,4,4,5,5,6,6],"right_children":[2,4,6,8,10,12,14,-1,-1,-1,-1,-1,-1,-1,-1],"split_conditions":[4.2857125E-2,3.608227E-2,2.3550485E-4,2.8694394E-1,7.083827E1,3.2853317E-2,5.59979E-2,6.788244E-2,1.3489005E-1,3.1796765E-2,-1.255835E-2,1.1350476E-2,-6.786545E-2,3.0161414E-2,-2.9970758E-2],"split_indices":[18,25,24,3,20,25,25,0,0,0,0,0,0,0,0],"split_type":[0,0,0,0,0,0,0,0,0,0,0,0,0,0,0],"sum_hessian":[1.5717156E3,7.485032E2,8.232124E2,2.7361038E2,4.7489276E2,4.5312845E2,3.7008395E2,2.3701787E2,3.6592518E1,2.789758E2,1.9591698E2,7.231366E1,3.808148E2,1.6658284E2,2.0350111E2],"tree_param":{"num_deleted":"0","num_feature":"27","num_nodes":"15","size_leaf_vector":"1"}},{"base_weights":[3.5282022E-3,-3.537796E-1,2.3479658E-1,-4.096542E-1,1.350399E0,7.746837E-1,1.05475016E-1,-2.1262897E-2,-7.188288E-2,1.5806125E-1,-0E0,-1.5290934E-1,8.84092E-2,-3.0169046E-2,1.8229812E-2],"categories":[],"categories_nodes":[],"categories_segments":[],"categories_sizes":[],"default_left":[0,0,0,0,0,0,0,0,0,0,0,0,0,0,0],"id":1,"left_children":[1,3,5,7,9,11,13,-1,-1,-1,-1,-1,-1,-1,-1],"loss_changes":[1.2986679E2,5.691394E1,6.4961784E1,3.4498993E1,4.805416E0,4.883912E1,2.4750095E1,0E0,0E0,0E0,0E0,0E0,0E0,0E0,0E0],"parents":[2147483647,0,0,1,1,2,2,3,3,4,4,5,5,6,6],"right_children":[2,4,6,8,10,12,14,-1,-1,-1,-1,-1,-1,-1,-1],"split_conditions":[-7.61433E-3,2.9264012E-1,4.4276666E-2,8.834911E-2,-1.0489653E-2,-2.3884673E-2,8.205834E-4,-2.1262897E-2,-7.188288E-2,1.5806125E-1,-0E0,-1.5290934E-1,8.84092E-2,-3.0169046E-2,1.8229812E-2],"split_indices":[11,9,9,9,10,16,24,0,0,0,0,0,0,0,0],"split_type":[0,0,0,0,0,0,0,0,0,0,0,0,0,0,0],"sum_hessian":[1.5731069E3,6.1410864E2,9.589983E2,5.965285E2,1.7580172E1,1.8112144E2,7.778769E2,3.7352E2,2.2300848E2,1.4277389E1,3.3027828E0,7.244814E0,1.7387663E2,1.198078E2,6.5806903E2],"tree_param":{"num_deleted":"0","num_feature":"27","num_nodes":"15","size_leaf_vector":"1"}},{"base_weights":[-0E0,2.1086387E-1,-3.8331375E-1,-1.3331054E0,2.618462E-1,-5.176467E-1,4.8797753E-1,-0E0,-1.5197492E-1,-6.295756E-4,4.207432E-2,-1.0667578E-1,-2.8395802E-2,6.451591E-2,-8.430069E-2],"categories":[],"categories_nodes":[],"categories_segments":[],"categories_sizes":[],"default_left":[0,0,0,0,0,0,0,0,0,0,0,0,0,0,0],"id":2,"left_children":[1,3,5,7,9,11,13,-1,-1,-1,-1,-1,-1,-1,-1],"loss_changes":[1.27237366E2,7.77151E1,6.5720604E1,1.061277E1,4.376719E1,5.9521027E1,1.5860056E1,0E0,0E0,0E0,0E0,0E0,0E0,0E0,0E0],"parents":[2147483647,0,0,1,1,2,2,3,3,4,4,5,5,6,6],"right_children":[2,4,6,8,10,12,14,-1,-1,-1,-1,-1,-1,-1,-1],"split_conditions":[5.625763E-2,-3.1999905E-2,2.2245578E-1,-1.7468715E-1,4.451038E1,-1.8461067E-2,6.820853E-2,-0E0,-1.5197492E-1,-6.295756E-4,4.207432E-2,-1.0667578E-1,-2.8395802E-2,6.451591E-2,-8.430069E-2],"split_indices":[25,17,9,2,20,17,0,0,0,0,0,0,0,0,0],"split_type":[0,0,0,0,0,0,0,0,0,0,0,0,0,0,0],"sum_hessian":[1.5715024E3,1.0132903E3,5.5821216E2,3.0282778E1,9.830075E2,4.8619043E2,7.20217E1,3.040418E0,2.724236E1,3.656647E2,6.173428E2,1.3879059E2,3.4739984E2,6.6123825E1,5.897879E0],"tree_param":{"num_deleted":"0","num_feature":"27","num_nodes":"15","size_leaf_vector":"1"}},{"base_weights":[-2.1541558E-2,-3.547506E-1,1.9990158E-1,-1.2551352E0,-2.2932236E-1,9.6261954E-1,9.535742E-2,8.391803E-3,-1.5072389E-1,2.1508211E-2,-3.7661076E-2,1.2375187E-2,1.2239671E-1,2.3114E-2,-2.7446317E-2],"categories":[],"categories_nodes":[],"categories_segments":[],"categories_sizes":[],"default_left":[0,0,0,0,0,0,0,0,0,0,0,0,0,0,0],"id":3,"left_children":[1,3,5,7,9,11,13,-1,-1,-1,-1,-1,-1,-1,-1],"loss_changes":[1.15355225E2,6.713777E1,7.187816E1,2.9611877E1,3.752516E1,2.1731865E1,4.212826E1,0E0,0E0,0E0,0E0,0E0,0E0,0E0,0E0],"parents":[2147483647,0,0,1,1,2,2,3,3,4,4,5,5,6,6],"right_children":[2,4,6,8,10,12,14,-1,-1,-1,-1,-1,-1,-1,-1],"split_conditions":[1.1944681E-3,-3.4688387E-2,3.053492E-2,-3.2777625E-1,3.2853317E-2,1.092706E-3,2.4795836E-2,8.391803E-3,-1.5072389E-1,2.1508211E-2,-3.7661076E-2,1.2375187E-2,1.2239671E-1,2.3114E-2,-2.7446317E-2],"split_indices":[24,17,25,2,25,17,17,0,0,0,0,0,0,0,0],"split_type":[0,0,0,0,0,0,0,0,0,0,0,0,0,0,0],"sum_hessian":[1.5569346E3,6.254586E2,9.3147595E2,7.33285E1,5.521301E2,1.088319E2,8.2264404E2,1.0772E1,6.25565E1,1.3527615E2,4.16854E2,2.8954613E1,7.987729E1,6.0513574E2,2.1750826E2],"tree_param":{"num_deleted":"0","num_feature":"27","num_nodes":"15","size_leaf_vector":"1"}}]},"name":"gbtree"},"learner_model_param":{"base_score":"5E-1","boost_from_average":"1","num_class":"0","num_feature":"27","num_target":"1"},"objective":{"name":"binary:logistic","reg_loss_param":{"scale_pos_weight":"3.61057329"}}},"version":[2,1,0]}