{"learner":{"attributes":{"scikit_learn":"{\"_estimator_type\": \"classifier\"}"},"feature_names":["bias_week","bias_month","bias_quarter","bias_year","rsi","macd","macd_signal","vol_change","close_change","bb_width","return_5d","return_10d","k_upper","k_lower","k_body","buy_power","rs_5d","rs_10d","dist_to_20d_high","dist_to_20d_low","kd_k","kd_d","kd_cross","gap_ratio","obv","atr_ratio","trend_strength"],"feature_types":["float","float","float","float","float","float","float","float","float","float","float","float","float","float","float","float","float","float","float","float","float","float","float","float","float","float","float"],"gradient_booster":{"model":{"gbtree_model_param":{"num_parallel_tree":"1","num_trees":"4"},"iteration_indptr":[0,1,2,3,4],"tree_info":[0,0,0,0],"trees":[{"base_weights":[1.0768106E-2,3.8236025E-1,-3.1652173E-1,7.973402E-1,1.4753242E-1,-5.68039E-1,-6.3602705E-3,6.793278E-2,1.3848189E-1,3.5615377E-2,-1.42478105E-2,4.5479927E-2,-6.678747E-2,3.364738E-2,-2.9358601E-2],"categories":[],"categories_nodes":[],"categories_segments":[],"categories_sizes":[],"default_left":[0,0,0,0,0,0,0,0,0,0,0,0,0,0,0],"id":0,"left_children":[1,3,5,7,9,11,13,-1,-1,-1,-1,-1,-1,-1,-1],"loss_changes":[1.8537846E2,6.758685E1,6.1624336E1,1.1680054E1,2.8983929E1,4.842383E1,3.6621216E1,0E0,0E0,0E0,0E0,0E0,0E0,0E0,0E0],"parents":[2147483647,0,0,1,1,2,2,3,3,4,4,5,5,6,6],"right_children":[2,4,6,8,10,12,14,-1,-1,-1,-1,-1,-1,-1,-1],"split_conditions":[4.255319E-2,3.5835937E-2,2.4102002E-4,2.856368E-1,7.0425835E1,2.7908253E-2,5.584092E-2,6.793278E-2,1.3848189E-1,3.5615377E-2,-1.42478105E-2,4.5479927E-2,-6.678747E-2,3.364738E-2,-2.9358601E-2],"split_indices":[18,25,24,3,20,25,25,0,0,0,0,0,0,0,0],"split_type":[0,0,0,0,0,0,0,0,0,0,0,0,0,0,0],"sum_hessian":[1.5213228E3,7.1560077E2,8.05722E2,2.54388E2,4.612128E2,4.405134E2,3.652086E2,2.1886139E2,3.55266E1,2.715242E2,1.896886E2,3.8695198E1,4.018182E2,1.6290039E2,2.023082E2],"tree_param":{"num_deleted":"0","num_feature":"27","num_nodes":"15","size_leaf_vector":"1"}},{"base_weights":[4.306894E-3,-3.382321E-1,2.3352112E-1,-3.9875302E-1,1.2834677E0,8.2282186E-1,7.942834E-2,-1.9587997E-2,-7.083333E-2,1.5166293E-1,-0E0,-1.5233962E-1,9.265505E-2,-5.781924E-2,1.9193018E-2],"categories":[],"categories_nodes":[],"categories_segments":[],"categories_sizes":[],"default_left":[0,0,0,0,0,0,0,0,0,0,0,0,0,0,0],"id":1,"left_children":[1,3,5,7,9,11,13,-1,-1,-1,-1,-1,-1,-1,-1],"loss_changes":[1.1978558E2,5.8207664E1,8.142943E1,3.5204094E1,5.854744E0,4.9062134E1,5.45921E1,0E0,0E0,0E0,0E0,0E0,0E0,0E0,0E0],"parents":[2147483647,0,0,1,1,2,2,3,3,4,4,5,5,6,6],"right_children":[2,4,6,8,10,12,14,-1,-1,-1,-1,-1,-1,-1,-1],"split_conditions":[-7.4073495E-3,2.8167647E-1,4.4414338E-2,8.760437E-2,-4.854114E-3,-2.4247717E-2,8.356947E-4,-1.9587997E-2,-7.083333E-2,1.5166293E-1,-0E0,-1.5233962E-1,9.265505E-2,-5.781924E-2,1.9193018E-2],"split_indices":[11,9,9,9,10,16,24,0,0,0,0,0,0,0,0],"split_type":[0,0,0,0,0,0,0,0,0,0,0,0,0,0,0],"sum_hessian":[1.5269197E3,6.0803015E2,9.188895E2,5.881224E2,1.9907763E1,1.8666151E2,7.32228E2,3.641744E2,2.2394797E2,1.6280113E1,3.6276488E0,6.994274E0,1.7966724E2,1.0414537E2,6.2808264E2],"tree_param":{"num_deleted":"0","num_feature":"27","num_nodes":"15","size_leaf_vector":"1"}},{"base_weights":[-2.0782477E-3,2.2529617E-1,-3.9178294E-1,-1.2880188E0,2.7681038E-1,2.2579446E-1,-5.5739224E-1,-1.4859629E-1,-0E0,7.093236E-2,1.8458948E-2,-0E0,1.16079405E-1,-7.928657E-2,-0E0],"categories":[],"categories_nodes":[],"categories_segments":[],"categories_sizes":[],"default_left":[0,0,0,0,0,0,0,0,0,0,0,0,0,0,0],"id":2,"left_children":[1,3,5,7,9,11,13,-1,-1,-1,-1,-1,-1,-1,-1],"loss_changes":[1.3546115E2,7.279904E1,5.8682198E1,1.0722099E1,3.482065E1,2.640618E1,5.880365E1,0E0,0E0,0E0,0E0,0E0,0E0,0E0,0E0],"parents":[2147483647,0,0,1,1,2,2,3,3,4,4,5,5,6,6],"right_children":[2,4,6,8,10,12,14,-1,-1,-1,-1,-1,-1,-1,-1],"split_conditions":[5.5268273E-2,-3.1943943E-2,-3.4687126E-1,1.3391112E-1,2.8618518E-2,-4.6590462E-2,8.256778E-2,-1.4859629E-1,-0E0,7.093236E-2,1.8458948E-2,-0E0,1.16079405E-1,-7.928657E-2,-0E0],"split_indices":[25,17,3,26,25,2,2,0,0,0,0,0,0,0,0],"split_type":[0,0,0,0,0,0,0,0,0,0,0,0,0,0,0],"sum_hessian":[1.5227963E3,9.582696E2,5.645267E2,2.9423994E1,9.288456E2,1.1642747E2,4.4809918E2,2.6308369E1,3.1156244E0,1.5404271E2,7.7480286E2,9.363785E1,2.2789623E1,3.095395E2,1.3855968E2],"tree_param":{"num_deleted":"0","num_feature":"27","num_nodes":"15","size_leaf_vector":"1"}},{"base_weights":[-2.3785923E-2,-3.9151275E-1,2.1593814E-1,3.4765995E-1,-5.582003E-1,4.2531458E-1,-8.64259E-2,7.44755E-2,-2.1793315E-2,-4.08886E-2,-1.2156973E-1,5.22744E-2,-2.184958E-2,8.61731E-2,-1.8377574E-2],"categories":[],"categories_nodes":[],"categories_segments":[],"categories_sizes":[],"default_left":[0,0,0,0,0,0,0,0,0,0,0,0,0,0,0],"id":3,"left_children":[1,3,5,7,9,11,13,-1,-1,-1,-1,-1,-1,-1,-1],"loss_changes":[1.3337466E2,7.444603E1,5.83762E1,2.6099907E1,4.377249E1,3.635402E1,3.3377087E1,0E0,0E0,0E0,0E0,0E0,0E0,0E0,0E0],"parents":[2147483647,0,0,1,1,2,2,3,3,4,4,5,5,6,6],"right_children":[2,4,6,8,10,12,14,-1,-1,-1,-1,-1,-1,-1,-1],"split_conditions":[1.1479747E-3,3.0881178E-2,8.8591464E-2,-1.0660064E-3,1.5601705E-1,6.1263915E-2,-4.1284052E-1,7.44755E-2,-2.1793315E-2,-4.08886E-2,-1.2156973E-1,5.22744E-2,-2.184958E-2,8.61731E-2,-1.8377574E-2],"split_indices":[24,25,9,24,3,25,3,0,0,0,0,0,0,0,0],"split_type":[0,0,0,0,0,0,0,0,0,0,0,0,0,0,0],"sum_hessian":[1.5068112E3,5.9814294E2,9.0866815E2,1.0740332E2,4.9073962E2,5.410888E2,3.6757938E2,6.4950836E1,4.2452484E1,4.0655273E2,8.418688E1,4.706378E2,7.0451004E1,3.1700222E1,3.3587915E2],"tree_param":{"num_deleted":"0","num_feature":"27","num_nodes":"15","size_leaf_vector":"1"}}]},"name":"gbtree"},"learner_model_param":{"base_score":"5E-1","boost_from_average":"1","num_class":"0","num_feature":"27","num_target":"1"},"objective":{"name":"binary:logistic","reg_loss_param":{"scale_pos_weight":"3.76079988"}}},"version":[2,1,0]}