{"learner":{"attributes":{"scikit_learn":"{\"_estimator_type\": \"classifier\"}"},"feature_names":["bias_week","bias_month","bias_quarter","bias_year","rsi","macd","macd_signal","vol_change","close_change","bb_width","return_5d","return_10d","k_upper","k_lower","k_body","buy_power","rs_5d","rs_10d","dist_to_20d_high","dist_to_20d_low","kd_k","kd_d","kd_cross","gap_ratio","obv","atr_ratio","trend_strength"],"feature_types":["float","float","float","float","float","float","float","float","float","float","float","float","float","float","float","float","float","float","float","float","float","float","float","float","float","float","float"],"gradient_booster":{"model":{"gbtree_model_param":{"num_parallel_tree":"1","num_trees":"10"},"iteration_indptr":[0,1,2,3,4,5,6,7,8,9,10],"tree_info":[0,0,0,0,0,0,0,0,0,0],"trees":[{"base_weights":[1.15265995E-2,3.7992787E-1,-3.130349E-1,7.966671E-1,1.4441529E-1,-5.624992E-1,-4.4287713E-3,6.786268E-2,1.3844103E-1,3.532392E-2,-1.4567107E-2,5.049247E-2,-6.685727E-2,3.3925064E-2,-2.9227054E-2],"categories":[],"categories_nodes":[],"categories_segments":[],"categories_sizes":[],"default_left":[0,0,0,0,0,0,0,0,0,0,0,0,0,0,0],"id":0,"left_children":[1,3,5,7,9,11,13,-1,-1,-1,-1,-1,-1,-1,-1],"loss_changes":[1.8226865E2,6.8113655E1,6.080935E1,1.1686661E1,2.9023304E1,5.3450653E1,3.6716152E1,0E0,0E0,0E0,0E0,0E0,0E0,0E0,0E0],"parents":[2147483647,0,0,1,1,2,2,3,3,4,4,5,5,6,6],"right_children":[2,4,6,8,10,12,14,-1,-1,-1,-1,-1,-1,-1,-1],"split_conditions":[4.2603534E-2,3.5835944E-2,2.3550485E-4,2.8563672E-1,7.042498E1,2.7908253E-2,5.5840924E-2,6.786268E-2,1.3844103E-1,3.532392E-2,-1.4567107E-2,5.049247E-2,-6.685727E-2,3.3925064E-2,-2.9227054E-2],"split_indices":[18,25,24,3,20,25,25,0,0,0,0,0,0,0,0],"split_type":[0,0,0,0,0,0,0,0,0,0,0,0,0,0,0],"sum_hessian":[1.5214005E3,7.157596E2,8.056409E2,2.5424521E2,4.615144E2,4.4107733E2,3.6456357E2,2.1874341E2,3.55018E1,2.716457E2,1.8986871E2,3.936511E1,4.0171225E2,1.6257375E2,2.019898E2],"tree_param":{"num_deleted":"0","num_feature":"27","num_nodes":"15","size_leaf_vector":"1"}},{"base_weights":[4.9808896E-3,-3.3499745E-1,2.3278242E-1,-3.953028E-1,1.2829653E0,8.2205087E-1,7.8721724E-2,-1.9030593E-2,-7.089945E-2,1.516265E-1,-0E0,-1.5239768E-1,9.2584625E-2,-5.646334E-2,1.9384848E-2],"categories":[],"categories_nodes":[],"categories_segments":[],"categories_sizes":[],"default_left":[0,0,0,0,0,0,0,0,0,0,0,0,0,0,0],"id":1,"left_children":[1,3,5,7,9,11,13,-1,-1,-1,-1,-1,-1,-1,-1],"loss_changes":[1.181655E2,5.789456E1,8.137366E1,3.61473E1,5.856449E0,4.9053375E1,5.465502E1,0E0,0E0,0E0,0E0,0E0,0E0,0E0,0E0],"parents":[2147483647,0,0,1,1,2,2,3,3,4,4,5,5,6,6],"right_children":[2,4,6,8,10,12,14,-1,-1,-1,-1,-1,-1,-1,-1],"split_conditions":[-7.380235E-3,2.8167644E-1,4.4414304E-2,8.760689E-2,-4.8840162E-3,-2.4240432E-2,9.2150853E-4,-1.9030593E-2,-7.089945E-2,1.516265E-1,-0E0,-1.5239768E-1,9.2584625E-2,-5.646334E-2,1.9384848E-2],"split_indices":[11,9,9,9,10,16,24,0,0,0,0,0,0,0,0],"split_type":[0,0,0,0,0,0,0,0,0,0,0,0,0,0,0],"sum_hessian":[1.5269926E3,6.08518E2,9.184745E2,5.886238E2,1.989423E1,1.8655287E2,7.3192163E2,3.647309E2,2.2389287E2,1.6268085E1,3.6261446E0,6.9941664E0,1.795587E2,1.0824398E2,6.236777E2],"tree_param":{"num_deleted":"0","num_feature":"27","num_nodes":"15","size_leaf_vector":"1"}},{"base_weights":[-3.328009E-3,2.2566363E-1,-3.8949534E-1,-1.2827096E0,2.7692312E-1,2.2489181E-1,-5.521447E-1,-1.4818543E-1,-0E0,5.3203586E-3,4.4674292E-2,-0E0,1.1600805E-1,-7.839626E-2,-4.6474912E-4],"categories":[],"categories_nodes":[],"categories_segments":[],"categories_sizes":[],"default_left":[0,0,0,0,0,0,0,0,0,0,0,0,0,0,0],"id":2,"left_children":[1,3,5,7,9,11,13,-1,-1,-1,-1,-1,-1,-1,-1],"loss_changes":[1.3514967E2,7.173406E1,5.7907616E1,1.0654129E1,3.462233E1,2.6396208E1,5.7478485E1,0E0,0E0,0E0,0E0,0E0,0E0,0E0,0E0],"parents":[2147483647,0,0,1,1,2,2,3,3,4,4,5,5,6,6],"right_children":[2,4,6,8,10,12,14,-1,-1,-1,-1,-1,-1,-1,-1],"split_conditions":[5.494366E-2,-3.194397E-2,-3.468713E-1,1.3391113E-1,1.5968247E-3,-4.677403E-2,8.256769E-2,-1.4818543E-1,-0E0,5.3203586E-3,4.4674292E-2,-0E0,1.1600805E-1,-7.839626E-2,-4.6474912E-4],"split_indices":[25,17,3,26,24,2,2,0,0,0,0,0,0,0,0],"split_type":[0,0,0,0,0,0,0,0,0,0,0,0,0,0,0],"sum_hessian":[1.5224429E3,9.5227686E2,5.701661E2,2.917135E1,9.231055E2,1.1637673E2,4.537893E2,2.6057251E1,3.1140997E0,4.097109E2,5.133946E2,9.3602066E1,2.277467E1,3.1309506E2,1.4069424E2],"tree_param":{"num_deleted":"0","num_feature":"27","num_nodes":"15","size_leaf_vector":"1"}},{"base_weights":[-2.497973E-2,-3.8097095E-1,2.1097247E-1,3.7969694E-1,-5.5218697E-1,4.190046E-1,-1.0111669E-1,7.895745E-2,-1.9602086E-2,-4.0111613E-2,-1.2174923E-1,5.167444E-2,-2.1320513E-2,1.4131701E-2,-5.459042E-2],"categories":[],"categories_nodes":[],"categories_segments":[],"categories_sizes":[],"default_left":[0,0,0,0,0,0,0,0,0,0,0,0,0,0,0],"id":3,"left_children":[1,3,5,7,9,11,13,-1,-1,-1,-1,-1,-1,-1,-1],"loss_changes":[1.2705639E2,7.935261E1,5.9392673E1,2.7733044E1,4.5452072E1,3.60879E1,4.0113384E1,0E0,0E0,0E0,0E0,0E0,0E0,0E0,0E0],"parents":[2147483647,0,0,1,1,2,2,3,3,4,4,5,5,6,6],"right_children":[2,4,6,8,10,12,14,-1,-1,-1,-1,-1,-1,-1,-1],"split_conditions":[1.2122683E-3,3.0881178E-2,8.947939E-2,-1.0660064E-3,1.5604652E-1,6.115549E-2,1.2389584E-1,7.895745E-2,-1.9602086E-2,-4.0111613E-2,-1.2174923E-1,5.167444E-2,-2.1320513E-2,1.4131701E-2,-5.459042E-2],"split_indices":[24,25,9,24,3,25,3,0,0,0,0,0,0,0,0],"split_type":[0,0,0,0,0,0,0,0,0,0,0,0,0,0,0],"sum_hessian":[1.506381E3,6.040498E2,9.023311E2,1.0837045E2,4.9567938E2,5.455844E2,3.5674673E2,6.5048E1,4.3322456E1,4.1050665E2,8.517272E1,4.732219E2,7.23625E1,2.2844325E2,1.2830348E2],"tree_param":{"num_deleted":"0","num_feature":"27","num_nodes":"15","size_leaf_vector":"1"}},{"base_weights":[5.5697825E-2,3.1520814E-1,-2.0515546E-1,7.8197396E-1,2.1663725E-1,5.898586E-2,-4.5671013E-1,1.4384588E-2,1.1432886E-1,7.876669E-2,8.86388E-3,-8.819042E-3,7.513181E-2,7.1184374E-2,-6.161807E-2],"categories":[],"categories_nodes":[],"categories_segments":[],"categories_sizes":[],"default_left":[0,0,0,0,0,0,0,0,0,0,0,0,0,0,0],"id":4,"left_children":[1,3,5,7,9,11,13,-1,-1,-1,-1,-1,-1,-1,-1],"loss_changes":[1.0517742E2,3.3549065E1,5.200386E1,2.8062614E1,4.573439E1,3.9925816E1,7.707029E1,0E0,0E0,0E0,0E0,0E0,0E0,0E0,0E0],"parents":[2147483647,0,0,1,1,2,2,3,3,4,4,5,5,6,6],"right_children":[2,4,6,8,10,12,14,-1,-1,-1,-1,-1,-1,-1,-1],"split_conditions":[4.800003E-2,2.973366E-2,5.494366E-2,-1.5322263E-3,-2.5165327E-2,2.615248E-3,-4.2059702E-1,1.4384588E-2,1.1432886E-1,7.876669E-2,8.86388E-3,-8.819042E-3,7.513181E-2,7.1184374E-2,-6.161807E-2],"split_indices":[18,25,25,17,2,24,3,0,0,0,0,0,0,0,0],"split_type":[0,0,0,0,0,0,0,0,0,0,0,0,0,0,0],"sum_hessian":[1.5483641E3,7.8042255E2,7.679416E2,1.3104228E2,6.493803E2,3.705495E2,3.9739212E2,5.0873173E1,8.016911E1,1.1328203E2,5.3609827E2,3.0375302E2,6.679649E1,4.6772156E1,3.5061996E2],"tree_param":{"num_deleted":"0","num_feature":"27","num_nodes":"15","size_leaf_vector":"1"}},{"base_weights":[2.244226E-2,4.2974845E-1,-1.7761984E-1,-8.453748E-2,5.800505E-1,-2.3524296E-1,6.8391496E-1,-8.14202E-2,1.24513265E-2,6.0194682E-2,-1.2277101E-1,-0E0,-4.6409428E-2,9.332917E-2,-0E0],"categories":[],"categories_nodes":[],"categories_segments":[],"categories_sizes":[],"default_left":[0,0,0,0,0,0,0,0,0,0,0,0,0,0,0],"id":5,"left_children":[1,3,5,7,9,11,13,-1,-1,-1,-1,-1,-1,-1,-1],"loss_changes":[1.2591653E2,4.061174E1,5.015821E1,1.9099073E1,1.8600311E1,5.2906445E1,1.1854483E1,0E0,0E0,0E0,0E0,0E0,0E0,0E0,0E0],"parents":[2147483647,0,0,1,1,2,2,3,3,4,4,5,5,6,6],"right_children":[2,4,6,8,10,12,14,-1,-1,-1,-1,-1,-1,-1,-1],"split_conditions":[3.992613E-2,-1.33929225E-2,2.2813551E-1,2.5304497E1,2.8515615E0,5.6330763E-2,7.5E-1,-8.14202E-2,1.24513265E-2,6.0194682E-2,-1.2277101E-1,-0E0,-4.6409428E-2,9.332917E-2,-0E0],"split_indices":[25,10,9,21,6,25,15,0,0,0,0,0,0,0,0],"split_type":[0,0,0,0,0,0,0,0,0,0,0,0,0,0,0],