{"learner":{"attributes":{"scikit_learn":"{\"_estimator_type\": \"classifier\"}"},"feature_names":["bias_week","bias_month","bias_quarter","bias_year","rsi","macd","macd_signal","vol_change","close_change","bb_width","return_5d","k_upper","k_lower","k_body","buy_power","rs_5d"],"feature_types":["float","float","float","float","float","float","float","float","float","float","float","float","float","float","float","float"],"gradient_booster":{"model":{"cats":{"enc":[],"feature_segments":[],"sorted_idx":[]},"gbtree_model_param":{"num_parallel_tree":"1","num_trees":"5"},"iteration_indptr":[0,1,2,3,4,5],"tree_info":[0,0,0,0,0],"trees":[{"base_weights":[-2.2926725E-2,6.517878E-2,-7.09208E-2,-1.9778736E-1,1.7040822E-1,7.9879435E-3,-2.5453487E-2,-4.2037494E-2,2.8304808E-2],"categories":[],"categories_nodes":[],"categories_segments":[],"categories_sizes":[],"default_left":[0,0,0,0,0,0,0,0,0],"id":0,"left_children":[1,-1,3,5,7,-1,-1,-1,-1],"loss_changes":[1.0683097E1,0E0,1.06778345E1,4.217614E0,7.4382696E0,0E0,0E0,0E0,0E0],"parents":[2147483647,0,0,2,2,3,3,4,4],"right_children":[2,-1,4,6,8,-1,-1,-1,-1],"split_conditions":[-5.027005E0,6.517878E-2,1.2401862E-1,-2.579914E0,-9.767653E-1,7.9879435E-3,-2.5453487E-2,-4.2037494E-2,2.8304808E-2],"split_indices":[5,0,3,6,6,0,0,0,0],"split_type":[0,0,0,0,0,0,0,0,0],"sum_hessian":[3.6765726E2,2.107715E1,3.465801E2,2.3329376E2,1.1328635E2,3.3999256E1,1.9929451E2,1.5146884E1,9.8139465E1],"tree_param":{"num_deleted":"0","num_feature":"16","num_nodes":"9","size_leaf_vector":"1"}},{"base_weights":[-1.1354331E-2,-5.967738E-2,1.1884818E-1,-2.1038479E-1,6.0527045E-2,1.8462248E-2,-3.0496953E-2,2.1285446E-2,-8.741503E-3],"categories":[],"categories_nodes":[],"categories_segments":[],"categories_sizes":[],"default_left":[0,0,0,0,0,0,0,0,0],"id":1,"left_children":[1,3,-1,5,7,-1,-1,-1,-1],"loss_changes":[1.892427E1,6.7766128E0,0E0,6.665942E0,4.6241484E0,0E0,0E0,0E0,0E0],"parents":[2147483647,0,0,1,1,3,3,4,4],"right_children":[2,4,-1,6,8,-1,-1,-1,-1],"split_conditions":[2.1136047E-1,7.0725456E-2,1.1884818E-1,-1.4195558E-2,1.9999695E-1,1.8462248E-2,-3.0496953E-2,2.1285446E-2,-8.741503E-3],"split_indices":[9,9,0,0,12,0,0,0,0],"split_type":[0,0,0,0,0,0,0,0,0],"sum_hessian":[3.6754932E2,3.5529163E2,1.2257694E1,1.6593996E2,1.8935165E2,2.804648E1,1.3789348E2,1.0041898E2,8.893266E1],"tree_param":{"num_deleted":"0","num_feature":"16","num_nodes":"9","size_leaf_vector":"1"}},{"base_weights":[5.89047E-3,4.4429347E-2,-5.945398E-2,-1.6705275E-1,2.0854434E-1,6.6046175E-3,-2.3593077E-2,4.6593167E-2,-0E0],"categories":[],"categories_nodes":[],"categories_segments":[],"categories_sizes":[],"default_left":[0,0,0,0,0,0,0,0,0],"id":2,"left_children":[1,-1,3,5,7,-1,-1,-1,-1],"loss_changes":[1.1394446E1,0E0,8.9308405E0,4.178809E0,5.359724E0,0E0,0E0,0E0,0E0],"parents":[2147483647,0,0,2,2,3,3,4,4],"right_children":[2,-1,4,6,8,-1,-1,-1,-1],"split_conditions":[-2.7627358E0,4.4429347E-2,1.7312158E0,-3.25205E-2,1.8181881E-1,6.6046175E-3,-2.3593077E-2,4.6593167E-2,-0E0],"split_indices":[6,0,6,10,12,0,0,0,0],"split_type":[0,0,0,0,0,0,0,0,0],"sum_hessian":[3.6405603E2,5.1275734E1,3.127803E2,2.2920029E2,8.358002E1,4.5887707E1,1.8331258E2,4.07097E1,4.2870316E1],"tree_param":{"num_deleted":"0","num_feature":"16","num_nodes":"9","size_leaf_vector":"1"}},{"base_weights":[1.539749E-2,4.1371953E-2,-3.5686944E-2,-2.8155893E-1,6.7093056E-3,-0E0,-4.5911554E-2],"categories":[],"categories_nodes":[],"categories_segments":[],"categories_sizes":[],"default_left":[0,0,0,0,0,0,0],"id":3,"left_children":[1,-1,3,5,-1,-1,-1],"loss_changes":[8.3303E0,0E0,8.563373E0,6.0596566E0,0E0,0E0,0E0],"parents":[2147483647,0,0,2,2,3,3],"right_children":[2,-1,4,6,-1,-1,-1],"split_conditions":[-6.071647E-2,4.1371953E-2,-1.3472991E-2,-2.9850675E-2,6.7093056E-3,-0E0,-4.5911554E-2],"split_indices":[1,0,1,10,0,0,0],"split_type":[0,0,0,0,0,0,0],"sum_hessian":[3.6395193E2,4.598254E1,3.179694E2,1.00499E2,2.174704E2,3.506386E1,6.543514E1],"tree_param":{"num_deleted":"0","num_feature":"16","num_nodes":"7","size_leaf_vector":"1"}},{"base_weights":[-5.5282963E-3,5.2694786E-2,-6.856104E-2,-1.8395126E-1,1.4196622E-1,-4.3813843E-2,-6.821439E-3,7.35488E-2,-0E0],"categories":[],"categories_nodes":[],"categories_segments":[],"categories_sizes":[],"default_left":[0,0,0,0,0,0,0,0,0],"id":4,"left_children":[1,-1,3,5,7,-1,-1,-1,-1],"loss_changes":[1.1468168E1,0E0,8.227435E0,5.4712934E0,9.370045E0,0E0,0E0,0E0,0E0],"parents":[2147483647,0,0,2,2,3,3,4,4],"right_children":[2,-1,4,6,8,-1,-1,-1,-1],"split_conditions":[-3.7595203E0,5.2694786E-2,1.2401862E-1,-2.1307336E-2,1.7837232E-1,-4.3813843E-2,-6.821439E-3,7.35488E-2,-0E0],"split_indices":[5,0,3,15,3,0,0,0,0],"split_type":[0,0,0,0,0,0,0,0,0],"sum_hessian":[3.6964917E2,3.5029152E1,3.3462E2,2.2307243E2,1.1154758E2,6.2790554E1,1.6028188E2,2.106042E1,9.048716E1],"tree_param":{"num_deleted":"0","num_feature":"16","num_nodes":"9","size_leaf_vector":"1"}}]},"name":"gbtree"},"learner_model_param":{"base_score":"[5E-1]","boost_from_average":"1","num_class":"0","num_feature":"16","num_target":"1"},"objective":{"name":"binary:logistic","reg_loss_param":{"scale_pos_weight":"0.222551927"}}},"version":[3,2,0]}