{"learner":{"attributes":{"scikit_learn":"{\"_estimator_type\": \"classifier\"}"},"feature_names":["bias_week","bias_month","bias_quarter","bias_year","rsi","macd","macd_signal","vol_change","close_change","bb_width","return_5d","return_10d","k_upper","k_lower","k_body","buy_power","rs_5d","rs_10d","dist_to_20d_high","dist_to_20d_low","kd_k","kd_d","kd_cross","gap_ratio","obv","atr_ratio","trend_strength"],"feature_types":["float","float","float","float","float","float","float","float","float","float","float","float","float","float","float","float","float","float","float","float","float","float","float","float","float","float","float"],"gradient_booster":{"model":{"gbtree_model_param":{"num_parallel_tree":"1","num_trees":"5"},"iteration_indptr":[0,1,2,3,4,5],"tree_info":[0,0,0,0,0],"trees":[{"base_weights":[1.020559E-2,3.7537158E-1,-3.1943518E-1,7.752471E-1,1.2512888E-1,-5.620484E-1,-1.7471695E-2,6.649936E-2,1.364237E-1,6.4127356E-2,2.77934E-3,8.373398E-3,-6.843207E-2,3.1476874E-2,-3.0105185E-2],"categories":[],"categories_nodes":[],"categories_segments":[],"categories_sizes":[],"default_left":[0,0,0,0,0,0,0,0,0,0,0,0,0,0,0],"id":0,"left_children":[1,3,5,7,9,11,13,-1,-1,-1,-1,-1,-1,-1,-1],"loss_changes":[1.8951868E2,7.290559E1,5.9028015E1,1.2525253E1,2.2036203E1,3.88015E1,3.5669296E1,0E0,0E0,0E0,0E0,0E0,0E0,0E0,0E0],"parents":[2147483647,0,0,1,1,2,2,3,3,4,4,5,5,6,6],"right_children":[2,4,6,8,10,12,14,-1,-1,-1,-1,-1,-1,-1,-1],"split_conditions":[4.2857125E-2,3.653556E-2,2.3179119E-4,2.8679517E-1,-2.6949957E-2,3.285332E-2,5.5984832E-2,6.649936E-2,1.364237E-1,6.4127356E-2,2.77934E-3,8.373398E-3,-6.843207E-2,3.1476874E-2,-3.0105185E-2],"split_indices":[18,25,24,3,2,25,25,0,0,0,0,0,0,0,0],"split_type":[0,0,0,0,0,0,0,0,0,0,0,0,0,0,0],"sum_hessian":[1.5716515E3,7.488348E2,8.228167E2,2.840762E2,4.6475858E2,4.5169354E2,3.7112314E2,2.4655682E2,3.7519375E1,6.8569115E1,3.9618945E2,7.168927E1,3.8000427E2,1.6730812E2,2.0381502E2],"tree_param":{"num_deleted":"0","num_feature":"27","num_nodes":"15","size_leaf_vector":"1"}},{"base_weights":[3.1494838E-3,-3.5594514E-1,2.3528787E-1,-4.119875E-1,1.3512549E0,7.7803993E-1,1.052799E-1,-2.1795442E-2,-7.16136E-2,1.5813415E-1,-0E0,-1.524751E-1,8.872976E-2,-3.0161986E-2,1.8204574E-2],"categories":[],"categories_nodes":[],"categories_segments":[],"categories_sizes":[],"default_left":[0,0,0,0,0,0,0,0,0,0,0,0,0,0,0],"id":1,"left_children":[1,3,5,7,9,11,13,-1,-1,-1,-1,-1,-1,-1,-1],"loss_changes":[1.3099962E2,5.7154778E1,6.569606E1,3.3310257E1,4.8029175E0,4.8809006E1,2.4724241E1,0E0,0E0,0E0,0E0,0E0,0E0,0E0,0E0],"parents":[2147483647,0,0,1,1,2,2,3,3,4,4,5,5,6,6],"right_children":[2,4,6,8,10,12,14,-1,-1,-1,-1,-1,-1,-1,-1],"split_conditions":[-7.61433E-3,2.926403E-1,4.4275988E-2,8.8385545E-2,-1.0489883E-2,-2.3881089E-2,8.234497E-4,-2.1795442E-2,-7.16136E-2,1.5813415E-1,-0E0,-1.524751E-1,8.872976E-2,-3.0161986E-2,1.8204574E-2],"split_indices":[11,9,9,9,10,16,24,0,0,0,0,0,0,0,0],"split_type":[0,0,0,0,0,0,0,0,0,0,0,0,0,0,0],"sum_hessian":[1.5730333E3,6.1363306E2,9.594002E2,5.960417E2,1.759136E1,1.8121802E2,7.781822E2,3.73236E2,2.228057E2,1.4287272E1,3.3040876E0,7.24507E0,1.7397296E2,1.1984219E2,6.5834E2],"tree_param":{"num_deleted":"0","num_feature":"27","num_nodes":"15","size_leaf_vector":"1"}},{"base_weights":[-0E0,2.1523535E-1,-3.8590312E-1,-1.3322961E0,2.6634482E-1,-5.19521E-1,4.7839665E-1,-1.5190494E-1,-0E0,-0E0,4.3240745E-2,-1.0483807E-1,-2.820942E-2,6.346196E-2,-8.4763885E-2],"categories":[],"categories_nodes":[],"categories_segments":[],"categories_sizes":[],"default_left":[0,0,0,0,0,0,0,0,0,0,0,0,0,0,0],"id":2,"left_children":[1,3,5,7,9,11,13,-1,-1,-1,-1,-1,-1,-1,-1],"loss_changes":[1.3035826E2,7.80925E1,6.497461E1,1.0617245E1,4.4036026E1,5.8332626E1,1.5721592E1,0E0,0E0,0E0,0E0,0E0,0E0,0E0,0E0],"parents":[2147483647,0,0,1,1,2,2,3,3,4,4,5,5,6,6],"right_children":[2,4,6,8,10,12,14,-1,-1,-1,-1,-1,-1,-1,-1],"split_conditions":[5.622672E-2,-3.1999882E-2,2.2239234E-1,1.4446296E-1,4.6316032E1,-1.7304635E-2,6.820841E-2,-1.5190494E-1,-0E0,-0E0,4.3240745E-2,-1.0483807E-1,-2.820942E-2,6.346196E-2,-8.4763885E-2],"split_indices":[25,17,9,26,20,17,0,0,0,0,0,0,0,0,0],"split_type":[0,0,0,0,0,0,0,0,0,0,0,0,0,0,0],"sum_hessian":[1.572094E3,1.0129961E3,5.5909796E2,3.0284576E1,9.827115E2,4.8679376E2,7.230417E1,2.7242882E1,3.0416937E0,3.8458517E2,5.9812634E2,1.4435226E2,3.4244153E2,6.640588E1,5.8982844E0],"tree_param":{"num_deleted":"0","num_feature":"27","num_nodes":"15","size_leaf_vector":"1"}},{"base_weights":[-2.069683E-2,-3.552656E-1,2.0094475E-1,-1.2557896E0,-2.2956176E-1,9.6372E-1,9.651763E-2,8.58393E-3,-1.5084001E-1,2.1845564E-2,-3.808505E-2,1.258488E-2,1.2246752E-1,2.3339828E-2,-2.771554E-2],"categories":[],"categories_nodes":[],"categories_segments":[],"categories_sizes":[],"default_left":[0,0,0,0,0,0,0,0,0,0,0,0,0,0,0],"id":3,"left_children":[1,3,5,7,9,11,13,-1,-1,-1,-1,-1,-1,-1,-1],"loss_changes":[1.1597071E2,6.71929E1,7.1918015E1,2.972213E1,3.8766964E1,2.1672806E1,4.299054E1,0E0,0E0,0E0,0E0,0E0,0E0,0E0,0E0],"parents":[2147483647,0,0,1,1,2,2,3,3,4,4,5,5,6,6],"right_children":[2,4,6,8,10,12,14,-1,-1,-1,-1,-1,-1,-1,-1],"split_conditions":[1.1897257E-3,-3.468837E-2,3.0534923E-2,-3.2777613E-1,3.3033244E-2,1.0768344E-3,2.4758315E-2,8.58393E-3,-1.5084001E-1,2.1845564E-2,-3.808505E-2,1.258488E-2,1.2246752E-1,2.3339828E-2,-2.771554E-2],"split_indices":[24,17,25,2,25,17,17,0,0,0,0,0,0,0,0],"split_type":[0,0,0,0,0,0,0,0,0,0,0,0,0,0,0],"sum_hessian":[1.5575253E3,6.244968E2,9.3302844E2,7.334868E1,5.511482E2,1.0889941E2,8.24129E2,1.0777287E1,6.257139E1,1.3699489E2,4.141533E2,2.8971066E1,7.992834E1,6.0654785E2,2.1758118E2],"tree_param":{"num_deleted":"0","num_feature":"27","num_nodes":"15","size_leaf_vector":"1"}},{"base_weights":[6.189291E-2,3.5841197E-1,-1.6776073E-1,8.4520924E-1,2.4144273E-1,7.98868E-2,-4.292697E-1,1.2876701E-2,1.1947049E-1,8.366155E-2,1.2019624E-2,2.1803467E-2,-5.3612325E-2,4.429178E-2,-5.9540343E-2],"categories":[],"categories_nodes":[],"categories_segments":[],"categories_sizes":[],"default_left":[0,0,0,0,0,0,0,0,0,0,0,0,0,0,0],"id":4,"left_children":[1,3,5,7,9,11,13,-1,-1,-1,-1,-1,-1,-1,-1],"loss_changes":[1.0924306E2,3.7326736E1,5.886777E1,3.0733955E1,3.905189E1,3.901445E1,6.652649E1,0E0,0E0,0E0,0E0,0E0,0E0,0E0,0E0],"parents":[2147483647,0,0,1,1,2,2,3,3,4,4,5,5,6,6],"right_children":[2,4,6,8,10,12,14,-1,-1,-1,-1,-1,-1,-1,-1],"split_conditions":[3.6496352E-2,3.0033218E-2,5.4471817E-2,-6.2401727E-4,-2.5165325E-2,8.734191E-1,-3.872757E-1,1.2876701E-2,1.1947049E-1,8.366155E-2,1.2019624E-2,2.1803467E-2,-5.3612325E-2,4.429178E-2,-5.9540343E-2],"split_indices":[18,25,25,17,2,5,3,0,0,0,0,0,0,0,0],"split_type":[0,0,0,0,0,0,0,0,0,0,0,0,0,0,0],"sum_hessian":[1.5962988E3,7.007951E2,8.9550366E2,1.3099248E2,5.698026E2,4.5582132E2,4.3968234E2,4.627083E1,8.472165E1,9.091163E1,4.7889102E2,3.7535687E2,8.046443E1,6.942339E1,3.7025894E2],"tree_param":{"num_deleted":"0","num_feature":"27","num_nodes":"15","size_leaf_vector":"1"}}]},"name":"gbtree"},"learner_model_param":{"base_score":"5E-1","boost_from_average":"1","num_class":"0","num_feature":"27","num_target":"1"},"objective":{"name":"binary:logistic","reg_loss_param":{"scale_pos_weight":"3.61326385"}}},"version":[2,1,0]}