{"learner":{"attributes":{"scikit_learn":"{\"_estimator_type\": \"classifier\"}"},"feature_names":["bias_week","bias_month","bias_quarter","bias_year","rsi","macd","macd_signal","vol_change","close_change","bb_width","return_5d","k_upper","k_lower","k_body","buy_power","rs_5d"],"feature_types":["float","float","float","float","float","float","float","float","float","float","float","float","float","float","float","float"],"gradient_booster":{"model":{"cats":{"enc":[],"feature_segments":[],"sorted_idx":[]},"gbtree_model_param":{"num_parallel_tree":"1","num_trees":"14"},"iteration_indptr":[0,1,2,3,4,5,6,7,8,9,10,11,12,13,14],"tree_info":[0,0,0,0,0,0,0,0,0,0,0,0,0,0],"trees":[{"base_weights":[-2.4721807E-2,6.8283536E-2,-7.500305E-2,-1.2687121E-1,3.4076348E-2,2.6549488E-2,-1.7098268E-2],"categories":[],"categories_nodes":[],"categories_segments":[],"categories_sizes":[],"default_left":[0,0,0,0,0,0,0],"id":0,"left_children":[1,-1,3,5,-1,-1,-1],"loss_changes":[1.1599452E1,0E0,6.920667E0,5.3232093E0,0E0,0E0,0E0],"parents":[2147483647,0,0,2,2,3,3],"right_children":[2,-1,4,6,-1,-1,-1],"split_conditions":[-5.1027107E0,6.8283536E-2,3.4707668E0,-3.1216288E-2,3.4076348E-2,2.6549488E-2,-1.7098268E-2],"split_indices":[5,0,5,0,0,0,0],"split_type":[0,0,0,0,0,0,0],"sum_hessian":[3.618984E2,2.0819546E1,3.4107886E2,3.0830997E2,3.276887E1,2.6712254E1,2.8159772E2],"tree_param":{"num_deleted":"0","num_feature":"16","num_nodes":"7","size_leaf_vector":"1"}},{"base_weights":[-1.6068218E-2,4.2996965E-2,-9.787622E-2,-3.2810166E-2,-1.3413257E-2,-1.9346675E-2,6.9862558E-3],"categories":[],"categories_nodes":[],"categories_segments":[],"categories_sizes":[],"default_left":[0,0,0,0,0,0,0],"id":1,"left_children":[1,-1,3,-1,5,-1,-1],"loss_changes":[1.2549846E1,0E0,5.3283305E0,0E0,3.8593118E0,0E0,0E0],"parents":[2147483647,0,0,2,2,4,4],"right_children":[2,-1,4,-1,6,-1,-1],"split_conditions":[-5.6220405E-2,4.2996965E-2,-1.9938402E-2,-3.2810166E-2,5.6108084E-2,-1.9346675E-2,6.9862558E-3],"split_indices":[1,0,15,0,9,0,0],"split_type":[0,0,0,0,0,0,0],"sum_hessian":[3.616824E2,5.1394573E1,3.1028784E2,7.542248E1,2.3486536E2,8.2639015E1,1.5222635E2],"tree_param":{"num_deleted":"0","num_feature":"16","num_nodes":"7","size_leaf_vector":"1"}},{"base_weights":[3.1269663E-3,4.7501415E-2,-6.996253E-2,-1.5717246E-1,1.485988E-1,8.607225E-3,-2.288963E-2,4.165196E-2,-7.0420275E-3],"categories":[],"categories_nodes":[],"categories_segments":[],"categories_sizes":[],"default_left":[0,0,0,0,0,0,0,0,0],"id":2,"left_children":[1,-1,3,5,7,-1,-1,-1,-1],"loss_changes":[1.3370529E1,0E0,5.8583612E0,4.3876243E0,5.5551343E0,0E0,0E0,0E0,0E0],"parents":[2147483647,0,0,2,2,3,3,4,4],"right_children":[2,-1,4,6,8,-1,-1,-1,-1],"split_conditions":[-2.7494497E0,4.7501415E-2,1.7457701E0,-3.2467563E-2,1.9999695E-1,8.607225E-3,-2.288963E-2,4.165196E-2,-7.0420275E-3],"split_indices":[6,0,6,10,12,0,0,0,0],"split_type":[0,0,0,0,0,0,0,0,0],"sum_hessian":[3.5787723E2,5.171206E1,3.061652E2,2.262317E2,7.993347E1,4.5316216E1,1.8091548E2,4.0318977E1,3.9614494E1],"tree_param":{"num_deleted":"0","num_feature":"16","num_nodes":"9","size_leaf_vector":"1"}},{"base_weights":[1.6489673E-2,3.9965466E-2,-3.400958E-2,-2.9949903E-1,6.510956E-2,-0E0,-4.821567E-2,1.798014E-2,-6.430914E-3],"categories":[],"categories_nodes":[],"categories_segments":[],"categories_sizes":[],"default_left":[0,0,0,0,0,0,0,0,0],"id":3,"left_children":[1,-1,3,5,7,-1,-1,-1,-1],"loss_changes":[7.8359556E0,0E0,8.749222E0,5.574316E0,3.6032362E0,0E0,0E0,0E0,0E0],"parents":[2147483647,0,0,2,2,3,3,4,4],"right_children":[2,-1,4,6,8,-1,-1,-1,-1],"split_conditions":[-6.0499005E-2,3.9965466E-2,-1.6099354E-2,-2.9735725E-2,5.238092E-1,-0E0,-4.821567E-2,1.798014E-2,-6.430914E-3],"split_indices":[1,0,1,10,14,0,0,0,0],"split_type":[0,0,0,0,0,0,0,0,0],"sum_hessian":[3.5883792E2,4.657517E1,3.1226276E2,9.102942E1,2.2123335E2,3.2918083E1,5.8111332E1,1.2596341E2,9.5269936E1],"tree_param":{"num_deleted":"0","num_feature":"16","num_nodes":"9","size_leaf_vector":"1"}},{"base_weights":[-0E0,5.3050905E-2,-6.492077E-2,-3.1451118E-1,1.3888507E-3,-6.668916E-2,-7.6857936E-3],"categories":[],"categories_nodes":[],"categories_segments":[],"categories_sizes":[],"default_left":[0,0,0,0,0,0,0],"id":4,"left_children":[1,-1,3,5,-1,-1,-1],"loss_changes":[1.16217375E1,0E0,7.103907E0,5.53397E0,0E0,0E0,0E0],"parents":[2147483647,0,0,2,2,3,3],"right_children":[2,-1,4,6,-1,-1,-1],"split_conditions":[-3.7172804E0,5.3050905E-2,-2.1257367E-2,-1.446582E0,1.3888507E-3,-6.668916E-2,-7.6857936E-3],"split_indices":[5,0,15,6,0,0,0],"split_type":[0,0,0,0,0,0,0],"sum_hessian":[3.6190167E2,3.5750305E1,3.2615137E2,8.516114E1,2.4099023E2,3.0090572E1,5.5070564E1],"tree_param":{"num_deleted":"0","num_feature":"16","num_nodes":"7","size_leaf_vector":"1"}},{"base_weights":[2.912442E-2,-0E0,8.07846E-2,-7.966699E-2,1.9364646E-1,2.7592147E-2,-1.4616937E-2,5.7435747E-2,2.878964E-3],"categories":[],"categories_nodes":[],"categories_segments":[],"categories_sizes":[],"default_left":[0,0,0,0,0,0,0,0,0],"id":5,"left_children":[1,3,-1,5,7,-1,-1,-1,-1],"loss_changes":[8.105907E0,5.308603E0,0E0,5.60161E0,4.9956408E0,0E0,0E0,0E0,0E0],"parents":[2147483647,0,0,1,1,3,3,4,4],"right_children":[2,4,-1,6,8,-1,-1,-1,-1],"split_conditions":[2.082815E-1,1.2453168E-1,8.07846E-2,-3.3619654E0,1.8749163E-1,2.7592147E-2,-1.4616937E-2,5.7435747E-2,2.878964E-3],"split_indices":[9,3,0,5,3,0,0,0,0],"split_type":[0,0,0,0,0,0,0,0,0],"sum_hessian":[3.561748E2,3.435743E2,1.2600478E1,2.4327362E2,1.00300705E2,3.3359154E1,2.0991446E2,2.5865507E1,7.44352E1],"tree_param":{"num_deleted":"0","num_feature":"16","num_nodes":"9","size_leaf_vector":"1"}},{"base_weights":[-1.2543144E-2,4.3374628E-1,-7.334573E-2,8.724858E-3,9.015333E-2,1.9781771E-1,-1.3917387E-1,-7.916994E-3,3.9660648E-2,-2.3213234E-2,1.0972398E-3],"categories":[],"categories_nodes":[],"categories_segments":[],"categories_sizes":[],"default_left":[0,0,0,0,0,0,0,0,0,0,0],"id":6,"left_children":[1,3,5,-1,-1,7,9,-1,-1,-1,-1],"loss_changes":[8.869936E0,4.0445256E0,5.5546145E0,0E0,0E0,3.8390744E0,4.249643E0,0E0,0E0,0E0,0E0],"parents":[2147483647,0,0,1,1,2,2,5,5,6,6],"right_children":[2,4,6,-1,-1,8,10,-1,-1,-1,-1],"split_conditions":[-2.7423087E-1,1.1429412E-3,-3.571443E-2,8.724858E-3,9.015333E-2,6.250149E-2,1.2453168E-1,-7.916994E-3,3.9660648E-2,-2.3213234E-2,1.0972398E-3],"split_indices":[3,8,10,0,0,14,3,0,0,0,0],"split_type":[0,0,0,0,0,0,0,0,0,0,0],"sum_hessian":[3.56649E2,3.8260567E1,3.183884E2,2.494279E1,1.3317779E1,5.5473595E1,2.6291483E2,1.868166E1,3.6791935E1,1.703502E2,9.2564606E1],"tree_param":{"num_deleted":"0","num_feature":"16","num_nodes":"11","size_leaf_vector":"1"}},{"base_weights":[-5.7378397E-3,1.8983744E-2,-8.056529E-3],"categories":[],"categories_nodes":[],"categories_segments":[],"categories_sizes":[],"default_left":[0,0,0],"id":7,"left_children":[1,-1,-1],"loss_changes":[5.1945963E0,0E0,0E0],"parents":[2147483647,0,0],"right_children":[2,-1,-1],"split_conditions":[-5.3996693E-2,1.8983744E-2,-8.056529E-3],"split_indices":[2,0,0],"split_type":[0,0,0],"sum_hessian":[3.6570276E2,9.295754E1,2.727452E2],"tree_param":{"num_deleted":"0","num_feature":"16","num_nodes":"3","size_leaf_vector":"1"}},{"base_weights":[4.1429706E-2,3.5411038E-2,-0E0],"categories":[],"categories_nodes":[],"categories_segments":[],"categories_sizes":[],"default_left":[0,0,0],"id":8,"left_children":[1,-1,-1],"loss_changes":[4.626077E0,0E0,0E0],"parents":[2147483647,0,0],"right_children":[2,-1,-1],"split_conditions":[-3.3619654E0,3.5411038E-2,-0E0],"split_indices":[5,0,0],"split_type":[0,0,0],"sum_hessian":[3.4944705E2,4.093459E1,3.0851245E2],"tree_param":{"num_deleted":"0","num_feature":"16","num_nodes":"3","size_leaf_vector":"1"}},{"base_weights":[3.0667212E-2,4.289018E-2,-2.5766924E-2,-1.6675014E-2,5.7741415E-2,6.591267E-2,3.5424883E-4],"categories":[],"categories_nodes":[],"categories_segments":[],"categories_sizes":[],"default_left":[0,0,0,0,0,0,0],"id":9,"left_children":[1,-1,3,-1,5,-1,-1],