{"learner":{"attributes":{"scikit_learn":"{\"_estimator_type\": \"classifier\"}"},"feature_names":["bias_week","bias_month","bias_quarter","bias_year","rsi","macd","macd_signal","vol_change","close_change","bb_width","return_5d","k_upper","k_lower","k_body","buy_power","rs_5d"],"feature_types":["float","float","float","float","float","float","float","float","float","float","float","float","float","float","float","float"],"gradient_booster":{"model":{"cats":{"enc":[],"feature_segments":[],"sorted_idx":[]},"gbtree_model_param":{"num_parallel_tree":"1","num_trees":"8"},"iteration_indptr":[0,1,2,3,4,5,6,7,8],"tree_info":[0,0,0,0,0,0,0,0],"trees":[{"base_weights":[2.6168957E-2,-1.2109645E-1,3.8387993E-1,2.8628162E-1,-5.216917E-1,1.01373255E-1,2.5325006E-1,9.601315E-3,8.652077E-2,-0E0,-6.353785E-2,4.9434774E-2,-0E0],"categories":[],"categories_nodes":[],"categories_segments":[],"categories_sizes":[],"default_left":[0,0,0,0,0,0,0,0,0,0,0,0,0],"id":0,"left_children":[1,3,5,7,9,-1,11,-1,-1,-1,-1,-1,-1],"loss_changes":[2.1851007E1,4.6466976E1,7.2857113E0,1.2995428E1,9.541637E0,0E0,6.6002345E0,0E0,0E0,0E0,0E0,0E0,0E0],"parents":[2147483647,0,0,1,1,2,2,3,3,4,4,6,6],"right_children":[2,4,6,8,10,-1,12,-1,-1,-1,-1,-1,-1],"split_conditions":[1.1468336E-1,-6.35241E-2,-4.8797083E-1,2.6953766E-1,-1.1134593E0,1.01373255E-1,3.597154E-3,9.601315E-3,8.652077E-2,-0E0,-6.353785E-2,4.9434774E-2,-0E0],"split_indices":[3,3,5,6,5,0,8,0,0,0,0,0,0],"split_type":[0,0,0,0,0,0,0,0,0,0,0,0,0],"sum_hessian":[4.0340665E2,2.8133377E2,1.2207286E2,1.3670671E2,1.4462706E2,1.7722364E1,1.043505E2,1.0627402E2,3.0432693E1,2.5446869E1,1.191802E2,5.346951E1,5.088099E1],"tree_param":{"num_deleted":"0","num_feature":"16","num_nodes":"13","size_leaf_vector":"1"}},{"base_weights":[-2.8113393E-2,-1.550195E-1,6.1151247E-2,-3.8482703E-2,-6.629399E-2,-2.1510776E-3,-6.67357E-2],"categories":[],"categories_nodes":[],"categories_segments":[],"categories_sizes":[],"default_left":[0,0,0,0,0,0,0],"id":1,"left_children":[1,3,-1,-1,5,-1,-1],"loss_changes":[3.2640293E1,6.143244E0,0E0,0E0,5.4219337E0,0E0,0E0],"parents":[2147483647,0,0,1,1,4,4],"right_children":[2,4,-1,-1,6,-1,-1],"split_conditions":[1.2929556E-1,3.9160375E-2,6.1151247E-2,-3.8482703E-2,5.507131E-2,-2.1510776E-3,-6.67357E-2],"split_indices":[9,9,0,0,15,0,0],"split_type":[0,0,0,0,0,0,0],"sum_hessian":[4.115828E2,3.4684903E2,6.4733765E1,8.8598625E1,2.582504E2,2.440933E2,1.4157111E1],"tree_param":{"num_deleted":"0","num_feature":"16","num_nodes":"7","size_leaf_vector":"1"}},{"base_weights":[-0E0,-1.3608342E-1,3.9875108E-1,2.6035577E-1,-3.4391305E-1,-0E0,4.8794016E-1,1.0341922E-1,1.1232912E-2,-5.9228923E-2,2.4389375E-2,2.8078554E-2,8.6713605E-2],"categories":[],"categories_nodes":[],"categories_segments":[],"categories_sizes":[],"default_left":[0,0,0,0,0,0,0,0,0,0,0,0,0],"id":2,"left_children":[1,3,5,7,9,-1,11,-1,-1,-1,-1,-1,-1],"loss_changes":[2.1599693E1,2.5615614E1,3.7183027E0,9.171913E0,3.1586378E1,0E0,3.8872833E0,0E0,0E0,0E0,0E0,0E0,0E0],"parents":[2147483647,0,0,1,1,2,2,3,3,4,4,6,6],"right_children":[2,4,6,8,10,-1,12,-1,-1,-1,-1,-1,-1],"split_conditions":[1.2658203E0,-8.011676E-2,-4.6837062E-1,-6.013954E0,1.0609306E-1,-0E0,3.3746507E0,1.0341922E-1,1.1232912E-2,-5.9228923E-2,2.4389375E-2,2.8078554E-2,8.6713605E-2],"split_indices":[6,3,7,6,3,0,6,0,0,0,0,0,0],"split_type":[0,0,0,0,0,0,0,0,0,0,0,0,0],"sum_hessian":[4.0828442E2,3.0845105E2,9.98334E1,1.023496E2,2.0610144E2,1.7569311E1,8.2264084E1,1.3702287E1,8.8647316E1,1.4687776E2,5.9223686E1,5.7650673E1,2.461341E1],"tree_param":{"num_deleted":"0","num_feature":"16","num_nodes":"13","size_leaf_vector":"1"}},{"base_weights":[-1.4685911E-2,-5.7150465E-2,6.418131E-2,4.543664E-2,-1.0344009E-1,-2.235051E-2,4.269513E-3],"categories":[],"categories_nodes":[],"categories_segments":[],"categories_sizes":[],"default_left":[0,0,0,0,0,0,0],"id":3,"left_children":[1,3,-1,-1,5,-1,-1],"loss_changes":[1.0221793E1,8.493007E0,0E0,0E0,6.8643446E0,0E0,0E0],"parents":[2147483647,0,0,1,1,4,4],"right_children":[2,4,-1,-1,6,-1,-1],"split_conditions":[4.3877993E0,-4.403229E0,6.418131E-2,4.543664E-2,3.2144928E-1,-2.235051E-2,4.269513E-3],"split_indices":[5,5,0,0,5,0,0],"split_type":[0,0,0,0,0,0,0],"sum_hessian":[4.1094125E2,3.8942725E2,2.1513983E1,2.8033287E1,3.6139398E2,2.0564859E2,1.5574538E2],"tree_param":{"num_deleted":"0","num_feature":"16","num_nodes":"7","size_leaf_vector":"1"}},{"base_weights":[6.5764654E-3,-1.00760035E-1,5.066142E-1,-2.4066773E-1,2.3666275E-1,6.718254E-2,-0E0,1.735826E-3,-4.595888E-2,8.7898776E-2,7.539222E-3],"categories":[],"categories_nodes":[],"categories_segments":[],"categories_sizes":[],"default_left":[0,0,0,0,0,0,0,0,0,0,0],"id":4,"left_children":[1,3,5,7,9,-1,-1,-1,-1,-1,-1],"loss_changes":[2.2895428E1,1.5754953E1,5.8664474E0,1.4826972E1,7.5344243E0,0E0,0E0,0E0,0E0,0E0,0E0],"parents":[2147483647,0,0,1,1,2,2,3,3,4,4],"right_children":[2,4,6,8,10,-1,-1,-1,-1,-1,-1],"split_conditions":[1.1793863E-1,1.0609306E-1,2.7333173E-1,-5.9649814E-2,-2.7170566E-1,6.718254E-2,-0E0,1.735826E-3,-4.595888E-2,8.7898776E-2,7.539222E-3],"split_indices":[9,3,3,3,6,0,0,0,0,0,0],"split_type":[0,0,0,0,0,0,0,0,0,0,0],"sum_hessian":[4.0937827E2,3.333714E2,7.600689E1,2.4039767E2,9.297371E1,5.5288364E1,2.0718527E1,1.0665828E2,1.337394E2,1.5586659E1,7.738705E1],"tree_param":{"num_deleted":"0","num_feature":"16","num_nodes":"11","size_leaf_vector":"1"}},{"base_weights":[1.7082583E-2,-1.0925337E-1,4.2148635E-2,-2.427606E-1,2.7640957E-1,1.408277E-3,-4.666766E-2,5.2563116E-2,-0E0],"categories":[],"categories_nodes":[],"categories_segments":[],"categories_sizes":[],"default_left":[0,0,0,0,0,0,0,0,0],"id":5,"left_children":[1,3,-1,5,7,-1,-1,-1,-1],"loss_changes":[2.1580357E1,1.5635598E1,0E0,1.4542496E1,6.0897436E0,0E0,0E0,0E0,0E0],"parents":[2147483647,0,0,1,1,3,3,4,4],"right_children":[2,4,-1,6,8,-1,-1,-1,-1],"split_conditions":[1.0360435E-1,1.3758571E-1,4.2148635E-2,-5.035986E-2,1.181198E-1,1.408277E-3,-4.666766E-2,5.2563116E-2,-0E0],"split_indices":[9,3,0,3,7,0,0,0,0],"split_type":[0,0,0,0,0,0,0,0,0],"sum_hessian":[4.0491208E2,3.049639E2,9.9948166E1,2.3090485E2,7.405906E1,1.0386019E2,1.2704465E2,4.178659E1,3.227247E1],"tree_param":{"num_deleted":"0","num_feature":"16","num_nodes":"9","size_leaf_vector":"1"}},{"base_weights":[-9.52831E-3,2.7473766E-1,-1.3088699E-1,-0E0,7.751117E-2,-3.6334375E-1,1.6299313E-1,3.7329037E-2,-3.9100483E-2,-4.1391313E-2,-0E0,9.180992E-2,4.9219397E-3],"categories":[],"categories_nodes":[],"categories_segments":[],"categories_sizes":[],"default_left":[0,0,0,0,0,0,0,0,0,0,0,0,0],"id":6,"left_children":[1,3,5,7,-1,9,11,-1,-1,-1,-1,-1,-1],"loss_changes":[1.364719E1,1.4431236E1,2.0224937E1,1.1507054E1,0E0,3.810999E0,8.481094E0,0E0,0E0,0E0,0E0,0E0,0E0],"parents":[2147483647,0,0,1,1,2,2,3,3,5,5,6,6],"right_children":[2,4,6,8,-1,10,12,-1,-1,-1,-1,-1,-1],"split_conditions":[-8.256038E-2,-7.25695E-1,1.0609306E-1,-2.580272E0,7.751117E-2,1.41675E0,-3.9114214E-2,3.7329037E-2,-3.9100483E-2,-4.1391313E-2,-0E0,9.180992E-2,4.9219397E-3],"split_indices":[3,6,3,6,0,6,1,0,0,0,0,0,0],"split_type":[0,0,0,0,0,0,0,0,0,0,0,0,0],"sum_hessian":[4.0483377E2,1.155345E2,2.8929926E2,7.768167E1,3.7852825E1,1.658033E2,1.23495964E2,4.2501534E1,3.5180138E1,1.4759952E2,1.8203789E1,1.333941E1,1.10156555E2],"tree_param":{"num_deleted":"0","num_feature":"16","num_nodes":"13","size_leaf_vector":"1"}},{"base_weights":[2.2852685E-2,-9.531795E-3,5.0389126E-2,8.5340366E-2,-1.20683955E-2,3.542203E-2,-1.03469575E-2],"categories":[],"categories_nodes":[],"categories_segments":[],"categories_sizes":[],"default_left":[0,0,0,0,0,0,0],"id":7,"left_children":[1,3,-1,5,-1,-1,-1],"loss_changes":[7.5339246E0,4.105846E0,0E0,1.0571129E1,0E0,0E0,0E0],"parents":[2147483647,0,0,1,1,3,3],"right_children":[2,4,-1,6,-1,-1,-1],"split_conditions":[3.9349988E-2,-2.700675E-2,5.0389126E-2,-5.6177923E-3,-1.20683955E-2,3.542203E-2,-1.03469575E-2],"split_indices":[0,7,0,10,0,0,0],"split_type":[0,0,0,0,0,0,0],