{"learner":{"attributes":{"scikit_learn":"{\"_estimator_type\": \"classifier\"}"},"feature_names":["bias_week","bias_month","bias_quarter","bias_year","rsi","macd","macd_signal","vol_change","close_change","bb_width","return_5d","k_upper","k_lower","k_body","buy_power","rs_5d","obv","atr_ratio","trend_strength"],"feature_types":["float","float","float","float","float","float","float","float","float","float","float","float","float","float","float","float","float","float","float"],"gradient_booster":{"model":{"cats":{"enc":[],"feature_segments":[],"sorted_idx":[]},"gbtree_model_param":{"num_parallel_tree":"1","num_trees":"4"},"iteration_indptr":[0,1,2,3,4],"tree_info":[0,0,0,0],"trees":[{"base_weights":[-0E0,4.503331E-1,-2.9284227E-1,1.1799954E-1,2.2025126E-1,-8.2784724E-1,2.2636862E-1,-7.979349E-3,5.8237292E-2,-9.277996E-2,-0E0,8.610478E-2,6.392018E-3],"categories":[],"categories_nodes":[],"categories_segments":[],"categories_sizes":[],"default_left":[0,0,0,0,0,0,0,0,0,0,0,0,0],"id":0,"left_children":[1,3,5,-1,7,9,11,-1,-1,-1,-1,-1,-1],"loss_changes":[6.1714394E1,2.80145E1,8.071266E1,0E0,1.6850698E1,1.3839645E1,1.2738348E1,0E0,0E0,0E0,0E0,0E0,0E0],"parents":[2147483647,0,0,1,1,2,2,4,4,5,5,6,6],"right_children":[2,4,6,-1,8,10,12,-1,-1,-1,-1,-1,-1],"split_conditions":[-5.8179395E-3,1.7765341E-2,7.77809E-1,1.1799954E-1,4.4049326E-2,2.0463072E-2,1.8821253E-2,-7.979349E-3,5.8237292E-2,-9.277996E-2,-0E0,8.610478E-2,6.392018E-3],"split_indices":[3,17,5,0,18,0,17,0,0,0,0,0,0],"split_type":[0,0,0,0,0,0,0,0,0,0,0,0,0],"sum_hessian":[4.6900275E2,1.8345206E2,2.855507E2,4.114452E1,1.4230754E2,1.4275206E2,1.4279863E2,7.48589E1,6.744863E1,1.2764452E2,1.5107534E1,2.590274E1,1.1689589E2],"tree_param":{"num_deleted":"0","num_feature":"19","num_nodes":"13","size_leaf_vector":"1"}},{"base_weights":[5.8492995E-3,3.9413685E-1,-2.4435204E-1,1.2755118E-1,1.1330405E-1,-7.532278E-1,2.5120157E-1,-0E0,1.13931224E-1,-1.018701E-1,-1.0499959E-2,-5.6746945E-2,4.686083E-2],"categories":[],"categories_nodes":[],"categories_segments":[],"categories_sizes":[],"default_left":[0,0,0,0,0,0,0,0,0,0,0,0,0],"id":1,"left_children":[1,3,5,-1,7,9,11,-1,-1,-1,-1,-1,-1],"loss_changes":[4.552479E1,4.3359478E1,7.1586685E1,0E0,1.6759705E1,2.2256622E1,2.5167305E1,0E0,0E0,0E0,0E0,0E0,0E0],"parents":[2147483647,0,0,1,1,2,2,4,4,5,5,6,6],"right_children":[2,4,6,-1,8,10,12,-1,-1,-1,-1,-1,-1],"split_conditions":[-5.8179395E-3,2.7729126E-2,6.612876E-1,1.2755118E-1,4.240123E-2,7.194269E-3,4.0340044E-2,-0E0,1.13931224E-1,-1.018701E-1,-1.0499959E-2,-5.6746945E-2,4.686083E-2],"split_indices":[3,9,5,0,2,0,9,0,0,0,0,0,0],"split_type":[0,0,0,0,0,0,0,0,0,0,0,0,0],"sum_hessian":[4.649717E2,1.8571948E2,2.7925223E2,4.2493465E1,1.4322603E2,1.3999876E2,1.3925345E2,1.2920334E2,1.4022684E1,9.591946E1,4.4079308E1,2.7305773E1,1.1194767E2],"tree_param":{"num_deleted":"0","num_feature":"19","num_nodes":"13","size_leaf_vector":"1"}},{"base_weights":[-2.0757677E-2,4.5142224E-1,-1.7155336E-1,1.15347594E-1,1.0057136E-1,-3.331915E-1,1.9974004E-1,-2.9744413E-2,8.2017444E-2,-3.3826625E-3,-7.960762E-2,5.0454505E-2,-5.9606187E-2],"categories":[],"categories_nodes":[],"categories_segments":[],"categories_sizes":[],"default_left":[0,0,0,0,0,0,0,0,0,0,0,0,0],"id":2,"left_children":[1,3,5,-1,7,9,11,-1,-1,-1,-1,-1,-1],"loss_changes":[3.1353516E1,2.3377218E1,2.095617E1,0E0,2.231931E1,3.2358253E1,2.4588625E1,0E0,0E0,0E0,0E0,0E0,0E0],"parents":[2147483647,0,0,1,1,2,2,4,4,5,5,6,6],"right_children":[2,4,6,-1,8,10,12,-1,-1,-1,-1,-1,-1],"split_conditions":[1.7765341E-2,-1.2646347E-2,6.0889054E-2,1.15347594E-1,3.1709075E-2,-1.3252402E-2,1.0585469E-1,-2.9744413E-2,8.2017444E-2,-3.3826625E-3,-7.960762E-2,5.0454505E-2,-5.9606187E-2],"split_indices":[17,15,2,0,9,2,9,0,0,0,0,0,0],"split_type":[0,0,0,0,0,0,0,0,0,0,0,0,0],"sum_hessian":[4.4904062E2,1.0503696E2,3.4400363E2,3.251209E1,7.252487E1,2.4390326E2,1.0010038E2,4.4777313E1,2.7747559E1,1.5195099E2,9.195228E1,7.4285515E1,2.5814869E1],"tree_param":{"num_deleted":"0","num_feature":"19","num_nodes":"13","size_leaf_vector":"1"}},{"base_weights":[-4.3390933E-2,2.4763308E-1,-2.4446675E-1,6.2206954E-1,-3.65207E-2,-5.434209E-1,7.7564955E-2,1.15470685E-1,1.2294609E-2,-3.774878E-2,3.1866733E-2,-0E0,-1.2136754E-1,-6.6261254E-2,3.365314E-2],"categories":[],"categories_nodes":[],"categories_segments":[],"categories_sizes":[],"default_left":[0,0,0,0,0,0,0,0,0,0,0,0,0,0,0],"id":3,"left_children":[1,3,5,7,9,11,13,-1,-1,-1,-1,-1,-1,-1,-1],"loss_changes":[2.7058943E1,2.0943336E1,2.7827726E1,1.9490688E1,1.263495E1,5.3931496E1,2.4701218E1,0E0,0E0,0E0,0E0,0E0,0E0,0E0,0E0],"parents":[2147483647,0,0,1,1,2,2,3,3,4,4,5,5,6,6],"right_children":[2,4,6,8,10,12,14,-1,-1,-1,-1,-1,-1,-1,-1],"split_conditions":[2.138434E-2,-8.29471E-3,1.24829665E-1,-4.0125236E-1,1.6669185E-1,-4.455186E-2,-5.3357715E-3,1.15470685E-1,1.2294609E-2,-3.774878E-2,3.1866733E-2,-0E0,-1.2136754E-1,-6.6261254E-2,3.365314E-2],"split_indices":[17,3,3,6,4,3,4,0,0,0,0,0,0,0,0],"split_type":[0,0,0,0,0,0,0,0,0,0,0,0,0,0,0],"sum_hessian":[4.6236807E2,1.8433842E2,2.7802963E2,8.291747E1,1.0142096E2,1.4778374E2,1.3024591E2,3.7494633E1,4.542284E1,5.4913883E1,4.6507076E1,8.2661255E1,6.512248E1,3.1569304E1,9.86766E1],"tree_param":{"num_deleted":"0","num_feature":"19","num_nodes":"15","size_leaf_vector":"1"}}]},"name":"gbtree"},"learner_model_param":{"base_score":"[5E-1]","boost_from_average":"1","num_class":"0","num_feature":"19","num_target":"1"},"objective":{"name":"binary:logistic","reg_loss_param":{"scale_pos_weight":"1.9643836"}}},"version":[3,2,0]}