{"learner":{"attributes":{"scikit_learn":"{\"_estimator_type\": \"classifier\"}"},"feature_names":["bias_week","bias_month","bias_quarter","bias_year","rsi","macd","macd_signal","vol_change","close_change","bb_width","return_5d","k_upper","k_lower","k_body","buy_power","rs_5d","obv","atr_ratio","trend_strength"],"feature_types":["float","float","float","float","float","float","float","float","float","float","float","float","float","float","float","float","float","float","float"],"gradient_booster":{"model":{"cats":{"enc":[],"feature_segments":[],"sorted_idx":[]},"gbtree_model_param":{"num_parallel_tree":"1","num_trees":"9"},"iteration_indptr":[0,1,2,3,4,5,6,7,8,9],"tree_info":[0,0,0,0,0,0,0,0,0],"trees":[{"base_weights":[-0E0,-2.1549197E-1,2.944596E-1,-3.480031E-1,6.795095E-2,7.355537E-3,5.8467906E-2,-0E0,-6.903046E-2,3.8633943E-2,-8.987104E-2],"categories":[],"categories_nodes":[],"categories_segments":[],"categories_sizes":[],"default_left":[0,0,0,0,0,0,0,0,0,0,0],"id":0,"left_children":[1,3,5,7,-1,9,-1,-1,-1,-1,-1],"loss_changes":[1.2660658E1,1.3579967E1,5.5757527E0,1.4164082E1,0E0,1.4696806E1,0E0,0E0,0E0,0E0,0E0],"parents":[2147483647,0,0,1,1,2,2,3,3,5,5],"right_children":[2,4,6,8,-1,10,-1,-1,-1,-1,-1],"split_conditions":[3.808867E-2,8.8213694E-1,1.0232571E-1,2.0219597E-3,6.795095E-2,1.254997E0,5.8467906E-2,-0E0,-6.903046E-2,3.8633943E-2,-8.987104E-2],"split_indices":[18,5,3,3,0,6,0,0,0,0,0],"split_type":[0,0,0,0,0,0,0,0,0,0,0],"sum_hessian":[2.0160294E2,1.1994118E2,8.1661766E1,1.0677941E2,1.3161765E1,4.5294117E1,3.6367645E1,5.0882355E1,5.589706E1,3.3705883E1,1.1588235E1],"tree_param":{"num_deleted":"0","num_feature":"19","num_nodes":"11","size_leaf_vector":"1"}},{"base_weights":[-0E0,-2.0025651E-1,5.138808E-1,1.11823015E-1,-4.658617E-1,1.5279685E-2,8.891868E-2,9.3238376E-2,-2.616789E-2,3.151576E-2,-6.350675E-2,4.455114E-2,-3.8853794E-2],"categories":[],"categories_nodes":[],"categories_segments":[],"categories_sizes":[],"default_left":[0,0,0,0,0,0,0,0,0,0,0,0,0],"id":1,"left_children":[1,3,5,7,9,11,-1,-1,-1,-1,-1,-1,-1],"loss_changes":[2.0873589E1,1.2647564E1,8.879135E0,2.0785614E1,1.1823315E1,5.003597E0,0E0,0E0,0E0,0E0,0E0,0E0,0E0],"parents":[2147483647,0,0,1,1,2,2,3,3,4,4,5,5],"right_children":[2,4,6,8,10,12,-1,-1,-1,-1,-1,-1,-1],"split_conditions":[5.8703315E-2,2.0219597E-3,9.9454395E-2,3.0138139E-2,-1.6152687E-2,-1.4390317E-2,8.891868E-2,9.3238376E-2,-2.616789E-2,3.151576E-2,-6.350675E-2,4.455114E-2,-3.8853794E-2],"split_indices":[9,3,3,9,1,3,0,0,0,0,0,0,0],"split_type":[0,0,0,0,0,0,0,0,0,0,0,0,0],"sum_hessian":[2.000914E2,1.4282637E2,5.726503E1,6.1786133E1,8.104024E1,2.7452774E1,2.9812258E1,2.1116835E1,4.06693E1,1.2383343E1,6.86569E1,1.5965199E1,1.1487575E1],"tree_param":{"num_deleted":"0","num_feature":"19","num_nodes":"13","size_leaf_vector":"1"}},{"base_weights":[-0E0,2.2885878E-1,-2.3882109E-1,5.3669035E-1,-0E0,-6.639618E-1,2.7599664E-2,1.280613E-1,1.2165478E-2,-5.3838864E-2,1.7698644E-2,-0E0,-8.4993765E-2],"categories":[],"categories_nodes":[],"categories_segments":[],"categories_sizes":[],"default_left":[0,0,0,0,0,0,0,0,0,0,0,0,0],"id":2,"left_children":[1,3,5,7,9,11,-1,-1,-1,-1,-1,-1,-1],"loss_changes":[1.0536974E1,7.5624967E0,2.1313856E1,1.0677472E1,5.7454166E0,7.5864315E0,0E0,0E0,0E0,0E0,0E0,0E0,0E0],"parents":[2147483647,0,0,1,1,2,2,3,3,4,4,5,5],"right_children":[2,4,6,8,10,12,-1,-1,-1,-1,-1,-1,-1],"split_conditions":[3.4018765E-5,-1.9521024E-2,8.2647645E-1,2.3801526E-2,-8.785416E-3,-1.5033641E-2,2.7599664E-2,1.280613E-1,1.2165478E-2,-5.3838864E-2,1.7698644E-2,-0E0,-8.4993765E-2],"split_indices":[15,2,5,17,2,1,0,0,0,0,0,0,0],"split_type":[0,0,0,0,0,0,0,0,0,0,0,0,0],"sum_hessian":[1.9275475E2,9.989222E1,9.2862526E1,4.4355927E1,5.553629E1,5.3340973E1,3.9521557E1,1.37318325E1,3.0624094E1,1.5043075E1,4.0493217E1,1.1004749E1,4.2336224E1],"tree_param":{"num_deleted":"0","num_feature":"19","num_nodes":"13","size_leaf_vector":"1"}},{"base_weights":[-0E0,-1.3690685E-1,3.619023E-1,9.422849E-2,-4.6151745E-1,-0E0,5.9130702E-2,-8.6236335E-3,5.9643574E-2,4.514333E-3,-6.039717E-2],"categories":[],"categories_nodes":[],"categories_segments":[],"categories_sizes":[],"default_left":[0,0,0,0,0,0,0,0,0,0,0],"id":3,"left_children":[1,3,5,7,9,-1,-1,-1,-1,-1,-1],"loss_changes":[9.61553E0,1.2031418E1,4.3034525E0,8.805585E0,6.213707E0,0E0,0E0,0E0,0E0,0E0,0E0],"parents":[2147483647,0,0,1,1,2,2,3,3,4,4],"right_children":[2,4,6,8,10,-1,-1,-1,-1,-1,-1],"split_conditions":[1.2623388E-1,2.5705777E-3,1.0725961E0,4.2857298E-1,-1.1799553E-1,-0E0,5.9130702E-2,-8.6236335E-3,5.9643574E-2,4.514333E-3,-6.039717E-2],"split_indices":[3,3,6,11,4,0,0,0,0,0,0],"split_type":[0,0,0,0,0,0,0,0,0,0,0],"sum_hessian":[2.0117282E2,1.4919743E2,5.1975388E1,8.312165E1,6.607579E1,2.0753397E1,3.1221989E1,5.8011677E1,2.510997E1,1.1443489E1,5.4632298E1],"tree_param":{"num_deleted":"0","num_feature":"19","num_nodes":"11","size_leaf_vector":"1"}},{"base_weights":[-0E0,-1.5656005E-1,4.263784E-1,1.14425674E-1,-3.0948547E-1,1.9042216E-2,7.0855185E-2,8.849476E-2,-8.875976E-3,-5.4276567E-2,1.0275088E-2,4.348473E-2,-3.2306727E-2],"categories":[],"categories_nodes":[],"categories_segments":[],"categories_sizes":[],"default_left":[0,0,0,0,0,0,0,0,0,0,0,0,0],"id":4,"left_children":[1,3,5,7,9,11,-1,-1,-1,-1,-1,-1,-1],"loss_changes":[1.3330436E1,6.421033E0,4.663395E0,9.233824E0,1.0581911E1,3.970079E0,0E0,0E0,0E0,0E0,0E0,0E0,0E0],"parents":[2147483647,0,0,1,1,2,2,3,3,4,4,5,5],"right_children":[2,4,6,8,10,12,-1,-1,-1,-1,-1,-1,-1],"split_conditions":[6.015046E-2,-1.0661618E-2,9.5118515E-2,3.02125E-2,3.1352602E-2,-3.835495E-2,7.0855185E-2,8.849476E-2,-8.875976E-3,-5.4276567E-2,1.0275088E-2,4.348473E-2,-3.2306727E-2],"split_indices":[9,16,3,9,16,3,0,0,0,0,0,0,0],"split_type":[0,0,0,0,0,0,0,0,0,0,0,0,0],"sum_hessian":[1.979857E2,1.4418913E2,5.3796566E1,4.6704792E1,9.748434E1,2.5554033E1,2.8242533E1,1.1944309E1,3.4760483E1,6.532959E1,3.215475E1,1.4470777E1,1.1083256E1],"tree_param":{"num_deleted":"0","num_feature":"19","num_nodes":"13","size_leaf_vector":"1"}},{"base_weights":[-1.7937962E-2,-9.336084E-2,4.5422416E-2,1.061771E-1,-2.4958058E-1,8.0996454E-2,-0E0,-5.285879E-2,2.889389E-3],"categories":[],"categories_nodes":[],"categories_segments":[],"categories_sizes":[],"default_left":[0,0,0,0,0,0,0,0,0],"id":5,"left_children":[1,3,-1,5,7,-1,-1,-1,-1],"loss_changes":[6.417598E0,5.880065E0,0E0,6.589151E0,9.529781E0,0E0,0E0,0E0,0E0],"parents":[2147483647,0,0,1,1,3,3,4,4],"right_children":[2,4,-1,6,8,-1,-1,-1,-1],"split_conditions":[5.7142234E-1,-5.7416935E-3,4.5422416E-2,1.6154148E-2,5.8386457E-1,8.0996454E-2,-0E0,-5.285879E-2,2.889389E-3],"split_indices":[11,15,0,17,5,0,0,0,0],"split_type":[0,0,0,0,0,0,0,0,0],"sum_hessian":[2.0155135E2,1.7811855E2,2.3432806E1,7.188891E1,1.0622964E2,1.1022815E1,6.086609E1,5.6660084E1,4.9569557E1],"tree_param":{"num_deleted":"0","num_feature":"19","num_nodes":"9","size_leaf_vector":"1"}},{"base_weights":[-4.1993465E-2,2.8625682E-2,-2.4262239E-1,-5.6251156E-1,1.0125782E-1,-0E0,-6.8616055E-2,-4.8125498E-2,3.219455E-2],"categories":[],"categories_nodes":[],"categories_segments":[],"categories_sizes":[],"default_left":[0,0,0,0,0,0,0,0,0],"id":6,"left_children":[1,-1,3,5,7,-1,-1,-1,-1],"loss_changes":[1.3459216E1,0E0,1.55098E1,6.081293E0,7.5117865E0,0E0,0E0,0E0,0E0],"parents":[2147483647,0,0,2,2,3,3,4,4],"right_children":[2,-1,4,6,8,-1,-1,-1,-1],"split_conditions":[-7.6306486E-3,2.8625682E-2,4.3319162E-2,-4.4277325E-1,-8.39746E-1,-0E0,-6.8616055E-2,-4.8125498E-2,3.219455E-2],"split_indices":[15,0,9,5,6,0,0,0,0],"split_type":[0,0,0,0,0,0,0,0,0],"sum_hessian":[2.0434624E2,7.292416E1,1.3142209E2,7.145693E1,5.9965157E1,1.1514246E1,5.9942688E1,1.3726894E1,4.6238262E1],"tree_param":{"num_deleted":"0","num_feature":"19","num_nodes":"9","size_leaf_vector":"1"}},{"base_weights":[-0E0,2.5845683E-1,-1.1600228E-1,9.725617E-2,5.116671E-2,-2.3000547E-1,5.500536E-2,-2.4763498E-2,2.775384E-2,-3.349905E-2,1.2293956E-3],"categories":[],"categories_nodes":[],"categories_segments":[],