{"learner":{"attributes":{"scikit_learn":"{\"_estimator_type\": \"classifier\"}"},"feature_names":["bias_week","bias_month","bias_quarter","bias_year","rsi","macd","macd_signal","vol_change","close_change","bb_width","return_5d","k_upper","k_lower","k_body","buy_power","rs_5d","obv","atr_ratio","trend_strength"],"feature_types":["float","float","float","float","float","float","float","float","float","float","float","float","float","float","float","float","float","float","float"],"gradient_booster":{"model":{"cats":{"enc":[],"feature_segments":[],"sorted_idx":[]},"gbtree_model_param":{"num_parallel_tree":"1","num_trees":"3"},"iteration_indptr":[0,1,2,3],"tree_info":[0,0,0],"trees":[{"base_weights":[-0E0,-1.8054646E-1,4.094432E-1,1.2910308E-1,-5.8733994E-1,-1.2392066E-2,5.7815455E-2,7.692E-2,-3.7482323E-3,-7.6009266E-2,-0E0],"categories":[],"categories_nodes":[],"categories_segments":[],"categories_sizes":[],"default_left":[0,0,0,0,0,0,0,0,0,0,0],"id":0,"left_children":[1,3,5,7,9,-1,-1,-1,-1,-1,-1],"loss_changes":[1.5454332E1,2.026968E1,6.8283176E0,1.0682492E1,6.6885033E0,0E0,0E0,0E0,0E0,0E0,0E0],"parents":[2147483647,0,0,1,1,2,2,3,3,4,4],"right_children":[2,4,6,8,10,-1,-1,-1,-1,-1,-1],"split_conditions":[1.2957487E-1,2.0219597E-3,2.1808201E-2,1.850936E-2,8.607383E-1,-1.2392066E-2,5.7815455E-2,7.692E-2,-3.7482323E-3,-7.6009266E-2,-0E0],"split_indices":[3,3,18,17,5,0,0,0,0,0,0],"split_type":[0,0,0,0,0,0,0,0,0,0,0],"sum_hessian":[2.1501326E2,1.5259085E2,6.2422413E1,8.352387E1,6.906698E1,1.2111406E1,5.031101E1,1.9855438E1,6.3668434E1,5.194297E1,1.7124006E1],"tree_param":{"num_deleted":"0","num_feature":"19","num_nodes":"11","size_leaf_vector":"1"}},{"base_weights":[-0E0,-2.2075018E-1,4.6746174E-1,4.5225635E-2,-4.4388372E-1,-1.14428345E-2,6.93745E-2,8.662074E-2,-3.092875E-2,3.7743174E-2,-6.291167E-2],"categories":[],"categories_nodes":[],"categories_segments":[],"categories_sizes":[],"default_left":[0,0,0,0,0,0,0,0,0,0,0],"id":1,"left_children":[1,3,5,7,9,-1,-1,-1,-1,-1,-1],"loss_changes":[2.1613424E1,9.606847E0,1.0268308E1,1.9728043E1,1.3830404E1,0E0,0E0,0E0,0E0,0E0,0E0],"parents":[2147483647,0,0,1,1,2,2,3,3,4,4],"right_children":[2,4,6,8,10,-1,-1,-1,-1,-1,-1],"split_conditions":[5.8703315E-2,2.0219597E-3,-1.4411901E-2,3.0160783E-2,-1.603578E-2,-1.14428345E-2,6.93745E-2,8.662074E-2,-3.092875E-2,3.7743174E-2,-6.291167E-2],"split_indices":[9,3,0,9,1,0,0,0,0,0,0],"split_type":[0,0,0,0,0,0,0,0,0,0,0],"sum_hessian":[2.1273952E2,1.4662442E2,6.61151E1,6.230955E1,8.4314865E1,1.6061565E1,5.005353E1,2.0641167E1,4.1668385E1,1.3577227E1,7.073764E1],"tree_param":{"num_deleted":"0","num_feature":"19","num_nodes":"11","size_leaf_vector":"1"}},{"base_weights":[1.2950972E-2,-9.901975E-2,5.638574E-1,1.7253286E-1,-5.242801E-1,1.0256193E-1,4.710173E-3,5.0699554E-2,-9.9137155E-3,-7.343643E-2,-1.3531891E-4],"categories":[],"categories_nodes":[],"categories_segments":[],"categories_sizes":[],"default_left":[0,0,0,0,0,0,0,0,0,0,0],"id":2,"left_children":[1,3,5,7,9,-1,-1,-1,-1,-1,-1],"loss_changes":[1.3740605E1,2.0156176E1,6.8196135E0,1.007392E1,6.0736275E0,0E0,0E0,0E0,0E0,0E0,0E0],"parents":[2147483647,0,0,1,1,2,2,3,3,4,4],"right_children":[2,4,6,8,10,-1,-1,-1,-1,-1,-1],"split_conditions":[7.1588844E-2,-7.102037E-4,2.7190214E-2,-1.8606737E-2,4.4715017E-2,1.0256193E-1,4.710173E-3,5.0699554E-2,-9.9137155E-3,-7.343643E-2,-1.3531891E-4],"split_indices":[2,15,17,2,9,0,0,0,0,0,0],"split_type":[0,0,0,0,0,0,0,0,0,0,0],"sum_hessian":[2.0561552E2,1.6753575E2,3.807978E1,9.9038765E1,6.849698E1,1.7607977E1,2.0471806E1,4.782317E1,5.1215595E1,4.539953E1,2.3097452E1],"tree_param":{"num_deleted":"0","num_feature":"19","num_nodes":"11","size_leaf_vector":"1"}}]},"name":"gbtree"},"learner_model_param":{"base_score":"[5E-1]","boost_from_average":"1","num_class":"0","num_feature":"19","num_target":"1"},"objective":{"name":"binary:logistic","reg_loss_param":{"scale_pos_weight":"0.435013264"}}},"version":[3,2,0]}