{"learner":{"attributes":{"scikit_learn":"{\"_estimator_type\": \"classifier\"}"},"feature_names":["bias_week","bias_month","bias_quarter","bias_year","rsi","macd","macd_signal","vol_change","close_change","bb_width","return_5d","k_upper","k_lower","k_body","buy_power","rs_5d"],"feature_types":["float","float","float","float","float","float","float","float","float","float","float","float","float","float","float","float"],"gradient_booster":{"model":{"cats":{"enc":[],"feature_segments":[],"sorted_idx":[]},"gbtree_model_param":{"num_parallel_tree":"1","num_trees":"20"},"iteration_indptr":[0,1,2,3,4,5,6,7,8,9,10,11,12,13,14,15,16,17,18,19,20],"tree_info":[0,0,0,0,0,0,0,0,0,0,0,0,0,0,0,0,0,0,0,0],"trees":[{"base_weights":[-0E0,-1.7751005E-1,4.0518755E-1,1.2756588E-1,-5.795075E-1,1.0315097E-1,2.1068324E-1,-7.681378E-3,3.9992515E-2,-7.496917E-2,-0E0,-6.898221E-2,5.4064903E-2],"categories":[],"categories_nodes":[],"categories_segments":[],"categories_sizes":[],"default_left":[0,0,0,0,0,0,0,0,0,0,0,0,0],"id":0,"left_children":[1,3,5,7,9,-1,11,-1,-1,-1,-1,-1,-1],"loss_changes":[1.5036532E1,1.9717705E1,4.8581305E0,5.4559298E0,6.455782E0,0E0,1.4996495E1,0E0,0E0,0E0,0E0,0E0,0E0],"parents":[2147483647,0,0,1,1,2,2,3,3,4,4,6,6],"right_children":[2,4,6,8,10,-1,12,-1,-1,-1,-1,-1,-1],"split_conditions":[1.2966722E-1,2.0219635E-3,-4.9193982E-2,-6.6279836E-2,8.6073613E-1,1.0315097E-1,6.6593885E-1,-7.681378E-3,3.9992515E-2,-7.496917E-2,-0E0,-6.898221E-2,5.4064903E-2],"split_indices":[3,3,6,3,5,0,5,0,0,0,0,0,0],"split_type":[0,0,0,0,0,0,0,0,0,0,0,0,0],"sum_hessian":[2.1460013E2,1.523445E2,6.225564E1,8.345524E1,6.888926E1,1.1805703E1,5.0449932E1,4.319728E1,4.0257957E1,5.177802E1,1.711124E1,1.1757626E1,3.8692307E1],"tree_param":{"num_deleted":"0","num_feature":"16","num_nodes":"13","size_leaf_vector":"1"}},{"base_weights":[-0E0,-2.1918091E-1,4.7361264E-1,1.1437794E-1,-6.3351786E-1,-8.783221E-3,6.901073E-2,-5.081631E-2,2.5681285E-2,-8.431443E-2,-3.366065E-3],"categories":[],"categories_nodes":[],"categories_segments":[],"categories_sizes":[],"default_left":[0,0,0,0,0,0,0,0,0,0,0],"id":1,"left_children":[1,3,5,7,9,-1,-1,-1,-1,-1,-1],"loss_changes":[2.1836372E1,2.142247E1,9.609317E0,6.5212646E0,6.8761806E0,0E0,0E0,0E0,0E0,0E0,0E0],"parents":[2147483647,0,0,1,1,2,2,3,3,4,4],"right_children":[2,4,6,8,10,-1,-1,-1,-1,-1,-1],"split_conditions":[5.867897E-2,1.0838363E-4,-1.4404769E-2,2.070028E-2,1.3806325E-2,-8.783221E-3,6.901073E-2,-5.081631E-2,2.5681285E-2,-8.431443E-2,-3.366065E-3],"split_indices":[9,15,0,9,15,0,0,0,0,0,0],"split_type":[0,0,0,0,0,0,0,0,0,0,0],"sum_hessian":[2.1231372E2,1.4641689E2,6.5896835E1,7.813227E1,6.828462E1,1.5797939E1,5.0098896E1,1.1680593E1,6.6451675E1,4.7387165E1,2.0897453E1],"tree_param":{"num_deleted":"0","num_feature":"16","num_nodes":"11","size_leaf_vector":"1"}},{"base_weights":[9.906994E-3,-1.0973435E-1,4.097209E-1,-2.1125531E-1,4.9213614E-2,-0E0,6.118641E-2,1.017255E-2,-3.5918523E-2],"categories":[],"categories_nodes":[],"categories_segments":[],"categories_sizes":[],"default_left":[0,0,0,0,0,0,0,0,0],"id":2,"left_children":[1,3,5,7,-1,-1,-1,-1,-1],"loss_changes":[1.0514002E1,8.835254E0,4.368163E0,6.9824333E0,0E0,0E0,0E0,0E0,0E0],"parents":[2147483647,0,0,1,1,2,2,3,3],"right_children":[2,4,6,8,-1,-1,-1,-1,-1],"split_conditions":[2.3792343E-2,5.454539E-1,2.9529158E-2,-2.156177E-2,4.9213614E-2,-0E0,6.118641E-2,1.017255E-2,-3.5918523E-2],"split_indices":[1,11,3,1,0,0,0,0,0],"split_type":[0,0,0,0,0,0,0,0,0],"sum_hessian":[2.0551067E2,1.5388066E2,5.163E1,1.3502623E2,1.8854431E1,1.740967E1,3.422033E1,3.8987774E1,9.603846E1],"tree_param":{"num_deleted":"0","num_feature":"16","num_nodes":"9","size_leaf_vector":"1"}},{"base_weights":[-4.897026E-3,-1.1664553E-1,2.7455795E-1,1.3722748E-2,-3.6703497E-1,-0E0,4.9048617E-1,-0E0,-5.413926E-2,8.1910715E-2,-0E0],"categories":[],"categories_nodes":[],"categories_segments":[],"categories_sizes":[],"default_left":[0,0,0,0,0,0,0,0,0,0,0],"id":3,"left_children":[1,3,5,-1,7,-1,9,-1,-1,-1,-1],"loss_changes":[6.336385E0,1.0661041E1,3.5125656E0,0E0,4.7232447E0,0E0,6.444866E0,0E0,0E0,0E0,0E0],"parents":[2147483647,0,0,1,1,2,2,4,4,6,6],"right_children":[2,4,6,-1,8,-1,10,-1,-1,-1,-1],"split_conditions":[1.0501733E0,-4.0085998E-1,-3E-1,1.3722748E-2,-4.7393106E-3,-0E0,5.3333336E-1,-0E0,-5.413926E-2,8.1910715E-2,-0E0],"split_indices":[5,5,13,0,10,0,13,0,0,0,0],"split_type":[0,0,0,0,0,0,0,0,0,0,0],"sum_hessian":[2.1414522E2,1.5876936E2,5.537585E1,7.421982E1,8.4549545E1,2.3477322E1,3.1898527E1,3.0493929E1,5.4055622E1,2.0657822E1,1.12407055E1],"tree_param":{"num_deleted":"0","num_feature":"16","num_nodes":"11","size_leaf_vector":"1"}},{"base_weights":[-0E0,-1.6933723E-1,4.001415E-2,1.3967386E-1,-5.118655E-1,4.1329302E-2,-1.8885897E-2,-7.435141E-2,-0E0],"categories":[],"categories_nodes":[],"categories_segments":[],"categories_sizes":[],"default_left":[0,0,0,0,0,0,0,0,0],"id":4,"left_children":[1,3,-1,5,7,-1,-1,-1,-1],"loss_changes":[1.4628589E1,1.6449696E1,0E0,7.29057E0,8.911116E0,0E0,0E0,0E0,0E0],"parents":[2147483647,0,0,1,1,3,3,4,4],"right_children":[2,4,-1,6,8,-1,-1,-1,-1],"split_conditions":[6.015046E-2,-6.8950193E-4,4.001415E-2,4.1819163E-2,4.308604E-2,4.1329302E-2,-1.8885897E-2,-7.435141E-2,-0E0],"split_indices":[9,15,0,3,9,0,0,0,0],"split_type":[0,0,0,0,0,0,0,0,0],"sum_hessian":[2.1120163E2,1.4735481E2,6.3846817E1,7.403158E1,7.332323E1,4.3957104E1,3.0074476E1,5.0018936E1,2.330429E1],"tree_param":{"num_deleted":"0","num_feature":"16","num_nodes":"9","size_leaf_vector":"1"}},{"base_weights":[-1.6912332E-2,-8.948221E-2,4.336646E-1,1.8061763E-1,-3.3233482E-1,9.0207E-2,-0E0,9.6083485E-2,-5.5591166E-3,-9.760998E-2,-1.3666621E-2],"categories":[],"categories_nodes":[],"categories_segments":[],"categories_sizes":[],"default_left":[0,0,0,0,0,0,0,0,0,0,0],"id":5,"left_children":[1,3,5,7,9,-1,-1,-1,-1,-1,-1],"loss_changes":[6.2748113E0,1.2810558E1,4.4431944E0,1.8026941E1,1.0706635E1,0E0,0E0,0E0,0E0,0E0,0E0],"parents":[2147483647,0,0,1,1,2,2,3,3,4,4],"right_children":[2,4,6,8,10,-1,-1,-1,-1,-1,-1],"split_conditions":[1.11989655E-1,2.5706952E-3,9.773439E-2,3.0160805E-2,2.8002558E-2,9.0207E-2,-0E0,9.6083485E-2,-5.5591166E-3,-9.760998E-2,-1.3666621E-2],"split_indices":[2,3,9,9,9,0,0,0,0,0,0],"split_type":[0,0,0,0,0,0,0,0,0,0,0],"sum_hessian":[2.1546066E2,1.8993565E2,2.5525007E1,8.55376E1,1.0439806E2,1.1118275E1,1.4406732E1,2.1901289E1,6.3636307E1,2.1267195E1,8.313087E1],"tree_param":{"num_deleted":"0","num_feature":"16","num_nodes":"11","size_leaf_vector":"1"}},{"base_weights":[-5.241494E-2,-1.9802125E-1,2.94065E-1,6.6929296E-2,-5.7952696E-1,-0E0,5.802034E-1,-2.9947763E-2,3.450903E-2,2.0825341E-2,-7.7460505E-2,4.236867E-2,-3.5231628E-2,8.754426E-2,-0E0],"categories":[],"categories_nodes":[],"categories_segments":[],"categories_sizes":[],"default_left":[0,0,0,0,0,0,0,0,0,0,0,0,0,0,0],"id":6,"left_children":[1,3,5,7,9,11,13,-1,-1,-1,-1,-1,-1,-1,-1],"loss_changes":[1.0756867E1,1.71006E1,4.442941E0,9.402076E0,1.21292095E1,4.833555E0,3.5911884E0,0E0,0E0,0E0,0E0,0E0,0E0,0E0,0E0],"parents":[2147483647,0,0,1,1,2,2,3,3,4,4,5,5,6,6],"right_children":[2,4,6,8,10,12,14,-1,-1,-1,-1,-1,-1,-1,-1],"split_conditions":[1.2482968E-1,2.5706952E-3,1.5740932E0,-1.456311E-2,-1.4989296E-2,1.4689396E-1,3.857889E-1,-2.9947763E-2,3.450903E-2,2.0825341E-2,-7.7460505E-2,4.236867E-2,-3.5231628E-2,8.754426E-2,-0E0],"split_indices":[3,3,5,10,1,5,3,0,0,0,0,0,0,0,0],"split_type":[0,0,0,0,0,0,0,0,0,0,0,0,0,0,0],"sum_hessian":[2.17344E2,1.5763782E2,5.970619E1,8.958028E1,6.805753E1,3.1228844E1,2.8477343E1,3.5260242E1,5.4320034E1,1.155297E1,5.6504566E1,1.5465569E1,1.5763275E1,1.6876038E1,1.1601305E1],"tree_param":{"num_deleted":"0","num_feature":"16","num_nodes":"15","size_leaf_vector":"1"}},{"base_weights":[-0E0,2.4865506E-2,-1.227828E-1,-4.896585E-2,1.3552102E-1,-0E0,7.601043E-2],"categories":[],"categories_nodes":[],"categories_segments":[],"categories_sizes":[],"default_left":[0,0,0,0,0,0,0],"id":7,"left_children":[1,-1,3,-1,5,-1,-1],