{"learner":{"attributes":{"scikit_learn":"{\"_estimator_type\": \"classifier\"}"},"feature_names":["bias_week","bias_month","bias_quarter","bias_year","rsi","macd","macd_signal","vol_change","close_change","bb_width","return_5d","k_upper","k_lower","k_body","buy_power","rs_5d"],"feature_types":["float","float","float","float","float","float","float","float","float","float","float","float","float","float","float","float"],"gradient_booster":{"model":{"cats":{"enc":[],"feature_segments":[],"sorted_idx":[]},"gbtree_model_param":{"num_parallel_tree":"1","num_trees":"20"},"iteration_indptr":[0,1,2,3,4,5,6,7,8,9,10,11,12,13,14,15,16,17,18,19,20],"tree_info":[0,0,0,0,0,0,0,0,0,0,0,0,0,0,0,0,0,0,0,0],"trees":[{"base_weights":[6.4771897E-3,-6.045824E-2,4.9940187E-2,2.2807723E-1,-3.3168176E-1,4.929281E-2,-4.5922208E-3,2.469922E-2,-5.203266E-2],"categories":[],"categories_nodes":[],"categories_segments":[],"categories_sizes":[],"default_left":[0,0,0,0,0,0,0,0,0],"id":0,"left_children":[1,3,-1,5,7,-1,-1,-1,-1],"loss_changes":[7.632193E0,1.3680882E1,0E0,6.8623896E0,1.0999774E1,0E0,0E0,0E0,0E0],"parents":[2147483647,0,0,1,1,3,3,4,4],"right_children":[2,4,-1,6,8,-1,-1,-1,-1],"split_conditions":[2.8058022E-1,2.461297E-3,4.9940187E-2,-3.194322E-1,-5.3077666E-3,4.929281E-2,-4.5922208E-3,2.469922E-2,-5.203266E-2],"split_indices":[3,3,0,6,0,0,0,0,0],"split_type":[0,0,0,0,0,0,0,0,0],"sum_hessian":[1.9927287E2,1.7168063E2,2.7592226E1,7.916387E1,9.251677E1,4.410442E1,3.5059452E1,2.0144817E1,7.237195E1],"tree_param":{"num_deleted":"0","num_feature":"16","num_nodes":"9","size_leaf_vector":"1"}},{"base_weights":[-2.957787E-2,-2.7570605E-1,4.65482E-1,-0E0,-5.9275174E-1,-0E0,6.311253E-2,-6.234558E-2,1.8032227E-2,-8.047618E-2,-1.142837E-2],"categories":[],"categories_nodes":[],"categories_segments":[],"categories_sizes":[],"default_left":[0,0,0,0,0,0,0,0,0,0,0],"id":1,"left_children":[1,3,5,7,9,-1,-1,-1,-1,-1,-1],"loss_changes":[2.4003748E1,1.3184609E1,5.5070295E0,7.0787067E0,4.911331E0,0E0,0E0,0E0,0E0,0E0,0E0],"parents":[2147483647,0,0,1,1,2,2,3,3,4,4],"right_children":[2,4,6,8,10,-1,-1,-1,-1,-1,-1],"split_conditions":[5.4881174E-2,-1.9292343E-4,-1.4354056E-2,2.070028E-2,1.2502365E-2,-0E0,6.311253E-2,-6.234558E-2,1.8032227E-2,-8.047618E-2,-1.142837E-2],"split_indices":[9,15,0,9,15,0,0,0,0,0,0],"split_type":[0,0,0,0,0,0,0,0,0,0,0],"sum_hessian":[2.0034856E2,1.368831E2,6.3465458E1,6.98051E1,6.7078E1,1.5923194E1,4.7542263E1,1.3092493E1,5.6712605E1,4.2744797E1,2.4333206E1],"tree_param":{"num_deleted":"0","num_feature":"16","num_nodes":"11","size_leaf_vector":"1"}},{"base_weights":[-4.038272E-2,-1.0719046E-1,6.6126645E-2,8.431927E-2,-2.815496E-1,-1.6585834E-2,3.8202517E-2,-5.9344176E-2,1.0529545E-2],"categories":[],"categories_nodes":[],"categories_segments":[],"categories_sizes":[],"default_left":[0,0,0,0,0,0,0,0,0],"id":2,"left_children":[1,3,-1,5,7,-1,-1,-1,-1],"loss_changes":[7.896303E0,6.4575424E0,0E0,6.524825E0,1.3441843E1,0E0,0E0,0E0,0E0],"parents":[2147483647,0,0,1,1,3,3,4,4],"right_children":[2,4,-1,6,8,-1,-1,-1,-1],"split_conditions":[5.549255E-2,2.461297E-3,6.6126645E-2,-5.944824E-2,1.0336445E-1,-1.6585834E-2,3.8202517E-2,-5.9344176E-2,1.0529545E-2],"split_indices":[1,3,0,3,3,0,0,0,0],"split_type":[0,0,0,0,0,0,0,0,0],"sum_hessian":[1.93688E2,1.7993925E2,1.3748741E1,7.960931E1,1.0032995E2,3.9292515E1,4.0316795E1,5.8400146E1,4.1929806E1],"tree_param":{"num_deleted":"0","num_feature":"16","num_nodes":"9","size_leaf_vector":"1"}},{"base_weights":[-3.907464E-3,-5.887035E-2,5.368712E-2,5.271913E-3,-2.800534E-2],"categories":[],"categories_nodes":[],"categories_segments":[],"categories_sizes":[],"default_left":[0,0,0,0,0],"id":3,"left_children":[1,3,-1,-1,-1],"loss_changes":[4.924759E0,5.174184E0,0E0,0E0,0E0],"parents":[2147483647,0,0,1,1],"right_children":[2,4,-1,-1,-1],"split_conditions":[5.779049E-2,1.6666667E-1,5.368712E-2,5.271913E-3,-2.800534E-2],"split_indices":[1,13,0,0,0],"split_type":[0,0,0,0,0],"sum_hessian":[2.0050775E2,1.8596263E2,1.4545118E1,1.1718533E2,6.87773E1],"tree_param":{"num_deleted":"0","num_feature":"16","num_nodes":"5","size_leaf_vector":"1"}},{"base_weights":[-0E0,-1.2752697E-1,3.7867662E-1,1.5348214E-1,-4.9221343E-1,-8.174937E-4,5.5020273E-2,3.249564E-2,-3.7135683E-2,-7.143787E-2,-3.5567044E-3],"categories":[],"categories_nodes":[],"categories_segments":[],"categories_sizes":[],"default_left":[0,0,0,0,0,0,0,0,0,0,0],"id":4,"left_children":[1,3,5,7,9,-1,-1,-1,-1,-1,-1],"loss_changes":[9.800125E0,1.5697662E1,4.7604394E0,7.1490154E0,5.252861E0,0E0,0E0,0E0,0E0,0E0,0E0],"parents":[2147483647,0,0,1,1,2,2,3,3,4,4],"right_children":[2,4,6,8,10,-1,-1,-1,-1,-1,-1],"split_conditions":[1.2265521E-1,-6.547222E-4,-1.3535516E-2,4.4991333E-2,1.2016647E-2,-8.174937E-4,5.5020273E-2,3.249564E-2,-3.7135683E-2,-7.143787E-2,-3.5567044E-3],"split_indices":[3,15,15,3,15,0,0,0,0,0,0],"split_type":[0,0,0,0,0,0,0,0,0,0,0],"sum_hessian":[1.9733464E2,1.4559029E2,5.1744358E1,7.876275E1,6.682754E1,1.2193824E1,3.9550533E1,6.2461815E1,1.6300934E1,4.1243484E1,2.5584051E1],"tree_param":{"num_deleted":"0","num_feature":"16","num_nodes":"11","size_leaf_vector":"1"}},{"base_weights":[3.696161E-2,-7.394747E-2,4.7380742E-1,2.2287863E-1,-4.2715496E-1,-0E0,6.519582E-2,1.0547307E-1,-0E0,-7.244137E-2,3.6002782E-3],"categories":[],"categories_nodes":[],"categories_segments":[],"categories_sizes":[],"default_left":[0,0,0,0,0,0,0,0,0,0,0],"id":5,"left_children":[1,3,5,7,9,-1,-1,-1,-1,-1,-1],"loss_changes":[1.0527301E1,1.6650578E1,3.5861359E0,1.4890375E1,1.1958373E1,0E0,0E0,0E0,0E0,0E0,0E0],"parents":[2147483647,0,0,1,1,2,2,3,3,4,4],"right_children":[2,4,6,8,10,-1,-1,-1,-1,-1,-1],"split_conditions":[1.5822302E-1,2.931793E-3,6.6593885E-1,2.7997196E-2,4.330067E-2,-0E0,6.519582E-2,1.0547307E-1,-0E0,-7.244137E-2,3.6002782E-3],"split_indices":[3,3,5,9,9,0,0,0,0,0,0],"split_type":[0,0,0,0,0,0,0,0,0,0,0],"sum_hessian":[1.9854034E2,1.5427573E2,4.426461E1,8.037584E1,7.3899895E1,1.2993324E1,3.1271286E1,1.6629194E1,6.3746647E1,4.7593155E1,2.6306738E1],"tree_param":{"num_deleted":"0","num_feature":"16","num_nodes":"11","size_leaf_vector":"1"}},{"base_weights":[-0E0,3.322615E-1,-1.2290543E-1,5.6736745E-2,-9.7172416E-4,-3.1236303E-1,2.0238861E-1,-0E0,-5.5553183E-2,-0E0,6.954925E-2],"categories":[],"categories_nodes":[],"categories_segments":[],"categories_sizes":[],"default_left":[0,0,0,0,0,0,0,0,0,0,0],"id":6,"left_children":[1,3,5,-1,-1,7,9,-1,-1,-1,-1],"loss_changes":[8.285972E0,5.778847E0,9.275709E0,0E0,0E0,7.5302315E0,4.7161493E0,0E0,0E0,0E0,0E0],"parents":[2147483647,0,0,1,1,2,2,5,5,6,6],"right_children":[2,4,6,-1,-1,8,10,-1,-1,-1,-1],"split_conditions":[-1.5119969E-2,-4.4763917E-1,2.3642946E-2,5.6736745E-2,-9.7172416E-4,4.162662E-3,2.759376E-1,-0E0,-5.5553183E-2,-0E0,6.954925E-2],"split_indices":[1,5,1,0,0,3,3,0,0,0,0],"split_type":[0,0,0,0,0,0,0,0,0,0,0],"sum_hessian":[2.0127208E2,5.4945137E1,1.4632695E2,3.6151924E1,1.8793215E1,9.685213E1,4.947482E1,4.2762188E1,5.408994E1,3.5828827E1,1.3645995E1],"tree_param":{"num_deleted":"0","num_feature":"16","num_nodes":"11","size_leaf_vector":"1"}},{"base_weights":[-0E0,3.2061595E-1,-1.8433379E-1,-0E0,5.2755654E-1,-4.2375106E-1,1.6545918E-2,6.965188E-2,-0E0,-0E0,-5.7009768E-2],"categories":[],"categories_nodes":[],"categories_segments":[],"categories_sizes":[],"default_left":[0,0,0,0,0,0,0,0,0,0,0],"id":7,"left_children":[1,3,5,-1,7,9,-1,-1,-1,-1,-1],"loss_changes":[1.1682043E1,4.685623E0,1.1185331E1,0E0,3.8166723E0,4.65592E0,0E0,0E0,0E0,0E0,0E0],"parents":[2147483647,0,0,1,1,2,2,4,4,5,5],"right_children":[2,4,6,-1,8,10,-1,-1,-1,-1,-1],"split_conditions":[-7.7593657E-3,-4.5661847E-3,3.3753928E-2,-0E0,6.4285713E-1,-2.1395378E-2,1.6545918E-2,6.965188E-2,-0E0,-0E0,-5.7009768E-2],"split_indices":[15,8,2,0,13,2,0,0,0,0,0],"split_type":[0,0,0,0,0,0,0,0,0,0,0],"sum_hessian":[1.9790453E2,7.188482E1,1.26019714E2,2.8548014E1,4.3336803E1,7.873717E1,4.728255E1,3.21733E1,1.11635E1,2.1867474E1,5.686969E1],"tree_param":{"num_deleted":"0","num_feature":"16","num_nodes":"11",