{"learner":{"attributes":{"scikit_learn":"{\"_estimator_type\": \"classifier\"}"},"feature_names":["bias_week","bias_month","bias_quarter","bias_year","rsi","macd","macd_signal","vol_change","close_change","bb_width","return_5d","k_upper","k_lower","k_body","buy_power","rs_5d","obv","atr_ratio","trend_strength"],"feature_types":["float","float","float","float","float","float","float","float","float","float","float","float","float","float","float","float","float","float","float"],"gradient_booster":{"model":{"cats":{"enc":[],"feature_segments":[],"sorted_idx":[]},"gbtree_model_param":{"num_parallel_tree":"1","num_trees":"10"},"iteration_indptr":[0,1,2,3,4,5,6,7,8,9,10],"tree_info":[0,0,0,0,0,0,0,0,0,0],"trees":[{"base_weights":[1.4869771E-2,4.2685196E-1,-2.5553676E-1,1.1649524E0,1.6762094E-1,-8.446794E-1,3.1969693E-1,1.64272E-1,6.775528E-2,-1.39211435E-2,5.911612E-2,-3.6937036E-2,-1.1083388E-1,4.7576E-2,-1.5685413E-2],"categories":[],"categories_nodes":[],"categories_segments":[],"categories_sizes":[],"default_left":[0,0,0,0,0,0,0,0,0,0,0,0,0,0,0],"id":0,"left_children":[1,3,5,7,9,11,13,-1,-1,-1,-1,-1,-1,-1,-1],"loss_changes":[4.7781834E1,2.986991E1,8.713286E1,4.673298E0,1.8123075E1,1.2989632E1,1.0388888E1,0E0,0E0,0E0,0E0,0E0,0E0,0E0,0E0],"parents":[2147483647,0,0,1,1,2,2,3,3,4,4,5,5,6,6],"right_children":[2,4,6,8,10,12,14,-1,-1,-1,-1,-1,-1,-1,-1],"split_conditions":[-5.3251456E-3,1.7832961E-2,7.8043205E-1,-4.0125236E-1,4.3877255E-2,1.8554911E-2,9.8892845E-2,1.64272E-1,6.775528E-2,-1.39211435E-2,5.911612E-2,-3.6937036E-2,-1.1083388E-1,4.7576E-2,-1.5685413E-2],"split_indices":[3,17,5,6,18,17,18,0,0,0,0,0,0,0,0],"split_type":[0,0,0,0,0,0,0,0,0,0,0,0,0,0,0],"sum_hessian":[4.252898E2,1.718133E2,2.5347652E2,4.232723E1,1.2948607E2,1.2714252E2,1.26334E2,1.8554935E1,2.3772293E1,7.2294586E1,5.7191483E1,4.9620224E1,7.752229E1,9.8192276E1,2.814172E1],"tree_param":{"num_deleted":"0","num_feature":"19","num_nodes":"15","size_leaf_vector":"1"}},{"base_weights":[-2.6923749E-3,3.4954852E-1,-2.429252E-1,1.2057602E-1,5.118508E-2,-7.35284E-1,2.88476E-1,1.9852297E-2,-8.300576E-2,-1.000262E-1,-1.1791233E-3,-6.262648E-2,5.318449E-2],"categories":[],"categories_nodes":[],"categories_segments":[],"categories_sizes":[],"default_left":[0,0,0,0,0,0,0,0,0,0,0,0,0],"id":1,"left_children":[1,3,5,-1,7,9,11,-1,-1,-1,-1,-1,-1],"loss_changes":[3.53651E1,4.0236137E1,6.7470825E1,0E0,1.5251403E1,2.4176208E1,2.7145382E1,0E0,0E0,0E0,0E0,0E0,0E0],"parents":[2147483647,0,0,1,1,2,2,4,4,5,5,6,6],"right_children":[2,4,6,-1,8,10,12,-1,-1,-1,-1,-1,-1],"split_conditions":[-6.1585284E-3,2.7838323E-2,7.8043205E-1,1.2057602E-1,2.2922626E-2,7.7263084E-3,4.0361155E-2,1.9852297E-2,-8.300576E-2,-1.000262E-1,-1.1791233E-3,-6.262648E-2,5.318449E-2],"split_indices":[3,9,5,0,10,0,9,0,0,0,0,0,0],"split_type":[0,0,0,0,0,0,0,0,0,0,0,0,0],"sum_hessian":[4.2061392E2,1.6672852E2,2.5388542E2,4.0728157E1,1.2600036E2,1.339705E2,1.1991493E2,1.1012741E2,1.5872948E1,9.497515E1,3.899535E1,2.3481535E1,9.6433395E1],"tree_param":{"num_deleted":"0","num_feature":"19","num_nodes":"13","size_leaf_vector":"1"}},{"base_weights":[-4.3792464E-2,4.3891785E-1,-2.2108234E-1,1.2016959E-1,3.088368E-2,-3.789202E-1,1.7401005E-1,-2.883372E-2,7.076497E-2,-7.87724E-3,-8.515857E-2,3.9587926E-2,-5.962315E-2],"categories":[],"categories_nodes":[],"categories_segments":[],"categories_sizes":[],"default_left":[0,0,0,0,0,0,0,0,0,0,0,0,0],"id":2,"left_children":[1,3,5,-1,7,9,11,-1,-1,-1,-1,-1,-1],"loss_changes":[3.392206E1,3.0166895E1,1.9019627E1,0E0,1.6426466E1,2.9001408E1,1.3675186E1,0E0,0E0,0E0,0E0,0E0,0E0],"parents":[2147483647,0,0,1,1,2,2,4,4,5,5,6,6],"right_children":[2,4,6,-1,8,10,12,-1,-1,-1,-1,-1,-1],"split_conditions":[1.777224E-2,-1.2715416E-2,6.2397413E-2,1.2016959E-1,3.171999E-2,-1.2907436E-2,4.0310745E0,-2.883372E-2,7.076497E-2,-7.87724E-3,-8.515857E-2,3.9587926E-2,-5.962315E-2],"split_indices":[17,15,2,0,9,2,5,0,0,0,0,0,0],"split_type":[0,0,0,0,0,0,0,0,0,0,0,0,0],"sum_hessian":[4.0195233E2,1.0452603E2,2.974263E2,3.4166035E1,7.036E1,2.1660352E2,8.08228E1,4.5611496E1,2.4748503E1,1.3627777E2,8.0325745E1,6.4918236E1,1.5904558E1],"tree_param":{"num_deleted":"0","num_feature":"19","num_nodes":"13","size_leaf_vector":"1"}},{"base_weights":[-4.1733295E-2,2.5594926E-1,-2.77304E-1,6.187417E-1,-2.9956661E-2,-5.279375E-1,3.3735043E-1,1.1565852E-1,6.2171184E-3,-4.110301E-2,3.7048735E-2,-3.984077E-3,-8.2744844E-2,-9.527812E-2,6.455355E-2],"categories":[],"categories_nodes":[],"categories_segments":[],"categories_sizes":[],"default_left":[0,0,0,0,0,0,0,0,0,0,0,0,0,0,0],"id":3,"left_children":[1,3,5,7,9,11,13,-1,-1,-1,-1,-1,-1,-1,-1],"loss_changes":[2.9382738E1,2.0058817E1,3.7068398E1,2.2498178E1,1.5237466E1,2.364191E1,2.6318121E1,0E0,0E0,0E0,0E0,0E0,0E0,0E0,0E0],"parents":[2147483647,0,0,1,1,2,2,3,3,4,4,5,5,6,6],"right_children":[2,4,6,8,10,12,14,-1,-1,-1,-1,-1,-1,-1,-1],"split_conditions":[2.138612E-2,-6.9213514E-3,2.7027765E-1,-4.0125236E-1,1.6272494E-1,-4.473753E-2,-3.340543E-4,1.1565852E-1,6.2171184E-3,-4.110301E-2,3.7048735E-2,-3.984077E-3,-8.2744844E-2,-9.527812E-2,6.455355E-2],"split_indices":[17,3,3,6,4,3,4,0,0,0,0,0,0,0,0],"split_type":[0,0,0,0,0,0,0,0,0,0,0,0,0,0,0],"sum_hessian":[4.1816016E2,1.8049622E2,2.3766394E2,8.298697E1,9.750925E1,1.714371E2,6.6226845E1,3.9741566E1,4.3245403E1,5.2793762E1,4.4715485E1,6.898686E1,1.0245023E2,1.145104E1,5.4775803E1],"tree_param":{"num_deleted":"0","num_feature":"19","num_nodes":"15","size_leaf_vector":"1"}},{"base_weights":[3.2681797E-2,3.3195928E-1,-1.4394562E-1,-7.409906E-2,4.623307E-1,-5.2348924E-1,2.6010045E-1,1.0848423E-1,2.9062737E-2,-9.342559E-3,-1.00359984E-1,-6.581467E-2,4.660292E-2],"categories":[],"categories_nodes":[],"categories_segments":[],"categories_sizes":[],"default_left":[0,0,0,0,0,0,0,0,0,0,0,0,0],"id":4,"left_children":[1,3,5,-1,7,9,11,-1,-1,-1,-1,-1,-1],"loss_changes":[2.2481049E1,2.1834776E1,4.012005E1,0E0,1.2276878E1,2.5955654E1,2.3210938E1,0E0,0E0,0E0,0E0,0E0,0E0],"parents":[2147483647,0,0,1,1,2,2,4,4,5,5,6,6],"right_children":[2,4,6,-1,8,10,12,-1,-1,-1,-1,-1,-1],"split_conditions":[-1.2541832E-2,-1.1376973E-1,3.1896014E-2,-7.409906E-2,2.7838323E-2,3.226559E-3,1.2256661E-2,1.0848423E-1,2.9062737E-2,-9.342559E-3,-1.00359984E-1,-6.581467E-2,4.660292E-2],"split_indices":[16,2,2,0,9,3,1,0,0,0,0,0,0],"split_type":[0,0,0,0,0,0,0,0,0,0,0,0,0],"sum_hessian":[4.171222E2,1.5952266E2,2.5759952E2,1.5293731E1,1.4422893E2,1.3569254E2,1.2190699E2,2.7603674E1,1.1662526E2,7.4707855E1,6.0984688E1,2.0536186E1,1.01370804E2],"tree_param":{"num_deleted":"0","num_feature":"19","num_nodes":"13","size_leaf_vector":"1"}},{"base_weights":[1.2976303E-2,-2.759318E-1,1.413251E-1,-0E0,-5.48616E-1,4.16267E-1,-1.3047669E-2,-2.4063159E-2,4.0182784E-2,-7.335542E-2,-0E0,1.01670384E-1,5.3044097E-3,-2.6062196E-2,3.037826E-2],"categories":[],"categories_nodes":[],"categories_segments":[],"categories_sizes":[],"default_left":[0,0,0,0,0,0,0,0,0,0,0,0,0,0,0],"id":5,"left_children":[1,3,5,7,9,11,13,-1,-1,-1,-1,-1,-1,-1,-1],"loss_changes":[1.5322349E1,8.996966E0,1.3522536E1,6.0926027E0,8.043974E0,2.2319767E1,1.466687E1,0E0,0E0,0E0,0E0,0E0,0E0,0E0,0E0],"parents":[2147483647,0,0,1,1,2,2,3,3,4,4,5,5,6,6],"right_children":[2,4,6,8,10,12,14,-1,-1,-1,-1,-1,-1,-1,-1],"split_conditions":[1.24997616E-1,-9.155762E-2,-1.0531327E-2,3.6034927E-2,9.959313E-1,1.9067887E-2,1.1601722E-2,-2.4063159E-2,4.0182784E-2,-7.335542E-2,-0E0,1.01670384E-1,5.3044097E-3,-2.6062196E-2,3.037826E-2],"split_indices":[11,7,15,2,7,17,15,0,0,0,0,0,0,0,0],"split_type":[0,0,0,0,0,0,0,0,0,0,0,0,0,0,0],"sum_hessian":[4.21237E2,1.2414238E2,2.9709464E2,6.290416E1,6.123822E1,1.1203302E2,1.850616E2,4.0347176E1,2.2556984E1,4.838242E1,1.2855803E1,3.9466465E1,7.256655E1,1.0782095E2,7.7240654E1],"tree_param":{"num_deleted":"0","num_feature":"19","num_nodes":"15",