{"learner":{"attributes":{"scikit_learn":"{\"_estimator_type\": \"classifier\"}"},"feature_names":["bias_week","bias_month","bias_quarter","bias_year","rsi","macd","macd_signal","vol_change","close_change","bb_width","return_5d","k_upper","k_lower","k_body","buy_power","rs_5d"],"feature_types":["float","float","float","float","float","float","float","float","float","float","float","float","float","float","float","float"],"gradient_booster":{"model":{"cats":{"enc":[],"feature_segments":[],"sorted_idx":[]},"gbtree_model_param":{"num_parallel_tree":"1","num_trees":"8"},"iteration_indptr":[0,1,2,3,4,5,6,7,8],"tree_info":[0,0,0,0,0,0,0,0],"trees":[{"base_weights":[-0E0,-1.4477785E-1,3.780338E-1,1.5654197E-1,-5.330272E-1,-0E0,5.8653496E-2,-9.663608E-3,4.4568405E-2,-0E0,-6.6213995E-2],"categories":[],"categories_nodes":[],"categories_segments":[],"categories_sizes":[],"default_left":[0,0,0,0,0,0,0,0,0,0,0],"id":0,"left_children":[1,3,5,7,9,-1,-1,-1,-1,-1,-1],"loss_changes":[1.0641981E1,1.8249804E1,4.488191E0,6.781739E0,4.9752636E0,0E0,0E0,0E0,0E0,0E0,0E0],"parents":[2147483647,0,0,1,1,2,2,3,3,4,4],"right_children":[2,4,6,8,10,-1,-1,-1,-1,-1,-1],"split_conditions":[1.2623379E-1,2.0420963E-3,6.884798E-1,-6.607262E-2,-6.6296207E-3,-0E0,5.8653496E-2,-9.663608E-3,4.4568405E-2,-0E0,-6.6213995E-2],"split_indices":[3,3,5,3,0,0,0,0,0,0,0],"split_type":[0,0,0,0,0,0,0,0,0,0,0],"sum_hessian":[2.0119003E2,1.4860944E2,5.2580597E1,8.042857E1,6.818086E1,1.8294117E1,3.4286476E1,3.897078E1,4.145779E1,1.3562452E1,5.4618412E1],"tree_param":{"num_deleted":"0","num_feature":"16","num_nodes":"11","size_leaf_vector":"1"}},{"base_weights":[-0E0,-2.136616E-1,5.478053E-1,1.6194469E-1,-6.194799E-1,-0E0,7.5651765E-2,-5.8653295E-2,3.3532184E-2,-8.276886E-2,-1.7991875E-3],"categories":[],"categories_nodes":[],"categories_segments":[],"categories_sizes":[],"default_left":[0,0,0,0,0,0,0,0,0,0,0],"id":1,"left_children":[1,3,5,7,9,-1,-1,-1,-1,-1,-1],"loss_changes":[2.3668976E1,2.2791725E1,8.120111E0,8.89933E0,7.3154316E0,0E0,0E0,0E0,0E0,0E0,0E0],"parents":[2147483647,0,0,1,1,2,2,3,3,4,4],"right_children":[2,4,6,8,10,-1,-1,-1,-1,-1,-1],"split_conditions":[5.867897E-2,-7.4031897E-4,-1.3597315E-2,1.9864868E-2,1.3739792E-2,-0E0,7.5651765E-2,-5.8653295E-2,3.3532184E-2,-8.276886E-2,-1.7991875E-3],"split_indices":[9,15,0,9,15,0,0,0,0,0,0],"split_type":[0,0,0,0,0,0,0,0,0,0,0],"sum_hessian":[1.9971393E2,1.4262823E2,5.7085693E1,7.121051E1,7.141772E1,1.3706006E1,4.3379684E1,1.1032088E1,6.0178425E1,4.983162E1,2.15861E1],"tree_param":{"num_deleted":"0","num_feature":"16","num_nodes":"11","size_leaf_vector":"1"}},{"base_weights":[-0E0,-8.065707E-2,5.371885E-2,-1.5868293E-1,3.6784567E-2,1.186469E-2,-2.6349531E-2],"categories":[],"categories_nodes":[],"categories_segments":[],"categories_sizes":[],"default_left":[0,0,0,0,0,0,0],"id":2,"left_children":[1,3,-1,5,-1,-1,-1],"loss_changes":[8.229878E0,5.4644995E0,0E0,4.737337E0,0E0,0E0,0E0],"parents":[2147483647,0,0,1,1,3,3],"right_children":[2,4,-1,6,-1,-1,-1],"split_conditions":[2.8058022E-1,5.454539E-1,5.371885E-2,-2.0017944E-2,3.6784567E-2,1.186469E-2,-2.6349531E-2],"split_indices":[3,11,0,1,0,0,0],"split_type":[0,0,0,0,0,0,0],"sum_hessian":[1.927413E2,1.6849405E2,2.424726E1,1.4796584E2,2.0528206E1,3.521999E1,1.1274585E2],"tree_param":{"num_deleted":"0","num_feature":"16","num_nodes":"7","size_leaf_vector":"1"}},{"base_weights":[-0E0,-6.041348E-2,5.767284E-2,1.5893329E-2,-2.1298155E-1,-3.6545385E-2,3.061256E-3],"categories":[],"categories_nodes":[],"categories_segments":[],"categories_sizes":[],"default_left":[0,0,0,0,0,0,0],"id":3,"left_children":[1,3,-1,-1,5,-1,-1],"loss_changes":[5.964131E0,6.3688326E0,0E0,0E0,5.150204E0,0E0,0E0],"parents":[2147483647,0,0,1,1,4,4],"right_children":[2,4,-1,-1,6,-1,-1],"split_conditions":[5.5485312E-2,-3.8644367E-1,5.767284E-2,1.5893329E-2,8.8213694E-1,-3.6545385E-2,3.061256E-3],"split_indices":[1,5,0,0,5,0,0],"split_type":[0,0,0,0,0,0,0],"sum_hessian":[2.0107816E2,1.8551486E2,1.5563297E1,6.979847E1,1.15716385E2,7.6294044E1,3.9422348E1],"tree_param":{"num_deleted":"0","num_feature":"16","num_nodes":"7","size_leaf_vector":"1"}},{"base_weights":[-0E0,-1.60534E-1,4.3335184E-1,1.5353718E-1,-4.890057E-1,-0E0,7.5155534E-2,4.7501996E-2,-3.2858774E-2,-7.0039414E-2,-0E0,4.526301E-2,-4.1287147E-2],"categories":[],"categories_nodes":[],"categories_segments":[],"categories_sizes":[],"default_left":[0,0,0,0,0,0,0,0,0,0,0,0,0],"id":4,"left_children":[1,3,5,7,9,11,-1,-1,-1,-1,-1,-1,-1],"loss_changes":[1.3879723E1,1.5661617E1,6.137327E0,1.14446335E1,8.20125E0,4.987589E0,0E0,0E0,0E0,0E0,0E0,0E0,0E0],"parents":[2147483647,0,0,1,1,2,2,3,3,4,4,5,5],"right_children":[2,4,6,8,10,12,-1,-1,-1,-1,-1,-1,-1],"split_conditions":[6.0016856E-2,-7.4031897E-4,9.5118515E-2,4.327708E-2,4.330067E-2,-3.9126083E-2,7.5155534E-2,4.7501996E-2,-3.2858774E-2,-7.0039414E-2,-0E0,4.526301E-2,-4.1287147E-2],"split_indices":[9,15,3,3,9,3,0,0,0,0,0,0,0],"split_type":[0,0,0,0,0,0,0,0,0,0,0,0,0],"sum_hessian":[1.9835953E2,1.4434776E2,5.4011765E1,7.030392E1,7.404384E1,2.570023E1,2.8311533E1,4.485502E1,2.54489E1,5.1929996E1,2.2113842E1,1.4470111E1,1.123012E1],"tree_param":{"num_deleted":"0","num_feature":"16","num_nodes":"13","size_leaf_vector":"1"}},{"base_weights":[-1.960118E-2,1.6917561E-1,-1.7226501E-1,9.466558E-2,-8.919582E-2,-1.0147899E-1,-0E0,-3.4335088E-2,1.52125405E-2,-2.6795508E-2,2.6334424E-2],"categories":[],"categories_nodes":[],"categories_segments":[],"categories_sizes":[],"default_left":[0,0,0,0,0,0,0,0,0,0,0],"id":5,"left_children":[1,3,5,-1,7,-1,9,-1,-1,-1,-1],"loss_changes":[5.826512E0,1.8933233E1,1.5810624E1,0E0,4.232387E0,0E0,7.1730833E0,0E0,0E0,0E0,0E0],"parents":[2147483647,0,0,1,1,2,2,4,4,6,6],"right_children":[2,4,6,-1,8,-1,10,-1,-1,-1,-1],"split_conditions":[2.5706952E-3,3.0106679E-2,2.5780868E-2,9.466558E-2,5.0424285E-2,-1.0147899E-1,8.2647645E-1,-3.4335088E-2,1.52125405E-2,-2.6795508E-2,2.6334424E-2],"split_indices":[3,9,9,0,9,0,5,0,0,0,0],"split_type":[0,0,0,0,0,0,0,0,0,0,0],"sum_hessian":[2.01775E2,8.3610306E1,1.1816468E2,2.2810852E1,6.0799454E1,1.8383598E1,9.978108E1,3.4022366E1,2.677709E1,5.222664E1,4.7554443E1],"tree_param":{"num_deleted":"0","num_feature":"16","num_nodes":"11","size_leaf_vector":"1"}},{"base_weights":[-4.823792E-2,-1.7146622E-1,2.7483958E-1,9.183061E-2,-5.3539693E-1,-0E0,5.4231573E-2,-2.3887044E-2,3.3615492E-2,2.9359775E-2,-7.393971E-2],"categories":[],"categories_nodes":[],"categories_segments":[],"categories_sizes":[],"default_left":[0,0,0,0,0,0,0,0,0,0,0],"id":6,"left_children":[1,3,5,7,9,-1,-1,-1,-1,-1,-1],"loss_changes":[7.9157243E0,1.5683656E1,3.8251634E0,7.241661E0,1.2885361E1,0E0,0E0,0E0,0E0,0E0,0E0],"parents":[2147483647,0,0,1,1,2,2,3,3,4,4],"right_children":[2,4,6,8,10,-1,-1,-1,-1,-1,-1],"split_conditions":[1.1987313E-1,2.5706952E-3,1.5026805E0,-1.5118752E-2,-1.4423068E-2,-0E0,5.4231573E-2,-2.3887044E-2,3.3615492E-2,2.9359775E-2,-7.393971E-2],"split_indices":[3,3,5,10,1,0,0,0,0,0,0],"split_type":[0,0,0,0,0,0,0,0,0,0,0],"sum_hessian":[2.0450987E2,1.5312114E2,5.1388737E1,8.528353E1,6.78376E1,2.5660055E1,2.5728682E1,3.2456852E1,5.282668E1,1.1506671E1,5.6330933E1],"tree_param":{"num_deleted":"0","num_feature":"16","num_nodes":"11","size_leaf_vector":"1"}},{"base_weights":[-0E0,2.963902E-1,-1.3496739E-1,4.6319887E-2,-4.642734E-3,-2.4534209E-1,5.157837E-2,-4.2455852E-2,-2.1890195E-3],"categories":[],"categories_nodes":[],"categories_segments":[],"categories_sizes":[],"default_left":[0,0,0,0,0,0,0,0,0],"id":7,"left_children":[1,3,5,-1,-1,7,-1,-1,-1],"loss_changes":[7.9428997E0,4.577528E0,9.298075E0,0E0,0E0,3.8898764E0,0E0,0E0,0E0],"parents":[2147483647,0,0,1,1,2,2,5,5],"right_children":[2,4,6,-1,-1,8,-1,-1,-1],"split_conditions":[-1.9507723E-2,-7.4031897E-4,2.9990142E-2,4.6319887E-2,-4.642734E-3,3.5031542E-1,5.157837E-2,-4.2455852E-2,-2.1890195E-3],"split_indices":[2,15,15,0,0,6,0,0,0],"split_type":[0,0,0,0,0,0,0,0,0],