{"learner":{"attributes":{"scikit_learn":"{\"_estimator_type\": \"classifier\"}"},"feature_names":["bias_week","bias_month","bias_quarter","bias_year","rsi","macd","macd_signal","vol_change","close_change","bb_width","return_5d","k_upper","k_lower","k_body","buy_power","rs_5d"],"feature_types":["float","float","float","float","float","float","float","float","float","float","float","float","float","float","float","float"],"gradient_booster":{"model":{"cats":{"enc":[],"feature_segments":[],"sorted_idx":[]},"gbtree_model_param":{"num_parallel_tree":"1","num_trees":"4"},"iteration_indptr":[0,1,2,3,4],"tree_info":[0,0,0,0],"trees":[{"base_weights":[8.007996E-3,-1.2288572E-1,3.636188E-2,2.1264535E-1,-4.6431264E-1,-0E0,5.3628486E-2,-0E0,-7.455739E-2],"categories":[],"categories_nodes":[],"categories_segments":[],"categories_sizes":[],"default_left":[0,0,0,0,0,0,0,0,0],"id":0,"left_children":[1,3,-1,5,7,-1,-1,-1,-1],"loss_changes":[1.0528339E1,1.7892183E1,0E0,5.3941545E0,9.792221E0,0E0,0E0,0E0,0E0],"parents":[2147483647,0,0,1,1,3,3,4,4],"right_children":[2,4,-1,6,8,-1,-1,-1,-1],"split_conditions":[9.1555744E-1,-3.6776903E-1,3.636188E-2,3.0000305E-1,2.5706894E-3,-0E0,5.3628486E-2,-0E0,-7.455739E-2],"split_indices":[5,5,0,11,3,0,0,0,0],"split_type":[0,0,0,0,0,0,0,0,0],"sum_hessian":[2.1247832E2,1.5108487E2,6.1393448E1,7.288484E1,7.8200035E1,4.321724E1,2.9667604E1,3.1068333E1,4.7131702E1],"tree_param":{"num_deleted":"0","num_feature":"16","num_nodes":"9","size_leaf_vector":"1"}},{"base_weights":[-2.8357299E-2,-2.6948592E-1,3.8987538E-1,2.124951E-1,-5.110727E-1,-0E0,6.902337E-2,5.5401064E-2,-0E0,1.7394038E-2,-6.4429544E-2],"categories":[],"categories_nodes":[],"categories_segments":[],"categories_sizes":[],"default_left":[0,0,0,0,0,0,0,0,0,0,0],"id":1,"left_children":[1,3,5,7,9,-1,-1,-1,-1,-1,-1],"loss_changes":[2.1206697E1,1.680905E1,7.735218E0,4.3820925E0,1.0141924E1,0E0,0E0,0E0,0E0,0E0,0E0],"parents":[2147483647,0,0,1,1,2,2,3,3,4,4],"right_children":[2,4,6,8,10,-1,-1,-1,-1,-1,-1],"split_conditions":[5.4737784E-2,-7.958881E-3,-4.514673E-3,3.1709068E-2,-1.5119969E-2,-0E0,6.902337E-2,5.5401064E-2,-0E0,1.7394038E-2,-6.4429544E-2],"split_indices":[9,15,10,9,1,0,0,0,0,0,0],"split_type":[0,0,0,0,0,0,0,0,0,0,0],"sum_hessian":[2.1281635E2,1.3842613E2,7.4390205E1,4.3105415E1,9.532072E1,3.5110344E1,3.9279865E1,2.0223593E1,2.2881823E1,1.3259378E1,8.206134E1],"tree_param":{"num_deleted":"0","num_feature":"16","num_nodes":"11","size_leaf_vector":"1"}},{"base_weights":[-2.1312928E-2,-1.6374563E-1,3.5044163E-1,1.0302034E-1,-4.7758323E-1,-3.1541095E-3,6.092903E-2,-1.6139418E-2,4.0420167E-2,2.950028E-2,-6.456097E-2],"categories":[],"categories_nodes":[],"categories_segments":[],"categories_sizes":[],"default_left":[0,0,0,0,0,0,0,0,0,0,0],"id":2,"left_children":[1,3,5,7,9,-1,-1,-1,-1,-1,-1],"loss_changes":[1.0549914E1,1.3756029E1,6.659033E0,6.989627E0,1.0844999E1,0E0,0E0,0E0,0E0,0E0,0E0],"parents":[2147483647,0,0,1,1,2,2,3,3,4,4],"right_children":[2,4,6,8,10,-1,-1,-1,-1,-1,-1],"split_conditions":[1.0114213E0,2.5706894E-3,1.222032E-2,-8.0086015E-2,-2.2935815E-2,-3.1541095E-3,6.092903E-2,-1.6139418E-2,4.0420167E-2,2.950028E-2,-6.456097E-2],"split_indices":[6,3,1,3,10,0,0,0,0,0,0],"split_type":[0,0,0,0,0,0,0,0,0,0,0],"sum_hessian":[2.0702972E2,1.5409746E2,5.2932266E1,7.9440605E1,7.4656845E1,1.8150337E1,3.478193E1,3.8483288E1,4.0957314E1,1.125172E1,6.340513E1],"tree_param":{"num_deleted":"0","num_feature":"16","num_nodes":"11","size_leaf_vector":"1"}},{"base_weights":[-1.1183508E-2,-1.2071468E-1,2.194385E-2,1.3335877E-2,-3.5993855E-2],"categories":[],"categories_nodes":[],"categories_segments":[],"categories_sizes":[],"default_left":[0,0,0,0,0],"id":3,"left_children":[1,3,-1,-1,-1],"loss_changes":[5.2141957E0,9.900671E0,0E0,0E0,0E0],"parents":[2147483647,0,0,1,1],"right_children":[2,4,-1,-1,-1],"split_conditions":[9.1555744E-1,-4.4763917E-1,2.194385E-2,1.3335877E-2,-3.5993855E-2],"split_indices":[5,5,0,0,0],"split_type":[0,0,0,0,0],"sum_hessian":[2.1358792E2,1.5178644E2,6.1801476E1,6.938895E1,8.239749E1],"tree_param":{"num_deleted":"0","num_feature":"16","num_nodes":"5","size_leaf_vector":"1"}}]},"name":"gbtree"},"learner_model_param":{"base_score":"[5E-1]","boost_from_average":"1","num_class":"0","num_feature":"16","num_target":"1"},"objective":{"name":"binary:logistic","reg_loss_param":{"scale_pos_weight":"0.431502312"}}},"version":[3,2,0]}