{"learner":{"attributes":{"scikit_learn":"{\"_estimator_type\": \"classifier\"}"},"feature_names":["bias_week","bias_month","bias_quarter","bias_year","rsi","macd","macd_signal","vol_change","close_change","bb_width","return_5d","k_upper","k_lower","k_body","buy_power","rs_5d"],"feature_types":["float","float","float","float","float","float","float","float","float","float","float","float","float","float","float","float"],"gradient_booster":{"model":{"cats":{"enc":[],"feature_segments":[],"sorted_idx":[]},"gbtree_model_param":{"num_parallel_tree":"1","num_trees":"8"},"iteration_indptr":[0,1,2,3,4,5,6,7,8],"tree_info":[0,0,0,0,0,0,0,0],"trees":[{"base_weights":[2.0741142E-2,3.6743462E-1,-1.4490165E-1,-5.442606E-1,4.7837582E-1,-4.721165E-1,3.482087E-1,5.611589E-2,-9.634496E-1,1.1483432E0,2.7146134E-1,4.813361E-2,-8.4290475E-1,-5.939943E-1,5.522506E-1,-7.125857E-2,5.112971E-2,6.414556E-2,-1.9118847E-2,3.3068713E-2,-9.996914E-3,-1.0345609E-2,4.495811E-2,1.1976651E-2,-4.969319E-2,-5.6111783E-2,4.609802E-3,-1.6837878E-3,3.690219E-2],"categories":[],"categories_nodes":[],"categories_segments":[],"categories_sizes":[],"default_left":[0,0,0,0,0,0,0,0,0,0,0,0,0,0,0,0,0,0,0,0,0,0,0,0,0,0,0,0,0],"id":0,"left_children":[1,3,5,7,9,11,13,-1,15,17,19,21,23,25,27,-1,-1,-1,-1,-1,-1,-1,-1,-1,-1,-1,-1,-1,-1],"loss_changes":[1.4038248E1,8.252475E0,2.6869734E1,7.3967113E0,9.527494E0,1.9314316E1,1.3130728E1,0E0,8.574411E0,3.876667E0,1.0340429E1,9.415806E0,9.779369E0,4.575015E0,6.040325E0,0E0,0E0,0E0,0E0,0E0,0E0,0E0,0E0,0E0,0E0,0E0,0E0,0E0,0E0],"parents":[2147483647,0,0,1,1,2,2,3,3,4,4,5,5,6,6,8,8,9,9,10,10,11,11,12,12,13,13,14,14],"right_children":[2,4,6,8,10,12,14,-1,16,18,20,22,24,26,28,-1,-1,-1,-1,-1,-1,-1,-1,-1,-1,-1,-1,-1,-1],"split_conditions":[-4.4691032E-1,-2.132851E-1,9.1300875E-1,-2.8964183E-1,-2.1995249E0,3.0280936E-3,2.2704463E-2,5.611589E-2,-1.8006989E0,3.55302E-1,-2.4296748E-3,-1.0018265E-2,-1.9323703E-2,-4.1095875E-4,1.1990402E-2,-7.125857E-2,5.112971E-2,6.414556E-2,-1.9118847E-2,3.3068713E-2,-9.996914E-3,-1.0345609E-2,4.495811E-2,1.1976651E-2,-4.969319E-2,-5.6111783E-2,4.609802E-3,-1.6837878E-3,3.690219E-2],"split_indices":[5,3,5,3,6,3,3,0,6,3,3,3,10,0,1,0,0,0,0,0,0,0,0,0,0,0,0,0,0],"split_type":[0,0,0,0,0,0,0,0,0,0,0,0,0,0,0,0,0,0,0,0,0,0,0,0,0,0,0,0,0],"sum_hessian":[2.425255E2,7.801675E1,1.6450876E2,8.039954E0,6.997679E1,9.891438E1,6.559437E1,1.2787291E0,6.761225E0,1.5438547E1,5.4538242E1,4.1523403E1,5.7390984E1,1.1336187E1,5.4258183E1,5.7149925E0,1.0462329E0,1.4339803E1,1.0987443E0,2.9628426E1,2.4909817E1,3.2531013E1,8.99239E0,6.9524355E0,5.0438545E1,6.0462327E0,5.289954E0,1.3259893E1,4.0998287E1],"tree_param":{"num_deleted":"0","num_feature":"16","num_nodes":"29","size_leaf_vector":"1"}},{"base_weights":[-3.541599E-2,2.4268833E-1,-3.2416758E-1,-5.5735326E-1,3.4307975E-1,-5.5232346E-1,6.916833E-1,7.127661E-2,-1.1061188E0,1.1080543E-1,6.672459E-1,-8.183181E-1,-1.5948512E-1,1.2950277E0,2.908795E-1,-6.638632E-2,-6.4339745E-3,1.9632824E-2,-4.274865E-3,1.9424034E-2,5.7558805E-2,2.6185934E-2,-4.778273E-2,-2.8738026E-2,1.1186556E-2,-1.1701281E-2,8.483163E-2,-2.3402475E-2,3.459708E-2],"categories":[],"categories_nodes":[],"categories_segments":[],"categories_sizes":[],"default_left":[0,0,0,0,0,0,0,0,0,0,0,0,0,0,0,0,0,0,0,0,0,0,0,0,0,0,0,0,0],"id":1,"left_children":[1,3,5,7,9,11,13,-1,15,17,19,21,23,25,27,-1,-1,-1,-1,-1,-1,-1,-1,-1,-1,-1,-1,-1,-1],"loss_changes":[1.9802242E1,1.028595E1,2.840992E1,1.7239492E1,8.381118E0,1.0246237E1,5.0940027E0,0E0,2.3931398E0,3.7193651E0,5.8493366E0,1.1369362E1,6.706715E0,5.764168E0,4.853797E0,0E0,0E0,0E0,0E0,0E0,0E0,0E0,0E0,0E0,0E0,0E0,0E0,0E0,0E0],"parents":[2147483647,0,0,1,1,2,2,3,3,4,4,5,5,6,6,8,8,9,9,10,10,11,11,12,12,13,13,14,14],"right_children":[2,4,6,8,10,12,14,-1,16,18,20,22,24,26,28,-1,-1,-1,-1,-1,-1,-1,-1,-1,-1,-1,-1,-1,-1],"split_conditions":[-1.6784418E-4,2.0659268E-2,3.0024802E-2,-4.9152175E-1,3.0000305E-1,4.3517876E-2,3.2187588E0,7.127661E-2,3.4466594E-1,-6.3876235E-1,2.500012E-1,-2.0791873E-2,1.19635455E-1,-8.3118737E-1,1.1319577E-1,-6.638632E-2,-6.4339745E-3,1.9632824E-2,-4.274865E-3,1.9424034E-2,5.7558805E-2,2.6185934E-2,-4.778273E-2,-2.8738026E-2,1.1186556E-2,-1.1701281E-2,8.483163E-2,-2.3402475E-2,3.459708E-2],"split_indices":[15,9,15,6,11,9,5,0,6,6,12,1,4,6,9,0,0,0,0,0,0,0,0,0,0,0,0,0,0],"split_type":[0,0,0,0,0,0,0,0,0,0,0,0,0,0,0,0,0,0,0,0,0,0,0,0,0,0,0,0,0],"sum_hessian":[2.4461417E2,1.24685646E2,1.1992852E2,1.339401E1,1.1129163E2,9.8305756E1,2.1622768E1,2.5569892E0,1.0837021E1,6.5617E1,4.5674637E1,5.7970367E1,4.0335384E1,7.7401557E0,1.3882613E1,8.541987E0,2.2950337E0,2.6527956E1,3.9089043E1,3.0124405E1,1.5550231E1,5.1204543E0,5.2849915E1,1.9118084E1,2.12173E1,1.6968633E0,6.0432925E0,4.742107E0,9.140507E0],"tree_param":{"num_deleted":"0","num_feature":"16","num_nodes":"29","size_leaf_vector":"1"}},{"base_weights":[-2.759248E-2,-1.27121E-1,6.38755E-1,2.2993675E-1,-4.397932E-1,3.635119E-2,9.699733E-1,5.693438E-1,-2.8857496E-1,7.785213E-2,-5.290496E-1,5.4614533E-2,-3.2557213E-1,1.4793408E0,1.3855025E-1,3.361269E-2,-3.963129E-2,-2.5478715E-2,4.1745085E-2,-3.8834814E-2,2.2714266E-3,-3.4878988E-2,6.095542E-3,4.1234303E-2,8.529605E-2,3.833219E-2,-4.140049E-2],"categories":[],"categories_nodes":[],"categories_segments":[],"categories_sizes":[],"default_left":[0,0,0,0,0,0,0,0,0,0,0,0,0,0,0,0,0,0,0,0,0,0,0,0,0,0,0],"id":2,"left_children":[1,3,5,7,9,11,13,15,17,-1,19,-1,21,23,25,-1,-1,-1,-1,-1,-1,-1,-1,-1,-1,-1,-1],"loss_changes":[1.6040693E1,2.3568655E1,6.2375326E0,1.7550512E1,2.0858713E1,5.0151014E0,8.369249E0,8.948788E0,1.0294317E1,0E0,1.5449591E1,0E0,1.7248098E0,4.400673E-1,5.9740496E0,0E0,0E0,0E0,0E0,0E0,0E0,0E0,0E0,0E0,0E0,0E0,0E0],"parents":[2147483647,0,0,1,1,2,2,3,3,4,4,5,5,6,6,7,7,8,8,10,10,12,12,13,13,14,14],"right_children":[2,4,6,8,10,12,14,16,18,-1,20,-1,22,24,26,-1,-1,-1,-1,-1,-1,-1,-1,-1,-1,-1,-1],"split_conditions":[2.8058022E-1,2.4779364E-3,1.1748175E-2,-6.547393E-4,-2.15128E0,-4.005858E-2,4.7333652E-1,2.1170352E-2,1.7569115E-2,7.785213E-2,8.358202E-1,5.4614533E-2,-1.50520615E-2,1.8690506E-2,4.9577413E0,3.361269E-2,-3.963129E-2,-2.5478715E-2,4.1745085E-2,-3.8834814E-2,2.2714266E-3,-3.4878988E-2,6.095542E-3,4.1234303E-2,8.529605E-2,3.833219E-2,-4.140049E-2],"split_indices":[3,3,1,15,5,1,3,0,15,0,5,0,15,15,6,0,0,0,0,0,0,0,0,0,0,0,0],"split_type":[0,0,0,0,0,0,0,0,0,0,0,0,0,0,0,0,0,0,0,0,0,0,0,0,0,0,0],"sum_hessian":[2.3964165E2,2.0920337E2,3.0438284E1,9.779287E1,1.114105E2,1.11922E1,1.9246084E1,5.904512E1,3.874775E1,4.063249E0,1.0734725E2,2.3417997E0,8.8504E0,1.1451244E1,7.79484E0,5.5367943E1,3.6771758E0,3.2835167E1,5.9125814E0,7.476532E1,3.258193E1,4.5275764E0,4.322823E0,4.137252E0,7.3139925E0,4.8500166E0,2.944823E0],"tree_param":{"num_deleted":"0","num_feature":"16","num_nodes":"27","size_leaf_vector":"1"}},{"base_weights":[-3.2435104E-2,-2.1650805E-1,2.9252037E-1,4.464699E-2,-4.8346E-1,-4.0564697E-2,6.5388536E-1,2.719368E-1,-4.012948E-1,7.0298123E-1,-6.180623E-1,4.2304695E-1,-7.396215E-1,8.0141747E-1,-2.7269563E-1,7.920972E-2,6.3895653E-3,-3.0326555E-2,4.300459E-2,5.0065815E-2,-2.1556458E-2,-4.5972273E-2,6.295717E-4,-2.8897086E-2,4.014037E-2,3.8021352E-2,-5.0127625E-2,-1.3741929E-3,4.8596542E-2,-6.035608E-2,2.1199083E-2],"categories":[],"categories_nodes":[],"categories_segments":[],"categories_sizes":[],"default_left":[0,0,0,0,0,0,0,0,0,0,0,0,0,0,0,0,0,0,0,0,0,0,0,0,0,0,0,0,0,0,0],"id":3,"left_children":[1,3,5,7,9,11,13,15,17,19,21,23,25,27,29,-1,-1,-1,-1,-1,-1,-1,-1,-1,-1,-1,-1,-1,-1,-1,-1],"loss_changes":[1.4884946E1,1.1089603E1,1.0862986E1,8.335983E0,1.2985569E1,1.5801074E1,6.1294956E0,1.008004E1,7.72028E0,3.2994204E0,1.3528664E1,1.1628473E1,8.421744E0,5.3346767E0,4.863862E0,0E0,0E0,0E0,0E0,0E0,0E0,0E0,0E0,0E0,0E0,0E0,0E0,0E0,0E0,0E0,0E0],"parents":[2147483647,0,0,1,1,2,2,3,3,4,4,5,5,6,6,7,7,8,8,9,9,10,10,11,11,12,12,13,13,14,14],"right_children":[2,4,6,8,10,12,14,16,18,20,22,24,26,28,30,-1,-1,-1,-1,-1,-1,-1,-1,-1,-1,-1,-1,-1,-1,-1,-1],