{"learner":{"attributes":{"scikit_learn":"{\"_estimator_type\": \"classifier\"}"},"feature_names":["bias_week","bias_month","bias_quarter","bias_year","rsi","macd","macd_signal","vol_change","close_change","bb_width","return_5d","k_upper","k_lower","k_body","buy_power","rs_5d"],"feature_types":["float","float","float","float","float","float","float","float","float","float","float","float","float","float","float","float"],"gradient_booster":{"model":{"cats":{"enc":[],"feature_segments":[],"sorted_idx":[]},"gbtree_model_param":{"num_parallel_tree":"1","num_trees":"4"},"iteration_indptr":[0,1,2,3,4],"tree_info":[0,0,0,0],"trees":[{"base_weights":[-0E0,6.290145E-1,-1.6927662E-1,4.2030174E-1,9.485163E-2,-3.470112E-1,5.2615248E-2,6.525809E-2,8.637302E-3,6.1818287E-3,-3.780611E-2],"categories":[],"categories_nodes":[],"categories_segments":[],"categories_sizes":[],"default_left":[0,0,0,0,0,0,0,0,0,0,0],"id":0,"left_children":[1,3,5,7,-1,9,-1,-1,-1,-1,-1],"loss_changes":[5.9301403E1,4.904331E0,5.480018E1,4.3497353E0,0E0,5.6975822E0,0E0,0E0,0E0,0E0,0E0],"parents":[2147483647,0,0,1,1,2,2,3,3,5,5],"right_children":[2,4,6,8,-1,10,-1,-1,-1,-1,-1],"split_conditions":[-6.555075E-2,3.3898337E-3,1.5200924E0,-1.08352E0,9.485163E-2,-1.9867415E-2,5.2615248E-2,6.525809E-2,8.637302E-3,6.1818287E-3,-3.780611E-2],"split_indices":[3,8,6,5,0,8,0,0,0,0,0],"split_type":[0,0,0,0,0,0,0,0,0,0,0],"sum_hessian":[5.6145856E2,1.1765515E2,4.4380338E2,7.6145706E1,4.150944E1,3.565038E2,8.729956E1,4.0461563E1,3.5684143E1,2.2325298E1,3.3417853E2],"tree_param":{"num_deleted":"0","num_feature":"16","num_nodes":"11","size_leaf_vector":"1"}},{"base_weights":[6.0664597E-3,-1.255819E-1,6.443615E-1,-5.141976E-1,-3.6966983E-2,-0E0,7.832503E-1,-0E0,-6.160903E-2,4.658953E-2,-7.981646E-3,9.533761E-2,2.7245674E-2],"categories":[],"categories_nodes":[],"categories_segments":[],"categories_sizes":[],"default_left":[0,0,0,0,0,0,0,0,0,0,0,0,0],"id":1,"left_children":[1,3,5,7,9,-1,11,-1,-1,-1,-1,-1,-1],"loss_changes":[4.8331886E1,1.4678333E1,7.4352417E0,4.514145E0,7.5276027E0,0E0,4.3424873E0,0E0,0E0,0E0,0E0,0E0,0E0],"parents":[2147483647,0,0,1,1,2,2,3,3,4,4,6,6],"right_children":[2,4,6,8,10,-1,12,-1,-1,-1,-1,-1,-1],"split_conditions":[8.741865E-2,2.5276452E-2,-4.2285763E-2,-1.5384056E-2,-4.7790807E-2,-0E0,1.9865295E-2,-0E0,-6.160903E-2,4.658953E-2,-7.981646E-3,9.533761E-2,2.7245674E-2],"split_indices":[9,9,15,15,1,0,0,0,0,0,0,0,0],"split_type":[0,0,0,0,0,0,0,0,0,0,0,0,0],"sum_hessian":[5.610993E2,4.6228375E2,9.881553E1,8.1045906E1,3.8123782E2,1.9842966E1,7.8972565E1,1.3811729E1,6.723418E1,2.5982927E1,3.552549E2,5.5178936E1,2.3793629E1],"tree_param":{"num_deleted":"0","num_feature":"16","num_nodes":"13","size_leaf_vector":"1"}},{"base_weights":[-1.46800345E-2,5.4821424E-2,-1.5000509E-1,-2.7947178E-1,3.4428753E-2,4.1129377E-2,-3.1974413E-2],"categories":[],"categories_nodes":[],"categories_segments":[],"categories_sizes":[],"default_left":[0,0,0,0,0,0,0],"id":2,"left_children":[1,-1,3,5,-1,-1,-1],"loss_changes":[4.239882E1,0E0,2.9371315E1,1.0733128E1,0E0,0E0,0E0],"parents":[2147483647,0,0,2,2,3,3],"right_children":[2,-1,4,6,-1,-1,-1],"split_conditions":[-7.820669E-2,5.4821424E-2,1.5200924E0,-5.2362617E-2,3.4428753E-2,4.1129377E-2,-3.1974413E-2],"split_indices":[3,0,6,1,0,0,0],"split_type":[0,0,0,0,0,0,0],"sum_hessian":[5.6393115E2,1.0535548E2,4.585757E2,3.6744153E2,9.113419E1,1.8267239E1,3.491743E2],"tree_param":{"num_deleted":"0","num_feature":"16","num_nodes":"7","size_leaf_vector":"1"}},{"base_weights":[1.2156351E-2,6.27751E-2,-4.9109336E-2,-1.0889088E-1,5.083688E-1,2.588763E-2,-1.6793326E-2,7.771092E-2,-0E0],"categories":[],"categories_nodes":[],"categories_segments":[],"categories_sizes":[],"default_left":[0,0,0,0,0,0,0,0,0],"id":3,"left_children":[1,-1,3,5,7,-1,-1,-1,-1],"loss_changes":[2.2666E1,0E0,1.6025024E1,1.0123171E1,6.012182E0,0E0,0E0,0E0,0E0],"parents":[2147483647,0,0,2,2,3,3,4,4],"right_children":[2,-1,4,6,8,-1,-1,-1,-1],"split_conditions":[-4.890223E-2,6.27751E-2,2.5942423E0,-1.348577E0,1.9210184E-2,2.588763E-2,-1.6793326E-2,7.771092E-2,-0E0],"split_indices":[1,0,5,5,0,0,0,0,0],"split_type":[0,0,0,0,0,0,0,0,0],"sum_hessian":[5.613324E2,5.367234E1,5.0766006E2,4.6220227E2,4.5457787E1,5.9605484E1,4.025968E2,2.8895548E1,1.656224E1],"tree_param":{"num_deleted":"0","num_feature":"16","num_nodes":"9","size_leaf_vector":"1"}}]},"name":"gbtree"},"learner_model_param":{"base_score":"[5E-1]","boost_from_average":"1","num_class":"0","num_feature":"16","num_target":"1"},"objective":{"name":"binary:logistic","reg_loss_param":{"scale_pos_weight":"0.389525741"}}},"version":[3,2,0]}