{"learner":{"attributes":{"scikit_learn":"{\"_estimator_type\": \"classifier\"}"},"feature_names":["bias_week","bias_month","bias_quarter","bias_year","rsi","macd","macd_signal","vol_change","close_change","bb_width","return_5d","k_upper","k_lower","k_body","buy_power","rs_5d"],"feature_types":["float","float","float","float","float","float","float","float","float","float","float","float","float","float","float","float"],"gradient_booster":{"model":{"cats":{"enc":[],"feature_segments":[],"sorted_idx":[]},"gbtree_model_param":{"num_parallel_tree":"1","num_trees":"3"},"iteration_indptr":[0,1,2,3],"tree_info":[0,0,0],"trees":[{"base_weights":[-4.731124E-4,6.4861715E-1,-1.3661627E-1,8.622724E-2,5.721588E-1,-3.073323E-1,5.8640254E-1,4.6956718E-1,1.3516102E0,1.019955E0,-3.5629576E-1,1.1542575E0,4.0943557E-1,-3.1511974E-2,2.6081873E-2,8.87015E-2,1.0864034E-2,5.7175644E-2,-1.6414149E-2,-1.8933155E-2,4.093812E-2,4.4814777E-2,8.054339E-2,2.1357057E-3,3.1762E-2],"categories":[],"categories_nodes":[],"categories_segments":[],"categories_sizes":[],"default_left":[0,0,0,0,0,0,0,0,0,0,0,0,0,0,0,0,0,0,0,0,0,0,0,0,0],"id":0,"left_children":[1,3,5,-1,7,9,11,13,15,17,19,21,23,-1,-1,-1,-1,-1,-1,-1,-1,-1,-1,-1,-1],"loss_changes":[5.959118E1,8.631329E0,6.89835E1,0E0,8.214001E0,2.9712482E1,1.0261887E1,6.0164413E0,5.526579E0,3.0950317E0,1.1776695E1,1.4808922E0,6.8449936E0,0E0,0E0,0E0,0E0,0E0,0E0,0E0,0E0,0E0,0E0,0E0,0E0],"parents":[2147483647,0,0,1,1,2,2,4,4,5,5,6,6,7,7,8,8,9,9,10,10,11,11,12,12],"right_children":[2,4,6,-1,8,10,12,14,16,18,20,22,24,-1,-1,-1,-1,-1,-1,-1,-1,-1,-1,-1,-1],"split_conditions":[-8.0240875E-2,-3.266064E-1,1.5268291E0,8.622724E-2,7.787812E-1,-3.104984E-1,-1.0989025E-2,-5.336833E-1,1.7194829E0,8.3333445E-1,3.0938798E-1,3.3965669E0,3.140378E-2,-3.1511974E-2,2.6081873E-2,8.87015E-2,1.0864034E-2,5.7175644E-2,-1.6414149E-2,-1.8933155E-2,4.093812E-2,4.4814777E-2,8.054339E-2,2.1357057E-3,3.1762E-2],"split_indices":[3,3,6,0,5,4,0,4,6,14,3,6,1,0,0,0,0,0,0,0,0,0,0,0,0],"split_type":[0,0,0,0,0,0,0,0,0,0,0,0,0,0,0,0,0,0,0,0,0,0,0,0,0],"sum_hessian":[6.723407E2,1.15917274E2,5.5642346E2,6.2607083E0,1.0965656E2,4.506038E2,1.05819664E2,9.8318306E1,1.1338256E1,1.5325782E1,4.35278E2,2.3830254E1,8.198941E1,3.9425159E0,9.437579E1,7.8507295E0,3.4875264E0,1.4178277E1,1.1475053E0,4.2781232E2,7.465698E0,1.7120792E1,6.7094607E0,3.169834E1,5.029107E1],"tree_param":{"num_deleted":"0","num_feature":"16","num_nodes":"25","size_leaf_vector":"1"}},{"base_weights":[4.017107E-3,-1.2851143E-1,6.2855065E-1,7.2326416E-1,-1.7838784E-1,-1.3458288E-2,8.01718E-1,4.9380398E-1,1.2740996E0,-5.557922E-1,-8.485055E-2,8.220873E-1,-4.0704E-1,1.5052811E0,6.366453E-1,9.077799E-3,5.47812E-2,7.191691E-2,4.4690548E-3,6.214822E-2,-3.1100025E-2,-8.068107E-3,1.1763326E-2,-2.7817264E-2,6.252365E-2,6.0610037E-2,-3.218499E-2,-1.1967409E-2,8.297352E-2,5.6933835E-3,4.736265E-2],"categories":[],"categories_nodes":[],"categories_segments":[],"categories_sizes":[],"default_left":[0,0,0,0,0,0,0,0,0,0,0,0,0,0,0,0,0,0,0,0,0,0,0,0,0,0,0,0,0,0,0],"id":1,"left_children":[1,3,5,7,9,11,13,15,17,19,21,23,25,27,29,-1,-1,-1,-1,-1,-1,-1,-1,-1,-1,-1,-1,-1,-1,-1,-1],"loss_changes":[5.5706196E1,2.3717648E1,1.3109215E1,3.2779598E0,1.8497711E1,8.888651E0,9.820145E0,4.208602E0,1.5170498E0,1.31777725E1,1.0378039E1,5.8096485E0,7.812621E0,4.944351E0,1.2379536E1,0E0,0E0,0E0,0E0,0E0,0E0,0E0,0E0,0E0,0E0,0E0,0E0,0E0,0E0,0E0,0E0],"parents":[2147483647,0,0,1,1,2,2,3,3,4,4,5,5,6,6,7,7,8,8,9,9,10,10,11,11,12,12,13,13,14,14],"right_children":[2,4,6,8,10,12,14,16,18,20,22,24,26,28,30,-1,-1,-1,-1,-1,-1,-1,-1,-1,-1,-1,-1,-1,-1,-1,-1],"split_conditions":[8.8048525E-2,-4.835387E-2,-4.0416524E-2,3.63637E-1,2.5556179E-2,-2.0246847E-2,-4.835387E-2,-1.0975274E-2,1.3440796E-2,-2.5675288E-1,1.4173782E0,-5.336833E-1,-6.764805E0,-7.3660836E-2,7.787812E-1,9.077799E-3,5.47812E-2,7.191691E-2,4.4690548E-3,6.214822E-2,-3.1100025E-2,-8.068107E-3,1.1763326E-2,-2.7817264E-2,6.252365E-2,6.0610037E-2,-3.218499E-2,-1.1967409E-2,8.297352E-2,5.6933835E-3,4.736265E-2],"split_indices":[9,1,15,11,9,0,1,15,8,4,6,4,6,0,5,0,0,0,0,0,0,0,0,0,0,0,0,0,0,0,0],"split_type":[0,0,0,0,0,0,0,0,0,0,0,0,0,0,0,0,0,0,0,0,0,0,0,0,0,0,0,0,0,0,0],"sum_hessian":[6.7106006E2,5.542419E2,1.1681814E2,2.991199E1,5.243299E2,2.5011515E1,9.1806625E1,2.2454596E1,7.4573936E0,1.0315959E2,4.2117032E2,7.6603694E0,1.7351145E1,1.5903738E1,7.5902885E1,1.5641069E1,6.8135266E0,6.3614273E0,1.0959662E0,3.0313017E0,1.0012829E2,3.403248E2,8.0845535E1,1.7454066E0,5.914963E0,1.6869315E0,1.5664213E1,1.2465788E0,1.4657159E1,2.8798796E1,4.710409E1],"tree_param":{"num_deleted":"0","num_feature":"16","num_nodes":"31","size_leaf_vector":"1"}},{"base_weights":[-2.3347182E-2,5.8844495E-1,-1.6084313E-1,7.378566E-2,5.314702E-1,-3.095209E-1,4.3560883E-1,-6.019146E-1,6.0787666E-1,7.4196476E-1,-3.3480367E-1,-8.269926E-1,4.8166987E-1,-5.7348292E-2,2.2269825E-3,5.206887E-2,2.3433497E-2,6.3764654E-2,3.4510295E-3,-1.7839527E-2,3.739391E-2,-6.2565364E-2,7.4468525E-3,3.9515626E-2,1.2680501E-2],"categories":[],"categories_nodes":[],"categories_segments":[],"categories_sizes":[],"default_left":[0,0,0,0,0,0,0,0,0,0,0,0,0,0,0,0,0,0,0,0,0,0,0,0,0],"id":2,"left_children":[1,3,5,-1,7,9,11,13,15,17,19,21,23,-1,-1,-1,-1,-1,-1,-1,-1,-1,-1,-1,-1],"loss_changes":[5.7377586E1,5.543545E0,4.9511425E1,0E0,1.0687065E1,1.2112659E1,6.883703E0,2.880391E0,6.2800827E0,3.784442E0,1.0657513E1,1.964133E0,7.417221E0,0E0,0E0,0E0,0E0,0E0,0E0,0E0,0E0,0E0,0E0,0E0,0E0],"parents":[2147483647,0,0,1,1,2,2,4,4,5,5,6,6,7,7,8,8,9,9,10,10,11,11,12,12],"right_children":[2,4,6,-1,8,10,12,14,16,18,20,22,24,-1,-1,-1,-1,-1,-1,-1,-1,-1,-1,-1,-1],"split_conditions":[-7.722711E-2,-3.266064E-1,1.5268291E0,7.378566E-2,-6.26997E-2,-6.871889E-2,-5.70216E-2,-2.2997813E-1,-2.661824E0,2.8350383E-1,3.0938798E-1,-2.7521673E-4,1.5241766E-1,-5.7348292E-2,2.2269825E-3,5.206887E-2,2.3433497E-2,6.3764654E-2,3.4510295E-3,-1.7839527E-2,3.739391E-2,-6.2565364E-2,7.4468525E-3,3.9515626E-2,1.2680501E-2],"split_indices":[3,3,6,0,15,1,3,3,5,7,3,7,3,0,0,0,0,0,0,0,0,0,0,0,0],"split_type":[0,0,0,0,0,0,0,0,0,0,0,0,0,0,0,0,0,0,0,0,0,0,0,0,0],"sum_hessian":[6.799756E2,1.2417512E2,5.558004E2,5.9900994E0,1.1818501E2,4.4528513E2,1.1051531E2,7.0298E0,1.1115521E2,9.789804E0,4.3549533E2,3.293072E0,1.07222244E2,3.3939686E0,3.635831E0,2.5442972E1,8.571224E1,4.9620986E0,4.827706E0,4.2748453E2,8.010804E0,2.0985112E0,1.1945605E0,4.4514122E1,6.2708122E1],"tree_param":{"num_deleted":"0","num_feature":"16","num_nodes":"25","size_leaf_vector":"1"}}]},"name":"gbtree"},"learner_model_param":{"base_score":"[5E-1]","boost_from_average":"1","num_class":"0","num_feature":"16","num_target":"1"},"objective":{"name":"binary:logistic","reg_loss_param":{"scale_pos_weight":"0.397505283"}}},"version":[3,2,0]}