{"learner":{"attributes":{"scikit_learn":"{\"_estimator_type\": \"classifier\"}"},"feature_names":["bias_week","bias_month","bias_quarter","bias_year","rsi","macd","macd_signal","vol_change","close_change","bb_width","return_5d","k_upper","k_lower","k_body","buy_power","rs_5d"],"feature_types":["float","float","float","float","float","float","float","float","float","float","float","float","float","float","float","float"],"gradient_booster":{"model":{"cats":{"enc":[],"feature_segments":[],"sorted_idx":[]},"gbtree_model_param":{"num_parallel_tree":"1","num_trees":"10"},"iteration_indptr":[0,1,2,3,4,5,6,7,8,9,10],"tree_info":[0,0,0,0,0,0,0,0,0,0],"trees":[{"base_weights":[-0E0,6.250832E-1,-1.604117E-1,4.6182668E-1,1.086446E-1,-3.3931515E-1,5.678221E-1,6.774801E-2,1.1468968E-2,6.098541E-3,-3.707001E-2,1.0674947E-1,3.8287424E-2],"categories":[],"categories_nodes":[],"categories_segments":[],"categories_sizes":[],"default_left":[0,0,0,0,0,0,0,0,0,0,0,0,0],"id":0,"left_children":[1,3,5,7,-1,9,11,-1,-1,-1,-1,-1,-1],"loss_changes":[5.4318466E1,4.902321E0,5.6662987E1,4.7336597E0,0E0,5.5932503E0,4.4429836E0,0E0,0E0,0E0,0E0,0E0,0E0],"parents":[2147483647,0,0,1,1,2,2,3,3,5,5,6,6],"right_children":[2,4,6,8,-1,10,12,-1,-1,-1,-1,-1,-1],"split_conditions":[-6.627764E-2,1.06545845E-2,1.5292192E0,-9.6699125E-1,1.086446E-1,-1.9615881E-2,-1.1185779E-2,6.774801E-2,1.1468968E-2,6.098541E-3,-3.707001E-2,1.0674947E-1,3.8287424E-2],"split_indices":[3,8,6,5,0,8,0,0,0,0,0,0,0],"split_type":[0,0,0,0,0,0,0,0,0,0,0,0,0],"sum_hessian":[5.48727E2,1.1004534E2,4.3868167E2,8.53548E1,2.4690544E1,3.546846E2,8.399706E1,4.8067574E1,3.7287228E1,2.2831451E1,3.3185315E2,1.8766525E1,6.523054E1],"tree_param":{"num_deleted":"0","num_feature":"16","num_nodes":"13","size_leaf_vector":"1"}},{"base_weights":[7.90282E-3,-1.19988956E-1,6.4474875E-1,-5.1772517E-1,-2.364146E-2,-0E0,8.118881E-2,-0E0,-6.375735E-2,6.053385E-2,-7.590211E-3],"categories":[],"categories_nodes":[],"categories_segments":[],"categories_sizes":[],"default_left":[0,0,0,0,0,0,0,0,0,0,0],"id":1,"left_children":[1,3,5,7,9,-1,-1,-1,-1,-1,-1],"loss_changes":[4.578344E1,1.6140787E1,1.0713238E1,6.367222E0,1.1179445E1,0E0,0E0,0E0,0E0,0E0,0E0],"parents":[2147483647,0,0,1,1,2,2,3,3,4,4],"right_children":[2,4,6,8,10,-1,-1,-1,-1,-1,-1],"split_conditions":[8.796697E-2,2.555618E-2,-4.0416494E-2,-1.5338312E-2,-4.8353948E-2,-0E0,8.118881E-2,-0E0,-6.375735E-2,6.053385E-2,-7.590211E-3],"split_indices":[9,9,15,15,1,0,0,0,0,0,0],"split_type":[0,0,0,0,0,0,0,0,0,0,0],"sum_hessian":[5.4744556E2,4.5299747E2,9.44481E1,8.370615E1,3.6929132E2,1.9869333E1,7.4578766E1,1.4004712E1,6.970144E1,2.5086166E1,3.4420517E2],"tree_param":{"num_deleted":"0","num_feature":"16","num_nodes":"11","size_leaf_vector":"1"}},{"base_weights":[-1.6800366E-2,5.3084925E-2,-1.4434499E-1,-2.798341E-1,3.148105E-2,2.8419193E-2,-3.222069E-2],"categories":[],"categories_nodes":[],"categories_segments":[],"categories_sizes":[],"default_left":[0,0,0,0,0,0,0],"id":2,"left_children":[1,-1,3,5,-1,-1,-1],"loss_changes":[3.784511E1,0E0,2.8082317E1,9.054554E0,0E0,0E0,0E0],"parents":[2147483647,0,0,2,2,3,3],"right_children":[2,-1,4,6,-1,-1,-1],"split_conditions":[-7.7223554E-2,5.3084925E-2,1.4179515E0,-4.695772E-2,3.148105E-2,2.8419193E-2,-3.222069E-2],"split_indices":[3,0,6,1,0,0,0],"split_type":[0,0,0,0,0,0,0],"sum_hessian":[5.499567E2,9.986791E1,4.500888E2,3.5177148E2,9.831732E1,2.2160204E1,3.296113E2],"tree_param":{"num_deleted":"0","num_feature":"16","num_nodes":"7","size_leaf_vector":"1"}},{"base_weights":[7.8070136E-3,6.073216E-2,-5.203886E-2,-1.2151525E-1,5.7731725E-2,1.952073E-2,-1.6836463E-2],"categories":[],"categories_nodes":[],"categories_segments":[],"categories_sizes":[],"default_left":[0,0,0,0,0,0,0],"id":3,"left_children":[1,-1,3,5,-1,-1,-1],"loss_changes":[2.116347E1,0E0,2.0869328E1,6.867693E0,0E0,0E0,0E0],"parents":[2147483647,0,0,2,2,3,3],"right_children":[2,-1,4,6,-1,-1,-1],"split_conditions":[-4.8353948E-2,6.073216E-2,2.567526E0,-1.4851414E0,5.7731725E-2,1.952073E-2,-1.6836463E-2],"split_indices":[1,0,5,5,0,0,0],"split_type":[0,0,0,0,0,0,0],"sum_hessian":[5.500242E2,5.2883278E1,4.971409E2,4.5130484E2,4.5836063E1,5.317826E1,3.981266E2],"tree_param":{"num_deleted":"0","num_feature":"16","num_nodes":"7","size_leaf_vector":"1"}},{"base_weights":[2.1961402E-2,6.6114396E-2,-1.0745784E-1,-2.3188818E-1,2.6391965E-1,1.0508032E-1,-2.8281305E-2,-0E0,5.002296E-2],"categories":[],"categories_nodes":[],"categories_segments":[],"categories_sizes":[],"default_left":[0,0,0,0,0,0,0,0,0],"id":4,"left_children":[1,-1,3,5,7,-1,-1,-1,-1],"loss_changes":[4.697232E1,0E0,2.088813E1,2.19279E1,6.758478E0,0E0,0E0,0E0,0E0],"parents":[2147483647,0,0,2,2,3,3,4,4],"right_children":[2,-1,4,6,8,-1,-1,-1,-1],"split_conditions":[-8.01573E-2,6.6114396E-2,1.3147724E0,-3.1049868E-1,1.2843409E-2,1.0508032E-1,-2.8281305E-2,-0E0,5.002296E-2],"split_indices":[3,0,6,4,15,0,0,0,0],"split_type":[0,0,0,0,0,0,0,0,0],"sum_hessian":[5.478784E2,9.447667E1,4.5340173E2,3.441829E2,1.0921885E2,1.1886292E1,3.322966E2,5.2779198E1,5.6439655E1],"tree_param":{"num_deleted":"0","num_feature":"16","num_nodes":"9","size_leaf_vector":"1"}},{"base_weights":[7.4235443E-4,-8.74686E-2,4.1311765E-1,3.9791662E-2,-1.4442144E-1,5.311133E-1,-2.2310012E-3,-1.833541E-2,5.364549E-2,2.2864487E-2,1.1008925E-1],"categories":[],"categories_nodes":[],"categories_segments":[],"categories_sizes":[],"default_left":[0,0,0,0,0,0,0,0,0,0,0],"id":5,"left_children":[1,3,5,-1,7,9,-1,-1,-1,-1,-1],"loss_changes":[2.0672289E1,1.1864996E1,6.3435936E0,0E0,1.0407125E1,1.1504631E1,0E0,0E0,0E0,0E0,0E0],"parents":[2147483647,0,0,1,1,2,2,4,4,5,5],"right_children":[2,4,6,-1,8,10,-1,-1,-1,-1,-1],"split_conditions":[8.643948E-2,-5.620864E-2,2.5653103E-1,3.9791662E-2,2.72281E-1,7.78957E-1,-2.2310012E-3,-1.833541E-2,5.364549E-2,2.2864487E-2,1.1008925E-1],"split_indices":[9,2,3,0,3,5,0,0,0,0,0],"split_type":[0,0,0,0,0,0,0,0,0,0,0],"sum_hessian":[5.479562E2,4.4694473E2,1.0101141E2,4.2477474E1,4.0446725E2,8.3540695E1,1.7470722E1,3.8510217E2,1.936508E1,5.761402E1,2.592667E1],"tree_param":{"num_deleted":"0","num_feature":"16","num_nodes":"11","size_leaf_vector":"1"}},{"base_weights":[2.7750123E-2,4.1801828E-1,-4.8873942E-2,2.8272772E-1,9.775391E-2,-1.6222788E-1,3.816083E-2,4.544638E-2,-1.3708113E-2,4.065644E-2,-1.9242864E-2],"categories":[],"categories_nodes":[],"categories_segments":[],"categories_sizes":[],"default_left":[0,0,0,0,0,0,0,0,0,0,0],"id":6,"left_children":[1,3,5,7,-1,9,-1,-1,-1,-1,-1],"loss_changes":[1.686322E1,4.2435646E0,2.1289623E1,6.5038447E0,0E0,5.97888E0,0E0,0E0,0E0,0E0,0E0],"parents":[2147483647,0,0,1,1,2,2,3,3,5,5],"right_children":[2,4,6,8,-1,10,-1,-1,-1,-1,-1],"split_conditions":[-8.01573E-2,1.7276646E-1,1.5292192E0,-1.3110819E-3,9.775391E-2,-2.4510555E-2,3.816083E-2,4.544638E-2,-1.3708113E-2,4.065644E-2,-1.9242864E-2],"split_indices":[3,5,6,1,0,8,0,0,0,0,0],"split_type":[0,0,0,0,0,0,0,0,0,0,0],"sum_hessian":[5.359517E2,9.272955E1,4.4322217E2,7.817884E1,1.455071E1,3.5552032E2,8.770186E1,5.8959057E1,1.9219784E1,1.4912864E1,3.4060745E2],"tree_param":{"num_deleted":"0","num_feature":"16","num_nodes":"11","size_leaf_vector":"1"}},{"base_weights":[5.0447453E-3,7.043303E-2,-2.4338271E-2,-1.456085E-1,2.2027668E-1,1.4763951E-2,-2.1463597E-2,6.498327E-2,1.329422E-2],"categories":[],"categories_nodes":[],"categories_segments":[],"categories_sizes":[],"default_left":[0,0,0,0,0,0,0,0,0],"id":7,"left_children":[1,-1,3,5,7,-1,-1,-1,-1],"loss_changes":[1.2990925E1,0E0,1.5478129E1,7.6296105E0,4.5400333E0,0E0,0E0,0E0,0E0],"parents":[2147483647,0,0,2,2,3,3,4,4],"right_children":[2,-1,4,6,8,-1,-1,-1,-1],"split_conditions":[-1.1276809E-1,7.043303E-2,3.6837548E-2,-1.2939116E-2,-8.3291065E-3,1.4763951E-2,-2.1463597E-2,6.498327E-2,1.329422E-2],"split_indices":[2,0,2,8,0,0,0,0,0],"split_type":[0,0,0,0,0,0,0,0,0],"sum_hessian":[5.523853E2,2.5100103E1,5.272852E2,3.5870285E2,1.6858235E2,6.331009E1,2.9539276E2,2.3497345E1,1.45085E2],"tree_param":{"num_deleted":"0","num_feature":"16",