{"learner":{"attributes":{"scikit_learn":"{\"_estimator_type\": \"classifier\"}"},"feature_names":["bias_week","bias_month","bias_quarter","bias_year","rsi","macd","macd_signal","vol_change","close_change","bb_width","return_5d","k_upper","k_lower","k_body","buy_power","rs_5d","obv","atr_ratio","trend_strength"],"feature_types":["float","float","float","float","float","float","float","float","float","float","float","float","float","float","float","float","float","float","float"],"gradient_booster":{"model":{"cats":{"enc":[],"feature_segments":[],"sorted_idx":[]},"gbtree_model_param":{"num_parallel_tree":"1","num_trees":"12"},"iteration_indptr":[0,1,2,3,4,5,6,7,8,9,10,11,12],"tree_info":[0,0,0,0,0,0,0,0,0,0,0,0],"trees":[{"base_weights":[-6.3756453E-3,3.5252404E-1,-1.15134075E-1,4.8389038E-1,-1.0962453E-1,-3.0499136E-1,8.323527E-2,1.4014168E-1,4.0002596E-2,-5.5819802E-2,7.46293E-2,-5.539489E-3,-7.339518E-2,2.6825344E-2,-2.46904E-2],"categories":[],"categories_nodes":[],"categories_segments":[],"categories_sizes":[],"default_left":[0,0,0,0,0,0,0,0,0,0,0,0,0,0,0],"id":0,"left_children":[1,3,5,7,9,11,13,-1,-1,-1,-1,-1,-1,-1,-1],"loss_changes":[5.339438E1,2.0062286E1,4.0616863E1,1.460524E1,2.5503235E1,5.7802723E1,3.2079597E1,0E0,0E0,0E0,0E0,0E0,0E0,0E0,0E0],"parents":[2147483647,0,0,1,1,2,2,3,3,4,4,5,5,6,6],"right_children":[2,4,6,8,10,12,14,-1,-1,-1,-1,-1,-1,-1,-1],"split_conditions":[2.3616698E-2,8.194183E-2,3.1288624E-1,-7.594084E-2,1.2756838E-1,-1.5978113E-2,1.5041801E-1,1.4014168E-1,4.0002596E-2,-5.5819802E-2,7.46293E-2,-5.539489E-3,-7.339518E-2,2.6825344E-2,-2.46904E-2],"split_indices":[17,3,5,3,3,3,3,0,0,0,0,0,0,0,0],"split_type":[0,0,0,0,0,0,0,0,0,0,0,0,0,0,0],"sum_hessian":[1.3814686E3,3.1641248E2,1.0650562E3,2.5017465E2,6.623783E1,5.499898E2,5.1506635E2,1.7648352E1,2.325263E2,4.5148354E1,2.1089483E1,3.5301413E2,1.9697566E2,3.3376572E2,1.8130063E2],"tree_param":{"num_deleted":"0","num_feature":"19","num_nodes":"15","size_leaf_vector":"1"}},{"base_weights":[7.0584714E-3,3.180956E-1,-1.7399868E-1,-6.378954E-2,3.571493E-1,-3.5026503E-1,1.1417517E-1,4.992939E-2,9.330627E-3,1.3011805E-2,-5.9945114E-2,6.6649064E-2,-5.106264E-3],"categories":[],"categories_nodes":[],"categories_segments":[],"categories_sizes":[],"default_left":[0,0,0,0,0,0,0,0,0,0,0,0,0],"id":1,"left_children":[1,3,5,-1,7,9,11,-1,-1,-1,-1,-1,-1],"loss_changes":[7.852177E1,1.872208E1,4.4883728E1,0E0,1.7787258E1,6.791824E1,3.1569294E1,0E0,0E0,0E0,0E0,0E0,0E0],"parents":[2147483647,0,0,1,1,2,2,4,4,5,5,6,6],"right_children":[2,4,6,-1,8,10,12,-1,-1,-1,-1,-1,-1],"split_conditions":[3.915862E-2,-1.12986304E-1,1.1494279E0,-6.378954E-2,5.639617E-2,-1.0549301E-1,2.3422963E-3,4.992939E-2,9.330627E-3,1.3011805E-2,-5.9945114E-2,6.6649064E-2,-5.106264E-3],"split_indices":[9,3,5,0,3,3,3,0,0,0,0,0,0],"split_type":[0,0,0,0,0,0,0,0,0,0,0,0,0],"sum_hessian":[1.3883958E3,5.153948E2,8.73001E2,1.7823156E1,4.9757162E2,5.465197E2,3.2648126E2,3.1430545E2,1.8326617E2,1.8571178E2,3.6080795E2,7.782862E1,2.4865263E2],"tree_param":{"num_deleted":"0","num_feature":"19","num_nodes":"13","size_leaf_vector":"1"}},{"base_weights":[2.0043721E-2,2.7150932E-1,-1.3588229E-1,2.052693E-1,8.739531E-1,-3.1306005E-1,8.9093916E-2,3.0472353E-2,-8.681842E-3,-3.7537444E-2,1.4159618E-1,-0E0,-5.144558E-2,1.3013014E-2,-9.182093E-2],"categories":[],"categories_nodes":[],"categories_segments":[],"categories_sizes":[],"default_left":[0,0,0,0,0,0,0,0,0,0,0,0,0,0,0],"id":2,"left_children":[1,3,5,7,9,11,13,-1,-1,-1,-1,-1,-1,-1,-1],"loss_changes":[5.4820007E1,1.900887E1,3.449457E1,1.505481E1,3.6968285E1,3.0345413E1,1.4023833E1,0E0,0E0,0E0,0E0,0E0,0E0,0E0,0E0],"parents":[2147483647,0,0,1,1,2,2,3,3,4,4,5,5,6,6],"right_children":[2,4,6,8,10,12,14,-1,-1,-1,-1,-1,-1,-1,-1],"split_conditions":[4.0822327E-2,6.18945E-2,7.787822E-1,5.6434306E-3,-2.1379152E-1,-6.49176E-2,8.331031E-2,3.0472353E-2,-8.681842E-3,-3.7537444E-2,1.4159618E-1,-0E0,-5.144558E-2,1.3013014E-2,-9.182093E-2],"split_indices":[9,17,5,15,5,2,15,0,0,0,0,0,0,0,0],"split_type":[0,0,0,0,0,0,0,0,0,0,0,0,0,0,0],"sum_hessian":[1.3901624E3,5.375858E2,8.525765E2,4.8779807E2,4.9787773E1,4.8254422E2,3.700323E2,3.675574E2,1.20240654E2,1.4017782E1,3.5769993E1,1.9392404E2,2.8862018E2,3.5749463E2,1.2537662E1],"tree_param":{"num_deleted":"0","num_feature":"19","num_nodes":"15","size_leaf_vector":"1"}},{"base_weights":[-7.865987E-3,6.282433E-2,-5.11209E-1,-2.7935848E-1,1.3981381E-1,2.3807529E-1,-8.097927E-1,4.223999E-2,-3.535779E-2,-1.3800485E-2,2.3293471E-2,-0E0,1.04827516E-1,-1.2023955E-1,3.24362E-2],"categories":[],"categories_nodes":[],"categories_segments":[],"categories_sizes":[],"default_left":[0,0,0,0,0,0,0,0,0,0,0,0,0,0,0],"id":3,"left_children":[1,3,5,7,9,11,13,-1,-1,-1,-1,-1,-1,-1,-1],"loss_changes":[5.0350197E1,3.1617296E1,4.0386215E1,1.1662504E1,2.657888E1,1.0206099E1,6.0143814E1,0E0,0E0,0E0,0E0,0E0,0E0,0E0,0E0],"parents":[2147483647,0,0,1,1,2,2,3,3,4,4,5,5,6,6],"right_children":[2,4,6,8,10,12,14,-1,-1,-1,-1,-1,-1,-1,-1],"split_conditions":[1.1650323E-1,-2.4671048E-2,-1.7312372E-1,-4.771657E-1,-6.016213E-1,6.949345E-2,3.577814E0,4.223999E-2,-3.535779E-2,-1.3800485E-2,2.3293471E-2,-0E0,1.04827516E-1,-1.2023955E-1,3.24362E-2],"split_indices":[17,10,3,4,6,4,6,0,0,0,0,0,0,0,0],"split_type":[0,0,0,0,0,0,0,0,0,0,0,0,0,0,0],"sum_hessian":[1.386509E3,1.2118973E3,1.7461171E2,2.1717343E2,9.947239E2,4.7607536E1,1.27004166E2,1.8480448E1,1.9869298E2,2.4667712E2,7.4804675E2,3.6125324E1,1.1482215E1,9.526742E1,3.1736744E1],"tree_param":{"num_deleted":"0","num_feature":"19","num_nodes":"15","size_leaf_vector":"1"}},{"base_weights":[-8.4324105E-4,2.4891096E-1,-1.4593689E-1,3.2874712E-1,-1.0382042E-1,1.8594211E-1,-3.0150855E-1,9.825301E-3,5.023368E-2,-6.831295E-2,6.4261705E-3,-2.361959E-2,4.6466626E-2,-5.6149915E-2,7.5422833E-3],"categories":[],"categories_nodes":[],"categories_segments":[],"categories_sizes":[],"default_left":[0,0,0,0,0,0,0,0,0,0,0,0,0,0,0],"id":4,"left_children":[1,3,5,7,9,11,13,-1,-1,-1,-1,-1,-1,-1,-1],"loss_changes":[5.0314728E1,1.4783266E1,4.611368E1,1.5709484E1,1.0125751E1,3.392672E1,6.1951893E1,0E0,0E0,0E0,0E0,0E0,0E0,0E0,0E0],"parents":[2147483647,0,0,1,1,2,2,3,3,4,4,5,5,6,6],"right_children":[2,4,6,8,10,12,14,-1,-1,-1,-1,-1,-1,-1,-1],"split_conditions":[3.915862E-2,1.826549E-2,-7.820678E-2,-1.9298864E-3,1.859358E-1,-3.8770083E-2,6.363279E-2,9.825301E-3,5.023368E-2,-6.831295E-2,6.4261705E-3,-2.361959E-2,4.6466626E-2,-5.6149915E-2,7.5422833E-3],"split_indices":[9,1,3,1,4,1,2,0,0,0,0,0,0,0,0],"split_type":[0,0,0,0,0,0,0,0,0,0,0,0,0,0,0],"sum_hessian":[1.3947123E3,5.067808E2,8.8793146E2,4.1846378E2,8.831701E1,2.7875662E2,6.0917487E2,1.8807828E2,2.3038551E2,2.2702215E1,6.561479E1,1.0826354E2,1.7049307E2,3.616921E2,2.4748274E2],"tree_param":{"num_deleted":"0","num_feature":"19","num_nodes":"15","size_leaf_vector":"1"}},{"base_weights":[1.8107675E-2,2.994705E-1,-6.8675496E-2,-0E0,4.438456E-1,-1.6218819E-1,1.7568003E-1,2.0034507E-2,-9.604696E-2,5.9117172E-2,-1.27889775E-2,-5.6507145E-3,-5.6253508E-2,7.085852E-2,-0E0],"categories":[],"categories_nodes":[],"categories_segments":[],"categories_sizes":[],"default_left":[0,0,0,0,0,0,0,0,0,0,0,0,0,0,0],"id":5,"left_children":[1,3,5,7,9,11,13,-1,-1,-1,-1,-1,-1,-1,-1],"loss_changes":[3.4456333E1,1.5130953E1,2.4103737E1,2.1773214E1,2.0985626E1,3.1417143E1,2.7612204E1,0E0,0E0,0E0,0E0,0E0,0E0,0E0,0E0],"parents":[2147483647,0,0,1,1,2,2,3,3,4,4,5,5,6,6],"right_children":[2,4,6,8,10,12,14,-1,-1,-1,-1,-1,-1,-1,-1],"split_conditions":[2.4163535E-2,-5.9923036E-3,1.7041202E-1,-2.6796362E-1,5.0209355E-2,1.12079196E-1,2.6428332E-3,2.0034507E-2,-9.604696E-2,5.9117172E-2,-1.27889775E-2,-5.6507145E-3,-5.6253508E-2,7.085852E-2,-0E0],"split_indices":[17,2,4,5,2,17,15,0,0,0,0,0,0,0,0],"split_type":[0,0,0,0,0,0,0,0,0,0,0,0,0,0,0],"sum_hessian":[1.3896763E3,3.3366776E2,1.0560085E3,1.05002625E2,2.2866513E2,7.704259E2,2.8558264E2,8.558134E1,1.9421286E1,1.837933E2,4.4871826E1,6.159925E2,1.5443344E2,7.1319534E1,2.142631E2],"tree_param":{"num_deleted":"0",