{"learner":{"attributes":{"scikit_learn":"{\"_estimator_type\": \"classifier\"}"},"feature_names":["bias_week","bias_month","bias_quarter","bias_year","rsi","macd","macd_signal","vol_change","close_change","bb_width","return_5d","k_upper","k_lower","k_body","buy_power","rs_5d","obv","atr_ratio","trend_strength"],"feature_types":["float","float","float","float","float","float","float","float","float","float","float","float","float","float","float","float","float","float","float"],"gradient_booster":{"model":{"cats":{"enc":[],"feature_segments":[],"sorted_idx":[]},"gbtree_model_param":{"num_parallel_tree":"1","num_trees":"15"},"iteration_indptr":[0,1,2,3,4,5,6,7,8,9,10,11,12,13,14,15],"tree_info":[0,0,0,0,0,0,0,0,0,0,0,0,0,0,0],"trees":[{"base_weights":[-1.1160862E-2,-2.1815228E-1,1.8756709E-1,1.2973006E-3,-5.25106E-1,4.3029866E-1,-5.3907875E-2,3.4104224E-2,-4.3379687E-2,2.1412838E-2,-7.377483E-2,7.1184166E-2,2.458863E-2,3.7669935E-3,-6.444412E-2],"categories":[],"categories_nodes":[],"categories_segments":[],"categories_sizes":[],"default_left":[0,0,0,0,0,0,0,0,0,0,0,0,0,0,0],"id":0,"left_children":[1,3,5,7,9,11,13,-1,-1,-1,-1,-1,-1,-1,-1],"loss_changes":[5.44965E1,4.5211594E1,4.0091743E1,5.642472E1,4.6032204E1,1.55521965E1,1.9500296E1,0E0,0E0,0E0,0E0,0E0,0E0,0E0,0E0],"parents":[2147483647,0,0,1,1,2,2,3,3,4,4,5,5,6,6],"right_children":[2,4,6,8,10,12,14,-1,-1,-1,-1,-1,-1,-1,-1],"split_conditions":[2.645993E-1,-1.7014343E-2,8.187227E-2,7.095009E-2,1.9997038E-2,2.5833443E-2,1.0252808E-1,3.4104224E-2,-4.3379687E-2,2.1412838E-2,-7.377483E-2,7.1184166E-2,2.458863E-2,3.7669935E-3,-6.444412E-2],"split_indices":[5,3,3,17,17,18,17,0,0,0,0,0,0,0,0],"split_type":[0,0,0,0,0,0,0,0,0,0,0,0,0,0,0],"sum_hessian":[1.3229895E3,6.535748E2,6.694146E2,3.7687177E2,2.7670306E2,3.384644E2,3.3095023E2,2.1451497E2,1.623568E2,6.0685272E1,2.1601779E2,1.2656593E2,2.1189845E2,2.8351172E2,4.743851E1],"tree_param":{"num_deleted":"0","num_feature":"19","num_nodes":"15","size_leaf_vector":"1"}},{"base_weights":[4.136305E-3,2.69962E-1,-1.853509E-1,-8.946645E-2,3.03973E-1,-3.8139525E-1,1.1711618E-1,6.667947E-2,2.0202154E-2,1.703858E-2,-6.902269E-2,6.404531E-2,-3.5283589E-3],"categories":[],"categories_nodes":[],"categories_segments":[],"categories_sizes":[],"default_left":[0,0,0,0,0,0,0,0,0,0,0,0,0],"id":1,"left_children":[1,3,5,-1,7,9,11,-1,-1,-1,-1,-1,-1],"loss_changes":[6.709798E1,2.0902714E1,4.6290688E1,0E0,1.8107346E1,8.328812E1,2.5469454E1,0E0,0E0,0E0,0E0,0E0,0E0],"parents":[2147483647,0,0,1,1,2,2,4,4,5,5,6,6],"right_children":[2,4,6,-1,8,10,12,-1,-1,-1,-1,-1,-1],"split_conditions":[4.2177595E-2,-1.2679753E-1,1.1658925E0,-8.946645E-2,-2.1906622E-2,-1.01676725E-1,1.2661366E-3,6.667947E-2,2.0202154E-2,1.703858E-2,-6.902269E-2,6.404531E-2,-3.5283589E-3],"split_indices":[9,3,5,0,3,3,3,0,0,0,0,0,0],"split_type":[0,0,0,0,0,0,0,0,0,0,0,0,0],"sum_hessian":[1.3281447E3,5.5767065E2,7.70474E2,1.3803363E1,5.438673E2,4.719879E2,2.984861E2,1.1154868E2,4.323186E2,1.6846077E2,3.0352716E2,7.01574E1,2.2832872E2],"tree_param":{"num_deleted":"0","num_feature":"19","num_nodes":"13","size_leaf_vector":"1"}},{"base_weights":[1.7578647E-2,2.658653E-1,-1.2572557E-1,1.9323839E-1,9.088248E-1,-3.1041223E-1,1.0847233E-1,3.126324E-2,-9.602957E-3,-3.4427296E-2,1.47224E-1,1.2421449E-2,-4.3263048E-2,1.4793506E-2,-8.819341E-2],"categories":[],"categories_nodes":[],"categories_segments":[],"categories_sizes":[],"default_left":[0,0,0,0,0,0,0,0,0,0,0,0,0,0,0],"id":2,"left_children":[1,3,5,7,9,11,13,-1,-1,-1,-1,-1,-1,-1,-1],"loss_changes":[4.7591053E1,2.0475807E1,3.6647575E1,1.6240953E1,3.638865E1,2.661821E1,1.30869E1,0E0,0E0,0E0,0E0,0E0,0E0,0E0,0E0],"parents":[2147483647,0,0,1,1,2,2,3,3,4,4,5,5,6,6],"right_children":[2,4,6,8,10,12,14,-1,-1,-1,-1,-1,-1,-1,-1],"split_conditions":[3.9839793E-2,6.2331576E-2,7.77863E-1,4.6521793E-3,-2.1108684E-1,-2.9039807E0,8.331031E-2,3.126324E-2,-9.602957E-3,-3.4427296E-2,1.47224E-1,1.2421449E-2,-4.3263048E-2,1.4793506E-2,-8.819341E-2],"split_indices":[9,17,5,15,5,5,15,0,0,0,0,0,0,0,0],"split_type":[0,0,0,0,0,0,0,0,0,0,0,0,0,0,0],"sum_hessian":[1.3285283E3,4.9191306E2,8.366153E2,4.45229E2,4.668406E1,4.7311865E2,3.634966E2,3.189353E2,1.26293686E2,1.34450445E1,3.3239014E1,1.01935394E2,3.7118326E2,3.5149704E2,1.1999561E1],"tree_param":{"num_deleted":"0","num_feature":"19","num_nodes":"15","size_leaf_vector":"1"}},{"base_weights":[-1.2264698E-2,-3.1097332E-1,1.2624608E-1,2.6171438E-2,-6.1846524E-1,-2.5514007E-1,2.0257379E-1,5.3269815E-2,-3.7162945E-2,-2.27915E-2,-8.6786985E-2,1.1440661E-2,-4.4347644E-2,2.4934575E-2,-2.1448322E-2],"categories":[],"categories_nodes":[],"categories_segments":[],"categories_sizes":[],"default_left":[0,0,0,0,0,0,0,0,0,0,0,0,0,0,0],"id":3,"left_children":[1,3,5,7,9,11,13,-1,-1,-1,-1,-1,-1,-1,-1],"loss_changes":[5.543505E1,4.5543987E1,2.6182377E1,4.1325638E1,2.0070755E1,1.1114428E1,1.5562542E1,0E0,0E0,0E0,0E0,0E0,0E0,0E0,0E0],"parents":[2147483647,0,0,1,1,2,2,3,3,4,4,5,5,6,6],"right_children":[2,4,6,8,10,12,14,-1,-1,-1,-1,-1,-1,-1,-1],"split_conditions":[-4.654132E-1,-7.453749E-2,-2.5761193E-2,7.30701E-2,3.6534514E-2,-3.91785E-2,7.4999523E-1,5.3269815E-2,-3.7162945E-2,-2.27915E-2,-8.6786985E-2,1.1440661E-2,-4.4347644E-2,2.4934575E-2,-2.1448322E-2],"split_indices":[6,3,10,17,17,3,13,0,0,0,0,0,0,0,0],"split_type":[0,0,0,0,0,0,0,0,0,0,0,0,0,0,0],"sum_hessian":[1.3296228E3,4.2634924E2,9.032736E2,1.9990541E2,2.2644383E2,1.4567262E2,7.5760095E2,9.03507E1,1.0955471E2,9.355432E1,1.3288951E2,4.5712517E1,9.9960106E1,6.83408E2,7.419296E1],"tree_param":{"num_deleted":"0","num_feature":"19","num_nodes":"15","size_leaf_vector":"1"}},{"base_weights":[-7.3569285E-4,2.1887617E-1,-1.5280183E-1,2.498186E-1,-9.388637E-2,2.8628358E-1,-3.1499654E-1,4.6106777E-3,4.3223437E-2,-1.1438009E-2,5.9168354E-2,-5.7971742E-2,3.106062E-3],"categories":[],"categories_nodes":[],"categories_segments":[],"categories_sizes":[],"default_left":[0,0,0,0,0,0,0,0,0,0,0,0,0],"id":4,"left_children":[1,3,5,7,-1,9,11,-1,-1,-1,-1,-1,-1],"loss_changes":[4.432819E1,1.7876837E1,5.6546986E1,1.8826504E1,0E0,2.7272982E1,5.562697E1,0E0,0E0,0E0,0E0,0E0,0E0],"parents":[2147483647,0,0,1,1,2,2,3,3,5,5,6,6],"right_children":[2,4,6,8,-1,10,12,-1,-1,-1,-1,-1,-1],"split_conditions":[4.158916E-2,4.0937978E-1,-1.01676725E-1,2.645993E-1,-9.388637E-2,-3.8230952E-2,1.4384289E0,4.6106777E-3,4.3223437E-2,-1.1438009E-2,5.9168354E-2,-5.7971742E-2,3.106062E-3],"split_indices":[9,4,3,5,0,1,5,0,0,0,0,0,0],"split_type":[0,0,0,0,0,0,0,0,0,0,0,0,0],"sum_hessian":[1.3316738E3,5.3875336E2,7.929204E2,5.267622E2,1.19912E1,2.1012393E2,5.8279645E2,2.5741986E2,2.6934232E2,8.8422165E1,1.2170177E2,3.314303E2,2.5136618E2],"tree_param":{"num_deleted":"0","num_feature":"19","num_nodes":"13","size_leaf_vector":"1"}},{"base_weights":[3.0166395E-2,9.619459E-2,-3.3757764E-1,-2.695208E-1,1.3963899E-1,-5.809676E-1,4.405223E-1,3.285813E-2,-4.2891297E-2,2.9741274E-2,-3.1523174E-3,3.721154E-2,-7.72012E-2,1.4533104E-1,-9.681992E-3],"categories":[],"categories_nodes":[],"categories_segments":[],"categories_sizes":[],"default_left":[0,0,0,0,0,0,0,0,0,0,0,0,0,0,0],"id":5,"left_children":[1,3,5,7,9,11,13,-1,-1,-1,-1,-1,-1,-1,-1],"loss_changes":[3.1889801E1,1.7784542E1,3.7858784E1,1.1519901E1,2.8675264E1,2.9819069E1,2.7928173E1,0E0,0E0,0E0,0E0,0E0,0E0,0E0,0E0],"parents":[2147483647,0,0,1,1,2,2,3,3,4,4,5,5,6,6],"right_children":[2,4,6,8,10,12,14,-1,-1,-1,-1,-1,-1,-1,-1],"split_conditions":[1.1125194E-1,-3.0226469E-2,1.6612901E-1,2.4873547E-2,1.8259906E-3,-2.9811588E-1,6.03536E-3,3.285813E-2,-4.2891297E-2,2.9741274E-2,-3.1523174E-3,3.721154E-2,-7.72012E-2,1.4533104E-1,-9.681992E-3],"split_indices":[17,15,4,17,15,4,15,0,0,0,0,0,0,0,0],"split_type":[0,0,0,0,0,0,0,0,0,0,0,0,0,0,0],"sum_hessian":[1.3355687E3,1.1375165E3,1.9805219E2,1.1522788E2,1.02228864E3,1.5308447E2,4.4967705E1,2.1604647E1,9.362323E1,5.3524615E2,4.870425E2,2.4216904E1,1.2886757E2,1.688207E1,2.8085636E1],"tree_param":{"num_deleted":"0","num_feature":"19","num_nodes":"15",