{"learner":{"attributes":{"scikit_learn":"{\"_estimator_type\": \"classifier\"}"},"feature_names":["bias_week","bias_month","bias_quarter","bias_year","rsi","macd","macd_signal","vol_change","close_change","bb_width","return_5d","k_upper","k_lower","k_body","buy_power","rs_5d"],"feature_types":["float","float","float","float","float","float","float","float","float","float","float","float","float","float","float","float"],"gradient_booster":{"model":{"cats":{"enc":[],"feature_segments":[],"sorted_idx":[]},"gbtree_model_param":{"num_parallel_tree":"1","num_trees":"10"},"iteration_indptr":[0,1,2,3,4,5,6,7,8,9,10],"tree_info":[0,0,0,0,0,0,0,0,0,0],"trees":[{"base_weights":[-0E0,6.234689E-1,-1.600721E-1,4.6012855E-1,1.08517826E-1,-3.3868924E-1,5.6617326E-1,6.758983E-2,1.1288734E-2,8.171105E-3,-3.7117664E-2,1.06619716E-1,3.811552E-2],"categories":[],"categories_nodes":[],"categories_segments":[],"categories_sizes":[],"default_left":[0,0,0,0,0,0,0,0,0,0,0,0,0],"id":0,"left_children":[1,3,5,7,-1,9,11,-1,-1,-1,-1,-1,-1],"loss_changes":[5.3976597E1,4.909683E0,5.630674E1,4.7395515E0,0E0,5.9488792E0,4.4498844E0,0E0,0E0,0E0,0E0,0E0,0E0],"parents":[2147483647,0,0,1,1,2,2,3,3,5,5,6,6],"right_children":[2,4,6,8,-1,10,12,-1,-1,-1,-1,-1,-1],"split_conditions":[-6.6277646E-2,1.065452E-2,1.5292186E0,-9.669934E-1,1.08517826E-1,-1.9607807E-2,-1.1194105E-2,6.758983E-2,1.1288734E-2,8.171105E-3,-3.7117664E-2,1.06619716E-1,3.811552E-2],"split_indices":[3,8,6,5,0,8,0,0,0,0,0,0,0],"split_type":[0,0,0,0,0,0,0,0,0,0,0,0,0],"sum_hessian":[5.4774097E2,1.099162E2,4.3782474E2,8.526059E1,2.4655611E1,3.5392438E2,8.3900375E1,4.800935E1,3.7251236E1,2.2559574E1,3.313648E2,1.8739885E1,6.516049E1],"tree_param":{"num_deleted":"0","num_feature":"16","num_nodes":"13","size_leaf_vector":"1"}},{"base_weights":[7.9602115E-3,-1.1924774E-1,6.4190817E-1,-5.1931417E-1,-2.2239273E-2,-0E0,8.0907665E-2,-0E0,-6.3906275E-2,6.0843587E-2,-7.488337E-3],"categories":[],"categories_nodes":[],"categories_segments":[],"categories_sizes":[],"default_left":[0,0,0,0,0,0,0,0,0,0,0],"id":1,"left_children":[1,3,5,7,9,-1,-1,-1,-1,-1,-1],"loss_changes":[4.525872E1,1.6331858E1,1.0671169E1,6.3616524E0,1.126729E1,0E0,0E0,0E0,0E0,0E0,0E0],"parents":[2147483647,0,0,1,1,2,2,3,3,4,4],"right_children":[2,4,6,8,10,-1,-1,-1,-1,-1,-1],"split_conditions":[8.804842E-2,2.555616E-2,-4.041651E-2,-1.5383963E-2,-4.8353918E-2,-0E0,8.0907665E-2,-0E0,-6.3906275E-2,6.0843587E-2,-7.488337E-3],"split_indices":[9,9,15,15,1,0,0,0,0,0,0],"split_type":[0,0,0,0,0,0,0,0,0,0,0],"sum_hessian":[5.4645807E2,4.5222214E2,9.42359E1,8.365334E1,3.685688E2,1.985143E1,7.4384476E1,1.3991825E1,6.966152E1,2.5154858E1,3.4341394E2],"tree_param":{"num_deleted":"0","num_feature":"16","num_nodes":"11","size_leaf_vector":"1"}},{"base_weights":[-1.7689979E-2,5.228917E-2,-1.4405514E-1,-2.7918267E-1,3.1326037E-2,2.817005E-2,-3.2140743E-2],"categories":[],"categories_nodes":[],"categories_segments":[],"categories_sizes":[],"default_left":[0,0,0,0,0,0,0],"id":2,"left_children":[1,-1,3,5,-1,-1,-1],"loss_changes":[3.6958305E1,0E0,2.7842745E1,8.958458E0,0E0,0E0,0E0],"parents":[2147483647,0,0,2,2,3,3],"right_children":[2,-1,4,6,-1,-1,-1],"split_conditions":[-7.7211685E-2,5.228917E-2,1.4179504E0,-4.705368E-2,3.1326037E-2,2.817005E-2,-3.2140743E-2],"split_indices":[3,0,6,1,0,0,0],"split_type":[0,0,0,0,0,0,0],"sum_hessian":[5.492253E2,1.00001274E2,4.49224E2,3.5101062E2,9.8213394E1,2.213595E1,3.2887466E2],"tree_param":{"num_deleted":"0","num_feature":"16","num_nodes":"7","size_leaf_vector":"1"}},{"base_weights":[7.894382E-3,6.060729E-2,-5.1841695E-2,-1.2124061E-1,5.762067E-2,1.9386258E-2,-1.6793208E-2],"categories":[],"categories_nodes":[],"categories_segments":[],"categories_sizes":[],"default_left":[0,0,0,0,0,0,0],"id":3,"left_children":[1,-1,3,5,-1,-1,-1],"loss_changes":[2.1044968E1,0E0,2.0761036E1,6.7980623E0,0E0,0E0,0E0],"parents":[2147483647,0,0,2,2,3,3],"right_children":[2,-1,4,6,-1,-1,-1],"split_conditions":[-4.8353918E-2,6.060729E-2,2.5675268E0,-1.4851404E0,5.762067E-2,1.9386258E-2,-1.6793208E-2],"split_indices":[1,0,5,5,0,0,0],"split_type":[0,0,0,0,0,0,0],"sum_hessian":[5.490428E2,5.2820004E1,4.9622278E2,4.504412E2,4.5781586E1,5.3126278E1,3.973149E2],"tree_param":{"num_deleted":"0","num_feature":"16","num_nodes":"7","size_leaf_vector":"1"}},{"base_weights":[2.117862E-2,6.594416E-2,-1.0789702E-1,-2.3203301E-1,2.624707E-1,1.0492108E-1,-2.828979E-2,-0E0,5.0400764E-2],"categories":[],"categories_nodes":[],"categories_segments":[],"categories_sizes":[],"default_left":[0,0,0,0,0,0,0,0,0],"id":4,"left_children":[1,-1,3,5,7,-1,-1,-1,-1],"loss_changes":[4.6719505E1,0E0,2.0761364E1,2.1850628E1,7.1020527E0,0E0,0E0,0E0,0E0],"parents":[2147483647,0,0,2,2,3,3,4,4],"right_children":[2,-1,4,6,8,-1,-1,-1,-1],"split_conditions":[-8.024062E-2,6.594416E-2,1.3147718E0,-3.104994E-1,1.279245E-2,1.0492108E-1,-2.828979E-2,-0E0,5.0400764E-2],"split_indices":[3,0,6,4,15,0,0,0,0],"split_type":[0,0,0,0,0,0,0,0,0],"sum_hessian":[5.4714886E2,9.426743E1,4.528814E2,3.4377484E2,1.0910658E2,1.1868482E1,3.3190634E2,5.2532997E1,5.6573586E1],"tree_param":{"num_deleted":"0","num_feature":"16","num_nodes":"9","size_leaf_vector":"1"}},{"base_weights":[1.6489001E-3,-8.621849E-2,4.1198203E-1,3.926036E-2,-1.4243776E-1,5.300667E-1,-2.3606827E-3,-1.8124234E-2,5.344243E-2,2.2746745E-2,1.10034004E-1],"categories":[],"categories_nodes":[],"categories_segments":[],"categories_sizes":[],"default_left":[0,0,0,0,0,0,0,0,0,0,0],"id":5,"left_children":[1,3,5,-1,7,9,-1,-1,-1,-1,-1],"loss_changes":[2.0452585E1,1.1516174E1,6.3387012E0,0E0,1.0274496E1,1.1511486E1,0E0,0E0,0E0,0E0,0E0],"parents":[2147483647,0,0,1,1,2,2,4,4,5,5],"right_children":[2,4,6,-1,8,10,-1,-1,-1,-1,-1],"split_conditions":[8.643952E-2,-5.6464773E-2,2.565307E-1,3.926036E-2,2.7228102E-1,7.797828E-1,-2.3606827E-3,-1.8124234E-2,5.344243E-2,2.2746745E-2,1.10034004E-1],"split_indices":[9,2,3,0,3,5,0,0,0,0,0],"split_type":[0,0,0,0,0,0,0,0,0,0,0],"sum_hessian":[5.4673773E2,4.4583524E2,1.0090248E2,4.233233E1,4.035029E2,8.3447136E1,1.7455343E1,3.841607E2,1.9342203E1,5.7557625E1,2.5889513E1],"tree_param":{"num_deleted":"0","num_feature":"16","num_nodes":"11","size_leaf_vector":"1"}},{"base_weights":[2.7807092E-2,4.1623175E-1,-4.8394814E-2,2.8051385E-1,9.772268E-2,-1.6131538E-1,3.799698E-2,4.5208283E-2,-1.3758793E-2,4.4055387E-2,-1.9254586E-2],"categories":[],"categories_nodes":[],"categories_segments":[],"categories_sizes":[],"default_left":[0,0,0,0,0,0,0,0,0,0,0],"id":6,"left_children":[1,3,5,7,-1,9,-1,-1,-1,-1,-1],"loss_changes":[1.6668322E1,4.2756996E0,2.1064009E1,6.4551754E0,0E0,6.4876423E0,0E0,0E0,0E0,0E0,0E0],"parents":[2147483647,0,0,1,1,2,2,3,3,5,5],"right_children":[2,4,6,8,-1,10,-1,-1,-1,-1,-1],"split_conditions":[-8.024062E-2,1.7346671E-1,1.5292186E0,-1.303783E-3,9.772268E-2,-2.4498839E-2,3.799698E-2,4.5208283E-2,-1.3758793E-2,4.4055387E-2,-1.9254586E-2],"split_indices":[3,5,6,1,0,8,0,0,0,0,0],"split_type":[0,0,0,0,0,0,0,0,0,0,0],"sum_hessian":[5.3499506E2,9.253809E1,4.4245697E2,7.800716E1,1.4530936E1,3.5485342E2,8.760357E1,5.8801487E1,1.9205667E1,1.4645291E1,3.4020813E2],"tree_param":{"num_deleted":"0","num_feature":"16","num_nodes":"11","size_leaf_vector":"1"}},{"base_weights":[4.6183937E-3,-8.822899E-2,2.5133502E-1,7.280976E-2,-1.3053425E-1,7.330468E-2,5.056488E-1,2.605108E-2,-1.6596327E-2,7.587081E-2,-3.9284276E-3,6.6047266E-2,-0E0],"categories":[],"categories_nodes":[],"categories_segments":[],"categories_sizes":[],"default_left":[0,0,0,0,0,0,0,0,0,0,0,0,0],"id":7,"left_children":[1,3,5,-1,7,9,11,-1,-1,-1,-1,-1,-1],"loss_changes":[1.3000464E1,1.2353428E1,5.819627E0,0E0,5.24446E0,9.281861E0,4.5343857E0,0E0,0E0,0E0,0E0,0E0,0E0],"parents":[2147483647,0,0,1,1,2,2,4,4,5,5,6,6],"right_children":[2,4,6,-1,8,10,12,-1,-1,-1,-1,-1,-1],"split_conditions":[1.1234184E-2,-1.3055272E-1,1.3147718E0,7.280976E-2,-5.0666932E-2,-4.2283967E-2,2.0191189E-2,2.605108E-2,-1.6596327E-2,7.587081E-2,-3.9284276E-3,6.6047266E-2,-0E0],"split_indices":[15,2,6,0,10,2,0,0,0,0,0,0,0],