{"learner":{"attributes":{"scikit_learn":"{\"_estimator_type\": \"classifier\"}"},"feature_names":["bias_week","bias_month","bias_quarter","bias_year","rsi","macd","macd_signal","vol_change","close_change","bb_width","return_5d","k_upper","k_lower","k_body","buy_power","rs_5d"],"feature_types":["float","float","float","float","float","float","float","float","float","float","float","float","float","float","float","float"],"gradient_booster":{"model":{"cats":{"enc":[],"feature_segments":[],"sorted_idx":[]},"gbtree_model_param":{"num_parallel_tree":"1","num_trees":"5"},"iteration_indptr":[0,1,2,3,4,5],"tree_info":[0,0,0,0,0],"trees":[{"base_weights":[-1.1391785E-3,6.5787745E-1,-1.4863375E-1,1.4899064E0,5.6776154E-1,-3.1643438E-1,5.481549E-1,8.398836E-3,1.6218985E0,3.459861E-1,9.337667E-1,9.039215E-1,-3.6112922E-1,3.8985384E-1,1.0930066E0,8.913108E-2,1.5917962E-2,2.0752443E-2,-3.7529614E-2,2.8183494E-2,6.1300248E-2,5.123317E-2,-2.2376468E-2,-1.9119764E-2,3.690509E-2,3.5139825E-2,5.009901E-3,7.933594E-2,2.7798733E-2],"categories":[],"categories_nodes":[],"categories_segments":[],"categories_sizes":[],"default_left":[0,0,0,0,0,0,0,0,0,0,0,0,0,0,0,0,0,0,0,0,0,0,0,0,0,0,0,0,0],"id":0,"left_children":[1,3,5,7,9,11,13,-1,15,17,19,21,23,25,27,-1,-1,-1,-1,-1,-1,-1,-1,-1,-1,-1,-1,-1,-1],"loss_changes":[6.732284E1,8.651314E0,6.634418E1,1.7799358E0,9.0848465E0,2.5238491E1,9.079098E0,0E0,1.6489124E0,5.8975763E0,3.9750824E0,3.1382828E0,1.0598537E1,7.811099E0,5.549036E0,0E0,0E0,0E0,0E0,0E0,0E0,0E0,0E0,0E0,0E0,0E0,0E0,0E0,0E0],"parents":[2147483647,0,0,1,1,2,2,3,3,4,4,5,5,6,6,8,8,9,9,10,10,11,11,12,12,13,13,14,14],"right_children":[2,4,6,8,10,12,14,-1,16,18,20,22,24,26,28,-1,-1,-1,-1,-1,-1,-1,-1,-1,-1,-1,-1,-1,-1],"split_conditions":[-7.9754904E-2,-2.822049E-1,1.5207067E0,-6.1349485E-2,2.7285742E-3,-3.111359E-1,3.4675694E0,8.398836E-3,1.6633393E-2,2.212406E-3,1.8749863E-1,8.333336E-1,3.0536368E-1,3.1348504E-3,1.1560682E-2,8.913108E-2,1.5917962E-2,2.0752443E-2,-3.7529614E-2,2.8183494E-2,6.1300248E-2,5.123317E-2,-2.2376468E-2,-1.9119764E-2,3.690509E-2,3.5139825E-2,5.009901E-3,7.933594E-2,2.7798733E-2],"split_indices":[3,3,6,8,8,4,6,0,1,8,12,14,3,0,10,0,0,0,0,0,0,0,0,0,0,0,0,0,0],"split_type":[0,0,0,0,0,0,0,0,0,0,0,0,0,0,0,0,0,0,0,0,0,0,0,0,0,0,0,0,0],"sum_hessian":[6.906061E2,1.2566504E2,5.6494104E2,1.07625475E1,1.1490249E2,4.5573645E2,1.0920459E2,1.1833783E0,9.579169E0,7.275996E1,4.214253E1,1.5422181E1,4.4031427E2,8.594863E1,2.3255964E1,8.200541E0,1.3786293E0,6.903371E1,3.7262547E0,1.9886562E1,2.2255964E1,1.4379305E1,1.0428765E0,4.3259723E2,7.7170267E0,4.062801E1,4.5320618E1,1.1098301E1,1.2157663E1],"tree_param":{"num_deleted":"0","num_feature":"16","num_nodes":"29","size_leaf_vector":"1"}},{"base_weights":[4.5139072E-3,-1.3187122E-1,6.3335556E-1,-5.621895E-1,-3.8697563E-2,-6.541845E-2,7.4669003E-1,5.8066763E-2,-6.192909E-1,4.1431317E-1,-1.0702691E-1,4.5716834E-1,-8.0793506E-1,1.394663E0,6.27985E-1,-1.038497E-2,-4.122717E-2,6.1613288E-2,1.4220166E-2,-9.74657E-3,1.1362079E-2,-5.2325178E-2,5.1865805E-2,1.6616171E-2,-6.2967725E-2,1.5956765E-2,8.230228E-2,1.2604711E-2,4.600061E-2],"categories":[],"categories_nodes":[],"categories_segments":[],"categories_sizes":[],"default_left":[0,0,0,0,0,0,0,0,0,0,0,0,0,0,0,0,0,0,0,0,0,0,0,0,0,0,0,0,0],"id":1,"left_children":[1,3,5,7,9,11,13,-1,15,17,19,21,23,25,27,-1,-1,-1,-1,-1,-1,-1,-1,-1,-1,-1,-1,-1,-1],"loss_changes":[5.9368565E1,2.278709E1,9.819412E0,1.0676693E1,1.4552494E1,7.4070106E0,7.29562E0,0E0,8.157272E0,6.198942E0,1.20347805E1,1.0928797E1,4.460894E0,3.7004242E0,9.823776E0,0E0,0E0,0E0,0E0,0E0,0E0,0E0,0E0,0E0,0E0,0E0,0E0,0E0,0E0],"parents":[2147483647,0,0,1,1,2,2,3,3,4,4,5,5,6,6,8,8,9,9,10,10,11,11,12,12,13,13,14,14],"right_children":[2,4,6,8,10,12,14,-1,16,18,20,22,24,26,28,-1,-1,-1,-1,-1,-1,-1,-1,-1,-1,-1,-1,-1,-1],"split_conditions":[8.743637E-2,2.5269572E-2,-5.0883282E-2,-9.1728395E-1,-1.4551464E0,-2.6729586E0,-6.789645E-2,5.8066763E-2,1.7985592E-2,-3.9460412E-1,1.4078907E0,-5.373036E-1,-7.580154E-2,9.2801094E-2,7.787812E-1,-1.038497E-2,-4.122717E-2,6.1613288E-2,1.4220166E-2,-9.74657E-3,1.1362079E-2,-5.2325178E-2,5.1865805E-2,1.6616171E-2,-6.2967725E-2,1.5956765E-2,8.230228E-2,1.2604711E-2,4.600061E-2],"split_indices":[9,9,15,5,5,6,1,0,9,4,6,4,1,9,5,0,0,0,0,0,0,0,0,0,0,0,0,0,0],"split_type":[0,0,0,0,0,0,0,0,0,0,0,0,0,0,0,0,0,0,0,0,0,0,0,0,0,0,0,0,0],"sum_hessian":[6.902526E2,5.6787946E2,1.2237318E2,1.0017803E2,4.6770145E2,1.7136896E1,1.0523628E2,2.5923824E0,9.758565E1,6.0635567E1,4.070659E2,1.0283568E1,6.853327E0,1.4629506E1,9.060677E1,3.3140713E1,6.444494E1,7.147452E0,5.3488113E1,3.2263702E2,8.442886E1,2.6392078E0,7.6443605E0,2.0185122E0,4.8348145E0,3.2015142E0,1.1427992E1,4.0429768E1,5.017701E1],"tree_param":{"num_deleted":"0","num_feature":"16","num_nodes":"29","size_leaf_vector":"1"}},{"base_weights":[-2.2775428E-2,5.93115E-1,-1.6617543E-1,7.456859E-2,5.3735614E-1,-3.1663954E-1,4.3392155E-1,-3.7839118E-1,6.050516E-1,4.9887693E-1,-3.4935302E-1,-9.0571016E-1,4.846858E-1,-5.653302E-2,9.364723E-3,5.0225068E-2,2.3209432E-2,5.627184E-2,-1.8340872E-4,-1.847416E-2,3.4890544E-2,-6.564764E-2,6.6979267E-3,3.8803503E-2,1.2800184E-2],"categories":[],"categories_nodes":[],"categories_segments":[],"categories_sizes":[],"default_left":[0,0,0,0,0,0,0,0,0,0,0,0,0,0,0,0,0,0,0,0,0,0,0,0,0],"id":2,"left_children":[1,3,5,-1,7,9,11,13,15,17,19,21,23,-1,-1,-1,-1,-1,-1,-1,-1,-1,-1,-1,-1],"loss_changes":[6.1967873E1,5.8359756E0,5.151445E1,0E0,8.060883E0,1.232666E1,8.224878E0,4.1743574E0,6.1747856E0,5.6654344E0,9.501949E0,2.09331E0,7.195116E0,0E0,0E0,0E0,0E0,0E0,0E0,0E0,0E0,0E0,0E0,0E0,0E0],"parents":[2147483647,0,0,1,1,2,2,4,4,5,5,6,6,7,7,8,8,9,9,10,10,11,11,12,12],"right_children":[2,4,6,-1,8,10,12,14,16,18,20,22,24,-1,-1,-1,-1,-1,-1,-1,-1,-1,-1,-1,-1],"split_conditions":[-7.823579E-2,-3.2343534E-1,1.5207067E0,7.456859E-2,-6.1959792E-2,-2.4725199E-2,-5.644905E-2,-2.3758377E-1,-4.781245E-2,2.7103865E-1,3.0536368E-1,5.4314565E-3,1.5051945E-1,-5.653302E-2,9.364723E-3,5.0225068E-2,2.3209432E-2,5.627184E-2,-1.8340872E-4,-1.847416E-2,3.4890544E-2,-6.564764E-2,6.6979267E-3,3.8803503E-2,1.2800184E-2],"split_indices":[3,3,6,0,15,8,3,3,1,7,3,7,3,0,0,0,0,0,0,0,0,0,0,0,0],"split_type":[0,0,0,0,0,0,0,0,0,0,0,0,0,0,0,0,0,0,0,0,0,0,0,0,0],"sum_hessian":[6.995235E2,1.3152011E2,5.6800336E2,6.182076E0,1.2533803E2,4.5451407E2,1.1348933E2,8.31174E0,1.1702629E2,1.697956E1,4.3753452E2,3.5286744E0,1.0996065E2,3.138846E0,5.172894E0,2.8911089E1,8.8115204E1,7.0056405E0,9.97392E0,4.2991714E2,7.6173553E0,2.3466318E0,1.1820425E0,4.7299053E1,6.26616E1],"tree_param":{"num_deleted":"0","num_feature":"16","num_nodes":"25","size_leaf_vector":"1"}},{"base_weights":[1.5814194E-2,6.299976E-1,-1.1824365E-1,9.827631E-1,4.5786524E-1,-1.9089258E-1,6.811806E-1,3.4101035E-2,1.2293249E0,2.6744643E-1,8.915949E-1,-4.097266E-1,-8.508106E-2,9.9849796E-1,1.0587659E-1,-1.8331034E-2,5.8691572E-2,3.020888E-2,7.247259E-2,3.092735E-2,-8.872992E-3,8.723519E-5,5.71948E-2,5.763307E-2,-2.1989647E-2,2.1572454E-2,-6.3089253E-3,3.0810295E-2,6.167234E-2,1.604602E-2,-5.5533696E-2],"categories":[],"categories_nodes":[],"categories_segments":[],"categories_sizes":[],"default_left":[0,0,0,0,0,0,0,0,0,0,0,0,0,0,0,0,0,0,0,0,0,0,0,0,0,0,0,0,0,0,0],"id":3,"left_children":[1,3,5,7,9,11,13,15,17,19,21,23,25,27,29,-1,-1,-1,-1,-1,-1,-1,-1,-1,-1,-1,-1,-1,-1,-1,-1],"loss_changes":[5.72212E1,7.11055E0,3.326642E1,9.304588E0,6.827219E0,1.2093973E1,8.611176E0,4.6648254E0,3.4847984E0,9.619488E0,5.761595E0,8.514433E0,7.576495E0,1.9934883E0,5.0898056E0,0E0,0E0,0E0,0E0,0E0,0E0,0E0,0E0,0E0,0E0,0E0,0E0,0E0,0E0,0E0,0E0],"parents":[2147483647,0,0,1,1,2,2,3,3,4,4,5,5,6,6,7,7,8,8,9,9,10,10,11,11,12,12,13,13,14,14],"right_children":[2,4,6,8,10,12,14,16,18,20,22,24,26,28,30,-1,-1,-1,-1,-1,-1,-1,-1,-1,-1,-1,-1,-1,-1,-1,-1],