{"learner":{"attributes":{"scikit_learn":"{\"_estimator_type\": \"classifier\"}"},"feature_names":["bias_week","bias_month","bias_quarter","bias_year","rsi","macd","macd_signal","vol_change","close_change","bb_width","return_5d","k_upper","k_lower","k_body","buy_power","rs_5d"],"feature_types":["float","float","float","float","float","float","float","float","float","float","float","float","float","float","float","float"],"gradient_booster":{"model":{"cats":{"enc":[],"feature_segments":[],"sorted_idx":[]},"gbtree_model_param":{"num_parallel_tree":"1","num_trees":"2"},"iteration_indptr":[0,1,2],"tree_info":[0,0],"trees":[{"base_weights":[-6.7183916E-3,2.201534E-1,-2.2716492E-1,1.331058E-1,1.5491866E-1,-4.6728903E-1,-0E0,3.5006594E-2,-6.825176E-3,5.621325E-4,-5.717723E-2,2.6849117E-2,-3.0528203E-2],"categories":[],"categories_nodes":[],"categories_segments":[],"categories_sizes":[],"default_left":[0,0,0,0,0,0,0,0,0,0,0,0,0],"id":0,"left_children":[1,3,5,-1,7,9,11,-1,-1,-1,-1,-1,-1],"loss_changes":[2.4840382E1,1.413928E1,1.3025165E1,0E0,1.0758074E1,7.4958324E0,1.1456167E1,0E0,0E0,0E0,0E0,0E0,0E0],"parents":[2147483647,0,0,1,1,2,2,4,4,5,5,6,6],"right_children":[2,4,6,-1,8,10,12,-1,-1,-1,-1,-1,-1],"split_conditions":[8.876496E-2,-3.6260338E0,9.599941E-1,1.331058E-1,2.0915116E-3,-5.768894E-1,4.4892216E-3,3.5006594E-2,-6.825176E-3,5.621325E-4,-5.717723E-2,2.6849117E-2,-3.0528203E-2],"split_indices":[3,5,6,0,0,5,0,0,0,0,0,0,0],"split_type":[0,0,0,0,0,0,0,0,0,0,0,0,0],"sum_hessian":[4.9620563E2,2.394991E2,2.5670654E2,1.1180398E1,2.283187E2,1.2025713E2,1.3644942E2,1.2645292E2,1.01865776E2,1.8680399E1,1.0157673E2,6.8971596E1,6.747782E1],"tree_param":{"num_deleted":"0","num_feature":"16","num_nodes":"13","size_leaf_vector":"1"}},{"base_weights":[-0E0,-1.06719166E-1,6.9576424E-1,1.8603078E-1,-2.7186573E-1,1.0848345E-1,3.6462437E-2,-3.3195675E-3,4.4881433E-2,-3.0195016E-2,1.6290814E-2],"categories":[],"categories_nodes":[],"categories_segments":[],"categories_sizes":[],"default_left":[0,0,0,0,0,0,0,0,0,0,0],"id":1,"left_children":[1,3,5,7,9,-1,-1,-1,-1,-1,-1],"loss_changes":[3.6335087E1,2.1028126E1,5.151018E0,9.7471485E0,4.296633E0,0E0,0E0,0E0,0E0,0E0,0E0],"parents":[2147483647,0,0,1,1,2,2,3,3,4,4],"right_children":[2,4,6,8,10,-1,-1,-1,-1,-1,-1],"split_conditions":[8.533893E-2,-3.3381272E-3,3.527405E-4,-7.5998213E-3,6.45161E-2,1.0848345E-1,3.6462437E-2,-3.3195675E-3,4.4881433E-2,-3.0195016E-2,1.6290814E-2],"split_indices":[9,1,0,15,10,0,0,0,0,0,0],"split_type":[0,0,0,0,0,0,0,0,0,0,0],"sum_hessian":[4.956271E2,4.3078287E2,6.484424E1,1.504405E2,2.8034235E2,2.6125675E1,3.8718563E1,7.787955E1,7.256097E1,2.6572067E2,1.4621702E1],"tree_param":{"num_deleted":"0","num_feature":"16","num_nodes":"11","size_leaf_vector":"1"}}]},"name":"gbtree"},"learner_model_param":{"base_score":"[5E-1]","boost_from_average":"1","num_class":"0","num_feature":"16","num_target":"1"},"objective":{"name":"binary:logistic","reg_loss_param":{"scale_pos_weight":"0.345405161"}}},"version":[3,2,0]}