{"learner":{"attributes":{"scikit_learn":"{\"_estimator_type\": \"classifier\"}"},"feature_names":["bias_week","bias_month","bias_quarter","bias_year","rsi","macd","macd_signal","vol_change","close_change","bb_width","return_5d","k_upper","k_lower","k_body","buy_power","rs_5d"],"feature_types":["float","float","float","float","float","float","float","float","float","float","float","float","float","float","float","float"],"gradient_booster":{"model":{"cats":{"enc":[],"feature_segments":[],"sorted_idx":[]},"gbtree_model_param":{"num_parallel_tree":"1","num_trees":"2"},"iteration_indptr":[0,1,2],"tree_info":[0,0],"trees":[{"base_weights":[-8.191558E-3,4.3276384E-1,-1.1461327E-1,1.0770947E-1,3.0248737E-2,6.8727754E-2,-2.6704538E-1,5.3052604E-2,-0E0,-5.0742682E-2,-2.670226E-3],"categories":[],"categories_nodes":[],"categories_segments":[],"categories_sizes":[],"default_left":[0,0,0,0,0,0,0,0,0,0,0],"id":0,"left_children":[1,3,5,-1,-1,7,9,-1,-1,-1,-1],"loss_changes":[2.2979343E1,4.690756E0,1.1932072E1,0E0,0E0,5.086596E0,1.2351389E1,0E0,0E0,0E0,0E0],"parents":[2147483647,0,0,1,1,2,2,5,5,6,6],"right_children":[2,4,6,-1,-1,8,10,-1,-1,-1,-1],"split_conditions":[-1.2165518E-2,-2.3930998E0,8.8854514E-2,1.0770947E-1,3.0248737E-2,-1.322891E-1,9.758519E-1,5.3052604E-2,-0E0,-5.0742682E-2,-2.670226E-3],"split_indices":[0,5,3,0,0,3,6,0,0,0,0],"split_type":[0,0,0,0,0,0,0,0,0,0,0],"sum_hessian":[5.0480487E2,9.397959E1,4.108253E2,1.2403024E1,8.157657E1,1.7980885E2,2.3101642E2,2.0677214E1,1.5913164E2,1.0977646E2,1.2123996E2],"tree_param":{"num_deleted":"0","num_feature":"16","num_nodes":"11","size_leaf_vector":"1"}},{"base_weights":[-0E0,-1.1473266E-1,7.059834E-1,1.4011647E-1,-2.6214966E-1,1.103256E-1,3.7854727E-2,-0E0,6.448275E-2,-3.3134554E-2,-3.6949352E-3],"categories":[],"categories_nodes":[],"categories_segments":[],"categories_sizes":[],"default_left":[0,0,0,0,0,0,0,0,0,0,0],"id":1,"left_children":[1,3,5,7,9,-1,-1,-1,-1,-1,-1],"loss_changes":[4.042816E1,1.662856E1,5.7719574E0,1.0062281E1,3.7096157E0,0E0,0E0,0E0,0E0,0E0,0E0],"parents":[2147483647,0,0,1,1,2,2,3,3,4,4],"right_children":[2,4,6,8,10,-1,-1,-1,-1,-1,-1],"split_conditions":[8.50032E-2,-3.1655612E-3,3.4200604E-4,3.4468996E-3,1.4537593E-2,1.103256E-1,3.7854727E-2,-0E0,6.448275E-2,-3.3134554E-2,-3.6949352E-3],"split_indices":[9,1,0,15,15,0,0,0,0,0,0],"split_type":[0,0,0,0,0,0,0,0,0,0,0],"sum_hessian":[5.0467706E2,4.3513556E2,6.954151E1,1.5385944E2,2.8127612E2,2.7708103E1,4.183341E1,1.2297081E2,3.0888636E1,2.0553487E2,7.574124E1],"tree_param":{"num_deleted":"0","num_feature":"16","num_nodes":"11","size_leaf_vector":"1"}}]},"name":"gbtree"},"learner_model_param":{"base_score":"[5E-1]","boost_from_average":"1","num_class":"0","num_feature":"16","num_target":"1"},"objective":{"name":"binary:logistic","reg_loss_param":{"scale_pos_weight":"0.335637152"}}},"version":[3,2,0]}