{"learner":{"attributes":{"scikit_learn":"{\"_estimator_type\": \"classifier\"}"},"feature_names":["bias_week","bias_month","bias_quarter","bias_year","rsi","macd","macd_signal","vol_change","close_change","bb_width","return_5d","k_upper","k_lower","k_body","buy_power","rs_5d"],"feature_types":["float","float","float","float","float","float","float","float","float","float","float","float","float","float","float","float"],"gradient_booster":{"model":{"cats":{"enc":[],"feature_segments":[],"sorted_idx":[]},"gbtree_model_param":{"num_parallel_tree":"1","num_trees":"9"},"iteration_indptr":[0,1,2,3,4,5,6,7,8,9],"tree_info":[0,0,0,0,0,0,0,0,0],"trees":[{"base_weights":[-1.3908345E-2,7.364469E-1,-1.1835123E-1,8.036554E-2,5.523831E-1,-1.4960244E-1,9.9874514E-1,4.7441325E-1,6.962856E-2,5.8864817E-2,-3.0473354E-1,1.2343326E0,-1.9834284E-2,9.381648E-3,3.9713725E-2,6.9472524E-3,-1.3998011E-2,-3.0210644E-2,-8.359812E-3,-1.5970599E-2,7.3853105E-2],"categories":[],"categories_nodes":[],"categories_segments":[],"categories_sizes":[],"default_left":[0,0,0,0,0,0,0,0,0,0,0,0,0,0,0,0,0,0,0,0,0],"id":0,"left_children":[1,3,5,-1,7,9,11,13,-1,15,17,19,-1,-1,-1,-1,-1,-1,-1,-1,-1],"loss_changes":[4.8729683E1,1.1290718E1,1.9200405E1,0E0,3.5478954E0,1.7213833E1,5.414653E0,5.3827076E0,0E0,6.217175E0,1.2462809E1,5.3974247E0,0E0,0E0,0E0,0E0,0E0,0E0,0E0,0E0,0E0],"parents":[2147483647,0,0,1,1,2,2,4,4,5,5,6,6,7,7,9,9,10,10,11,11],"right_children":[2,4,6,-1,8,10,12,14,-1,16,18,20,-1,-1,-1,-1,-1,-1,-1,-1,-1],"split_conditions":[-1.7179622E-1,-7.8678235E-2,3.6632855E0,8.036554E-2,1.3763343E-1,8.882936E-2,5.567212E-1,-3.2558672E-2,6.962856E-2,1E0,5.3052175E-1,-4.6624836E-2,-1.9834284E-2,9.381648E-3,3.9713725E-2,6.9472524E-3,-1.3998011E-2,-3.0210644E-2,-8.359812E-3,-1.5970599E-2,7.3853105E-2],"split_indices":[4,1,5,0,3,3,3,10,0,14,5,3,0,0,0,0,0,0,0,0,0],"split_type":[0,0,0,0,0,0,0,0,0,0,0,0,0,0,0,0,0,0,0,0,0],"sum_hessian":[6.1968365E2,7.497623E1,5.447074E2,1.1732714E1,6.3243515E1,5.307262E2,1.3981201E1,5.9304665E1,3.9388504E0,2.2670181E2,3.040244E2,1.2060501E1,1.9207001E0,3.2105877E1,2.719879E1,1.838414E2,4.2860413E1,9.46143E1,2.0941011E2,1.5868626E0,1.0473639E1],"tree_param":{"num_deleted":"0","num_feature":"16","num_nodes":"21","size_leaf_vector":"1"}},{"base_weights":[5.583219E-3,-1.117321E-1,7.3487556E-1,3.652882E-1,-2.2522765E-1,5.491973E-1,1.4822373E0,2.0513052E-1,8.451864E-1,-5.2017057E-1,-1.5784504E-1,9.469927E-1,1.9145374E-1,8.5385405E-2,7.935551E-1,5.5348475E-2,6.696464E-3,-9.955627E-3,5.1300056E-2,-3.992778E-2,5.52488E-3,-8.759196E-3,3.602081E-2,5.0377645E-2,-2.4789123E-2,1.817421E-2,-2.5185216E-2,-2.1278528E-2,5.7687897E-2],"categories":[],"categories_nodes":[],"categories_segments":[],"categories_sizes":[],"default_left":[0,0,0,0,0,0,0,0,0,0,0,0,0,0,0,0,0,0,0,0,0,0,0,0,0,0,0,0,0],"id":1,"left_children":[1,3,5,7,9,11,13,15,17,19,21,23,25,-1,27,-1,-1,-1,-1,-1,-1,-1,-1,-1,-1,-1,-1,-1,-1],"loss_changes":[5.2987724E1,2.896829E1,1.1095036E1,7.7375755E0,8.49589E0,9.827234E0,1.2053337E0,4.891943E0,5.0069485E0,1.4104509E1,5.4984407E0,3.3870316E0,4.761219E0,0E0,3.0973408E0,0E0,0E0,0E0,0E0,0E0,0E0,0E0,0E0,0E0,0E0,0E0,0E0,0E0,0E0],"parents":[2147483647,0,0,1,1,2,2,3,3,4,4,5,5,6,6,7,7,8,8,9,9,10,10,11,11,12,12,14,14],"right_children":[2,4,6,8,10,12,14,16,18,20,22,24,26,-1,28,-1,-1,-1,-1,-1,-1,-1,-1,-1,-1,-1,-1,-1,-1],"split_conditions":[8.5003875E-2,-9.530052E-2,1.3738391E-1,-2.9932943E-4,-9.408839E-3,1.470461E-2,2.86235E-1,2.8748667E-2,-2.3396087E0,8.2265943E-1,3.8505863E-2,7.7778155E-1,4.2089805E-2,8.5385405E-2,2.6462957E-2,5.5348475E-2,6.696464E-3,-9.955627E-3,5.1300056E-2,-3.992778E-2,5.52488E-3,-8.759196E-3,3.602081E-2,5.0377645E-2,-2.4789123E-2,1.817421E-2,-2.5185216E-2,-2.1278528E-2,5.7687897E-2],"split_indices":[9,4,9,15,15,10,4,9,5,6,15,12,15,0,15,0,0,0,0,0,0,0,0,0,0,0,0,0,0],"split_type":[0,0,0,0,0,0,0,0,0,0,0,0,0,0,0,0,0,0,0,0,0,0,0,0,0,0,0,0,0],"sum_hessian":[6.1736566E2,5.325461E2,8.481956E1,1.0192753E2,4.3061856E2,6.932977E1,1.5489782E1,7.749302E1,2.4434504E1,7.883358E1,3.5178497E2,3.2047367E1,3.728241E1,1.0554592E1,4.9351897E0,4.6060076E0,7.288702E1,3.5913572E0,2.0843147E1,5.4507195E1,2.432638E1,3.4575943E2,6.0255494E0,3.1045877E1,1.0014889E0,3.0268898E1,7.0135107E0,1.0841961E0,3.8509936E0],"tree_param":{"num_deleted":"0","num_feature":"16","num_nodes":"29","size_leaf_vector":"1"}},{"base_weights":[1.5949007E-2,1.1193563E0,-3.2614674E-2,1.3964834E0,-6.5492414E-2,1.6829555E-1,-1.9932081E-1,1.4699036E0,-2.332756E-3,-6.3802594E-1,6.6655004E-1,3.435128E-1,3.4444325E-2,-2.434418E-1,1.0453722E0,7.7330016E-2,8.381038E-3,-4.636867E-2,-4.2738854E-3,-8.877896E-4,5.017565E-2,7.6754885E-3,3.765732E-2,2.6114693E-2,-2.319682E-3,3.93201E-2,-1.3947003E-2,7.8487635E-2,-2.6427135E-2],"categories":[],"categories_nodes":[],"categories_segments":[],"categories_sizes":[],"default_left":[0,0,0,0,0,0,0,0,0,0,0,0,0,0,0,0,0,0,0,0,0,0,0,0,0,0,0,0,0],"id":2,"left_children":[1,3,5,7,9,11,13,15,-1,17,19,21,23,25,27,-1,-1,-1,-1,-1,-1,-1,-1,-1,-1,-1,-1,-1,-1],"loss_changes":[3.3333344E1,8.702122E0,2.0000502E1,2.3251762E0,2.9090106E0,6.34125E0,1.817221E1,1.7680779E0,0E0,5.3406596E-1,7.3028696E-1,9.006512E0,6.124379E0,1.1768295E1,1.0204031E1,0E0,0E0,0E0,0E0,0E0,0E0,0E0,0E0,0E0,0E0,0E0,0E0,0E0,0E0],"parents":[2147483647,0,0,1,1,2,2,3,3,4,4,5,5,6,6,7,7,9,9,10,10,11,11,12,12,13,13,14,14],"right_children":[2,4,6,8,10,12,14,16,-1,18,20,22,24,26,28,-1,-1,-1,-1,-1,-1,-1,-1,-1,-1,-1,-1,-1,-1],"split_conditions":[-5.928847E-2,9.985947E-3,9.056908E-2,2.1444496E-2,-2.0918353E-2,-1.6670435E-3,3.6632855E0,1E0,-2.332756E-3,3.6922332E-2,1.114957E-1,3.6119705E-3,-1.2080837E-1,-4.3210108E-2,5.037387E-1,7.7330016E-2,8.381038E-3,-4.636867E-2,-4.2738854E-3,-8.877896E-4,5.017565E-2,7.6754885E-3,3.765732E-2,2.6114693E-2,-2.319682E-3,3.93201E-2,-1.3947003E-2,7.8487635E-2,-2.6427135E-2],"split_indices":[1,3,3,15,15,10,5,14,0,3,11,15,3,10,3,0,0,0,0,0,0,0,0,0,0,0,0,0,0],"split_type":[0,0,0,0,0,0,0,0,0,0,0,0,0,0,0,0,0,0,0,0,0,0,0,0,0,0,0,0,0],"sum_hessian":[6.2037744E2,2.5223743E1,5.9515375E2,2.0297659E1,4.9260864E0,2.6988513E2,3.2526862E2,1.9297354E1,1.0003052E0,2.8362632E0,2.089823E0,1.1620334E2,1.5368178E2,3.149103E2,1.0358302E1,1.8046892E1,1.2504611E0,1.4162647E0,1.4199985E0,1.0020871E0,1.087736E0,8.032187E1,3.5881474E1,2.1069334E1,1.3261244E2,9.788272E0,3.0512204E2,7.7716646E0,2.5866373E0],"tree_param":{"num_deleted":"0","num_feature":"16","num_nodes":"29","size_leaf_vector":"1"}},{"base_weights":[-3.068228E-2,7.628596E-1,-1.1263169E-1,1.0885519E0,1.9638585E-1,-1.4435917E-1,1.0181044E0,4.2164445E-1,1.2797754E0,-2.0247474E-1,1.2955624E0,6.0839158E-2,-2.9746178E-1,8.048332E-2,5.5558395E-1,-2.6614895E-2,4.617274E-2,2.7039027E-2,7.0839375E-2,-2.3727383E-2,2.857837E-2,-7.494073E-4,7.759642E-2,5.1508445E-2,1.5346361E-4,-1.7673176E-2,2.8034657E-2,-5.0813265E-2,4.5083486E-2],"categories":[],"categories_nodes":[],"categories_segments":[],"categories_sizes":[],"default_left":[0,0,0,0,0,0,0,0,0,0,0,0,0,0,0,0,0,0,0,0,0,0,0,0,0,0,0,0,0],"id":3,"left_children":[1,3,5,7,9,11,13,15,17,19,21,23,25,-1,27,-1,-1,-1,-1,-1,-1,-1,-1,-1,-1,-1,-1,-1,-1],"loss_changes":[4.0909264E1,1.0651081E1,2.0591272E1,4.2007713E0,1.0222365E1,1.7460224E1,3.3952923E0,5.170578E0,2.1090317E0,3.9638572E0,2.1009626E0,1.3327995E1,1.5486792E1,0E0,6.5334196E0,0E0,0E0,0E0,0E0,0E0,0E0,0E0,0E0,0E0,0E0,0E0,0E0,0E0,0E0],"parents":[2147483647,0,0,1,1,2,2,3,3,4,4,5,5,6,6,7,7,8,8,9,9,10,10,11,11,12,12,14,14],"right_children":[2,4,6,8,10,12,14,16,18,20,22,24,26,-1,28,-1,-1,-1,-1,-1,-1,-1,-1,-1,-1,-1,-1,-1,-1],"split_conditions":[-3.9226003E-2,8.137167E-3,1.273694E-1,6.341698E-2,1.02837905E-1,9.056908E-2,-6.1948378E-2,-1.2721707E-1,-9.977307E-2,-4.55531E-2,-2.7516989E-2,2.3724321E-2,8.6543605E-2,8.048332E-2,-4.111866E-2,-2.6614895E-2,4.617274E-2,2.7039027E-2,7.0839375E-2,-2.3727383E-2,2.857837E-2,-7.494073E-4,7.759642E-2,5.1508445E-2,1.5346361E-4,-1.7673176E-2,2.8034657E-2,-5.0813265E-2,4.5083486E-2],"split_indices":[1,3,9,9,3,3,3,3,10,1,15,9,9,0,3,0,0,0,0,0,0,0,0,0,0,0,0,0,0],