{"learner":{"attributes":{"scikit_learn":"{\"_estimator_type\": \"classifier\"}"},"feature_names":["bias_week","bias_month","bias_quarter","bias_year","rsi","macd","macd_signal","vol_change","close_change","bb_width","return_5d","k_upper","k_lower","k_body","buy_power","rs_5d","obv","atr_ratio","trend_strength"],"feature_types":["float","float","float","float","float","float","float","float","float","float","float","float","float","float","float","float","float","float","float"],"gradient_booster":{"model":{"cats":{"enc":[],"feature_segments":[],"sorted_idx":[]},"gbtree_model_param":{"num_parallel_tree":"1","num_trees":"14"},"iteration_indptr":[0,1,2,3,4,5,6,7,8,9,10,11,12,13,14],"tree_info":[0,0,0,0,0,0,0,0,0,0,0,0,0,0],"trees":[{"base_weights":[-8.073308E-3,-9.620033E-2,9.3769586E-1,3.0517715E-1,-1.8399039E-1,2.1698939E-2,1.2693179E-1,5.658402E-2,4.6052723E-3,-2.8766398E-3,-3.0077526E-2],"categories":[],"categories_nodes":[],"categories_segments":[],"categories_sizes":[],"default_left":[0,0,0,0,0,0,0,0,0,0,0],"id":0,"left_children":[1,3,5,7,9,-1,-1,-1,-1,-1,-1],"loss_changes":[4.0193233E1,1.6085548E1,6.6439667E0,4.0094543E0,6.372899E0,0E0,0E0,0E0,0E0,0E0,0E0],"parents":[2147483647,0,0,1,1,2,2,3,3,4,4],"right_children":[2,4,6,8,10,-1,-1,-1,-1,-1,-1],"split_conditions":[6.674585E-2,-1.2165534E-2,6.2064964E-2,-3.5842303E-2,4.485651E-3,2.1698939E-2,1.2693179E-1,5.658402E-2,4.6052723E-3,-2.8766398E-3,-3.0077526E-2],"split_indices":[17,0,18,10,0,0,0,0,0,0,0],"split_type":[0,0,0,0,0,0,0,0,0,0,0],"sum_hessian":[5.048346E2,4.6404822E2,4.0786385E1,7.8638466E1,3.8540973E2,1.5310246E1,2.547614E1,3.4484505E1,4.415396E1,1.7582234E2,2.095874E2],"tree_param":{"num_deleted":"0","num_feature":"19","num_nodes":"11","size_leaf_vector":"1"}},{"base_weights":[-0E0,-1.13146424E-1,7.0454663E-1,1.3202812E-1,-2.554588E-1,1.0665136E-1,2.0762818E-1,3.3142794E-2,-8.937874E-4,-1.2561562E-3,-3.362759E-2,-0E0,6.784601E-2],"categories":[],"categories_nodes":[],"categories_segments":[],"categories_sizes":[],"default_left":[0,0,0,0,0,0,0,0,0,0,0,0,0],"id":1,"left_children":[1,3,5,7,9,-1,11,-1,-1,-1,-1,-1,-1],"loss_changes":[4.0102913E1,1.5467777E1,9.900345E0,5.124755E0,4.910715E0,0E0,3.9540567E0,0E0,0E0,0E0,0E0,0E0,0E0],"parents":[2147483647,0,0,1,1,2,2,3,3,4,4,6,6],"right_children":[2,4,6,8,10,-1,12,-1,-1,-1,-1,-1,-1],"split_conditions":[8.500348E-2,-3.1657415E-3,3.7600457E-5,-1.6966622E-2,6.982965E-2,1.0665136E-1,1.2346533E-1,3.3142794E-2,-8.937874E-4,-1.2561562E-3,-3.362759E-2,-0E0,6.784601E-2],"split_indices":[9,1,16,2,3,0,9,0,0,0,0,0,0],"split_type":[0,0,0,0,0,0,0,0,0,0,0,0,0],"sum_hessian":[5.0466998E2,4.3518378E2,6.9486206E1,1.5401381E2,2.8116995E2,3.7152676E1,3.2333534E1,6.9835396E1,8.417841E1,7.890246E1,2.022675E2,2.097123E1,1.1362303E1],"tree_param":{"num_deleted":"0","num_feature":"19","num_nodes":"13","size_leaf_vector":"1"}},{"base_weights":[-4.0941522E-4,-4.6687916E-2,1.1418661E-1,-2.2579908E-1,8.6474285E-2,-6.8675175E-2,-5.6499755E-3,8.118981E-2,3.1187336E-3],"categories":[],"categories_nodes":[],"categories_segments":[],"categories_sizes":[],"default_left":[0,0,0,0,0,0,0,0,0],"id":2,"left_children":[1,3,-1,5,7,-1,-1,-1,-1],"loss_changes":[2.4414518E1,1.1936977E1,0E0,1.5243517E1,9.051773E0,0E0,0E0,0E0,0E0],"parents":[2147483647,0,0,1,1,3,3,4,4],"right_children":[2,4,-1,6,8,-1,-1,-1,-1],"split_conditions":[1.273695E-1,4.359742E-2,1.1418661E-1,-9.405579E-3,-5.926111E-2,-6.8675175E-2,-5.6499755E-3,8.118981E-2,3.1187336E-3],"split_indices":[9,9,0,15,1,0,0,0,0],"split_type":[0,0,0,0,0,0,0,0,0],"sum_hessian":[5.047203E2,4.871733E2,1.7546995E1,2.14941E2,2.722323E2,5.3509052E1,1.6143195E2,1.6097008E1,2.561353E2],"tree_param":{"num_deleted":"0","num_feature":"19","num_nodes":"9","size_leaf_vector":"1"}},{"base_weights":[-2.7897358E-2,4.2084172E-1,-1.5151936E-1,-1.35048255E-2,6.609636E-1,-1.8959083E-1,9.023753E-2,7.5003095E-2,-0E0,-3.0345095E-2,-6.420166E-3],"categories":[],"categories_nodes":[],"categories_segments":[],"categories_sizes":[],"default_left":[0,0,0,0,0,0,0,0,0,0,0],"id":3,"left_children":[1,3,5,-1,7,9,-1,-1,-1,-1,-1],"loss_changes":[2.7679144E1,1.5392933E1,1.4699545E1,0E0,3.463585E0,4.853628E0,0E0,0E0,0E0,0E0,0E0],"parents":[2147483647,0,0,1,1,2,2,4,4,5,5],"right_children":[2,4,6,-1,8,10,-1,-1,-1,-1,-1],"split_conditions":[-9.4891205E-2,2.345095E-2,8.271312E-2,-1.35048255E-2,3.7182757E-1,8.368815E-1,9.023753E-2,7.5003095E-2,-0E0,-3.0345095E-2,-6.420166E-3],"split_indices":[4,17,17,0,6,6,0,0,0,0,0],"split_type":[0,0,0,0,0,0,0,0,0,0,0],"sum_hessian":[5.0973483E2,1.061162E2,4.0361862E2,2.9148655E1,7.696755E1,3.9175232E2,1.1866306E1,6.4860855E1,1.2106699E1,1.934253E2,1.9832701E2],"tree_param":{"num_deleted":"0","num_feature":"19","num_nodes":"11","size_leaf_vector":"1"}},{"base_weights":[3.0121418E-2,6.6369957E-1,-4.7862798E-2,-2.259956E-2,9.251926E-1,-8.3654776E-2,1.06444575E-1,1.19243465E-1,-0E0,9.233097E-3,-2.125695E-2],"categories":[],"categories_nodes":[],"categories_segments":[],"categories_sizes":[],"default_left":[0,0,0,0,0,0,0,0,0,0,0],"id":4,"left_children":[1,3,5,-1,7,9,-1,-1,-1,-1,-1],"loss_changes":[2.6273176E1,1.5195206E1,1.5641807E1,0E0,1.0917164E1,1.0283834E1,0E0,0E0,0E0,0E0,0E0],"parents":[2147483647,0,0,1,1,2,2,4,4,5,5],"right_children":[2,4,6,-1,8,10,-1,-1,-1,-1,-1],"split_conditions":[-3.1846087E-2,2.3661312E-2,8.549984E-2,-2.259956E-2,-2.7697284E-5,8.757865E-2,1.06444575E-1,1.19243465E-1,-0E0,9.233097E-3,-2.125695E-2],"split_indices":[1,17,17,0,16,3,0,0,0,0,0],"split_type":[0,0,0,0,0,0,0,0,0,0,0],"sum_hessian":[5.0351956E2,5.8287865E1,4.4523172E2,1.12661495E1,4.7021713E1,4.334736E2,1.1758105E1,3.5379646E1,1.1642068E1,1.7690254E2,2.5657108E2],"tree_param":{"num_deleted":"0","num_feature":"19","num_nodes":"11","size_leaf_vector":"1"}},{"base_weights":[1.1014056E-2,4.9575657E-1,-7.008925E-2,-1.4239074E-2,7.90294E-2,-1.0247679E-1,8.875786E-2,-3.6139462E-2,-2.0868895E-3],"categories":[],"categories_nodes":[],"categories_segments":[],"categories_sizes":[],"default_left":[0,0,0,0,0,0,0,0,0],"id":5,"left_children":[1,3,5,-1,-1,7,-1,-1,-1],"loss_changes":[2.0682148E1,1.6080023E1,1.1526026E1,0E0,0E0,7.964673E0,0E0,0E0,0E0],"parents":[2147483647,0,0,1,1,2,2,5,5],"right_children":[2,4,6,-1,-1,8,-1,-1,-1],"split_conditions":[-1.3975036E-1,2.3862546E-2,8.790004E-2,-1.4239074E-2,7.90294E-2,-7.75572E-3,8.875786E-2,-3.6139462E-2,-2.0868895E-3],"split_indices":[4,17,17,0,0,15,0,0,0],"split_type":[0,0,0,0,0,0,0,0,0],"sum_hessian":[5.01516E2,7.581006E1,4.2570593E2,2.1877987E1,5.3932076E1,4.14208E2,1.1497932E1,9.163697E1,3.2257104E2],"tree_param":{"num_deleted":"0","num_feature":"19","num_nodes":"9","size_leaf_vector":"1"}},{"base_weights":[-0E0,-3.618443E-2,9.680573E-2,1.643714E-1,-1.2823828E-1,4.2787283E-3,5.7524495E-2,-2.000544E-2,4.328655E-3],"categories":[],"categories_nodes":[],"categories_segments":[],"categories_sizes":[],"default_left":[0,0,0,0,0,0,0,0,0],"id":6,"left_children":[1,3,-1,5,7,-1,-1,-1,-1],"loss_changes":[1.7200855E1,8.795014E0,0E0,5.8254285E0,4.6130037E0,0E0,0E0,0E0,0E0],"parents":[2147483647,0,0,1,1,3,3,4,4],"right_children":[2,4,-1,6,8,-1,-1,-1,-1],"split_conditions":[1.273695E-1,-1.1444707E-2,9.680573E-2,8.702363E-3,1.4531961E-2,4.2787283E-3,5.7524495E-2,-2.000544E-2,4.328655E-3],"split_indices":[9,10,0,15,15,0,0,0,0],"split_type":[0,0,0,0,0,0,0,0,0],"sum_hessian":[4.979554E2,4.80632E2,1.7323408E1,1.4348087E2,3.3715112E2,1.1533888E2,2.8141985E1,2.4540903E2,9.174211E1],"tree_param":{"num_deleted":"0","num_feature":"19","num_nodes":"9","size_leaf_vector":"1"}},{"base_weights":[-0E0,-3.9381538E-2,1.1413207E-1,1.3261233E-1,-1.715142E-1,3.923472E-2,-0E0,-3.4672473E-2,-2.3258384E-3],"categories":[],"categories_nodes":[],"categories_segments":[],"categories_sizes":[],"default_left":[0,0,0,0,0,0,0,0,0],"id":7,"left_children":[1,3,-1,5,7,-1,-1,-1,-1],"loss_changes":[2.1719187E1,1.1321829E1,0E0,7.959856E0,6.722024E0,0E0,0E0,0E0,0E0],"parents":[2147483647,0,0,1,1,3,3,4,4],"right_children":[2,4,-1,6,8,-1,-1,-1,-1],