{"learner":{"attributes":{"scikit_learn":"{\"_estimator_type\": \"classifier\"}"},"feature_names":["bias_week","bias_month","bias_quarter","bias_year","rsi","macd","macd_signal","vol_change","close_change","bb_width","return_5d","return_10d","k_upper","k_lower","k_body","buy_power","rs_5d","rs_10d","dist_to_20d_high","dist_to_20d_low","kd_k","kd_d","kd_cross","gap_ratio","obv","atr_ratio","trend_strength"],"feature_types":["float","float","float","float","float","float","float","float","float","float","float","float","float","float","float","float","float","float","float","float","float","float","float","float","float","float","float"],"gradient_booster":{"model":{"gbtree_model_param":{"num_parallel_tree":"1","num_trees":"15"},"iteration_indptr":[0,1,2,3,4,5,6,7,8,9,10,11,12,13,14,15],"tree_info":[0,0,0,0,0,0,0,0,0,0,0,0,0,0,0],"trees":[{"base_weights":[1.4270786E-2,5.2428216E-1,-2.2804491E-1,-1.5733199E-1,5.67565E-1,9.8621175E-2,-4.452377E-1,6.666116E-2,-1.4420665E-2,1.9783054E-2,-7.7903874E-2,-5.5173412E-2,5.7869027E-3],"categories":[],"categories_nodes":[],"categories_segments":[],"categories_sizes":[],"default_left":[0,0,0,0,0,0,0,0,0,0,0,0,0],"id":0,"left_children":[1,3,5,-1,7,9,11,-1,-1,-1,-1,-1,-1],"loss_changes":[1.9868007E2,4.5890503E1,7.767349E1,0E0,3.92619E1,3.7053978E1,3.774118E1,0E0,0E0,0E0,0E0,0E0,0E0],"parents":[2147483647,0,0,1,1,2,2,4,4,5,5,6,6],"right_children":[2,4,6,-1,8,10,12,-1,-1,-1,-1,-1,-1],"split_conditions":[2.1423146E-2,-1.1032493E0,3.0172413E-2,-1.5733199E-1,8.1144196E1,6.6677076E-1,3.6964383E-2,6.666116E-2,-1.4420665E-2,1.9783054E-2,-7.7903874E-2,-5.5173412E-2,5.7869027E-3],"split_indices":[25,6,19,0,21,14,24,0,0,0,0,0,0],"split_type":[0,0,0,0,0,0,0,0,0,0,0,0,0],"sum_hessian":[1.600554E3,5.1819305E2,1.082361E3,8.75E0,5.0944302E2,4.2828897E2,6.5407196E2,4.4716E2,6.228303E1,3.8733563E2,4.0953323E1,5.395801E2,1.1449189E2],"tree_param":{"num_deleted":"0","num_feature":"27","num_nodes":"13","size_leaf_vector":"1"}},{"base_weights":[-4.2835306E-3,7.007168E-1,-6.619632E-2,9.0593606E-1,-3.832087E-1,8.595174E-1,-1.11802764E-1,1.2000524E-1,4.5471955E-2,2.5734862E-2,-1.2200889E-1,-0E0,1.080294E-1,1.2749202E-2,-2.9959632E-2],"categories":[],"categories_nodes":[],"categories_segments":[],"categories_sizes":[],"default_left":[0,0,0,0,0,0,0,0,0,0,0,0,0,0,0],"id":1,"left_children":[1,3,5,7,9,11,13,-1,-1,-1,-1,-1,-1,-1,-1],"loss_changes":[6.830946E1,2.95163E1,6.0528465E1,1.044326E1,1.2759697E1,1.3512047E1,6.467912E1,0E0,0E0,0E0,0E0,0E0,0E0,0E0,0E0],"parents":[2147483647,0,0,1,1,2,2,3,3,4,4,5,5,6,6],"right_children":[2,4,6,8,10,12,14,-1,-1,-1,-1,-1,-1,-1,-1],"split_conditions":[2.4272637E-2,6.359335E1,-2.5660908E-1,8.4699266E-2,-1.6466685E-1,-6.543095E0,-2.5497658E0,1.2000524E-1,4.5471955E-2,2.5734862E-2,-1.2200889E-1,-0E0,1.080294E-1,1.2749202E-2,-2.9959632E-2],"split_indices":[9,21,3,3,7,22,22,0,0,0,0,0,0,0,0],"split_type":[0,0,0,0,0,0,0,0,0,0,0,0,0,0,0],"sum_hessian":[1.5959832E3,1.2518536E2,1.4707977E3,1.07125E2,1.8060368E1,6.601465E1,1.4047831E3,5.993509E1,4.7189907E1,9.09396E0,8.966408E0,1.3822869E1,5.2191776E1,6.1552136E2,7.892617E2],"tree_param":{"num_deleted":"0","num_feature":"27","num_nodes":"15","size_leaf_vector":"1"}},{"base_weights":[-0E0,3.475001E-1,-2.9758525E-1,-8.274558E-1,4.1599378E-1,-3.8348413E-1,3.771105E-1,3.8092048E-3,-1.2885638E-1,5.58863E-2,-2.3791391E-2,-3.2166533E-2,-1.5231404E-1,5.123145E-3,1.0113029E-1],"categories":[],"categories_nodes":[],"categories_segments":[],"categories_sizes":[],"default_left":[0,0,0,0,0,0,0,0,0,0,0,0,0,0,0],"id":2,"left_children":[1,3,5,7,9,11,13,-1,-1,-1,-1,-1,-1,-1,-1],"loss_changes":[1.6530838E2,5.862851E1,5.0131752E1,1.8821503E1,6.832687E1,4.7812637E1,1.737772E1,0E0,0E0,0E0,0E0,0E0,0E0,0E0,0E0],"parents":[2147483647,0,0,1,1,2,2,3,3,4,4,5,5,6,6],"right_children":[2,4,6,8,10,12,14,-1,-1,-1,-1,-1,-1,-1,-1],"split_conditions":[2.4827022E-2,-1.0061047E-2,8.199319E-2,-6.8259384E-3,7.806254E1,9.048962E-2,1.3436179E-1,3.8092048E-3,-1.2885638E-1,5.58863E-2,-2.3791391E-2,-3.2166533E-2,-1.5231404E-1,5.123145E-3,1.0113029E-1],"split_indices":[25,17,24,23,21,25,26,0,0,0,0,0,0,0,0],"split_type":[0,0,0,0,0,0,0,0,0,0,0,0,0,0,0],"sum_hessian":[1.5972275E3,7.354873E2,8.6174023E2,3.8173756E1,6.9731354E2,7.677127E2,9.402752E1,1.2052119E1,2.6121637E1,5.722727E2,1.2504087E2,7.33085E2,3.4627697E1,6.535498E1,2.8672543E1],"tree_param":{"num_deleted":"0","num_feature":"27","num_nodes":"15","size_leaf_vector":"1"}},{"base_weights":[-2.3916174E-2,4.0801454E-1,-2.2325352E-1,-8.986427E-1,4.7229832E-1,1.21631205E-1,-4.1240922E-1,3.8569893E-3,-1.4186485E-1,7.203058E-2,1.7047454E-2,6.8308845E-2,-4.4830292E-3,1.2377366E-2,-5.293605E-2],"categories":[],"categories_nodes":[],"categories_segments":[],"categories_sizes":[],"default_left":[0,0,0,0,0,0,0,0,0,0,0,0,0,0,0],"id":3,"left_children":[1,3,5,7,9,11,13,-1,-1,-1,-1,-1,-1,-1,-1],"loss_changes":[1.3599208E2,4.1128334E1,7.164589E1,1.4118029E1,3.4140038E1,3.757448E1,4.700067E1,0E0,0E0,0E0,0E0,0E0,0E0,0E0,0E0],"parents":[2147483647,0,0,1,1,2,2,3,3,4,4,5,5,6,6],"right_children":[2,4,6,8,10,12,14,-1,-1,-1,-1,-1,-1,-1,-1],"split_conditions":[2.125151E-2,-1.03643555E-2,-1.5962921E-2,-5.0314465E-3,6.359335E1,-1.9444406E-1,3.3385653E-2,3.8569893E-3,-1.4186485E-1,7.203058E-2,1.7047454E-2,6.8308845E-2,-4.4830292E-3,1.2377366E-2,-5.293605E-2],"split_indices":[25,17,2,23,21,3,9,0,0,0,0,0,0,0,0],"split_type":[0,0,0,0,0,0,0,0,0,0,0,0,0,0,0],"sum_hessian":[1.5825309E3,4.9586386E2,1.086667E3,2.1081774E1,4.7478207E2,3.8078207E2,7.05885E2,6.381458E0,1.4700316E1,2.5263382E2,2.2214827E2,8.9027885E1,2.9175418E2,1.2653384E2,5.7935114E2],"tree_param":{"num_deleted":"0","num_feature":"27","num_nodes":"15","size_leaf_vector":"1"}},{"base_weights":[-3.1831272E-2,2.594197E-1,-2.6182437E-1,3.7426743E-1,-3.4044927E-1,4.253566E-3,-4.622506E-1,-7.9188086E-2,4.504016E-2,1.0463437E-1,-6.0412597E-2,-1.5424824E-2,3.8611606E-2,-1.0645776E-2,-6.984363E-2],"categories":[],"categories_nodes":[],"categories_segments":[],"categories_sizes":[],"default_left":[0,0,0,0,0,0,0,0,0,0,0,0,0,0,0],"id":4,"left_children":[1,3,5,7,9,11,13,-1,-1,-1,-1,-1,-1,-1,-1],"loss_changes":[1.06033844E2,4.800776E1,4.842781E1,5.4359604E1,4.032929E1,2.3815609E1,4.202677E1,0E0,0E0,0E0,0E0,0E0,0E0,0E0,0E0],"parents":[2147483647,0,0,1,1,2,2,3,3,4,4,5,5,6,6],"right_children":[2,4,6,8,10,12,14,-1,-1,-1,-1,-1,-1,-1,-1],"split_conditions":[2.4652917E-2,7.806254E1,-6.49924E-3,-1.03643555E-2,-1.4084286E-2,3.335466E-1,-2.634714E0,-7.9188086E-2,4.504016E-2,1.0463437E-1,-6.0412597E-2,-1.5424824E-2,3.8611606E-2,-1.0645776E-2,-6.984363E-2],"split_indices":[25,21,2,17,8,12,22,0,0,0,0,0,0,0,0],"split_type":[0,0,0,0,0,0,0,0,0,0,0,0,0,0,0],"sum_hessian":[1.5811141E3,6.9327496E2,8.8783923E2,5.852994E2,1.079756E2,3.7697617E2,5.1086304E2,3.4986034E1,5.5031335E2,1.566558E1,9.231002E1,2.6264832E2,1.1432786E2,2.1129637E2,2.9956668E2],"tree_param":{"num_deleted":"0","num_feature":"27","num_nodes":"15","size_leaf_vector":"1"}},{"base_weights":[1.916052E-2,3.479297E-1,-1.3002823E-1,-8.8896894E-1,3.9731613E-1,2.5094306E-1,-2.834172E-1,-1.323624E-1,-0E0,5.173364E-2,-1.1951713E-2,7.122691E-2,1.25486255E-2,6.9218256E-2,-3.345528E-2],"categories":[],"categories_nodes":[],"categories_segments":[],"categories_sizes":[],"default_left":[0,0,0,0,0,0,0,0,0,0,0,0,0,0,0],"id":5,"left_children":[1,3,5,7,9,11,13,-1,-1,-1,-1,-1,-1,-1,-1],"loss_changes":[7.955819E1,3.0220123E1,6.4660706E1,9.172063E0,3.2514877E1,1.6222406E1,4.121692E1,0E0,0E0,0E0,0E0,0E0,0E0,0E0,0E0],"parents":[2147483647,0,0,1,1,2,2,3,3,4,4,5,5,6,6],"right_children":[2,4,6,8,10,12,14,-1,-1,-1,-1,-1,-1,-1,-1],"split_conditions":[2.125151E-2,-1.6445713E-2,1.7421603E-2,5.4404143E-2,7.834509E1,1.3657243E1,-2.5660908E-1,-1.323624E-1,-0E0,5.173364E-2,-1.1951713E-2,7.122691E-2,1.25486255E-2,6.9218256E-2,-3.345528E-2],"split_indices":[25,16,19,18,21,20,3,0,0,0,0,0,0,0,0],"split_type":[0,0,0,0,0,0,0,0,0,0,0,0,0,0,0],