{"learner":{"attributes":{"scikit_learn":"{\"_estimator_type\": \"classifier\"}"},"feature_names":["bias_week","bias_month","bias_quarter","bias_year","rsi","macd","macd_signal","vol_change","close_change","bb_width","return_5d","k_upper","k_lower","k_body","buy_power","rs_5d","obv","atr_ratio","trend_strength"],"feature_types":["float","float","float","float","float","float","float","float","float","float","float","float","float","float","float","float","float","float","float"],"gradient_booster":{"model":{"cats":{"enc":[],"feature_segments":[],"sorted_idx":[]},"gbtree_model_param":{"num_parallel_tree":"1","num_trees":"7"},"iteration_indptr":[0,1,2,3,4,5,6,7],"tree_info":[0,0,0,0,0,0,0],"trees":[{"base_weights":[-6.893436E-3,3.3554885E-1,-2.0724526E-1,-2.4558201E-1,4.9224964E-1,-1.5869011E-1,-1.5926346E-1,8.388354E-3,-7.5872086E-2,7.5008765E-2,3.3764184E-2,9.2317763E-4,-5.08682E-2],"categories":[],"categories_nodes":[],"categories_segments":[],"categories_sizes":[],"default_left":[0,0,0,0,0,0,0,0,0,0,0,0,0],"id":0,"left_children":[1,3,5,7,9,11,-1,-1,-1,-1,-1,-1,-1],"loss_changes":[9.232438E1,4.556037E1,5.4102512E1,1.9013157E1,1.3229309E1,5.04318E1,0E0,0E0,0E0,0E0,0E0,0E0,0E0],"parents":[2147483647,0,0,1,1,2,2,3,3,4,4,5,5],"right_children":[2,4,6,8,10,12,-1,-1,-1,-1,-1,-1,-1],"split_conditions":[2.3187665E-2,5.0118487E-2,1.0563162E-1,-5.3034693E-1,-2.673797E-3,1.188674E-1,-1.5926346E-1,8.388354E-3,-7.5872086E-2,7.5008765E-2,3.3764184E-2,9.2317763E-4,-5.08682E-2],"split_indices":[17,6,17,5,0,3,0,0,0,0,0,0,0],"split_type":[0,0,0,0,0,0,0,0,0,0,0,0,0],"sum_hessian":[1.3497203E3,4.940251E2,8.5569525E2,1.0185616E2,3.9216895E2,8.286197E2,2.7075584E1,5.965266E1,4.2203506E1,1.3772687E2,2.5444206E2,5.577228E2,2.7089694E2],"tree_param":{"num_deleted":"0","num_feature":"19","num_nodes":"13","size_leaf_vector":"1"}},{"base_weights":[-1.7801614E-2,-4.1272718E-1,3.697556E-2,-1.5150817E-2,-9.669113E-1,1.840261E-1,-1.2878467E-1,3.9208338E-2,-3.745468E-2,-6.1322413E-3,-1.5722767E-1,1.3648214E-2,7.784662E-2,8.240654E-2,-1.5821386E-2],"categories":[],"categories_nodes":[],"categories_segments":[],"categories_sizes":[],"default_left":[0,0,0,0,0,0,0,0,0,0,0,0,0,0,0],"id":1,"left_children":[1,3,5,7,9,11,13,-1,-1,-1,-1,-1,-1,-1,-1],"loss_changes":[3.004112E1,3.5107567E1,2.8892609E1,1.5006081E1,3.4536713E1,1.5561478E1,1.4630672E1,0E0,0E0,0E0,0E0,0E0,0E0,0E0,0E0],"parents":[2147483647,0,0,1,1,2,2,3,3,4,4,5,5,6,6],"right_children":[2,4,6,8,10,12,14,-1,-1,-1,-1,-1,-1,-1,-1],"split_conditions":[-3.8872604E-4,-2.2735544E-2,5.55558E-1,-1.4965066E-1,-1.6611332E-2,1.0082796E-1,-2.0233852E-1,3.9208338E-2,-3.745468E-2,-6.1322413E-3,-1.5722767E-1,1.3648214E-2,7.784662E-2,8.240654E-2,-1.5821386E-2],"split_indices":[16,2,14,3,1,16,3,0,0,0,0,0,0,0,0],"split_type":[0,0,0,0,0,0,0,0,0,0,0,0,0,0,0],"sum_hessian":[1.3493849E3,1.6931651E2,1.1800684E3,1.0100375E2,6.831277E1,6.325277E2,5.4754065E2,4.444592E1,5.655783E1,2.9234243E1,3.9078526E1,5.907071E2,4.182059E1,1.4638921E1,5.3290173E2],"tree_param":{"num_deleted":"0","num_feature":"19","num_nodes":"15","size_leaf_vector":"1"}},{"base_weights":[-7.8839045E-3,1.7348509E-1,-3.26849E-1,6.924228E-1,1.0368172E-1,-2.4009542E-1,-1.3808471E-1,9.018374E-2,-0E0,4.8832063E-2,1.4948181E-3,-3.2273944E-2,5.0280865E-2],"categories":[],"categories_nodes":[],"categories_segments":[],"categories_sizes":[],"default_left":[0,0,0,0,0,0,0,0,0,0,0,0,0],"id":2,"left_children":[1,3,5,7,9,11,-1,-1,-1,-1,-1,-1,-1],"loss_changes":[7.846462E1,2.9219915E1,4.194259E1,1.4969494E1,2.4981487E1,2.8821327E1,0E0,0E0,0E0,0E0,0E0,0E0,0E0],"parents":[2147483647,0,0,1,1,2,2,3,3,4,4,5,5],"right_children":[2,4,6,8,10,12,-1,-1,-1,-1,-1,-1,-1],"split_conditions":[3.230574E-2,2.4574332E-2,9.845195E-2,9.94115E-3,-2.0079592E-2,1.2736948E-1,-1.3808471E-1,9.018374E-2,-0E0,4.8832063E-2,1.4948181E-3,-3.2273944E-2,5.0280865E-2],"split_indices":[17,9,17,1,2,9,0,0,0,0,0,0,0],"split_type":[0,0,0,0,0,0,0,0,0,0,0,0,0],"sum_hessian":[1.3502062E3,8.562788E2,4.9392737E2,9.7611916E1,7.586669E2,4.5877307E2,3.5154293E1,7.470516E1,2.2906755E1,1.3609213E2,6.2257477E2,4.145273E2,4.424576E1],"tree_param":{"num_deleted":"0","num_feature":"19","num_nodes":"13","size_leaf_vector":"1"}},{"base_weights":[-6.8636048E-3,9.80875E-2,-4.3321878E-1,3.1561154E-1,-9.545529E-3,3.8094562E-1,-5.8023715E-1,-8.5304335E-2,3.665274E-2,3.804478E-2,-1.5926735E-2,-8.626312E-3,1.11374505E-1,-6.69522E-2,6.469826E-2],"categories":[],"categories_nodes":[],"categories_segments":[],"categories_sizes":[],"default_left":[0,0,0,0,0,0,0,0,0,0,0,0,0,0,0],"id":3,"left_children":[1,3,5,7,9,11,13,-1,-1,-1,-1,-1,-1,-1,-1],"loss_changes":[6.134618E1,2.6031551E1,3.2990826E1,2.204776E1,4.2072983E1,1.59702015E1,2.7220749E1,0E0,0E0,0E0,0E0,0E0,0E0,0E0,0E0],"parents":[2147483647,0,0,1,1,2,2,3,3,4,4,5,5,6,6],"right_children":[2,4,6,8,10,12,14,-1,-1,-1,-1,-1,-1,-1,-1],"split_conditions":[4.693227E-2,2.0926569E-2,-2.566092E-1,-2.4407428E-2,-8.116734E-2,-3.398736E0,3.3936434E0,-8.5304335E-2,3.665274E-2,3.804478E-2,-1.5926735E-2,-8.626312E-3,1.11374505E-1,-6.69522E-2,6.469826E-2],"split_indices":[17,17,3,3,4,6,6,0,0,0,0,0,0,0,0],"split_type":[0,0,0,0,0,0,0,0,0,0,0,0,0,0,0],"sum_hessian":[1.3539362E3,1.0822925E3,2.7164374E2,3.6514264E2,7.171498E2,3.9184956E1,2.3245879E2,1.411541E1,3.5102722E2,1.948682E2,5.222816E2,2.220674E1,1.6978216E1,2.1760542E2,1.4853374E1],"tree_param":{"num_deleted":"0","num_feature":"19","num_nodes":"15","size_leaf_vector":"1"}},{"base_weights":[-0E0,2.2801612E-1,-1.5582609E-1,-7.6445806E-1,2.795364E-1,1.8864666E-1,-3.5902643E-1,-1.2514009E-1,-1.2250484E-2,2.2617646E-2,1.1900485E-1,5.138769E-2,-1.5366092E-2,-7.51772E-2,-1.5098561E-2],"categories":[],"categories_nodes":[],"categories_segments":[],"categories_sizes":[],"default_left":[0,0,0,0,0,0,0,0,0,0,0,0,0,0,0],"id":4,"left_children":[1,3,5,7,9,11,13,-1,-1,-1,-1,-1,-1,-1,-1],"loss_changes":[4.833145E1,2.710665E1,5.7105988E1,4.8496103E0,2.1711624E1,3.438294E1,4.0317696E1,0E0,0E0,0E0,0E0,0E0,0E0,0E0,0E0],"parents":[2147483647,0,0,1,1,2,2,3,3,4,4,5,5,6,6],"right_children":[2,4,6,8,10,12,14,-1,-1,-1,-1,-1,-1,-1,-1],"split_conditions":[2.428931E-2,-4.412162E-2,-1.5390489E-2,2.1037119E-2,3.0342014E0,4.693227E-2,3.1110744E-6,-1.2514009E-1,-1.2250484E-2,2.2617646E-2,1.1900485E-1,5.138769E-2,-1.5366092E-2,-7.51772E-2,-1.5098561E-2],"split_indices":[17,3,2,17,5,17,16,0,0,0,0,0,0,0,0],"split_type":[0,0,0,0,0,0,0,0,0,0,0,0,0,0,0],"sum_hessian":[1.3612966E3,5.5110254E2,8.101941E2,2.498377E1,5.261188E2,2.964877E2,5.1370636E2,1.2048234E1,1.2935535E1,5.0062582E2,2.5492933E1,1.5469614E2,1.4179158E2,1.7163733E2,3.4206903E2],"tree_param":{"num_deleted":"0","num_feature":"19","num_nodes":"15","size_leaf_vector":"1"}},{"base_weights":[3.120577E-2,6.633786E-2,-1.2618847E-1,2.3832138E-1,-5.590773E-2,-6.624511E-2,2.8775837E-2,1.5948886E-2,-2.593177E-2],"categories":[],"categories_nodes":[],"categories_segments":[],"categories_sizes":[],"default_left":[0,0,0,0,0,0,0,0,0],"id":5,"left_children":[1,3,-1,5,7,-1,-1,-1,-1],"loss_changes":[5.9499275E1,2.8265455E1,0E0,2.533783E1,3.437393E1,0E0,0E0,0E0,0E0],"parents":[2147483647,0,0,1,1,3,3,4,4],"right_children":[2,4,-1,6,8,-1,-1,-1,-1],"split_conditions":[9.845195E-2,2.4644336E-2,-1.2618847E-1,-1.7009586E-2,4.9988002E-1,-6.624511E-2,2.8775837E-2,1.5948886E-2,-2.593177E-2],"split_indices":[17,17,0,15,14,0,0,0,0],"split_type":[0,0,0,0,0,0,0,0,0],"sum_hessian":[1.3586418E3,1.3247349E3,3.390698E1,5.5802924E2,7.6670557E2,2.7748766E1,5.3028046E2,3.6786783E2,3.9883774E2],"tree_param":{"num_deleted":"0","num_feature":"19","num_nodes":"9","size_leaf_vector":"1"}},{"base_weights":[5.6573022E-2,5.751852E-1,9.21104E-3,9.03959E-1,2.141255E-1,-1.4167406E-2,4.8384356E-1,1.8054247E-2,1.090098E-1,-3.5004076E-2,6.272758E-2,7.4550337E-3,-1.9926777E-2,-9.47757E-3,7.4851885E-2],"categories":[],"categories_nodes":[],"categories_segments":[],"categories_sizes":[],"default_left":[0,0,0,0,0,0,0,0,0,0,0,0,0,0,0],"id":6,"left_children":[1,3,5,7,9,11,13,-1,-1,-1,-1,-1,-1,-1,-1],