{"learner":{"attributes":{"scikit_learn":"{\"_estimator_type\": \"classifier\"}"},"feature_names":["bias_week","bias_month","bias_quarter","bias_year","rsi","macd","macd_signal","vol_change","close_change","bb_width","return_5d","k_upper","k_lower","k_body","buy_power","rs_5d","obv","atr_ratio","trend_strength"],"feature_types":["float","float","float","float","float","float","float","float","float","float","float","float","float","float","float","float","float","float","float"],"gradient_booster":{"model":{"cats":{"enc":[],"feature_segments":[],"sorted_idx":[]},"gbtree_model_param":{"num_parallel_tree":"1","num_trees":"18"},"iteration_indptr":[0,1,2,3,4,5,6,7,8,9,10,11,12,13,14,15,16,17,18],"tree_info":[0,0,0,0,0,0,0,0,0,0,0,0,0,0,0,0,0,0],"trees":[{"base_weights":[-6.5950816E-3,-1.1015515E-1,8.913559E-1,1.8830858E-1,-2.3717773E-1,3.0878007E-3,1.1093335E-1,-0E0,5.628094E-2,-1.1923025E-2,-4.415363E-2],"categories":[],"categories_nodes":[],"categories_segments":[],"categories_sizes":[],"default_left":[0,0,0,0,0,0,0,0,0,0,0],"id":0,"left_children":[1,3,5,7,9,-1,-1,-1,-1,-1,-1],"loss_changes":[4.43996E1,1.7072044E1,6.9863396E0,8.349825E0,6.483259E0,0E0,0E0,0E0,0E0,0E0,0E0],"parents":[2147483647,0,0,1,1,2,2,3,3,4,4],"right_children":[2,4,6,8,10,-1,-1,-1,-1,-1,-1],"split_conditions":[6.3731074E-2,-1.14448E-2,4.7737096E-2,3.6018845E-2,1.5322979E-1,3.0878007E-3,1.1093335E-1,-0E0,5.628094E-2,-1.1923025E-2,-4.415363E-2],"split_indices":[17,10,18,17,3,0,0,0,0,0,0],"split_type":[0,0,0,0,0,0,0,0,0,0,0],"sum_hessian":[4.9623615E2,4.472358E2,4.900034E1,1.282057E2,3.190301E2,1.2320208E1,3.668013E1,8.821085E1,3.999485E1,2.1117719E2,1.07852905E2],"tree_param":{"num_deleted":"0","num_feature":"19","num_nodes":"11","size_leaf_vector":"1"}},{"base_weights":[-0E0,-1.041531E-1,6.7996657E-1,1.8246418E-1,-2.6665857E-1,1.14178516E-1,2.585215E-1,4.3347217E-2,-5.7320774E-4,-4.2162724E-3,-3.4987703E-2,-0E0,7.4335925E-2],"categories":[],"categories_nodes":[],"categories_segments":[],"categories_sizes":[],"default_left":[0,0,0,0,0,0,0,0,0,0,0,0,0],"id":1,"left_children":[1,3,5,7,9,-1,11,-1,-1,-1,-1,-1,-1],"loss_changes":[3.4670822E1,2.0272835E1,9.677126E0,8.206979E0,4.5112457E0,0E0,3.8147993E0,0E0,0E0,0E0,0E0,0E0,0E0],"parents":[2147483647,0,0,1,1,2,2,3,3,4,4,6,6],"right_children":[2,4,6,8,10,-1,12,-1,-1,-1,-1,-1,-1],"split_conditions":[8.5338995E-2,-3.2800923E-3,2.5921896E-5,-1.65804E-2,7.368428E-2,1.14178516E-1,1.2677388E-1,4.3347217E-2,-5.7320774E-4,-4.2162724E-3,-3.4987703E-2,-0E0,7.4335925E-2],"split_indices":[9,1,16,2,3,0,9,0,0,0,0,0,0],"split_type":[0,0,0,0,0,0,0,0,0,0,0,0,0],"sum_hessian":[4.958159E2,4.310208E2,6.479509E1,1.5093242E2,2.8008838E2,2.8007883E1,3.678721E1,6.922028E1,8.1712135E1,8.498933E1,1.9509906E2,2.568387E1,1.1103341E1],"tree_param":{"num_deleted":"0","num_feature":"19","num_nodes":"13","size_leaf_vector":"1"}},{"base_weights":[-8.833275E-3,-5.618401E-2,1.13911465E-1,3.0289945E-1,-1.2965763E-1,-3.6056515E-2,5.628235E-2,-3.6232643E-2,-6.5914597E-3],"categories":[],"categories_nodes":[],"categories_segments":[],"categories_sizes":[],"default_left":[0,0,0,0,0,0,0,0,0],"id":2,"left_children":[1,3,-1,5,7,-1,-1,-1,-1],"loss_changes":[2.4724957E1,1.2238071E1,0E0,1.3886323E1,5.0193195E0,0E0,0E0,0E0,0E0],"parents":[2147483647,0,0,1,1,3,3,4,4],"right_children":[2,4,-1,6,8,-1,-1,-1,-1],"split_conditions":[1.2677388E-1,-2.4782956E-2,1.13911465E-1,2.3524622E-2,-9.443811E-3,-3.6056515E-2,5.628235E-2,-3.6232643E-2,-6.5914597E-3],"split_indices":[9,1,0,17,15,0,0,0,0],"split_type":[0,0,0,0,0,0,0,0,0],"sum_hessian":[4.9602603E2,4.784692E2,1.7556828E1,7.6018845E1,4.0245038E2,1.9167679E1,5.6851166E1,7.75143E1,3.2493607E2],"tree_param":{"num_deleted":"0","num_feature":"19","num_nodes":"9","size_leaf_vector":"1"}},{"base_weights":[-1.355724E-2,4.3576255E-1,-1.3863458E-1,-6.1805043E-3,6.451636E-2,-1.7823185E-1,9.26034E-2,-2.8479407E-2,-5.4875356E-3],"categories":[],"categories_nodes":[],"categories_segments":[],"categories_sizes":[],"default_left":[0,0,0,0,0,0,0,0,0],"id":3,"left_children":[1,3,5,-1,-1,7,-1,-1,-1],"loss_changes":[2.744755E1,1.2554285E1,1.5091557E1,0E0,0E0,4.355465E0,0E0,0E0,0E0],"parents":[2147483647,0,0,1,1,2,2,5,5],"right_children":[2,4,6,-1,-1,8,-1,-1,-1],"split_conditions":[-9.5889226E-2,2.3434116E-2,8.371496E-2,-6.1805043E-3,6.451636E-2,8.3652097E-1,9.26034E-2,-2.8479407E-2,-5.4875356E-3],"split_indices":[4,17,17,0,0,6,0,0,0],"split_type":[0,0,0,0,0,0,0,0,0],"sum_hessian":[5.001509E2,1.04942795E2,3.9520813E2,2.8454264E1,7.648853E1,3.8322232E2,1.1985813E1,1.9344836E2,1.8977396E2],"tree_param":{"num_deleted":"0","num_feature":"19","num_nodes":"9","size_leaf_vector":"1"}},{"base_weights":[2.8392369E-2,7.0139974E-1,-5.289657E-2,-4.4891224E-3,1.02154136E-1,-8.927793E-2,1.1272708E-1,8.321839E-3,-2.1589406E-2],"categories":[],"categories_nodes":[],"categories_segments":[],"categories_sizes":[],"default_left":[0,0,0,0,0,0,0,0,0],"id":4,"left_children":[1,3,5,-1,-1,7,-1,-1,-1],"loss_changes":[2.8471712E1,1.600127E1,1.6578058E1,0E0,0E0,9.782005E0,0E0,0E0,0E0],"parents":[2147483647,0,0,1,1,2,2,5,5],"right_children":[2,4,6,-1,-1,8,-1,-1,-1],"split_conditions":[-1.7438912E-1,2.3763563E-2,8.8723056E-2,-4.4891224E-3,1.02154136E-1,8.611515E-2,1.1272708E-1,8.321839E-3,-2.1589406E-2],"split_indices":[4,17,17,0,0,3,0,0,0],"split_type":[0,0,0,0,0,0,0,0,0],"sum_hessian":[4.9357462E2,5.611634E1,4.3745828E2,1.5064684E1,4.105166E1,4.2638232E2,1.1075963E1,1.7404285E2,2.5233948E2],"tree_param":{"num_deleted":"0","num_feature":"19","num_nodes":"9","size_leaf_vector":"1"}},{"base_weights":[1.33837825E-2,5.804019E-1,-5.567948E-2,-0E0,8.48546E-2,-9.12858E-2,9.146689E-2,-1.7116748E-2,1.2095337E-2],"categories":[],"categories_nodes":[],"categories_segments":[],"categories_sizes":[],"default_left":[0,0,0,0,0,0,0,0,0],"id":5,"left_children":[1,3,5,-1,-1,7,-1,-1,-1],"loss_changes":[2.050659E1,9.870098E0,1.3324115E1,0E0,0E0,7.4500837E0,0E0,0E0,0E0],"parents":[2147483647,0,0,1,1,2,2,5,5],"right_children":[2,4,6,-1,-1,8,-1,-1,-1],"split_conditions":[-1.7647737E-1,2.477498E-2,8.654509E-2,-0E0,8.48546E-2,1.4471104E-2,9.146689E-2,-1.7116748E-2,1.2095337E-2],"split_indices":[4,17,17,0,0,15,0,0,0],"split_type":[0,0,0,0,0,0,0,0,0],"sum_hessian":[4.9330884E2,5.7043304E1,4.3626553E2,1.7333466E1,3.970984E1,4.2322906E2,1.30364685E1,3.1410397E2,1.0912509E2],"tree_param":{"num_deleted":"0","num_feature":"19","num_nodes":"9","size_leaf_vector":"1"}},{"base_weights":[-2.8484287E-3,-3.8231816E-2,1.05199136E-1,1.894394E-1,-1.4242594E-1,6.5850536E-3,6.091641E-2,3.448314E-2,-1.8073004E-2],"categories":[],"categories_nodes":[],"categories_segments":[],"categories_sizes":[],"default_left":[0,0,0,0,0,0,0,0,0],"id":6,"left_children":[1,3,-1,5,7,-1,-1,-1,-1],"loss_changes":[1.604482E1,1.1141432E1,0E0,5.886794E0,6.101876E0,0E0,0E0,0E0,0E0],"parents":[2147483647,0,0,1,1,3,3,4,4],"right_children":[2,4,-1,6,8,-1,-1,-1,-1],"split_conditions":[1.3430864E-1,-1.14448E-2,1.05199136E-1,8.507882E-3,2.3501264E-2,6.5850536E-3,6.091641E-2,3.448314E-2,-1.8073004E-2],"split_indices":[9,10,0,15,9,0,0,0,0],"split_type":[0,0,0,0,0,0,0,0,0],"sum_hessian":[4.875447E2,4.7396817E2,1.3576531E1,1.4199602E2,3.3197214E2,1.142781E2,2.7717922E1,2.0613926E1,3.1135822E2],"tree_param":{"num_deleted":"0","num_feature":"19","num_nodes":"9","size_leaf_vector":"1"}},{"base_weights":[-3.6236974E-3,-4.3678384E-2,1.0805677E-1,1.02108434E-1,-1.8490538E-1,1.9636702E-2,-3.892901E-2,-2.4146257E-2,3.422384E-2],"categories":[],"categories_nodes":[],"categories_segments":[],"categories_sizes":[],"default_left":[0,0,0,0,0,0,0,0,0],"id":7,"left_children":[1,3,-1,5,7,-1,-1,-1,-1],"loss_changes":[1.9584864E1,1.0184114E1,0E0,1.0520643E1,7.667122E0,0E0,0E0,0E0,0E0],"parents":[2147483647,0,0,1,1,3,3,4,4],"right_children":[2,4,-1,6,8,-1,-1,-1,-1],"split_conditions":[1.2677388E-1,8.870393E-2,1.0805677E-1,3.6629755E-2,7.969714E-2,1.9636702E-2,-3.892901E-2,-2.4146257E-2,3.422384E-2],"split_indices":[9,3,0,10,9,0,0,0,0],"split_type":[0,0,0,0,0,0,0,0,0],