{"learner":{"attributes":{"scikit_learn":"{\"_estimator_type\": \"classifier\"}"},"feature_names":["bias_week","bias_month","bias_quarter","bias_year","rsi","macd","macd_signal","vol_change","close_change","bb_width","return_5d","k_upper","k_lower","k_body","buy_power","rs_5d"],"feature_types":["float","float","float","float","float","float","float","float","float","float","float","float","float","float","float","float"],"gradient_booster":{"model":{"cats":{"enc":[],"feature_segments":[],"sorted_idx":[]},"gbtree_model_param":{"num_parallel_tree":"1","num_trees":"4"},"iteration_indptr":[0,1,2,3,4],"tree_info":[0,0,0,0],"trees":[{"base_weights":[-1.4758768E-2,7.29026E-1,-1.18490726E-1,8.0423705E-2,5.437392E-1,-1.4981377E-1,1.0012096E0,3.106501E-1,8.111539E-1,6.2285773E-2,-3.074488E-1,1.2363589E0,-1.9739566E-2,7.7993246E-3,7.5177155E-2,4.636238E-2,5.1487195E-3,7.117475E-3,-1.38338655E-2,-3.005666E-2,-8.6451685E-3,-1.5880043E-2,7.392727E-2],"categories":[],"categories_nodes":[],"categories_segments":[],"categories_sizes":[],"default_left":[0,0,0,0,0,0,0,0,0,0,0,0,0,0,0,0,0,0,0,0,0,0,0],"id":0,"left_children":[1,3,5,-1,7,9,11,13,15,17,19,21,-1,-1,-1,-1,-1,-1,-1,-1,-1,-1,-1],"loss_changes":[4.810773E1,1.1561665E1,1.933768E1,0E0,3.7714405E0,1.7841965E1,5.4180965E0,6.4273953E0,2.3249588E0,6.229814E0,1.1985952E1,5.3979206E0,0E0,0E0,0E0,0E0,0E0,0E0,0E0,0E0,0E0,0E0,0E0],"parents":[2147483647,0,0,1,1,2,2,4,4,5,5,6,6,7,7,8,8,9,9,10,10,11,11],"right_children":[2,4,6,-1,8,10,12,14,16,18,20,22,-1,-1,-1,-1,-1,-1,-1,-1,-1,-1,-1],"split_conditions":[-1.7179233E-1,-7.867804E-2,3.6632855E0,8.0423705E-2,-3.255823E-2,8.882948E-2,5.567212E-1,1.21300556E-1,-2.6269954E-1,1E0,5.305238E-1,-4.66249E-2,-1.9739566E-2,7.7993246E-3,7.5177155E-2,4.636238E-2,5.1487195E-3,7.117475E-3,-1.38338655E-2,-3.005666E-2,-8.6451685E-3,-1.5880043E-2,7.392727E-2],"split_indices":[4,1,5,0,10,3,3,3,6,14,5,3,0,0,0,0,0,0,0,0,0,0,0],"split_type":[0,0,0,0,0,0,0,0,0,0,0,0,0,0,0,0,0,0,0,0,0,0,0],"sum_hessian":[6.2140704E2,7.531942E1,5.460876E2,1.1770545E1,6.3548878E1,5.3206946E2,1.4018167E1,3.5108566E1,2.8440311E1,2.271038E2,3.049656E2,1.2095156E1,1.9230103E0,3.2080017E1,3.0285468E0,2.4168901E1,4.27141E0,1.8418015E2,4.292366E1,9.472751E1,2.1023811E2,1.5888841E0,1.0506272E1],"tree_param":{"num_deleted":"0","num_feature":"16","num_nodes":"23","size_leaf_vector":"1"}},{"base_weights":[4.7029164E-3,-1.13066725E-1,7.372128E-1,3.6189267E-1,-2.26177E-1,5.5172044E-1,1.4831827E0,2.089498E-1,8.1649345E-1,-5.1709586E-1,-1.5981847E-1,9.485654E-1,1.9453955E-1,8.5393734E-2,7.9598874E-1,5.5538874E-2,6.8831756E-3,-9.867614E-3,4.95353E-2,-3.979564E-2,5.6952387E-3,7.33041E-3,-1.0570822E-2,5.0449636E-2,-2.473453E-2,1.8321786E-2,-2.505278E-2,-2.1215456E-2,5.7781387E-2],"categories":[],"categories_nodes":[],"categories_segments":[],"categories_sizes":[],"default_left":[0,0,0,0,0,0,0,0,0,0,0,0,0,0,0,0,0,0,0,0,0,0,0,0,0,0,0,0,0],"id":1,"left_children":[1,3,5,7,9,11,13,15,17,19,21,23,25,-1,27,-1,-1,-1,-1,-1,-1,-1,-1,-1,-1,-1,-1,-1,-1],"loss_changes":[5.357713E1,2.882743E1,1.1084442E1,7.0117207E0,8.271984E0,9.806007E0,1.194107E0,4.902703E0,4.7279015E0,1.4153555E1,5.6255264E0,3.3884144E0,4.76947E0,0E0,3.1006696E0,0E0,0E0,0E0,0E0,0E0,0E0,0E0,0E0,0E0,0E0,0E0,0E0,0E0,0E0],"parents":[2147483647,0,0,1,1,2,2,3,3,4,4,5,5,6,6,7,7,8,8,9,9,10,10,11,11,12,12,14,14],"right_children":[2,4,6,8,10,12,14,16,18,20,22,24,26,-1,28,-1,-1,-1,-1,-1,-1,-1,-1,-1,-1,-1,-1,-1,-1],"split_conditions":[8.500389E-2,-9.530204E-2,1.3738394E-1,-2.993845E-4,-9.408789E-3,1.4704838E-2,2.86235E-1,2.8748585E-2,-2.3396115E0,8.226579E-1,-3.067545E-3,7.7778155E-1,4.2089734E-2,8.5393734E-2,2.6462989E-2,5.5538874E-2,6.8831756E-3,-9.867614E-3,4.95353E-2,-3.979564E-2,5.6952387E-3,7.33041E-3,-1.0570822E-2,5.0449636E-2,-2.473453E-2,1.8321786E-2,-2.505278E-2,-2.1215456E-2,5.7781387E-2],"split_indices":[9,4,9,15,15,10,4,9,5,6,1,12,15,0,15,0,0,0,0,0,0,0,0,0,0,0,0,0,0],"split_type":[0,0,0,0,0,0,0,0,0,0,0,0,0,0,0,0,0,0,0,0,0,0,0,0,0,0,0,0,0],"sum_hessian":[6.190924E2,5.340723E2,8.5020096E1,1.0230129E2,4.3177103E2,6.9482285E1,1.5537814E1,7.7640175E1,2.4661114E1,7.893294E1,3.5283807E2,3.2129345E1,3.735294E1,1.0589934E1,4.9478803E0,4.6193867E0,7.302079E1,3.5967383E0,2.1064375E1,5.4562393E1,2.4370546E1,5.0585114E1,3.0225296E2,3.112699E1,1.0023549E0,3.0330774E1,7.022165E0,1.0853475E0,3.8625326E0],"tree_param":{"num_deleted":"0","num_feature":"16","num_nodes":"29","size_leaf_vector":"1"}},{"base_weights":[1.6126879E-2,1.1210511E0,-3.2510214E-2,1.3974794E0,-6.280346E-2,1.7114234E-1,-2.0129123E-1,1.4706482E0,-2.2256402E-3,-6.3611513E-1,6.6857654E-1,3.453086E-1,3.803437E-2,-2.4553272E-1,1.047544E0,7.7364236E-2,8.399743E-3,-4.635901E-2,-4.1554063E-3,-7.8802387E-4,5.022862E-2,7.7534276E-3,3.7760887E-2,2.6224528E-2,-2.1317385E-3,3.9157208E-2,-1.4047622E-2,7.853194E-2,-2.6316969E-2],"categories":[],"categories_nodes":[],"categories_segments":[],"categories_sizes":[],"default_left":[0,0,0,0,0,0,0,0,0,0,0,0,0,0,0,0,0,0,0,0,0,0,0,0,0,0,0,0,0],"id":2,"left_children":[1,3,5,7,9,11,13,15,-1,17,19,21,23,25,27,-1,-1,-1,-1,-1,-1,-1,-1,-1,-1,-1,-1,-1,-1],"loss_changes":[3.3513924E1,8.692284E0,2.0577486E1,2.319027E0,2.913578E0,6.2784486E0,1.8338827E1,1.7723198E0,0E0,5.4088104E-1,7.27528E-1,9.040915E0,6.1028996E0,1.1765692E1,1.02015295E1,0E0,0E0,0E0,0E0,0E0,0E0,0E0,0E0,0E0,0E0,0E0,0E0,0E0,0E0],"parents":[2147483647,0,0,1,1,2,2,3,3,4,4,5,5,6,6,7,7,9,9,10,10,11,11,12,12,13,13,14,14],"right_children":[2,4,6,8,10,12,14,16,-1,18,20,22,24,26,28,-1,-1,-1,-1,-1,-1,-1,-1,-1,-1,-1,-1,-1,-1],"split_conditions":[-5.9288546E-2,9.985984E-3,9.056913E-2,2.1444552E-2,-2.0918308E-2,-1.6668203E-3,3.6632855E0,1E0,-2.2256402E-3,3.6922432E-2,1.114957E-1,3.6119225E-3,-1.20808445E-1,-4.320968E-2,5.0373876E-1,7.7364236E-2,8.399743E-3,-4.635901E-2,-4.1554063E-3,-7.8802387E-4,5.022862E-2,7.7534276E-3,3.7760887E-2,2.6224528E-2,-2.1317385E-3,3.9157208E-2,-1.4047622E-2,7.853194E-2,-2.6316969E-2],"split_indices":[1,3,3,15,15,10,5,14,0,3,11,15,3,10,3,0,0,0,0,0,0,0,0,0,0,0,0,0,0],"split_type":[0,0,0,0,0,0,0,0,0,0,0,0,0,0,0,0,0,0,0,0,0,0,0,0,0,0,0,0,0],"sum_hessian":[6.219492E2,2.5293314E1,5.966559E2,2.0359055E1,4.9342585E0,2.703887E2,3.262672E2,1.9356981E1,1.002074E0,2.8390484E0,2.09521E0,1.1643895E2,1.5394975E2,3.1588016E2,1.0387044E1,1.8104101E1,1.25288E0,1.4167517E0,1.4222968E0,1.0038071E0,1.0914031E0,8.0470604E1,3.5968346E1,2.1115566E1,1.3283418E2,9.811756E0,3.060684E2,7.797525E0,2.5895185E0],"tree_param":{"num_deleted":"0","num_feature":"16","num_nodes":"29","size_leaf_vector":"1"}},{"base_weights":[-3.03205E-2,7.51653E-1,-1.113157E-1,1.0901341E0,1.6857472E-1,-1.4307764E-1,1.0201145E0,4.2591274E-1,1.2802972E0,-2.3521753E-1,1.2959987E0,6.371587E-2,-2.9727092E-1,8.051392E-2,5.5818117E-1,-2.6381537E-2,4.6310846E-2,2.7166476E-2,7.0837796E-2,-2.3584975E-2,2.1349719E-2,-3.267846E-4,7.744949E-2,5.1531732E-2,3.017051E-4,-1.7672276E-2,2.8186804E-2,-5.0805148E-2,4.519179E-2],"categories":[],"categories_nodes":[],"categories_segments":[],"categories_sizes":[],"default_left":[0,0,0,0,0,0,0,0,0,0,0,0,0,0,0,0,0,0,0,0,0,0,0,0,0,0,0,0,0],"id":3,"left_children":[1,3,5,7,9,11,13,15,17,19,21,23,25,-1,27,-1,-1,-1,-1,-1,-1,-1,-1,-1,-1,-1,-1,-1,-1],"loss_changes":[3.994184E1,1.1498814E1,2.0669899E1,4.162243E0,1.07410555E1,1.776041E1,3.3861198E0,5.1609087E0,2.0939293E0,2.9772396E0,2.0528574E0,1.329502E1,1.5624062E1,0E0,6.548977E0,0E0,0E0,0E0,0E0,0E0,0E0,0E0,0E0,0E0,0E0,0E0,0E0,0E0,0E0],"parents":[2147483647,0,0,1,1,2,2,3,3,4,4,5,5,6,6,7,7,8,8,9,9,10,10,11,11,12,12,14,14],"right_children":[2,4,6,8,10,12,14,16,18,20,22,24,26,-1,28,-1,-1,-1,-1,-1,-1,-1,-1,-1,-1,-1,-1,-1,-1],