{"learner":{"attributes":{"scikit_learn":"{\"_estimator_type\": \"classifier\"}"},"feature_names":["bias_week","bias_month","bias_quarter","bias_year","rsi","macd","macd_signal","vol_change","close_change","bb_width","return_5d","k_upper","k_lower","k_body","buy_power","rs_5d"],"feature_types":["float","float","float","float","float","float","float","float","float","float","float","float","float","float","float","float"],"gradient_booster":{"model":{"cats":{"enc":[],"feature_segments":[],"sorted_idx":[]},"gbtree_model_param":{"num_parallel_tree":"1","num_trees":"2"},"iteration_indptr":[0,1,2],"tree_info":[0,0],"trees":[{"base_weights":[-5.315485E-3,4.4882256E-1,-1.1696956E-1,1.01794824E-1,2.9991686E-2,9.3277924E-2,-2.9443538E-1,6.0913097E-2,8.3444867E-4,-5.2433442E-2,-5.748076E-3],"categories":[],"categories_nodes":[],"categories_segments":[],"categories_sizes":[],"default_left":[0,0,0,0,0,0,0,0,0,0,0],"id":0,"left_children":[1,3,5,-1,-1,7,9,-1,-1,-1,-1],"loss_changes":[2.4362408E1,4.9086933E0,1.5435221E1,0E0,0E0,6.463364E0,1.105261E1,0E0,0E0,0E0,0E0],"parents":[2147483647,0,0,1,1,2,2,5,5,6,6],"right_children":[2,4,6,-1,-1,8,10,-1,-1,-1,-1],"split_conditions":[-1.20764775E-2,-1.9337893E0,8.874397E-2,1.01794824E-1,2.9991686E-2,-1.3112344E-1,9.6025425E-1,6.0913097E-2,8.3444867E-4,-5.2433442E-2,-5.748076E-3],"split_indices":[0,5,3,0,0,3,6,0,0,0,0],"split_type":[0,0,0,0,0,0,0,0,0,0,0],"sum_hessian":[4.9505682E2,9.366399E1,4.0139282E2,1.5746322E1,7.791766E1,1.7792932E2,2.234635E2,2.1142315E1,1.56787E2,1.0745405E2,1.1600945E2],"tree_param":{"num_deleted":"0","num_feature":"16","num_nodes":"11","size_leaf_vector":"1"}},{"base_weights":[-0E0,-1.0662858E-1,6.959444E-1,1.8812738E-1,-2.7309033E-1,1.0274189E-1,2.9380532E-2,-2.971902E-3,4.4975024E-2,-3.0236002E-2,1.46451425E-2],"categories":[],"categories_nodes":[],"categories_segments":[],"categories_sizes":[],"default_left":[0,0,0,0,0,0,0,0,0,0,0],"id":1,"left_children":[1,3,5,7,9,-1,-1,-1,-1,-1,-1],"loss_changes":[3.6135326E1,2.1305824E1,5.735195E0,9.658287E0,4.0915546E0,0E0,0E0,0E0,0E0,0E0,0E0],"parents":[2147483647,0,0,1,1,2,2,3,3,4,4],"right_children":[2,4,6,8,10,-1,-1,-1,-1,-1,-1],"split_conditions":[8.525437E-2,-3.2799807E-3,1.8281681E-2,-7.5983014E-3,6.451581E-2,1.0274189E-1,2.9380532E-2,-2.971902E-3,4.4975024E-2,-3.0236002E-2,1.46451425E-2],"split_indices":[9,1,10,15,10,0,0,0,0,0,0],"split_type":[0,0,0,0,0,0,0,0,0,0,0],"sum_hessian":[4.9459787E2,4.3016806E2,6.4429825E1,1.5036356E2,2.7980447E2,3.1713465E1,3.2716354E1,7.7891464E1,7.24721E1,2.6519778E2,1.4606709E1],"tree_param":{"num_deleted":"0","num_feature":"16","num_nodes":"11","size_leaf_vector":"1"}}]},"name":"gbtree"},"learner_model_param":{"base_score":"[5E-1]","boost_from_average":"1","num_class":"0","num_feature":"16","num_target":"1"},"objective":{"name":"binary:logistic","reg_loss_param":{"scale_pos_weight":"0.344726115"}}},"version":[3,2,0]}