{"learner":{"attributes":{"scikit_learn":"{\"_estimator_type\": \"classifier\"}"},"feature_names":["bias_week","bias_month","bias_quarter","bias_year","rsi","macd","macd_signal","vol_change","close_change","bb_width","return_5d","k_upper","k_lower","k_body","buy_power","rs_5d"],"feature_types":["float","float","float","float","float","float","float","float","float","float","float","float","float","float","float","float"],"gradient_booster":{"model":{"cats":{"enc":[],"feature_segments":[],"sorted_idx":[]},"gbtree_model_param":{"num_parallel_tree":"1","num_trees":"2"},"iteration_indptr":[0,1,2],"tree_info":[0,0],"trees":[{"base_weights":[-7.7497116E-3,4.311608E-1,-1.1367575E-1,1.0769384E-1,3.0055026E-2,6.851519E-2,-2.6537526E-1,5.3032335E-2,-0E0,-5.1330376E-2,-2.5126662E-3],"categories":[],"categories_nodes":[],"categories_segments":[],"categories_sizes":[],"default_left":[0,0,0,0,0,0,0,0,0,0,0],"id":0,"left_children":[1,3,5,-1,-1,7,9,-1,-1,-1,-1],"loss_changes":[2.2743097E1,4.7265263E0,1.1793854E1,0E0,0E0,5.0865736E0,1.2741932E1,0E0,0E0,0E0,0E0],"parents":[2147483647,0,0,1,1,2,2,5,5,6,6],"right_children":[2,4,6,-1,-1,8,10,-1,-1,-1,-1],"split_conditions":[-1.21365E-2,-2.3931046E0,8.883076E-2,1.0769384E-1,3.0055026E-2,-1.322891E-1,9.6292627E-1,5.3032335E-2,-0E0,-5.1330376E-2,-2.5126662E-3],"split_indices":[0,5,3,0,0,3,6,0,0,0,0],"split_type":[0,0,0,0,0,0,0,0,0,0,0],"sum_hessian":[5.044179E2,9.3883484E1,4.1053442E2,1.2400875E1,8.1482605E1,1.7978906E2,2.3074536E2,2.067432E1,1.5911475E2,1.0792902E2,1.2281634E2],"tree_param":{"num_deleted":"0","num_feature":"16","num_nodes":"11","size_leaf_vector":"1"}},{"base_weights":[-0E0,-1.13881245E-1,7.042394E-1,1.3751273E-1,-2.600073E-1,1.10064015E-1,3.7821606E-2,-9.233768E-3,4.08404E-2,-3.285519E-2,-3.717686E-3],"categories":[],"categories_nodes":[],"categories_segments":[],"categories_sizes":[],"default_left":[0,0,0,0,0,0,0,0,0,0,0],"id":1,"left_children":[1,3,5,7,9,-1,-1,-1,-1,-1,-1],"loss_changes":[4.0121834E1,1.6255816E1,5.7065163E0,1.0474085E1,3.615652E0,0E0,0E0,0E0,0E0,0E0,0E0],"parents":[2147483647,0,0,1,1,2,2,3,3,4,4],"right_children":[2,4,6,8,10,-1,-1,-1,-1,-1,-1],"split_conditions":[8.5003816E-2,-3.067516E-3,3.390615E-4,-7.5904443E-3,1.4536485E-2,1.10064015E-1,3.7821606E-2,-9.233768E-3,4.08404E-2,-3.285519E-2,-3.717686E-3],"split_indices":[9,1,0,15,15,0,0,0,0,0,0],"split_type":[0,0,0,0,0,0,0,0,0,0,0],"sum_hessian":[5.042895E2,4.3484192E2,6.944758E1,1.5417563E2,2.806663E2,2.7619549E1,4.182803E1,7.93063E1,7.486932E1,2.0493286E2,7.573343E1],"tree_param":{"num_deleted":"0","num_feature":"16","num_nodes":"11","size_leaf_vector":"1"}}]},"name":"gbtree"},"learner_model_param":{"base_score":"[5E-1]","boost_from_average":"1","num_class":"0","num_feature":"16","num_target":"1"},"objective":{"name":"binary:logistic","reg_loss_param":{"scale_pos_weight":"0.335566133"}}},"version":[3,2,0]}