{"learner":{"attributes":{"scikit_learn":"{\"_estimator_type\": \"classifier\"}"},"feature_names":["bias_week","bias_month","bias_quarter","bias_year","rsi","macd","macd_signal","vol_change","close_change","bb_width","return_5d","return_10d","k_upper","k_lower","k_body","buy_power","rs_5d","rs_10d","dist_to_20d_high","dist_to_20d_low","kd_k","kd_d","kd_cross","gap_ratio","obv","atr_ratio","trend_strength"],"feature_types":["float","float","float","float","float","float","float","float","float","float","float","float","float","float","float","float","float","float","float","float","float","float","float","float","float","float","float"],"gradient_booster":{"model":{"gbtree_model_param":{"num_parallel_tree":"1","num_trees":"8"},"iteration_indptr":[0,1,2,3,4,5,6,7,8],"tree_info":[0,0,0,0,0,0,0,0],"trees":[{"base_weights":[-2.0898703E-2,5.604058E-1,-2.7900937E-1,-4.742778E-1,6.0994005E-1,5.093344E-1,-3.4988236E-1,-1.2109177E-1,3.353593E-3,1.289339E-1,5.235129E-2,-0E0,1.4178745E-1,-8.755735E-2,-1.971672E-2],"categories":[],"categories_nodes":[],"categories_segments":[],"categories_sizes":[],"default_left":[0,0,0,0,0,0,0,0,0,0,0,0,0,0,0],"id":0,"left_children":[1,3,5,7,9,11,13,-1,-1,-1,-1,-1,-1,-1,-1],"loss_changes":[2.3555907E2,2.5226746E1,6.08507E1,1.0447104E1,2.147673E1,4.1567463E1,7.838849E1,0E0,0E0,0E0,0E0,0E0,0E0,0E0,0E0],"parents":[2147483647,0,0,1,1,2,2,3,3,4,4,5,5,6,6],"right_children":[2,4,6,8,10,12,14,-1,-1,-1,-1,-1,-1,-1,-1],"split_conditions":[2.4137892E-2,-9.584953E-3,-3.6455792E-1,1.1349026E-1,3.9586972E-2,-2.7723661E-5,-8.195135E-2,-1.2109177E-1,3.353593E-3,1.289339E-1,5.235129E-2,-0E0,1.4178745E-1,-8.755735E-2,-1.971672E-2],"split_indices":[18,0,3,19,19,24,2,0,0,0,0,0,0,0,0],"split_type":[0,0,0,0,0,0,0,0,0,0,0,0,0,0,0],"sum_hessian":[1.5724329E3,4.805089E2,1.091924E3,1.9535574E1,4.6097333E2,8.700395E1,1.00492E3,9.219368E0,1.0316206E1,4.4805336E1,4.16168E2,5.636166E1,3.0642294E1,2.178508E2,7.8706915E2],"tree_param":{"num_deleted":"0","num_feature":"27","num_nodes":"15","size_leaf_vector":"1"}},{"base_weights":[-0E0,-2.8179622E-1,2.3600668E-1,-6.7730176E-1,-1.6390921E-1,-1.4116739E-1,3.4177116E-1,-7.4790996E-3,-9.0761326E-2,-4.020784E-2,2.1105008E-3,1.3124648E-2,-7.444155E-2,-7.0228636E-2,3.6590822E-2],"categories":[],"categories_nodes":[],"categories_segments":[],"categories_sizes":[],"default_left":[0,0,0,0,0,0,0,0,0,0,0,0,0,0,0],"id":1,"left_children":[1,3,5,7,9,11,13,-1,-1,-1,-1,-1,-1,-1,-1],"loss_changes":[1.056891E2,3.1924263E1,3.4817177E1,2.0931747E1,2.6173395E1,3.2198418E1,1.8708313E1,0E0,0E0,0E0,0E0,0E0,0E0,0E0,0E0],"parents":[2147483647,0,0,1,1,2,2,3,3,4,4,5,5,6,6],"right_children":[2,4,6,8,10,12,14,-1,-1,-1,-1,-1,-1,-1,-1],"split_conditions":[-2.557477E-3,-3.1134868E-1,-3.7008E0,-3.2187488E0,-1.2346044E0,3.067268E0,-2.621725E-2,-7.4790996E-3,-9.0761326E-2,-4.020784E-2,2.1105008E-3,1.3124648E-2,-7.444155E-2,-7.0228636E-2,3.6590822E-2],"split_indices":[1,7,22,6,6,6,11,0,0,0,0,0,0,0,0],"split_type":[0,0,0,0,0,0,0,0,0,0,0,0,0,0,0],"sum_hessian":[1.5861216E3,7.2657007E2,8.5955145E2,1.6150641E2,5.6506366E2,1.835119E2,6.7603955E2,4.87213E1,1.1278511E2,2.5013263E2,3.1493106E2,1.2457098E2,5.8940926E1,1.4367237E1,6.616723E2],"tree_param":{"num_deleted":"0","num_feature":"27","num_nodes":"15","size_leaf_vector":"1"}},{"base_weights":[2.1500526E-2,-2.3241906E-1,2.7170652E-1,2.712561E-1,-3.3457702E-1,-9.8156355E-2,3.9238384E-1,1.2792173E-1,-3.4595702E-3,6.929619E-3,-5.1411E-2,6.714111E-2,-3.4720957E-2,6.7304E-2,1.8659383E-2],"categories":[],"categories_nodes":[],"categories_segments":[],"categories_sizes":[],"default_left":[0,0,0,0,0,0,0,0,0,0,0,0,0,0,0],"id":2,"left_children":[1,3,5,7,9,11,13,-1,-1,-1,-1,-1,-1,-1,-1],"loss_changes":[1.01699356E2,4.0836903E1,3.68505E1,4.3347946E1,5.0097366E1,3.7598866E1,3.3908165E1,0E0,0E0,0E0,0E0,0E0,0E0,0E0,0E0],"parents":[2147483647,0,0,1,1,2,2,3,3,4,4,5,5,6,6],"right_children":[2,4,6,8,10,12,14,-1,-1,-1,-1,-1,-1,-1,-1],"split_conditions":[4.755549E1,3.8714703E-2,-7.9269E-3,-1.1937573E-1,-2.1436131E-1,-2.3217463E-1,4.0140912E-2,1.2792173E-1,-3.4595702E-3,6.929619E-3,-5.1411E-2,6.714111E-2,-3.4720957E-2,6.7304E-2,1.8659383E-2],"split_indices":[20,9,17,3,3,3,25,0,0,0,0,0,0,0,0],"split_type":[0,0,0,0,0,0,0,0,0,0,0,0,0,0,0],"sum_hessian":[1.5976389E3,7.884934E2,8.0914557E2,1.2899681E2,6.594966E2,1.9450075E2,6.1464484E2,3.0878857E1,9.811796E1,2.0230762E2,4.5718896E2,4.5152924E1,1.4934784E2,2.5062627E2,3.6401855E2],"tree_param":{"num_deleted":"0","num_feature":"27","num_nodes":"15","size_leaf_vector":"1"}},{"base_weights":[-1.3298904E-2,4.516073E-1,-2.1712863E-1,-0E0,5.371348E-1,4.6055752E-1,-2.696637E-1,7.63914E-2,-2.4138404E-2,-2.7901521E-2,5.59386E-2,6.082488E-2,-1.2346188E-1,-7.805925E-2,-1.580472E-2],"categories":[],"categories_nodes":[],"categories_segments":[],"categories_sizes":[],"default_left":[0,0,0,0,0,0,0,0,0,0,0,0,0,0,0],"id":3,"left_children":[1,3,5,7,9,11,13,-1,-1,-1,-1,-1,-1,-1,-1],"loss_changes":[1.4934222E2,1.8985008E1,3.89401E1,1.3798052E1,9.626648E0,1.9158821E1,5.6378014E1,0E0,0E0,0E0,0E0,0E0,0E0,0E0,0E0],"parents":[2147483647,0,0,1,1,2,2,3,3,4,4,5,5,6,6],"right_children":[2,4,6,8,10,12,14,-1,-1,-1,-1,-1,-1,-1,-1],"split_conditions":[2.452324E-2,7.874036E-3,-3.843315E-1,2.9527862E-2,-4.6661007E-5,2.7980652E-1,-1.0725734E-1,7.63914E-2,-2.4138404E-2,-2.7901521E-2,5.59386E-2,6.082488E-2,-1.2346188E-1,-7.805925E-2,-1.580472E-2],"split_indices":[18,10,3,9,24,9,2,0,0,0,0,0,0,0,0],"split_type":[0,0,0,0,0,0,0,0,0,0,0,0,0,0,0],"sum_hessian":[1.5798E3,4.778299E2,1.1019702E3,7.450416E1,4.0332574E2,7.571082E1,1.0262594E3,1.6530624E1,5.797353E1,9.844192E0,3.9348154E2,7.121239E1,4.498435E0,1.7592007E2,8.503393E2],"tree_param":{"num_deleted":"0","num_feature":"27","num_nodes":"15","size_leaf_vector":"1"}},{"base_weights":[1.5841246E-2,3.4491104E-1,-1.7939371E-1,-1.16434E-1,4.5301494E-1,1.22163475E-1,-3.145121E-1,6.6859335E-2,-3.1935945E-2,-6.646226E-3,5.5233438E-2,1.3348302E-1,-1.0466449E-2,-4.798853E-2,6.5749916E-3],"categories":[],"categories_nodes":[],"categories_segments":[],"categories_sizes":[],"default_left":[0,0,0,0,0,0,0,0,0,0,0,0,0,0,0],"id":4,"left_children":[1,3,5,7,9,11,13,-1,-1,-1,-1,-1,-1,-1,-1],"loss_changes":[1.03006454E2,3.0685745E1,4.1147133E1,1.7337135E1,2.7553879E1,8.7702095E1,4.5750633E1,0E0,0E0,0E0,0E0,0E0,0E0,0E0,0E0],"parents":[2147483647,0,0,1,1,2,2,3,3,4,4,5,5,6,6],"right_children":[2,4,6,8,10,12,14,-1,-1,-1,-1,-1,-1,-1,-1],"split_conditions":[3.35051E-2,-1.0694748E-2,3.637455E-2,-1.9398469E-1,-6.982167E-3,-2.1809706E-1,1.2534606E-1,6.6859335E-2,-3.1935945E-2,-6.646226E-3,5.5233438E-2,1.3348302E-1,-1.0466449E-2,-4.798853E-2,6.5749916E-3],"split_indices":[18,8,25,3,17,3,3,0,0,0,0,0,0,0,0],"split_type":[0,0,0,0,0,0,0,0,0,0,0,0,0,0,0],"sum_hessian":[1.5958135E3,5.982856E2,9.9752795E2,1.0960653E2,4.8867908E2,3.0352292E2,6.94005E2,1.9947056E1,8.965948E1,7.77337E1,4.1094537E2,4.8510647E1,2.5501228E2,4.8440045E2,2.0960455E2],"tree_param":{"num_deleted":"0","num_feature":"27","num_nodes":"15","size_leaf_vector":"1"}},{"base_weights":[-4.2249266E-2,3.094718E-1,-1.9117036E-1,5.2174564E-2,5.137993E-1,1.8687396E-1,-3.2417843E-1,2.2828117E-2,-4.6492487E-2,-9.031862E-3,6.2052418E-2,9.978683E-2,3.4548936E-3,-8.680582E-2,-1.9241655E-2],"categories":[],"categories_nodes":[],"categories_segments":[],"categories_sizes":[],"default_left":[0,0,0,0,0,0,0,0,0,0,0,0,0,0,0],"id":5,"left_children":[1,3,5,7,9,11,13,-1,-1,-1,-1,-1,-1,-1,-1],"loss_changes":[8.229102E1,2.3114918E1,5.6260067E1,1.9147888E1,1.8409302E1,3.317286E1,5.676963E1,0E0,0E0,0E0,0E0,0E0,0E0,0E0,0E0],"parents":[2147483647,0,0,1,1,2,2,3,3,4,4,5,5,6,6],"right_children":[2,4,6,8,10,12,14,-1,-1,-1,-1,-1,-1,-1,-1],"split_conditions":[2.452324E-2,1.2983788E-2,-2.1809706E-1,1.5178567E-1,6.0812782E1,3.637455E-2,-1.603179E0,2.2828117E-2,-4.6492487E-2,-9.031862E-3,6.2052418E-2,9.978683E-2,3.4548936E-3,-8.680582E-2,-1.9241655E-2],"split_indices":[18,3,3,19,20,25,6,0,0,0,0,0,0,0,0],"split_type":[0,0,0,0,0,0,0,0,0,0,0,0,0,0,0],