{"learner":{"attributes":{"scikit_learn":"{\"_estimator_type\": \"classifier\"}"},"feature_names":["bias_week","bias_month","bias_quarter","bias_year","rsi","macd","macd_signal","vol_change","close_change","bb_width","return_5d","k_upper","k_lower","k_body","buy_power","rs_5d"],"feature_types":["float","float","float","float","float","float","float","float","float","float","float","float","float","float","float","float"],"gradient_booster":{"model":{"cats":{"enc":[],"feature_segments":[],"sorted_idx":[]},"gbtree_model_param":{"num_parallel_tree":"1","num_trees":"2"},"iteration_indptr":[0,1,2],"tree_info":[0,0],"trees":[{"base_weights":[-0E0,-1.20072596E-1,3.9504343E-1,2.255376E-1,-4.07689E-1,1.2313236E-1,2.7084765E-1,7.246671E-2,5.040007E-3,1.1763104E-3,-5.3065937E-2,-2.548512E-2,3.6833197E-2],"categories":[],"categories_nodes":[],"categories_segments":[],"categories_sizes":[],"default_left":[0,0,0,0,0,0,0,0,0,0,0,0,0],"id":0,"left_children":[1,3,5,7,9,-1,11,-1,-1,-1,-1,-1,-1],"loss_changes":[2.1216759E1,3.379651E1,7.592621E0,1.1383348E1,1.1155743E1,0E0,5.2447953E0,0E0,0E0,0E0,0E0,0E0,0E0],"parents":[2147483647,0,0,1,1,2,2,3,3,4,4,6,6],"right_children":[2,4,6,8,10,-1,12,-1,-1,-1,-1,-1,-1],"split_conditions":[1.102892E-1,-1.13501735E-1,-2.5098758E-2,-4.2302465E0,-1.25571685E-2,1.2313236E-1,-8.3596087E-1,7.246671E-2,5.040007E-3,1.1763104E-3,-5.3065937E-2,-2.548512E-2,3.6833197E-2],"split_indices":[3,3,0,6,0,0,5,0,0,0,0,0,0],"split_type":[0,0,0,0,0,0,0,0,0,0,0,0,0],"sum_hessian":[4.405666E2,3.357131E2,1.0485348E2,1.4893079E2,1.8678232E2,1.1006568E1,9.384691E1,3.4904922E1,1.14025856E2,3.9361084E1,1.4742123E2,1.13985615E1,8.244834E1],"tree_param":{"num_deleted":"0","num_feature":"16","num_nodes":"13","size_leaf_vector":"1"}},{"base_weights":[7.26145E-3,-2.2689664E-1,4.4851553E-1,-4.0460965E-1,-5.382626E-4,2.3215864E-2,6.587368E-2,-5.035568E-2,-4.828469E-3],"categories":[],"categories_nodes":[],"categories_segments":[],"categories_sizes":[],"default_left":[0,0,0,0,0,0,0,0,0],"id":1,"left_children":[1,3,5,7,-1,-1,-1,-1,-1],"loss_changes":[4.5964455E1,1.025852E1,5.169735E0,4.316616E0,0E0,0E0,0E0,0E0,0E0],"parents":[2147483647,0,0,1,1,2,2,3,3],"right_children":[2,4,6,8,-1,-1,-1,-1,-1],"split_conditions":[9.343615E-2,5.6046546E-2,1.3549407E-1,2.7801562E-3,-5.382626E-4,2.3215864E-2,6.587368E-2,-5.035568E-2,-4.828469E-3],"split_indices":[9,9,9,15,0,0,0,0,0],"split_type":[0,0,0,0,0,0,0,0,0],"sum_hessian":[4.398705E2,2.8405893E2,1.5581158E2,1.5191489E2,1.3214404E2,8.342008E1,7.23915E1,1.128801E2,3.9034798E1],"tree_param":{"num_deleted":"0","num_feature":"16","num_nodes":"9","size_leaf_vector":"1"}}]},"name":"gbtree"},"learner_model_param":{"base_score":"[5E-1]","boost_from_average":"1","num_class":"0","num_feature":"16","num_target":"1"},"objective":{"name":"binary:logistic","reg_loss_param":{"scale_pos_weight":"0.283778161"}}},"version":[3,2,0]}