{"learner":{"attributes":{"scikit_learn":"{\"_estimator_type\": \"classifier\"}"},"feature_names":["bias_week","bias_month","bias_quarter","bias_year","rsi","macd","macd_signal","vol_change","close_change","bb_width","return_5d","k_upper","k_lower","k_body","buy_power","rs_5d","obv","atr_ratio","trend_strength"],"feature_types":["float","float","float","float","float","float","float","float","float","float","float","float","float","float","float","float","float","float","float"],"gradient_booster":{"model":{"cats":{"enc":[],"feature_segments":[],"sorted_idx":[]},"gbtree_model_param":{"num_parallel_tree":"1","num_trees":"4"},"iteration_indptr":[0,1,2,3,4],"tree_info":[0,0,0,0],"trees":[{"base_weights":[-0E0,-3.7382206E-1,4.4931763E-1,-4.6839687E-1,8.55839E-3,2.4628969E-1,7.108789E-2,2.8729564E-2,-5.2077368E-2,3.2068053E-3,1.0967565E-1],"categories":[],"categories_nodes":[],"categories_segments":[],"categories_sizes":[],"default_left":[0,0,0,0,0,0,0,0,0,0,0],"id":0,"left_children":[1,3,5,7,-1,9,-1,-1,-1,-1,-1],"loss_changes":[7.410469E1,1.1274601E1,8.7486E0,9.227676E0,0E0,1.9386562E1,0E0,0E0,0E0,0E0,0E0],"parents":[2147483647,0,0,1,1,2,2,3,3,5,5],"right_children":[2,4,6,8,-1,10,-1,-1,-1,-1,-1],"split_conditions":[4.9140062E-2,7.705374E-2,2.1561803E-3,-2.0523325E-1,8.55839E-3,1.4198379E-1,7.108789E-2,2.8729564E-2,-5.2077368E-2,3.2068053E-3,1.0967565E-1],"split_indices":[17,18,3,3,0,18,0,0,0,0,0],"split_type":[0,0,0,0,0,0,0,0,0,0,0],"sum_hessian":[4.4054553E2,2.3915709E2,2.0138844E2,2.0244273E2,3.671436E1,1.19331955E2,8.205648E1,1.1270581E1,1.9117215E2,9.7707794E1,2.1624166E1],"tree_param":{"num_deleted":"0","num_feature":"19","num_nodes":"11","size_leaf_vector":"1"}},{"base_weights":[8.527445E-3,-2.165565E-1,4.332131E-1,-3.1502584E-1,1.5199862E-1,2.2438033E-1,6.370182E-2,-0E0,-5.161675E-2,5.1368196E-2,-0E0,1.4567632E-3,1.110681E-1],"categories":[],"categories_nodes":[],"categories_segments":[],"categories_sizes":[],"default_left":[0,0,0,0,0,0,0,0,0,0,0,0,0],"id":1,"left_children":[1,3,5,7,9,11,-1,-1,-1,-1,-1,-1,-1],"loss_changes":[4.254758E1,1.0682042E1,4.8371105E0,1.572669E1,3.9080405E0,1.3113132E1,0E0,0E0,0E0,0E0,0E0,0E0,0E0],"parents":[2147483647,0,0,1,1,2,2,3,3,4,4,5,5],"right_children":[2,4,6,8,10,12,-1,-1,-1,-1,-1,-1,-1],"split_conditions":[9.344364E-2,1.05712324E-1,1.3549843E-1,-9.443795E-2,-1.5623342E-1,2.2015755E-1,6.370182E-2,-0E0,-5.161675E-2,5.1368196E-2,-0E0,1.4567632E-3,1.110681E-1],"split_indices":[9,3,9,3,7,3,0,0,0,0,0,0,0],"split_type":[0,0,0,0,0,0,0,0,0,0,0,0,0],"sum_hessian":[4.3984106E2,2.8403284E2,1.5580823E2,2.2898251E2,5.5050327E1,8.340179E1,7.240644E1,8.701104E1,1.4197147E2,1.9246546E1,3.5803783E1,6.967851E1,1.3723273E1],"tree_param":{"num_deleted":"0","num_feature":"19","num_nodes":"13","size_leaf_vector":"1"}},{"base_weights":[-4.780579E-2,-3.6007786E-1,3.5216486E-1,2.5032414E-2,-4.3986475E-1,1.1192158E-1,5.373921E-1,-5.841689E-2,-2.146212E-2,-1.1317844E-2,5.644331E-2,1.1077132E-2,6.5189995E-2],"categories":[],"categories_nodes":[],"categories_segments":[],"categories_sizes":[],"default_left":[0,0,0,0,0,0,0,0,0,0,0,0,0],"id":2,"left_children":[1,3,5,-1,7,9,11,-1,-1,-1,-1,-1,-1],"loss_changes":[5.5977547E1,1.2879868E1,7.1320724E0,0E0,5.7913437E0,1.0280151E1,3.5541573E0,0E0,0E0,0E0,0E0,0E0,0E0],"parents":[2147483647,0,0,1,1,2,2,4,4,5,5,6,6],"right_children":[2,4,6,-1,8,10,12,-1,-1,-1,-1,-1,-1],"split_conditions":[4.9746633E-2,-4.5355633E-2,-8.607495E-1,2.5032414E-2,5.503641E-2,1.2677152E-1,5.712902E-2,-5.841689E-2,-2.146212E-2,-1.1317844E-2,5.644331E-2,1.1077132E-2,6.5189995E-2],"split_indices":[17,1,5,0,9,9,17,0,0,0,0,0,0],"split_type":[0,0,0,0,0,0,0,0,0,0,0,0,0],"sum_hessian":[4.4788028E2,2.5468365E2,1.9319662E2,2.6079569E1,2.2860408E2,8.946077E1,1.03735855E2,1.3103168E2,9.75724E1,5.6599052E1,3.286172E1,2.6941635E1,7.679422E1],"tree_param":{"num_deleted":"0","num_feature":"19","num_nodes":"13","size_leaf_vector":"1"}},{"base_weights":[1.0276618E-2,-2.2337615E-1,3.0142882E-1,5.5011995E-2,-3.4900317E-1,1.484106E-1,5.549299E-1,1.8773613E-2,-4.0120624E-2,-4.6875745E-2,1.1349883E-3,8.115483E-2,2.1253594E-5,9.133358E-2,1.7275121E-2],"categories":[],"categories_nodes":[],"categories_segments":[],"categories_sizes":[],"default_left":[0,0,0,0,0,0,0,0,0,0,0,0,0,0,0],"id":3,"left_children":[1,3,5,7,9,11,13,-1,-1,-1,-1,-1,-1,-1,-1],"loss_changes":[3.0134212E1,9.058521E0,6.179884E0,3.7838883E0,8.653124E0,1.1115836E1,7.2469387E0,0E0,0E0,0E0,0E0,0E0,0E0,0E0,0E0],"parents":[2147483647,0,0,1,1,2,2,3,3,4,4,5,5,6,6],"right_children":[2,4,6,8,10,12,14,-1,-1,-1,-1,-1,-1,-1,-1],"split_conditions":[4.9347434E-2,-9.443795E-2,8.356036E-2,5.8823633E-1,1.1014451E-1,-3.492081E-1,5.263135E-3,1.8773613E-2,-4.0120624E-2,-4.6875745E-2,1.1349883E-3,8.115483E-2,2.1253594E-5,9.133358E-2,1.7275121E-2],"split_indices":[17,3,3,13,3,3,0,0,0,0,0,0,0,0,0],"split_type":[0,0,0,0,0,0,0,0,0,0,0,0,0,0,0],"sum_hessian":[4.4022266E2,2.3994167E2,2.00281E2,6.904235E1,1.708993E2,1.3051596E2,6.976503E1,5.7264244E1,1.1778108E1,1.3191788E2,3.898143E1,2.0828642E1,1.09687325E2,3.2507843E1,3.7257187E1],"tree_param":{"num_deleted":"0","num_feature":"19","num_nodes":"15","size_leaf_vector":"1"}}]},"name":"gbtree"},"learner_model_param":{"base_score":"[5E-1]","boost_from_average":"1","num_class":"0","num_feature":"19","num_target":"1"},"objective":{"name":"binary:logistic","reg_loss_param":{"scale_pos_weight":"0.283659846"}}},"version":[3,2,0]}