{"learner":{"attributes":{"scikit_learn":"{\"_estimator_type\": \"classifier\"}"},"feature_names":["bias_week","bias_month","bias_quarter","bias_year","rsi","macd","macd_signal","vol_change","close_change","bb_width","return_5d","return_10d","k_upper","k_lower","k_body","buy_power","rs_5d","rs_10d","dist_to_20d_high","dist_to_20d_low","kd_k","kd_d","kd_cross","gap_ratio","obv","atr_ratio","trend_strength"],"feature_types":["float","float","float","float","float","float","float","float","float","float","float","float","float","float","float","float","float","float","float","float","float","float","float","float","float","float","float"],"gradient_booster":{"model":{"gbtree_model_param":{"num_parallel_tree":"1","num_trees":"2"},"iteration_indptr":[0,1,2],"tree_info":[0,0],"trees":[{"base_weights":[-3.1292567E-3,5.649734E-1,-2.5743675E-1,-6.1065304E-1,6.213547E-1,5.6317115E-1,-3.329686E-1,-1.2388218E-1,-0E0,1.2688366E-1,5.3091314E-2,-0E0,1.3975391E-1,-8.515173E-2,-1.7443568E-2],"categories":[],"categories_nodes":[],"categories_segments":[],"categories_sizes":[],"default_left":[0,0,0,0,0,0,0,0,0,0,0,0,0,0,0],"id":0,"left_children":[1,3,5,7,9,11,13,-1,-1,-1,-1,-1,-1,-1,-1],"loss_changes":[2.200198E2,3.148227E1,6.522254E1,9.052211E0,2.0844421E1,3.9487534E1,7.777696E1,0E0,0E0,0E0,0E0,0E0,0E0,0E0,0E0],"parents":[2147483647,0,0,1,1,2,2,3,3,4,4,5,5,6,6],"right_children":[2,4,6,8,10,12,14,-1,-1,-1,-1,-1,-1,-1,-1],"split_conditions":[2.4390236E-2,-9.468241E-3,-3.6875105E-1,1.13771714E-1,3.9275017E-2,8.605334E-2,-8.155577E-2,-1.2388218E-1,-0E0,1.2688366E-1,5.3091314E-2,-0E0,1.3975391E-1,-8.515173E-2,-1.7443568E-2],"split_indices":[18,0,3,19,19,19,2,0,0,0,0,0,0,0,0],"split_type":[0,0,0,0,0,0,0,0,0,0,0,0,0,0,0],"sum_hessian":[1.5259838E3,4.6880093E2,1.0571829E3,1.923611E1,4.4956482E2,8.612037E1,9.710625E2,9.747685E0,9.488426E0,4.765741E1,4.019074E2,5.31875E1,3.293287E1,2.1935648E2,7.51706E2],"tree_param":{"num_deleted":"0","num_feature":"27","num_nodes":"15","size_leaf_vector":"1"}},{"base_weights":[-6.286431E-3,-3.9325643E-1,1.4487416E-1,-2.9643923E-1,-1.1374768E0,-2.5264683E-1,2.9401308E-1,-8.309772E-2,-1.0717986E-2,-6.8481043E-3,-1.8247804E-1,4.642969E-2,-3.586556E-2,6.964992E-2,2.040969E-2],"categories":[],"categories_nodes":[],"categories_segments":[],"categories_sizes":[],"default_left":[0,0,0,0,0,0,0,0,0,0,0,0,0,0,0],"id":1,"left_children":[1,3,5,7,9,11,13,-1,-1,-1,-1,-1,-1,-1,-1],"loss_changes":[9.026476E1,2.7816788E1,6.5289825E1,3.7428062E1,3.0905785E1,2.3141994E1,2.6770432E1,0E0,0E0,0E0,0E0,0E0,0E0,0E0,0E0],"parents":[2147483647,0,0,1,1,2,2,3,3,4,4,5,5,6,6],"right_children":[2,4,6,8,10,12,14,-1,-1,-1,-1,-1,-1,-1,-1],"split_conditions":[-4.5504236E0,1.1380188E-1,-2.6446307E-2,-7.604833E-2,-4.1666314E-2,-3.8882396E-1,-2.1423149E-1,-8.309772E-2,-1.0717986E-2,-6.8481043E-3,-1.8247804E-1,4.642969E-2,-3.586556E-2,6.964992E-2,2.040969E-2],"split_indices":[22,2,11,2,10,3,3,0,0,0,0,0,0,0,0],"split_type":[0,0,0,0,0,0,0,0,0,0,0,0,0,0,0],"sum_hessian":[1.5318538E3,4.3409836E2,1.0977555E3,3.8787436E2,4.6224003E1,2.952005E2,8.0255493E2,9.629355E1,2.915808E2,1.9977646E1,2.6246355E1,3.5660313E1,2.595402E2,1.3711008E2,6.654449E2],"tree_param":{"num_deleted":"0","num_feature":"27","num_nodes":"15","size_leaf_vector":"1"}}]},"name":"gbtree"},"learner_model_param":{"base_score":"5E-1","boost_from_average":"1","num_class":"0","num_feature":"27","num_target":"1"},"objective":{"name":"binary:logistic","reg_loss_param":{"scale_pos_weight":"3.99074078"}}},"version":[2,1,0]}