{"learner":{"attributes":{"scikit_learn":"{\"_estimator_type\": \"classifier\"}"},"feature_names":["bias_week","bias_month","bias_quarter","bias_year","rsi","macd","macd_signal","vol_change","close_change","bb_width","return_5d","k_upper","k_lower","k_body","buy_power","rs_5d","obv","atr_ratio","trend_strength"],"feature_types":["float","float","float","float","float","float","float","float","float","float","float","float","float","float","float","float","float","float","float"],"gradient_booster":{"model":{"cats":{"enc":[],"feature_segments":[],"sorted_idx":[]},"gbtree_model_param":{"num_parallel_tree":"1","num_trees":"5"},"iteration_indptr":[0,1,2,3,4,5],"tree_info":[0,0,0,0,0],"trees":[{"base_weights":[-0E0,-3.6074093E-1,4.3632844E-1,-4.4677997E-1,4.1686697E-3,3.1770718E-1,8.075222E-1,3.0627366E-2,-5.007949E-2,6.6970647E-3,8.5167706E-2,1.100189E-1,-0E0],"categories":[],"categories_nodes":[],"categories_segments":[],"categories_sizes":[],"default_left":[0,0,0,0,0,0,0,0,0,0,0,0,0],"id":0,"left_children":[1,3,5,7,-1,9,11,-1,-1,-1,-1,-1,-1],"loss_changes":[6.8248795E1,9.088764E0,6.12772E0,9.182392E0,0E0,1.8773447E1,9.729174E0,0E0,0E0,0E0,0E0,0E0,0E0],"parents":[2147483647,0,0,1,1,2,2,3,3,5,5,6,6],"right_children":[2,4,6,8,-1,10,12,-1,-1,-1,-1,-1,-1],"split_conditions":[4.9260575E-2,7.648087E-2,1.4014739E-1,-2.0523325E-1,4.1686697E-3,9.319877E-2,3.4521315E-1,3.0627366E-2,-5.007949E-2,6.6970647E-3,8.5167706E-2,1.100189E-1,-0E0],"split_indices":[17,18,18,3,0,3,3,0,0,0,0,0,0],"split_type":[0,0,0,0,0,0,0,0,0,0,0,0,0],"sum_hessian":[4.3297998E2,2.3582317E2,1.9715681E2,1.9891887E2,3.69043E1,1.5412254E2,4.3034264E1,1.13989525E1,1.8751991E2,1.0828508E2,4.583746E1,3.0687746E1,1.23465185E1],"tree_param":{"num_deleted":"0","num_feature":"19","num_nodes":"13","size_leaf_vector":"1"}},{"base_weights":[7.0847888E-3,-1.9073294E-1,4.5232946E-1,-3.015669E-1,2.3177643E-1,5.9285656E-2,1.0241243E-2,1.5460029E-3,-5.212677E-2,-3.1101129E-3,4.7614235E-2],"categories":[],"categories_nodes":[],"categories_segments":[],"categories_sizes":[],"default_left":[0,0,0,0,0,0,0,0,0,0,0],"id":1,"left_children":[1,3,5,7,9,-1,-1,-1,-1,-1,-1],"loss_changes":[3.8694992E1,1.4026048E1,5.343788E0,1.8106634E1,4.757337E0,0E0,0E0,0E0,0E0,0E0,0E0],"parents":[2147483647,0,0,1,1,2,2,3,3,4,4],"right_children":[2,4,6,8,10,-1,-1,-1,-1,-1,-1],"split_conditions":[1.0082013E-1,1.0956976E-1,5.2152947E-4,-9.3867995E-2,5.4988064E-2,5.9285656E-2,1.0241243E-2,1.5460029E-3,-5.212677E-2,-3.1101129E-3,4.7614235E-2],"split_indices":[9,3,16,3,9,0,0,0,0,0,0],"split_type":[0,0,0,0,0,0,0,0,0,0,0],"sum_hessian":[4.324797E2,2.95966E2,1.365137E2,2.3870615E2,5.7259857E1,9.179191E1,4.4721794E1,9.464659E1,1.4405956E2,2.3418386E1,3.3841473E1],"tree_param":{"num_deleted":"0","num_feature":"19","num_nodes":"11","size_leaf_vector":"1"}},{"base_weights":[-3.4807723E-2,-3.4404084E-1,3.464159E-1,-5.460482E-1,-8.930905E-2,1.4306024E-1,5.052112E-1,-0E0,-6.0680803E-2,2.964052E-3,-3.5801604E-2,5.2567426E-2,-1.1956734E-2,7.6895286E-3,6.516661E-2],"categories":[],"categories_nodes":[],"categories_segments":[],"categories_sizes":[],"default_left":[0,0,0,0,0,0,0,0,0,0,0,0,0,0,0],"id":2,"left_children":[1,3,5,7,9,11,13,-1,-1,-1,-1,-1,-1,-1,-1],"loss_changes":[5.16188E1,1.1173311E1,4.7608223E0,4.114311E0,4.418281E0,1.0197231E1,4.9613132E0,0E0,0E0,0E0,0E0,0E0,0E0,0E0,0E0],"parents":[2147483647,0,0,1,1,2,2,3,3,4,4,5,5,6,6],"right_children":[2,4,6,8,10,12,14,-1,-1,-1,-1,-1,-1,-1,-1],"split_conditions":[4.9260575E-2,5.4988064E-2,-8.5992604E-1,2.0068161E-2,1.5878875E0,-4.0574546E0,5.776855E-2,-0E0,-6.0680803E-2,2.964052E-3,-3.5801604E-2,5.2567426E-2,-1.1956734E-2,7.6895286E-3,6.516661E-2],"split_indices":[17,9,5,17,5,5,17,0,0,0,0,0,0,0,0],"split_type":[0,0,0,0,0,0,0,0,0,0,0,0,0,0,0],"sum_hessian":[4.3775558E2,2.4496854E2,1.9278706E2,1.3163766E2,1.13330864E2,9.082314E1,1.0196392E2,1.576095E1,1.1587672E2,7.304399E1,4.0286873E1,4.0240124E1,5.0583023E1,3.0619852E1,7.134407E1],"tree_param":{"num_deleted":"0","num_feature":"19","num_nodes":"15","size_leaf_vector":"1"}},{"base_weights":[2.1473505E-2,-2.2522078E-1,3.0768618E-1,2.8002368E-2,-2.98277E-1,8.319482E-2,2.3287812E-1,1.5607167E-2,-3.4674853E-2,7.1464793E-4,5.3456895E-2],"categories":[],"categories_nodes":[],"categories_segments":[],"categories_sizes":[],"default_left":[0,0,0,0,0,0,0,0,0,0,0],"id":3,"left_children":[1,3,5,-1,7,-1,9,-1,-1,-1,-1],"loss_changes":[3.074105E1,8.50317E0,5.694212E0,0E0,5.1886387E0,0E0,1.1414604E1,0E0,0E0,0E0,0E0],"parents":[2147483647,0,0,1,1,2,2,4,4,6,6],"right_children":[2,4,6,-1,8,-1,10,-1,-1,-1,-1],"split_conditions":[4.816219E-2,-1.8439136E-1,-3.4737408E-1,2.8002368E-2,-2.1131298E-2,8.319482E-2,5.085405E-2,1.5607167E-2,-3.4674853E-2,7.1464793E-4,5.3456895E-2],"split_indices":[17,3,3,0,0,0,3,0,0,0,0],"split_type":[0,0,0,0,0,0,0,0,0,0,0],"sum_hessian":[4.325948E2,2.2811555E2,2.0447923E2,2.4794138E1,2.0332141E2,2.1431395E1,1.8304784E2,1.6100807E1,1.8722061E2,1.09638E2,7.340984E1],"tree_param":{"num_deleted":"0","num_feature":"19","num_nodes":"11","size_leaf_vector":"1"}},{"base_weights":[-2.1607578E-2,-2.6875976E-1,2.709715E-1,5.1650837E-2,-3.3327472E-1,1.18812926E-1,5.8817697E-1,-3.9798096E-2,3.581678E-3,-3.629303E-3,5.073574E-2,7.759921E-2,-0E0],"categories":[],"categories_nodes":[],"categories_segments":[],"categories_sizes":[],"default_left":[0,0,0,0,0,0,0,0,0,0,0,0,0],"id":4,"left_children":[1,3,5,-1,7,9,11,-1,-1,-1,-1,-1,-1],"loss_changes":[3.178875E1,1.1942381E1,7.91675E0,0E0,6.515913E0,9.501061E0,5.012863E0,0E0,0E0,0E0,0E0,0E0,0E0],"parents":[2147483647,0,0,1,1,2,2,4,4,5,5,6,6],"right_children":[2,4,6,-1,8,10,12,-1,-1,-1,-1,-1,-1],"split_conditions":[4.9260575E-2,-2.143468E-1,1.330676E-1,5.1650837E-2,5.1130537E-2,8.5980915E-2,1.7895754E-1,-3.9798096E-2,3.581678E-3,-3.629303E-3,5.073574E-2,7.759921E-2,-0E0],"split_indices":[17,3,9,0,1,3,3,0,0,0,0,0,0],"split_type":[0,0,0,0,0,0,0,0,0,0,0,0,0],"sum_hessian":[4.395207E2,2.4243716E2,1.9708354E2,1.5634182E1,2.2680298E2,1.380686E2,5.9014927E1,1.9672847E2,3.007452E1,9.485522E1,4.321339E1,4.152289E1,1.749204E1],"tree_param":{"num_deleted":"0","num_feature":"19","num_nodes":"13","size_leaf_vector":"1"}}]},"name":"gbtree"},"learner_model_param":{"base_score":"[5E-1]","boost_from_average":"1","num_class":"0","num_feature":"19","num_target":"1"},"objective":{"name":"binary:logistic","reg_loss_param":{"scale_pos_weight":"0.291793972"}}},"version":[3,2,0]}