{"learner":{"attributes":{"scikit_learn":"{\"_estimator_type\": \"classifier\"}"},"feature_names":["bias_week","bias_month","bias_quarter","bias_year","rsi","macd","macd_signal","vol_change","close_change","bb_width","return_5d","k_upper","k_lower","k_body","buy_power","rs_5d","obv","atr_ratio","trend_strength"],"feature_types":["float","float","float","float","float","float","float","float","float","float","float","float","float","float","float","float","float","float","float"],"gradient_booster":{"model":{"cats":{"enc":[],"feature_segments":[],"sorted_idx":[]},"gbtree_model_param":{"num_parallel_tree":"1","num_trees":"7"},"iteration_indptr":[0,1,2,3,4,5,6,7],"tree_info":[0,0,0,0,0,0,0],"trees":[{"base_weights":[-8.9172525E-3,-2.3733105E-1,1.4886776E-1,4.459196E-1,-2.998913E-1,8.273944E-1,5.475756E-2,7.349959E-2,-0E0,-2.4295291E-2,-8.503506E-2,3.6476675E-2,1.05337135E-1,-7.897381E-2,1.2041812E-2],"categories":[],"categories_nodes":[],"categories_segments":[],"categories_sizes":[],"default_left":[0,0,0,0,0,0,0,0,0,0,0,0,0,0,0],"id":0,"left_children":[1,3,5,7,9,11,13,-1,-1,-1,-1,-1,-1,-1,-1],"loss_changes":[4.9123203E1,2.3637047E1,4.8903107E1,4.5060444E0,1.3324974E1,6.8952866E0,3.8339848E1,0E0,0E0,0E0,0E0,0E0,0E0,0E0,0E0],"parents":[2147483647,0,0,1,1,2,2,3,3,4,4,5,5,6,6],"right_children":[2,4,6,8,10,12,14,-1,-1,-1,-1,-1,-1,-1,-1],"split_conditions":[-4.56461E-3,-3.7513894E-1,-2.923958E-1,-3.3333614E-1,3.2274313E0,-5.4001565E0,-3.3564389E0,7.349959E-2,-0E0,-2.4295291E-2,-8.503506E-2,3.6476675E-2,1.05337135E-1,-7.897381E-2,1.2041812E-2],"split_indices":[0,3,3,13,5,6,5,0,0,0,0,0,0,0,0],"split_type":[0,0,0,0,0,0,0,0,0,0,0,0,0,0,0],"sum_hessian":[1.3573206E3,5.6036725E2,7.9695337E2,4.3941895E1,5.1642535E2,9.4080185E1,7.0287317E2,2.4074957E1,1.9866938E1,4.7383878E2,4.258658E1,3.5093697E1,5.8986492E1,4.8525856E1,6.5434735E2],"tree_param":{"num_deleted":"0","num_feature":"19","num_nodes":"15","size_leaf_vector":"1"}},{"base_weights":[1.1543955E-2,-2.0103295E-1,1.6483973E-1,1.4697058E-1,-3.4201938E-1,1.019038E0,1.135256E-1,-2.7940007E-2,7.924859E-2,-5.0385498E-2,-5.562379E-3,9.176972E-3,1.274817E-1,2.5816416E-2,-3.3574637E-2],"categories":[],"categories_nodes":[],"categories_segments":[],"categories_sizes":[],"default_left":[0,0,0,0,0,0,0,0,0,0,0,0,0,0,0],"id":1,"left_children":[1,3,5,7,9,11,13,-1,-1,-1,-1,-1,-1,-1,-1],"loss_changes":[4.442072E1,2.8214981E1,3.2486652E1,4.551157E1,1.805555E1,7.438965E0,5.0022694E1,0E0,0E0,0E0,0E0,0E0,0E0,0E0,0E0],"parents":[2147483647,0,0,1,1,2,2,3,3,4,4,5,5,6,6],"right_children":[2,4,6,8,10,12,14,-1,-1,-1,-1,-1,-1,-1,-1],"split_conditions":[-4.56461E-3,-2.143468E-1,-3.6240393E-1,-1.1507205E-1,4.20859E-2,-1.2785076E-4,1.1211804E-1,-2.7940007E-2,7.924859E-2,-5.0385498E-2,-5.562379E-3,9.176972E-3,1.274817E-1,2.5816416E-2,-3.3574637E-2],"split_indices":[0,3,3,2,3,16,9,0,0,0,0,0,0,0,0],"split_type":[0,0,0,0,0,0,0,0,0,0,0,0,0,0,0],"sum_hessian":[1.3654834E3,5.659472E2,7.995362E2,1.585634E2,4.073838E2,4.2735603E1,7.568006E2,9.360481E1,6.495858E1,2.527817E2,1.546021E2,1.1447925E1,3.1287678E1,5.7512573E2,1.8167484E2],"tree_param":{"num_deleted":"0","num_feature":"19","num_nodes":"15","size_leaf_vector":"1"}},{"base_weights":[-2.0841477E-3,-2.096019E-1,1.4074253E-1,-1.52199E-1,-8.440616E-1,2.6095712E-1,-1.3862464E-1,-2.21505E-2,3.8029492E-2,-1.3435795E-3,-1.1580849E-1,9.782008E-2,2.0964244E-2,-3.1749938E-2,6.767083E-2],"categories":[],"categories_nodes":[],"categories_segments":[],"categories_sizes":[],"default_left":[0,0,0,0,0,0,0,0,0,0,0,0,0,0,0],"id":2,"left_children":[1,3,5,7,9,11,13,-1,-1,-1,-1,-1,-1,-1,-1],"loss_changes":[4.0420345E1,1.8148762E1,2.7086979E1,1.933537E1,8.940374E0,1.7570618E1,3.413173E1,0E0,0E0,0E0,0E0,0E0,0E0,0E0,0E0],"parents":[2147483647,0,0,1,1,2,2,3,3,4,4,5,5,6,6],"right_children":[2,4,6,8,10,12,14,-1,-1,-1,-1,-1,-1,-1,-1],"split_conditions":[-4.56461E-3,1.0830679E-1,1.04952015E-1,1.794212E-2,-3.000798E-2,2.7591752E-2,1.5756023E-1,-2.21505E-2,3.8029492E-2,-1.3435795E-3,-1.1580849E-1,9.782008E-2,2.0964244E-2,-3.1749938E-2,6.767083E-2],"split_indices":[0,2,9,1,0,9,1,0,0,0,0,0,0,0,0],"split_type":[0,0,0,0,0,0,0,0,0,0,0,0,0,0,0],"sum_hessian":[1.358359E3,5.6018933E2,7.9816974E2,5.1705835E2,4.313097E1,5.6368524E2,2.3448448E2,4.6022183E2,5.6836517E1,1.4063583E1,2.9067389E1,3.3100574E1,5.3058466E2,1.9432364E2,4.0160854E1],"tree_param":{"num_deleted":"0","num_feature":"19","num_nodes":"15","size_leaf_vector":"1"}},{"base_weights":[-1.2561311E-2,3.758465E-1,-8.2002416E-2,1.6622347E-1,1.7667006E-1,-7.587842E-4,-5.126522E-1,-2.3343414E-2,6.864772E-2,5.784102E-3,-5.5447925E-2,-8.233591E-2,-5.5441433E-3],"categories":[],"categories_nodes":[],"categories_segments":[],"categories_sizes":[],"default_left":[0,0,0,0,0,0,0,0,0,0,0,0,0],"id":3,"left_children":[1,3,5,-1,7,9,11,-1,-1,-1,-1,-1,-1],"loss_changes":[3.6167774E1,4.8143738E1,3.9544613E1,0E0,3.8602684E1,3.3546974E1,2.4124E1,0E0,0E0,0E0,0E0,0E0,0E0],"parents":[2147483647,0,0,1,1,2,2,4,4,5,5,6,6],"right_children":[2,4,6,-1,8,10,12,-1,-1,-1,-1,-1,-1],"split_conditions":[-2.7636784E-1,3.9016943E-2,7.659219E-2,1.6622347E-1,-1.5880851E-1,2.9317422E0,2.1257734E0,-2.3343414E-2,6.864772E-2,5.784102E-3,-5.5447925E-2,-8.233591E-2,-5.5441433E-3],"split_indices":[3,17,17,0,4,6,6,0,0,0,0,0,0],"split_type":[0,0,0,0,0,0,0,0,0,0,0,0,0],"sum_hessian":[1.3653591E3,2.0210526E2,1.1632539E3,2.5274088E1,1.7683118E2,9.8310144E2,1.8015247E2,9.586239E1,8.096879E1,8.854378E2,9.766363E1,1.0334897E2,7.6803505E1],"tree_param":{"num_deleted":"0","num_feature":"19","num_nodes":"13","size_leaf_vector":"1"}},{"base_weights":[-1.717753E-2,6.491104E-1,-6.728173E-2,-3.8520854E-3,1.1370397E-1,4.1868508E-2,-4.364631E-1,-1.9175714E-2,1.9971805E-2,-5.7448834E-2,2.116426E-3],"categories":[],"categories_nodes":[],"categories_segments":[],"categories_sizes":[],"default_left":[0,0,0,0,0,0,0,0,0,0,0],"id":4,"left_children":[1,3,5,-1,-1,7,9,-1,-1,-1,-1],"loss_changes":[4.4299618E1,3.410187E1,5.2221886E1,0E0,0E0,3.6716152E1,2.0550434E1,0E0,0E0,0E0,0E0],"parents":[2147483647,0,0,1,1,2,2,5,5,6,6],"right_children":[2,4,6,-1,-1,8,10,-1,-1,-1,-1],"split_conditions":[-3.6240393E-1,-2.0811523E-4,1.1211804E-1,-3.8520854E-3,1.1370397E-1,-4.56461E-3,3.427205E-1,-1.9175714E-2,1.9971805E-2,-5.7448834E-2,2.116426E-3],"split_indices":[3,16,9,0,0,0,4,0,0,0,0],"split_type":[0,0,0,0,0,0,0,0,0,0,0],"sum_hessian":[1.3660913E3,9.2331764E1,1.2737595E3,3.6858837E1,5.547293E1,9.7844104E2,2.9531848E2,3.8964188E2,5.887992E2,2.2889473E2,6.642376E1],"tree_param":{"num_deleted":"0","num_feature":"19","num_nodes":"11","size_leaf_vector":"1"}},{"base_weights":[-8.876887E-4,-1.6505803E-1,1.297897E-1,8.231783E-1,-2.129022E-1,-1.20534666E-1,2.6172104E-1,-0E0,1.4334363E-1,-8.735507E-3,-5.580098E-2,5.498021E-3,-9.0484485E-2,-6.350726E-3,3.4358397E-2],"categories":[],"categories_nodes":[],"categories_segments":[],"categories_sizes":[],"default_left":[0,0,0,0,0,0,0,0,0,0,0,0,0,0,0],"id":5,"left_children":[1,3,5,7,9,11,13,-1,-1,-1,-1,-1,-1,-1,-1],"loss_changes":[2.9289722E1,2.7531292E1,2.5105553E1,1.0297976E1,2.4067375E1,3.7199753E1,1.4350254E1,0E0,0E0,0E0,0E0,0E0,0E0,0E0,0E0],"parents":[2147483647,0,0,1,1,2,2,3,3,4,4,5,5,6,6],"right_children":[2,4,6,8,10,12,14,-1,-1,-1,-1,-1,-1,-1,-1],"split_conditions":[-3.4590673E-2,-1.0455665E1,7.7399695E-3,-4.9393004E-1,7.244856E-2,1.1380206E-1,-8.954115E-3,-0E0,1.4334363E-1,-8.735507E-3,-5.580098E-2,5.498021E-3,-9.0484485E-2,-6.350726E-3,3.4358397E-2],"split_indices":[4,5,10,4,17,2,15,0,0,0,0,0,0,0,0],"split_type":[0,0,0,0,0,0,0,0,0,0,0,0,0,0,0],"sum_hessian":[1.3614128E3,6.110194E2,7.5039343E2,2.5981396E1,5.85038E2,2.5309448E2,4.9729895E2,1.2670333E1,1.3311063E1,4.3591998E2,1.4911804E2,2.0479675E2,4.8297726E1,9.707085E1,4.002281E2],"tree_param":{"num_deleted":"0","num_feature":"19","num_nodes":"15",