{"learner":{"attributes":{"scikit_learn":"{\"_estimator_type\": \"classifier\"}"},"feature_names":["bias_week","bias_month","bias_quarter","bias_year","rsi","macd","macd_signal","vol_change","close_change","bb_width","return_5d","return_10d","k_upper","k_lower","k_body","buy_power","rs_5d","rs_10d","dist_to_20d_high","dist_to_20d_low","kd_k","kd_d","kd_cross","gap_ratio","obv","atr_ratio","trend_strength"],"feature_types":["float","float","float","float","float","float","float","float","float","float","float","float","float","float","float","float","float","float","float","float","float","float","float","float","float","float","float"],"gradient_booster":{"model":{"gbtree_model_param":{"num_parallel_tree":"1","num_trees":"5"},"iteration_indptr":[0,1,2,3,4,5],"tree_info":[0,0,0,0,0],"trees":[{"base_weights":[-1.866399E-2,5.6352496E-1,-2.7737415E-1,-4.752637E-1,6.13178E-1,5.082112E-1,-3.4795785E-1,-1.21128544E-1,3.2320076E-3,1.2886497E-1,5.2729756E-2,-0E0,1.41729E-1,-8.765147E-2,-1.9452602E-2],"categories":[],"categories_nodes":[],"categories_segments":[],"categories_sizes":[],"default_left":[0,0,0,0,0,0,0,0,0,0,0,0,0,0,0],"id":0,"left_children":[1,3,5,7,9,11,13,-1,-1,-1,-1,-1,-1,-1,-1],"loss_changes":[2.3649507E2,2.5408981E1,6.03805E1,1.0436323E1,2.115358E1,4.156558E1,7.9226295E1,0E0,0E0,0E0,0E0,0E0,0E0,0E0,0E0],"parents":[2147483647,0,0,1,1,2,2,3,3,4,4,5,5,6,6],"right_children":[2,4,6,8,10,12,14,-1,-1,-1,-1,-1,-1,-1,-1],"split_conditions":[2.4137892E-2,-9.623059E-3,-3.6455783E-1,1.1331891E-1,3.93704E-2,-2.7694718E-5,-8.195142E-2,-1.21128544E-1,3.2320076E-3,1.2886497E-1,5.2729756E-2,-0E0,1.41729E-1,-8.765147E-2,-1.9452602E-2],"split_indices":[18,0,3,19,19,24,2,0,0,0,0,0,0,0,0],"split_type":[0,0,0,0,0,0,0,0,0,0,0,0,0,0,0],"sum_hessian":[1.5726884E3,4.80858E2,1.0918303E3,1.9527449E1,4.6133057E2,8.69378E1,1.0048926E3,9.218207E0,1.0309241E1,4.476007E1,4.165705E2,5.6328003E1,3.0609795E1,2.1777882E2,7.871138E2],"tree_param":{"num_deleted":"0","num_feature":"27","num_nodes":"15","size_leaf_vector":"1"}},{"base_weights":[-0E0,-2.842826E-1,2.3910367E-1,-6.784463E-1,-1.6686E-1,-1.4388222E-1,3.4504923E-1,-7.5863595E-3,-9.086985E-2,-4.0622737E-2,1.9560838E-3,1.3836268E-2,-7.808039E-2,-7.236633E-2,3.7006605E-2],"categories":[],"categories_nodes":[],"categories_segments":[],"categories_sizes":[],"default_left":[0,0,0,0,0,0,0,0,0,0,0,0,0,0,0],"id":1,"left_children":[1,3,5,7,9,11,13,-1,-1,-1,-1,-1,-1,-1,-1],"loss_changes":[1.07954636E2,3.167109E1,3.5383266E1,2.0914642E1,2.6515202E1,3.4782322E1,1.9841942E1,0E0,0E0,0E0,0E0,0E0,0E0,0E0,0E0],"parents":[2147483647,0,0,1,1,2,2,3,3,4,4,5,5,6,6],"right_children":[2,4,6,8,10,12,14,-1,-1,-1,-1,-1,-1,-1,-1],"split_conditions":[-2.5298907E-3,-3.1117937E-1,-3.9060864E0,-3.2187486E0,-1.2320441E0,3.0656414E0,-2.6128206E-2,-7.5863595E-3,-9.086985E-2,-4.0622737E-2,1.9560838E-3,1.3836268E-2,-7.808039E-2,-7.236633E-2,3.7006605E-2],"split_indices":[1,7,22,6,6,6,11,0,0,0,0,0,0,0,0],"split_type":[0,0,0,0,0,0,0,0,0,0,0,0,0,0,0],"sum_hessian":[1.5856404E3,7.2670355E2,8.5893677E2,1.61445E2,5.6525854E2,1.8144325E2,6.774935E2,4.8694527E1,1.1275048E2,2.505169E2,3.1474164E2,1.2399116E2,5.745209E1,1.4612594E1,6.628809E2],"tree_param":{"num_deleted":"0","num_feature":"27","num_nodes":"15","size_leaf_vector":"1"}},{"base_weights":[1.8565215E-2,-2.3404686E-1,2.6792523E-1,2.6983768E-1,-3.3618838E-1,-9.717861E-2,3.8711202E-1,1.2782285E-1,-3.5978826E-3,6.598355E-3,-5.1513236E-2,6.70289E-2,-3.4595184E-2,6.68722E-2,1.8003514E-2],"categories":[],"categories_nodes":[],"categories_segments":[],"categories_sizes":[],"default_left":[0,0,0,0,0,0,0,0,0,0,0,0,0,0,0],"id":2,"left_children":[1,3,5,7,9,11,13,-1,-1,-1,-1,-1,-1,-1,-1],"loss_changes":[1.0071413E2,4.084545E1,3.5866623E1,4.3330025E1,4.9735992E1,3.7379402E1,3.4219627E1,0E0,0E0,0E0,0E0,0E0,0E0,0E0,0E0],"parents":[2147483647,0,0,1,1,2,2,3,3,4,4,5,5,6,6],"right_children":[2,4,6,8,10,12,14,-1,-1,-1,-1,-1,-1,-1,-1],"split_conditions":[4.7652885E1,3.871472E-2,-7.9473695E-3,-1.1953264E-1,-2.143614E-1,-2.3217462E-1,4.0043715E-2,1.2782285E-1,-3.5978826E-3,6.598355E-3,-5.1513236E-2,6.70289E-2,-3.4595184E-2,6.68722E-2,1.8003514E-2],"split_indices":[20,9,17,3,3,3,25,0,0,0,0,0,0,0,0],"split_type":[0,0,0,0,0,0,0,0,0,0,0,0,0,0,0],"sum_hessian":[1.5959229E3,7.883268E2,8.0759607E2,1.2890825E2,6.594186E2,1.9413814E2,6.1345795E2,3.0847412E1,9.8060844E1,2.0243082E2,4.5698773E2,4.5115246E1,1.4902289E2,2.5066324E2,3.627947E2],"tree_param":{"num_deleted":"0","num_feature":"27","num_nodes":"15","size_leaf_vector":"1"}},{"base_weights":[-1.4283484E-2,4.5150024E-1,-2.1833725E-1,-0E0,5.356799E-1,4.5991194E-1,-2.7090254E-1,7.628408E-2,-2.34719E-2,-2.8009612E-2,5.579482E-2,6.0764793E-2,-1.2340726E-1,-7.793549E-2,-1.5994694E-2],"categories":[],"categories_nodes":[],"categories_segments":[],"categories_sizes":[],"default_left":[0,0,0,0,0,0,0,0,0,0,0,0,0,0,0],"id":3,"left_children":[1,3,5,7,9,11,13,-1,-1,-1,-1,-1,-1,-1,-1],"loss_changes":[1.4967758E2,1.8433098E1,3.8978893E1,1.355462E1,9.611725E0,1.9134022E1,5.5705994E1,0E0,0E0,0E0,0E0,0E0,0E0,0E0,0E0],"parents":[2147483647,0,0,1,1,2,2,3,3,4,4,5,5,6,6],"right_children":[2,4,6,8,10,12,14,-1,-1,-1,-1,-1,-1,-1,-1],"split_conditions":[2.4520358E-2,7.5642276E-3,-3.846154E-1,2.9527837E-2,-4.6539597E-5,2.7946916E-1,-1.0738267E-1,7.628408E-2,-2.34719E-2,-2.8009612E-2,5.579482E-2,6.0764793E-2,-1.2340726E-1,-7.793549E-2,-1.5994694E-2],"split_indices":[18,10,3,9,24,9,2,0,0,0,0,0,0,0,0],"split_type":[0,0,0,0,0,0,0,0,0,0,0,0,0,0,0],"sum_hessian":[1.5785823E3,4.772019E2,1.1013804E3,7.420818E1,4.029937E2,7.565331E1,1.025727E3,1.6515347E1,5.7692837E1,9.839417E0,3.931543E2,7.115491E1,4.498408E0,1.7560698E2,8.5012006E2],"tree_param":{"num_deleted":"0","num_feature":"27","num_nodes":"15","size_leaf_vector":"1"}},{"base_weights":[1.649576E-2,3.4800118E-1,-1.8031259E-1,-1.176404E-1,4.5699126E-1,1.2864482E-1,-3.191193E-1,6.6734806E-2,-3.2048672E-2,-9.710052E-3,5.493423E-2,1.3346173E-1,-9.623433E-3,-4.8559025E-2,6.979661E-3],"categories":[],"categories_nodes":[],"categories_segments":[],"categories_sizes":[],"default_left":[0,0,0,0,0,0,0,0,0,0,0,0,0,0,0],"id":4,"left_children":[1,3,5,7,9,11,13,-1,-1,-1,-1,-1,-1,-1,-1],"loss_changes":[1.0456934E2,3.1218964E1,4.3257797E1,1.7325186E1,2.7367699E1,8.664433E1,4.701648E1,0E0,0E0,0E0,0E0,0E0,0E0,0E0,0E0],"parents":[2147483647,0,0,1,1,2,2,3,3,4,4,5,5,6,6],"right_children":[2,4,6,8,10,12,14,-1,-1,-1,-1,-1,-1,-1,-1],"split_conditions":[3.348214E-2,-1.06945615E-2,3.6375016E-2,-1.9136073E-1,-8.40512E-3,-2.1809366E-1,1.3228653E-1,6.6734806E-2,-3.2048672E-2,-9.710052E-3,5.493423E-2,1.3346173E-1,-9.623433E-3,-4.8559025E-2,6.979661E-3],"split_indices":[18,8,25,3,17,3,3,0,0,0,0,0,0,0,0],"split_type":[0,0,0,0,0,0,0,0,0,0,0,0,0,0,0],"sum_hessian":[1.5952798E3,5.9829694E2,9.969829E2,1.095423E2,4.887546E2,3.040489E2,6.92934E2,1.9929508E1,8.9612785E1,6.912667E1,4.1962793E2,4.846049E1,2.555884E2,4.859224E2,2.0701164E2],"tree_param":{"num_deleted":"0","num_feature":"27","num_nodes":"15","size_leaf_vector":"1"}}]},"name":"gbtree"},"learner_model_param":{"base_score":"5E-1","boost_from_average":"1","num_class":"0","num_feature":"27","num_target":"1"},"objective":{"name":"binary:logistic","reg_loss_param":{"scale_pos_weight":"3.87282777"}}},"version":[2,1,0]}