{"learner":{"attributes":{"scikit_learn":"{\"_estimator_type\": \"classifier\"}"},"feature_names":["bias_week","bias_month","bias_quarter","bias_year","rsi","macd","macd_signal","vol_change","close_change","bb_width","return_5d","k_upper","k_lower","k_body","buy_power","rs_5d","obv","atr_ratio","trend_strength"],"feature_types":["float","float","float","float","float","float","float","float","float","float","float","float","float","float","float","float","float","float","float"],"gradient_booster":{"model":{"cats":{"enc":[],"feature_segments":[],"sorted_idx":[]},"gbtree_model_param":{"num_parallel_tree":"1","num_trees":"4"},"iteration_indptr":[0,1,2,3,4],"tree_info":[0,0,0,0],"trees":[{"base_weights":[-0E0,-3.7201348E-1,4.4396043E-1,-4.638697E-1,6.9867265E-3,2.4816076E-1,6.940133E-2,2.8927417E-2,-5.1620115E-2,3.395755E-3,1.09809496E-1],"categories":[],"categories_nodes":[],"categories_segments":[],"categories_sizes":[],"default_left":[0,0,0,0,0,0,0,0,0,0,0],"id":0,"left_children":[1,3,5,7,-1,9,-1,-1,-1,-1,-1],"loss_changes":[7.295975E1,1.0619778E1,7.9639664E0,9.1697235E0,0E0,1.9385704E1,0E0,0E0,0E0,0E0,0E0],"parents":[2147483647,0,0,1,1,2,2,3,3,5,5],"right_children":[2,4,6,8,-1,10,-1,-1,-1,-1,-1],"split_conditions":[4.9140062E-2,7.705373E-2,2.155936E-3,-2.0523341E-1,6.9867265E-3,1.4198379E-1,6.940133E-2,2.8927417E-2,-5.1620115E-2,3.395755E-3,1.09809496E-1],"split_indices":[17,18,3,3,0,18,0,0,0,0,0],"split_type":[0,0,0,0,0,0,0,0,0,0,0],"sum_hessian":[4.4131964E2,2.393395E2,2.0198013E2,2.0240898E2,3.6930515E1,1.19459496E2,8.252064E1,1.128383E1,1.9112515E2,9.780254E1,2.1656954E1],"tree_param":{"num_deleted":"0","num_feature":"19","num_nodes":"11","size_leaf_vector":"1"}},{"base_weights":[9.085086E-3,-2.1698956E-1,4.3567398E-1,-3.109463E-1,1.301929E-1,2.2684988E-1,6.394349E-2,3.1589842E-4,-5.1473107E-2,4.787818E-2,-0E0,1.6876286E-3,1.1134236E-1],"categories":[],"categories_nodes":[],"categories_segments":[],"categories_sizes":[],"default_left":[0,0,0,0,0,0,0,0,0,0,0,0,0],"id":1,"left_children":[1,3,5,7,9,11,-1,-1,-1,-1,-1,-1,-1],"loss_changes":[4.298478E1,9.692019E0,4.8328953E0,1.6124836E1,3.6074693E0,1.3134308E1,0E0,0E0,0E0,0E0,0E0,0E0,0E0],"parents":[2147483647,0,0,1,1,2,2,3,3,4,4,5,5],"right_children":[2,4,6,8,10,12,-1,-1,-1,-1,-1,-1,-1],"split_conditions":[9.344357E-2,1.05712324E-1,1.3549845E-1,-9.443795E-2,-1.5623342E-1,2.2015753E-1,6.394349E-2,3.1589842E-4,-5.1473107E-2,4.787818E-2,-0E0,1.6876286E-3,1.1134236E-1],"split_indices":[9,3,9,3,7,3,0,0,0,0,0,0,0],"split_type":[0,0,0,0,0,0,0,0,0,0,0,0,0],"sum_hessian":[4.4044452E2,2.8445065E2,1.5599387E2,2.289835E2,5.5467133E1,8.3492546E1,7.250133E1,8.6914825E1,1.420687E2,1.9450247E1,3.6016888E1,6.9746925E1,1.3745621E1],"tree_param":{"num_deleted":"0","num_feature":"19","num_nodes":"13","size_leaf_vector":"1"}},{"base_weights":[-4.732568E-2,-3.8854992E-1,3.204163E-1,2.2170627E-2,-4.647019E-1,7.404625E-2,4.9439642E-1,-6.0682274E-2,-2.1789279E-2,-1.1475826E-2,5.3988658E-2,1.27413655E-2,6.4468324E-2],"categories":[],"categories_nodes":[],"categories_segments":[],"categories_sizes":[],"default_left":[0,0,0,0,0,0,0,0,0,0,0,0,0],"id":2,"left_children":[1,3,5,-1,7,9,11,-1,-1,-1,-1,-1,-1],"loss_changes":[5.644964E1,1.1546036E1,7.834955E0,0E0,5.7918015E0,9.31331E0,5.0281296E0,0E0,0E0,0E0,0E0,0E0,0E0],"parents":[2147483647,0,0,1,1,2,2,4,4,5,5,6,6],"right_children":[2,4,6,-1,8,10,12,-1,-1,-1,-1,-1,-1],"split_conditions":[4.682273E-2,-4.5355637E-2,-1.0420759E0,2.2170627E-2,5.503641E-2,1.3549845E-1,5.7129018E-2,-6.0682274E-2,-2.1789279E-2,-1.1475826E-2,5.3988658E-2,1.27413655E-2,6.4468324E-2],"split_indices":[17,1,5,0,9,9,17,0,0,0,0,0,0],"split_type":[0,0,0,0,0,0,0,0,0,0,0,0,0],"sum_hessian":[4.4848138E2,2.3580574E2,2.1267564E2,2.2800312E1,2.1300543E2,9.343437E1,1.1924127E2,1.2731087E2,8.5694565E1,6.319729E1,3.0237083E1,3.9921967E1,7.9319305E1],"tree_param":{"num_deleted":"0","num_feature":"19","num_nodes":"13","size_leaf_vector":"1"}},{"base_weights":[1.1022176E-2,-2.2217774E-1,3.0121604E-1,5.6797735E-2,-3.4806105E-1,1.512477E-1,5.4832256E-1,1.8957833E-2,-4.001782E-2,-4.183285E-2,3.133651E-2,8.150682E-2,2.8393618E-4,9.168451E-2,1.5925357E-2],"categories":[],"categories_nodes":[],"categories_segments":[],"categories_sizes":[],"default_left":[0,0,0,0,0,0,0,0,0,0,0,0,0,0,0],"id":3,"left_children":[1,3,5,7,9,11,13,-1,-1,-1,-1,-1,-1,-1,-1],"loss_changes":[3.0021849E1,9.093756E0,5.8574104E0,3.8036954E0,8.614546E0,1.1146833E1,7.765831E0,0E0,0E0,0E0,0E0,0E0,0E0,0E0,0E0],"parents":[2147483647,0,0,1,1,2,2,3,3,4,4,5,5,6,6],"right_children":[2,4,6,8,10,12,14,-1,-1,-1,-1,-1,-1,-1,-1],"split_conditions":[4.9347445E-2,-9.443795E-2,8.356026E-2,5.8823633E-1,6.1309006E-2,-3.4920803E-1,5.2631986E-3,1.8957833E-2,-4.001782E-2,-4.183285E-2,3.133651E-2,8.150682E-2,2.8393618E-4,9.168451E-2,1.5925357E-2],"split_indices":[17,3,3,13,10,3,0,0,0,0,0,0,0,0,0],"split_type":[0,0,0,0,0,0,0,0,0,0,0,0,0,0,0],"sum_hessian":[4.4084186E2,2.401259E2,2.0071597E2,6.9107376E1,1.7101852E2,1.3066493E2,7.005103E1,5.7322407E1,1.1784965E1,1.5702628E2,1.3992253E1,2.086256E1,1.0980237E2,3.256304E1,3.7487995E1],"tree_param":{"num_deleted":"0","num_feature":"19","num_nodes":"15","size_leaf_vector":"1"}}]},"name":"gbtree"},"learner_model_param":{"base_score":"[5E-1]","boost_from_average":"1","num_class":"0","num_feature":"19","num_target":"1"},"objective":{"name":"binary:logistic","reg_loss_param":{"scale_pos_weight":"0.284195155"}}},"version":[3,2,0]}