{"learner":{"attributes":{"scikit_learn":"{\"_estimator_type\": \"classifier\"}"},"feature_names":["bias_week","bias_month","bias_quarter","bias_year","rsi","macd","macd_signal","vol_change","close_change","bb_width","return_5d","k_upper","k_lower","k_body","buy_power","rs_5d","obv","atr_ratio","trend_strength"],"feature_types":["float","float","float","float","float","float","float","float","float","float","float","float","float","float","float","float","float","float","float"],"gradient_booster":{"model":{"cats":{"enc":[],"feature_segments":[],"sorted_idx":[]},"gbtree_model_param":{"num_parallel_tree":"1","num_trees":"2"},"iteration_indptr":[0,1,2],"tree_info":[0,0],"trees":[{"base_weights":[-0E0,-3.5888374E-1,4.3085885E-1,-4.2767227E-1,1.3443578E-2,3.1051725E-1,8.09166E-1,5.3727195E-2,-4.8933264E-2,6.8902206E-3,8.1907906E-2,1.1015441E-1,-0E0],"categories":[],"categories_nodes":[],"categories_segments":[],"categories_sizes":[],"default_left":[0,0,0,0,0,0,0,0,0,0,0,0,0],"id":0,"left_children":[1,3,5,7,-1,9,11,-1,-1,-1,-1,-1,-1],"loss_changes":[6.7130905E1,8.692318E0,6.4621544E0,1.3346905E1,0E0,1.719247E1,9.727165E0,0E0,0E0,0E0,0E0,0E0,0E0],"parents":[2147483647,0,0,1,1,2,2,3,3,5,5,6,6],"right_children":[2,4,6,8,-1,10,12,-1,-1,-1,-1,-1,-1],"split_conditions":[4.9260568E-2,8.8960715E-2,1.4014737E-1,-2.180973E-1,1.3443578E-2,9.319858E-2,3.4521326E-1,5.3727195E-2,-4.8933264E-2,6.8902206E-3,8.1907906E-2,1.1015441E-1,-0E0],"split_indices":[17,18,18,3,0,3,3,0,0,0,0,0,0],"split_type":[0,0,0,0,0,0,0,0,0,0,0,0,0],"sum_hessian":[4.3375278E2,2.360089E2,1.9774388E2,2.1119498E2,2.481392E1,1.546501E2,4.3093777E1,1.1174399E1,2.0002058E2,1.0839438E2,4.625573E1,3.073499E1,1.23587885E1],"tree_param":{"num_deleted":"0","num_feature":"19","num_nodes":"13","size_leaf_vector":"1"}},{"base_weights":[7.838747E-3,-1.9032732E-1,4.5392436E-1,-2.9715964E-1,2.1258509E-1,5.944718E-2,1.0391498E-2,2.4492643E-3,-5.1960483E-2,5.871106E-2,-0E0],"categories":[],"categories_nodes":[],"categories_segments":[],"categories_sizes":[],"default_left":[0,0,0,0,0,0,0,0,0,0,0],"id":1,"left_children":[1,3,5,7,9,-1,-1,-1,-1,-1,-1],"loss_changes":[3.8891346E1,1.2957071E1,5.348175E0,1.854456E1,4.3091316E0,0E0,0E0,0E0,0E0,0E0,0E0],"parents":[2147483647,0,0,1,1,2,2,3,3,4,4],"right_children":[2,4,6,8,10,-1,-1,-1,-1,-1,-1],"split_conditions":[1.0082017E-1,1.0956967E-1,5.2152947E-4,-9.386807E-2,-1.5654463E-1,5.944718E-2,1.0391498E-2,2.4492643E-3,-5.1960483E-2,5.871106E-2,-0E0],"split_indices":[9,3,16,3,7,0,0,0,0,0,0],"split_type":[0,0,0,0,0,0,0,0,0,0,0],"sum_hessian":[4.3307544E2,2.9639682E2,1.3667863E2,2.3871692E2,5.767989E1,9.190919E1,4.4769444E1,9.455671E1,1.4416022E2,1.9675806E1,3.8004086E1],"tree_param":{"num_deleted":"0","num_feature":"19","num_nodes":"11","size_leaf_vector":"1"}}]},"name":"gbtree"},"learner_model_param":{"base_score":"[5E-1]","boost_from_average":"1","num_class":"0","num_feature":"19","num_target":"1"},"objective":{"name":"binary:logistic","reg_loss_param":{"scale_pos_weight":"0.292358071"}}},"version":[3,2,0]}