{"learner":{"attributes":{"scikit_learn":"{\"_estimator_type\": \"classifier\"}"},"feature_names":["bias_week","bias_month","bias_quarter","bias_year","rsi","macd","macd_signal","vol_change","close_change","bb_width","return_5d","k_upper","k_lower","k_body","buy_power","rs_5d"],"feature_types":["float","float","float","float","float","float","float","float","float","float","float","float","float","float","float","float"],"gradient_booster":{"model":{"cats":{"enc":[],"feature_segments":[],"sorted_idx":[]},"gbtree_model_param":{"num_parallel_tree":"1","num_trees":"5"},"iteration_indptr":[0,1,2,3,4,5],"tree_info":[0,0,0,0,0],"trees":[{"base_weights":[-0E0,7.789007E-2,-5.7974033E-2,-1.9432683E-1,3.3521143E-1,7.0632454E-3,-4.0438946E-2,9.865533E-2,2.0494254E-2],"categories":[],"categories_nodes":[],"categories_segments":[],"categories_sizes":[],"default_left":[0,0,0,0,0,0,0,0,0],"id":0,"left_children":[1,-1,3,5,7,-1,-1,-1,-1],"loss_changes":[2.0337536E1,0E0,2.1254969E1,1.7924328E1,5.701311E0,0E0,0E0,0E0,0E0],"parents":[2147483647,0,0,2,2,3,3,4,4],"right_children":[2,-1,4,6,8,-1,-1,-1,-1],"split_conditions":[-5.0632114E0,7.789007E-2,1.16208516E-1,-1.0350534E-1,-1.9471278E-2,7.0632454E-3,-4.0438946E-2,9.865533E-2,2.0494254E-2],"split_indices":[5,0,3,3,0,0,0,0,0],"split_type":[0,0,0,0,0,0,0,0,0],"sum_hessian":[4.3292865E2,3.0717087E1,4.0221158E2,3.0293134E2,9.928024E1,1.3026768E2,1.7266365E2,1.3259171E1,8.602107E1],"tree_param":{"num_deleted":"0","num_feature":"16","num_nodes":"9","size_leaf_vector":"1"}},{"base_weights":[6.2375455E-3,-2.0032713E-1,4.633997E-2,-3.8930044E-1,-0E0,-4.5019515E-2,-0E0],"categories":[],"categories_nodes":[],"categories_segments":[],"categories_sizes":[],"default_left":[0,0,0,0,0,0,0],"id":1,"left_children":[1,3,-1,5,-1,-1,-1],"loss_changes":[4.179865E1,1.1221315E1,0E0,3.453865E0,0E0,0E0,0E0],"parents":[2147483647,0,0,1,1,3,3],"right_children":[2,4,-1,6,-1,-1,-1],"split_conditions":[1.0022743E-1,5.640782E-2,4.633997E-2,9.690746E-3,-0E0,-4.5019515E-2,-0E0],"split_indices":[9,9,0,15,0,0,0],"split_type":[0,0,0,0,0,0,0],"sum_hessian":[4.3256348E2,2.9534778E2,1.3721571E2,1.5219064E2,1.4315714E2,1.2873924E2,2.3451393E1],"tree_param":{"num_deleted":"0","num_feature":"16","num_nodes":"7","size_leaf_vector":"1"}},{"base_weights":[-3.643941E-2,-1.5350926E-1,3.6173037E-1,1.6740483E-1,-4.521969E-1,4.574739E-2,-0E0,8.764739E-2,7.876429E-3,3.0964587E-2,-5.7879236E-2],"categories":[],"categories_nodes":[],"categories_segments":[],"categories_sizes":[],"default_left":[0,0,0,0,0,0,0,0,0,0,0],"id":2,"left_children":[1,3,5,7,9,-1,-1,-1,-1,-1,-1],"loss_changes":[1.9960754E1,3.3531403E1,4.163211E0,8.020571E0,1.881998E1,0E0,0E0,0E0,0E0,0E0,0E0],"parents":[2147483647,0,0,1,1,2,2,3,3,4,4],"right_children":[2,4,6,8,10,-1,-1,-1,-1,-1,-1],"split_conditions":[1.09602846E-1,-1.0046339E-1,3.0769194E-2,-3.8882402E-1,-3.790637E-2,4.574739E-2,-0E0,8.764739E-2,7.876429E-3,3.0964587E-2,-5.7879236E-2],"split_indices":[3,3,8,3,1,0,0,0,0,0,0],"split_type":[0,0,0,0,0,0,0,0,0,0,0],"sum_hessian":[4.381168E2,3.4298297E2,9.5133804E1,1.617176E2,1.8126538E2,7.807811E1,1.7055695E1,1.4817697E1,1.468999E2,2.4033947E1,1.5723143E2],"tree_param":{"num_deleted":"0","num_feature":"16","num_nodes":"11","size_leaf_vector":"1"}},{"base_weights":[2.3171077E-2,5.6794968E-2,-3.6537E-2,-1.2624092E-1,3.1090632E-1,-1.976987E-2,3.3819722E-3,4.9714997E-2,-1.260803E-3],"categories":[],"categories_nodes":[],"categories_segments":[],"categories_sizes":[],"default_left":[0,0,0,0,0,0,0,0,0],"id":3,"left_children":[1,-1,3,5,7,-1,-1,-1,-1],"loss_changes":[1.541807E1,0E0,1.1650402E1,4.0373006E0,5.6757913E0,0E0,0E0,0E0,0E0],"parents":[2147483647,0,0,2,2,3,3,4,4],"right_children":[2,-1,4,6,8,-1,-1,-1,-1],"split_conditions":[-6.8659395E-2,5.6794968E-2,2.294201E0,9.804155E-3,2.8290746E-1,-1.976987E-2,3.3819722E-3,4.9714997E-2,-1.260803E-3],"split_indices":[1,0,5,8,7,0,0,0,0],"split_type":[0,0,0,0,0,0,0,0,0],"sum_hessian":[4.330789E2,4.6091583E1,3.869873E2,3.1277307E2,7.421423E1,2.245188E2,8.825427E1,5.109782E1,2.311641E1],"tree_param":{"num_deleted":"0","num_feature":"16","num_nodes":"9","size_leaf_vector":"1"}},{"base_weights":[-2.259998E-2,-3.3564162E-1,1.824451E-1,-0E0,-4.1703674E-1,3.880858E-2,5.5226254E-1,-5.028845E-2,4.2690843E-2,-0E0,-4.830666E-2,-3.1139445E-3,5.20386E-2,7.2074614E-2,-0E0],"categories":[],"categories_nodes":[],"categories_segments":[],"categories_sizes":[],"default_left":[0,0,0,0,0,0,0,0,0,0,0,0,0,0,0],"id":4,"left_children":[1,3,5,7,9,11,13,-1,-1,-1,-1,-1,-1,-1,-1],"loss_changes":[2.8619122E1,4.578699E0,1.2572767E1,8.07772E0,4.6177807E0,7.696105E0,5.938877E0,0E0,0E0,0E0,0E0,0E0,0E0,0E0,0E0],"parents":[2147483647,0,0,1,1,2,2,3,3,4,4,5,5,6,6],"right_children":[2,4,6,8,10,12,14,-1,-1,-1,-1,-1,-1,-1,-1],"split_conditions":[6.1280027E-2,-1.0350534E-1,1.3306963E-1,-1.3826858E-1,-2.652319E-2,2.3268731E-1,3.305744E-1,-5.028845E-2,4.2690843E-2,-0E0,-4.830666E-2,-3.1139445E-3,5.20386E-2,7.2074614E-2,-0E0],"split_indices":[9,3,9,4,15,3,4,0,0,0,0,0,0,0,0],"split_type":[0,0,0,0,0,0,0,0,0,0,0,0,0,0,0],"sum_hessian":[4.4033347E2,1.7860434E2,2.6172913E2,3.6615482E1,1.4198886E2,1.929644E2,6.876474E1,1.758012E1,1.9035362E1,1.8397453E1,1.2359141E2,1.6460864E2,2.8355757E1,5.094713E1,1.7817612E1],"tree_param":{"num_deleted":"0","num_feature":"16","num_nodes":"15","size_leaf_vector":"1"}}]},"name":"gbtree"},"learner_model_param":{"base_score":"[5E-1]","boost_from_average":"1","num_class":"0","num_feature":"16","num_target":"1"},"objective":{"name":"binary:logistic","reg_loss_param":{"scale_pos_weight":"0.291921407"}}},"version":[3,2,0]}