{"learner":{"attributes":{"scikit_learn":"{\"_estimator_type\": \"classifier\"}"},"feature_names":["bias_week","bias_month","bias_quarter","bias_year","rsi","macd","macd_signal","vol_change","close_change","bb_width","return_5d","k_upper","k_lower","k_body","buy_power","rs_5d","obv","atr_ratio","trend_strength"],"feature_types":["float","float","float","float","float","float","float","float","float","float","float","float","float","float","float","float","float","float","float"],"gradient_booster":{"model":{"cats":{"enc":[],"feature_segments":[],"sorted_idx":[]},"gbtree_model_param":{"num_parallel_tree":"1","num_trees":"4"},"iteration_indptr":[0,1,2,3,4],"tree_info":[0,0,0,0],"trees":[{"base_weights":[-3.393994E-3,-2.3616593E-1,1.5283008E-1,4.6279497E-2,-2.9769E-1,7.9748434E-1,6.783356E-2,-4.0758062E-2,7.02419E-3,3.1068696E-2,1.0569286E-1,-7.646743E-2,1.3043408E-2],"categories":[],"categories_nodes":[],"categories_segments":[],"categories_sizes":[],"default_left":[0,0,0,0,0,0,0,0,0,0,0,0,0],"id":0,"left_children":[1,3,5,-1,7,9,11,-1,-1,-1,-1,-1,-1],"loss_changes":[5.0922306E1,2.4104273E1,4.3471794E1,0E0,2.260299E1,8.997082E0,3.783849E1,0E0,0E0,0E0,0E0,0E0,0E0],"parents":[2147483647,0,0,1,1,2,2,4,4,5,5,6,6],"right_children":[2,4,6,-1,8,10,12,-1,-1,-1,-1,-1,-1],"split_conditions":[-4.854254E-3,-3.7842876E-1,-2.9108644E-1,4.6279497E-2,1.3645245E-1,-5.118827E0,-3.3951728E0,-4.0758062E-2,7.02419E-3,3.1068696E-2,1.0569286E-1,-7.646743E-2,1.3043408E-2],"split_indices":[0,3,3,0,3,6,5,0,0,0,0,0,0],"split_type":[0,0,0,0,0,0,0,0,0,0,0,0,0],"sum_hessian":[1.3950052E3,5.660256E2,8.2897974E2,4.257711E1,5.234485E2,9.340138E1,7.3557837E2,4.0512946E2,1.1831899E2,3.6328327E1,5.707305E1,4.9329952E1,6.862484E2],"tree_param":{"num_deleted":"0","num_feature":"19","num_nodes":"13","size_leaf_vector":"1"}},{"base_weights":[1.9054059E-2,-1.8106964E-1,1.939826E-1,-2.763665E-1,3.1672356E-1,8.564782E-1,8.532032E-2,-1.8254107E-2,-8.816933E-2,5.0748646E-2,-6.2251024E-2,1.5273625E-1,5.1500708E-2,1.0657868E-1,3.1909605E-3],"categories":[],"categories_nodes":[],"categories_segments":[],"categories_sizes":[],"default_left":[0,0,0,0,0,0,0,0,0,0,0,0,0,0,0],"id":1,"left_children":[1,3,5,7,9,11,13,-1,-1,-1,-1,-1,-1,-1,-1],"loss_changes":[4.9173183E1,3.0691353E1,5.2227257E1,2.8583786E1,1.825037E1,1.9139832E1,3.176297E1,0E0,0E0,0E0,0E0,0E0,0E0,0E0,0E0],"parents":[2147483647,0,0,1,1,2,2,3,3,4,4,5,5,6,6],"right_children":[2,4,6,8,10,12,14,-1,-1,-1,-1,-1,-1,-1,-1],"split_conditions":[-4.149355E-3,1.3645245E-1,-2.2064553E-1,7.87987E-3,-1.5370286E-2,7.181756E-2,2.903199E-2,-1.8254107E-2,-8.816933E-2,5.0748646E-2,-6.2251024E-2,1.5273625E-1,5.1500708E-2,1.0657868E-1,3.1909605E-3],"split_indices":[1,3,3,3,1,9,9,0,0,0,0,0,0,0,0],"split_type":[0,0,0,0,0,0,0,0,0,0,0,0,0,0,0],"sum_hessian":[1.4036655E3,6.486728E2,7.5499274E2,5.482753E2,1.00397446E2,1.03385414E2,6.516073E2,4.7971808E2,6.855726E1,8.523228E1,1.5165174E1,3.1871592E1,7.151382E1,3.0992725E1,6.206146E2],"tree_param":{"num_deleted":"0","num_feature":"19","num_nodes":"15","size_leaf_vector":"1"}},{"base_weights":[-7.903417E-3,-2.1572126E-1,1.491303E-1,-4.7937614E-1,-1.3928472E-1,8.073757E-1,1.0996873E-1,-1.827824E-2,-8.242098E-2,3.8470816E-2,-2.6110273E-2,2.9160948E-2,1.2511413E-1,-6.712645E-3,2.909752E-2],"categories":[],"categories_nodes":[],"categories_segments":[],"categories_sizes":[],"default_left":[0,0,0,0,0,0,0,0,0,0,0,0,0,0,0],"id":2,"left_children":[1,3,5,7,9,11,13,-1,-1,-1,-1,-1,-1,-1,-1],"loss_changes":[4.568297E1,1.0826683E1,1.8252007E1,1.1152674E1,3.088956E1,6.0265903E0,2.4859413E1,0E0,0E0,0E0,0E0,0E0,0E0,0E0,0E0],"parents":[2147483647,0,0,1,1,2,2,3,3,4,4,5,5,6,6],"right_children":[2,4,6,8,10,12,14,-1,-1,-1,-1,-1,-1,-1,-1],"split_conditions":[-3.0060045E-3,3.284379E-2,2.903199E-2,-2.8604519E-2,4.0697668E-2,2.2470659E-2,2.6342858E-2,-1.827824E-2,-8.242098E-2,3.8470816E-2,-2.6110273E-2,2.9160948E-2,1.2511413E-1,-6.712645E-3,2.909752E-2],"split_indices":[0,17,9,2,17,17,1,0,0,0,0,0,0,0,0],"split_type":[0,0,0,0,0,0,0,0,0,0,0,0,0,0,0],"sum_hessian":[1.3950856E3,6.066176E2,7.884679E2,1.296177E2,4.7699994E2,4.095642E1,7.475115E2,7.4009155E1,5.5608555E1,8.730395E1,3.8969598E2,2.1608286E1,1.9348135E1,3.7345404E2,3.7405743E2],"tree_param":{"num_deleted":"0","num_feature":"19","num_nodes":"15","size_leaf_vector":"1"}},{"base_weights":[-1.2909093E-2,3.4961915E-1,-7.296159E-2,1.6284955E-1,1.6081655E-1,-2.1489556E-1,2.1963812E-1,-2.505697E-2,7.028483E-2,-1.2047663E-2,-7.272522E-2,4.0008947E-2,-8.263415E-3],"categories":[],"categories_nodes":[],"categories_segments":[],"categories_sizes":[],"default_left":[0,0,0,0,0,0,0,0,0,0,0,0,0],"id":3,"left_children":[1,3,5,-1,7,9,11,-1,-1,-1,-1,-1,-1],"loss_changes":[2.9808218E1,4.3071E1,5.0016247E1,0E0,3.9595417E1,3.7597176E1,2.2329582E1,0E0,0E0,0E0,0E0,0E0,0E0],"parents":[2147483647,0,0,1,1,2,2,4,4,5,5,6,6],"right_children":[2,4,6,-1,8,10,12,-1,-1,-1,-1,-1,-1],"split_conditions":[-2.78773E-1,3.89495E-2,1.1808462E-1,1.6284955E-1,-1.5933886E-1,7.632384E-2,6.1932724E-2,-2.505697E-2,7.028483E-2,-1.2047663E-2,-7.272522E-2,4.0008947E-2,-8.263415E-3],"split_indices":[3,17,3,0,4,17,17,0,0,0,0,0,0],"split_type":[0,0,0,0,0,0,0,0,0,0,0,0,0],"sum_hessian":[1.3976686E3,1.9323274E2,1.2044359E3,2.3038153E1,1.7019458E2,8.1622705E2,3.8820883E2,9.466589E1,7.5528694E1,6.952957E2,1.209313E2,2.4629279E2,1.4191605E2],"tree_param":{"num_deleted":"0","num_feature":"19","num_nodes":"13","size_leaf_vector":"1"}}]},"name":"gbtree"},"learner_model_param":{"base_score":"[5E-1]","boost_from_average":"1","num_class":"0","num_feature":"19","num_target":"1"},"objective":{"name":"binary:logistic","reg_loss_param":{"scale_pos_weight":"2.33279228"}}},"version":[3,2,0]}