{"learner":{"attributes":{"scikit_learn":"{\"_estimator_type\": \"classifier\"}"},"feature_names":["bias_week","bias_month","bias_quarter","bias_year","rsi","macd","macd_signal","vol_change","close_change","bb_width","return_5d","k_upper","k_lower","k_body","buy_power","rs_5d"],"feature_types":["float","float","float","float","float","float","float","float","float","float","float","float","float","float","float","float"],"gradient_booster":{"model":{"cats":{"enc":[],"feature_segments":[],"sorted_idx":[]},"gbtree_model_param":{"num_parallel_tree":"1","num_trees":"5"},"iteration_indptr":[0,1,2,3,4,5],"tree_info":[0,0,0,0,0],"trees":[{"base_weights":[-0E0,8.976701E-2,-4.5047335E-2,-1.4668809E-1,2.508301E-1,3.9192796E-2,-2.528873E-2,7.9205275E-2,1.2220696E-2],"categories":[],"categories_nodes":[],"categories_segments":[],"categories_sizes":[],"default_left":[0,0,0,0,0,0,0,0,0],"id":0,"left_children":[1,-1,3,5,7,-1,-1,-1,-1],"loss_changes":[1.5273172E1,0E0,1.1016246E1,1.635255E1,4.2045264E0,0E0,0E0,0E0,0E0],"parents":[2147483647,0,0,2,2,3,3,4,4],"right_children":[2,-1,4,6,8,-1,-1,-1,-1],"split_conditions":[-3.552046E-1,8.976701E-2,1.5331069E0,-3.1498806E0,-2.3696546E-2,3.9192796E-2,-2.528873E-2,7.9205275E-2,1.2220696E-2],"split_indices":[3,0,6,5,8,0,0,0,0],"split_type":[0,0,0,0,0,0,0,0,0],"sum_hessian":[3.9159525E2,1.7646935E1,3.739483E2,2.840348E2,8.991353E1,4.379387E1,2.402409E2,1.3579598E1,7.633393E1],"tree_param":{"num_deleted":"0","num_feature":"16","num_nodes":"9","size_leaf_vector":"1"}},{"base_weights":[3.5077545E-3,-3.368632E-1,3.168342E-1,-4.53588E-2,-8.209234E-3,1.3207905E-1,6.1518565E-2,2.628323E-2,-5.0864657E-3],"categories":[],"categories_nodes":[],"categories_segments":[],"categories_sizes":[],"default_left":[0,0,0,0,0,0,0,0,0],"id":1,"left_children":[1,3,5,-1,-1,7,-1,-1,-1],"loss_changes":[4.1649776E1,4.4065495E0,9.898626E0,0E0,0E0,3.7320487E0,0E0,0E0,0E0],"parents":[2147483647,0,0,1,1,2,2,5,5],"right_children":[2,4,6,-1,-1,8,-1,-1,-1],"split_conditions":[6.902154E-2,-1.9709442E-3,1.193145E-1,-4.53588E-2,-8.209234E-3,2.2140263E-2,6.1518565E-2,2.628323E-2,-5.0864657E-3],"split_indices":[9,15,9,0,0,10,0,0,0],"split_type":[0,0,0,0,0,0,0,0,0],"sum_hessian":[3.908054E2,1.8386693E2,2.0693846E2,1.1869928E2,6.516765E1,1.3329185E2,7.36466E1,8.4394264E1,4.8897594E1],"tree_param":{"num_deleted":"0","num_feature":"16","num_nodes":"9","size_leaf_vector":"1"}},{"base_weights":[4.205076E-2,-5.1841073E-2,3.1013447E-1,3.302846E-1,-1.7385565E-1,4.5843E-2,-0E0,4.8050825E-2,-1.1064165E-2,-2.4558833E-2,1.619632E-2,-4.7604352E-2,2.889139E-2],"categories":[],"categories_nodes":[],"categories_segments":[],"categories_sizes":[],"default_left":[0,0,0,0,0,0,0,0,0,0,0,0,0],"id":2,"left_children":[1,3,5,7,9,-1,11,-1,-1,-1,-1,-1,-1],"loss_changes":[1.0288778E1,1.2678733E1,4.791399E0,5.146075E0,5.5683827E0,0E0,4.9594073E0,0E0,0E0,0E0,0E0,0E0,0E0],"parents":[2147483647,0,0,1,1,2,2,3,3,4,4,6,6],"right_children":[2,4,6,8,10,-1,12,-1,-1,-1,-1,-1,-1],"split_conditions":[1.1512961E0,-4.9864784E-2,2.732629E-1,-6.7471385E-1,4.4020277E-2,4.5843E-2,4.069238E-1,4.8050825E-2,-1.1064165E-2,-2.4558833E-2,1.619632E-2,-4.7604352E-2,2.889139E-2],"split_indices":[6,1,3,6,1,0,3,0,0,0,0,0,0],"split_type":[0,0,0,0,0,0,0,0,0,0,0,0,0],"sum_hessian":[3.8549487E2,2.7932065E2,1.0617424E2,6.3098442E1,2.162222E2,7.021144E1,3.59628E1,5.0559444E1,1.2538996E1,1.8293182E2,3.329037E1,1.29543E1,2.3008497E1],"tree_param":{"num_deleted":"0","num_feature":"16","num_nodes":"13","size_leaf_vector":"1"}},{"base_weights":[-2.217653E-3,4.187377E-2,-7.91995E-2,-2.1548091E-1,1.5749729E-1,-0E0,-3.069297E-2,6.2173855E-2,5.1632007E-3],"categories":[],"categories_nodes":[],"categories_segments":[],"categories_sizes":[],"default_left":[0,0,0,0,0,0,0,0,0],"id":3,"left_children":[1,-1,3,5,7,-1,-1,-1,-1],"loss_changes":[1.2099958E1,0E0,1.1038382E1,4.140316E0,4.282484E0,0E0,0E0,0E0,0E0],"parents":[2147483647,0,0,2,2,3,3,4,4],"right_children":[2,-1,4,6,8,-1,-1,-1,-1],"split_conditions":[-3.0262024E0,4.187377E-2,1.1144089E0,-2.3282196E-2,-2.2140337E-2,-0E0,-3.069297E-2,6.2173855E-2,5.1632007E-3],"split_indices":[5,0,5,1,8,0,0,0,0],"split_type":[0,0,0,0,0,0,0,0,0],"sum_hessian":[3.939251E2,5.594037E1,3.3798474E2,2.2053851E2,1.17446236E2,7.036289E1,1.5017561E2,1.755593E1,9.9890305E1],"tree_param":{"num_deleted":"0","num_feature":"16","num_nodes":"9","size_leaf_vector":"1"}},{"base_weights":[1.2590828E-2,-2.5802854E-1,2.3783535E-1,-3.197682E-2,1.967907E-2,5.8326174E-2,4.4491914E-1,-4.099403E-3,3.5745207E-2,5.507995E-2,-0E0],"categories":[],"categories_nodes":[],"categories_segments":[],"categories_sizes":[],"default_left":[0,0,0,0,0,0,0,0,0,0,0],"id":4,"left_children":[1,3,5,-1,-1,7,9,-1,-1,-1,-1],"loss_changes":[2.3822643E1,5.372425E0,6.976265E0,0E0,0E0,4.416876E0,4.753128E0,0E0,0E0,0E0,0E0],"parents":[2147483647,0,0,1,1,2,2,5,5,6,6],"right_children":[2,4,6,-1,-1,8,10,-1,-1,-1,-1],"split_conditions":[6.733706E-2,2.1958901E-1,1.0806451E-1,-3.197682E-2,1.967907E-2,1.1820619E0,3.085244E-1,-4.099403E-3,3.5745207E-2,5.507995E-2,-0E0],"split_indices":[9,3,9,0,0,5,3,0,0,0,0],"split_type":[0,0,0,0,0,0,0,0,0,0,0],"sum_hessian":[3.9141055E2,1.7324518E2,2.1816537E2,1.5619603E2,1.7049149E1,1.2274845E2,9.541692E1,8.673242E1,3.6016026E1,7.6656296E1,1.8760628E1],"tree_param":{"num_deleted":"0","num_feature":"16","num_nodes":"11","size_leaf_vector":"1"}}]},"name":"gbtree"},"learner_model_param":{"base_score":"[5E-1]","boost_from_average":"1","num_class":"0","num_feature":"16","num_target":"1"},"objective":{"name":"binary:logistic","reg_loss_param":{"scale_pos_weight":"0.255179703"}}},"version":[3,2,0]}