{"learner":{"attributes":{"scikit_learn":"{\"_estimator_type\": \"classifier\"}"},"feature_names":["bias_week","bias_month","bias_quarter","bias_year","rsi","macd","macd_signal","vol_change","close_change","bb_width","return_5d","k_upper","k_lower","k_body","buy_power","rs_5d","obv","atr_ratio","trend_strength"],"feature_types":["float","float","float","float","float","float","float","float","float","float","float","float","float","float","float","float","float","float","float"],"gradient_booster":{"model":{"cats":{"enc":[],"feature_segments":[],"sorted_idx":[]},"gbtree_model_param":{"num_parallel_tree":"1","num_trees":"3"},"iteration_indptr":[0,1,2,3],"tree_info":[0,0,0],"trees":[{"base_weights":[-0E0,-2.119623E-1,3.3246177E-1,-2.5474823E-1,3.5761606E-2,2.0884873E-1,9.6101925E-2,-2.9136848E-2,2.870299E-2,3.6139723E-2,-2.4985872E-2],"categories":[],"categories_nodes":[],"categories_segments":[],"categories_sizes":[],"default_left":[0,0,0,0,0,0,0,0,0,0,0],"id":0,"left_children":[1,3,5,7,-1,9,-1,-1,-1,-1,-1],"loss_changes":[2.7580347E1,5.6474724E0,9.282379E0,4.8303204E0,0E0,9.594343E0,0E0,0E0,0E0,0E0,0E0],"parents":[2147483647,0,0,1,1,2,2,3,3,5,5],"right_children":[2,4,6,8,-1,10,-1,-1,-1,-1,-1],"split_conditions":[6.72385E-2,3.3231238E-1,7.026581E-2,5.8350015E-2,3.5761606E-2,2.6563963E-1,9.6101925E-2,-2.9136848E-2,2.870299E-2,3.6139723E-2,-2.4985872E-2],"split_indices":[18,3,17,17,0,3,0,0,0,0,0],"split_type":[0,0,0,0,0,0,0,0,0,0,0],"sum_hessian":[3.9182462E2,2.3993582E2,1.5188881E2,2.2695468E2,1.2981143E1,1.302351E2,2.1653708E1,2.1568587E2,1.1268804E1,1.01047905E2,2.9187197E1],"tree_param":{"num_deleted":"0","num_feature":"19","num_nodes":"11","size_leaf_vector":"1"}},{"base_weights":[4.3884367E-3,-3.2827657E-1,3.0981752E-1,-5.042769E-1,-1.2834755E-1,1.23454325E-1,6.1185677E-2,-6.1405435E-2,9.382122E-3,6.863582E-3,-5.162236E-2,-5.0191297E-3,3.3708576E-2],"categories":[],"categories_nodes":[],"categories_segments":[],"categories_sizes":[],"default_left":[0,0,0,0,0,0,0,0,0,0,0,0,0],"id":1,"left_children":[1,3,5,7,9,11,-1,-1,-1,-1,-1,-1,-1],"loss_changes":[3.9703003E1,5.032736E0,1.019388E1,7.4854507E0,8.152932E0,5.6901693E0,0E0,0E0,0E0,0E0,0E0,0E0,0E0],"parents":[2147483647,0,0,1,1,2,2,3,3,4,4,5,5],"right_children":[2,4,6,8,10,12,-1,-1,-1,-1,-1,-1,-1],"split_conditions":[6.898327E-2,1.072761E-3,1.192893E-1,6.2127136E-2,5.58751E-2,-6.4374134E-2,6.1185677E-2,-6.1405435E-2,9.382122E-3,6.863582E-3,-5.162236E-2,-5.0191297E-3,3.3708576E-2],"split_indices":[9,3,9,9,9,3,0,0,0,0,0,0,0],"split_type":[0,0,0,0,0,0,0,0,0,0,0,0,0],"sum_hessian":[3.9100983E2,1.8362416E2,2.0738567E2,9.159592E1,9.202825E1,1.3368138E2,7.370428E1,8.0026405E1,1.1569512E1,5.7413E1,3.461525E1,6.834105E1,6.534034E1],"tree_param":{"num_deleted":"0","num_feature":"19","num_nodes":"13","size_leaf_vector":"1"}},{"base_weights":[4.2104132E-2,-1.2678121E-1,5.018808E-1,-2.3246866E-1,1.8720042E-2,-0E0,5.911111E-2,3.0298032E-2,-3.1513687E-2],"categories":[],"categories_nodes":[],"categories_segments":[],"categories_sizes":[],"default_left":[0,0,0,0,0,0,0,0,0],"id":2,"left_children":[1,3,5,7,-1,-1,-1,-1,-1],"loss_changes":[3.0796267E1,9.389061E0,6.0912533E0,9.844574E0,0E0,0E0,0E0,0E0,0E0],"parents":[2147483647,0,0,1,1,2,2,3,3],"right_children":[2,4,6,8,-1,-1,-1,-1,-1],"split_conditions":[1.0319487E-1,1.0410835E0,3.951693E-2,-2.5659657E0,1.8720042E-2,-0E0,5.911111E-2,3.0298032E-2,-3.1513687E-2],"split_indices":[9,5,17,5,0,0,0,0,0],"split_type":[0,0,0,0,0,0,0,0,0],"sum_hessian":[3.855734E2,2.7844705E2,1.0712633E2,2.1394382E2,6.4503235E1,1.3999345E1,9.312698E1,2.561125E1,1.8833257E2],"tree_param":{"num_deleted":"0","num_feature":"19","num_nodes":"9","size_leaf_vector":"1"}}]},"name":"gbtree"},"learner_model_param":{"base_score":"[5E-1]","boost_from_average":"1","num_class":"0","num_feature":"19","num_target":"1"},"objective":{"name":"binary:logistic","reg_loss_param":{"scale_pos_weight":"0.255229235"}}},"version":[3,2,0]}