{"learner":{"attributes":{"scikit_learn":"{\"_estimator_type\": \"classifier\"}"},"feature_names":["bias_week","bias_month","bias_quarter","bias_year","rsi","macd","macd_signal","vol_change","close_change","bb_width","return_5d","return_10d","k_upper","k_lower","k_body","buy_power","rs_5d","rs_10d","dist_to_20d_high","dist_to_20d_low","kd_k","kd_d","kd_cross","gap_ratio","obv","atr_ratio","trend_strength"],"feature_types":["float","float","float","float","float","float","float","float","float","float","float","float","float","float","float","float","float","float","float","float","float","float","float","float","float","float","float"],"gradient_booster":{"model":{"gbtree_model_param":{"num_parallel_tree":"1","num_trees":"12"},"iteration_indptr":[0,1,2,3,4,5,6,7,8,9,10,11,12],"tree_info":[0,0,0,0,0,0,0,0,0,0,0,0],"trees":[{"base_weights":[-2.4234795E-3,-2.5654453E-1,2.5991642E-1,3.5505614E-1,-3.666832E-1,4.8220688E-1,-7.810785E-2,2.5827563E-3,1.01492226E-1,-1.6764E-2,-8.4533475E-2,5.9262965E-2,9.206223E-4,-3.6374968E-2,6.981834E-2],"categories":[],"categories_nodes":[],"categories_segments":[],"categories_sizes":[],"default_left":[0,0,0,0,0,0,0,0,0,0,0,0,0,0,0],"id":0,"left_children":[1,3,5,7,9,11,13,-1,-1,-1,-1,-1,-1,-1,-1],"loss_changes":[1.0367246E2,5.364614E1,5.811507E1,2.3665476E1,6.251593E1,2.3861313E1,6.6833916E1,0E0,0E0,0E0,0E0,0E0,0E0,0E0,0E0],"parents":[2147483647,0,0,1,1,2,2,3,3,4,4,5,5,6,6],"right_children":[2,4,6,8,10,12,14,-1,-1,-1,-1,-1,-1,-1,-1],"split_conditions":[1.6114505E-2,-2.9407415E-1,4.3626096E-2,-1.3865836E-1,4.7066577E-2,7.532614E-2,1.4473198E-1,2.5827563E-3,1.01492226E-1,-1.6764E-2,-8.4533475E-2,5.9262965E-2,9.206223E-4,-3.6374968E-2,6.981834E-2],"split_indices":[4,3,25,2,25,26,1,0,0,0,0,0,0,0,0],"split_type":[0,0,0,0,0,0,0,0,0,0,0,0,0,0,0],"sum_hessian":[1.5534893E3,7.934806E2,7.600087E2,1.1767011E2,6.758104E2,4.6229648E2,2.9771225E2,8.170207E1,3.596805E1,4.8437238E2,1.914381E2,3.677264E2,9.4570076E1,2.1989815E2,7.781409E1],"tree_param":{"num_deleted":"0","num_feature":"27","num_nodes":"15","size_leaf_vector":"1"}},{"base_weights":[3.0249324E-2,-2.8261077E-1,2.700148E-1,5.552552E-1,-3.9743108E-1,1.8942699E-1,8.707543E-1,1.0137317E-1,-0E0,-1.11310175E-2,-6.5220326E-2,3.6475737E-2,-1.2537994E-2,9.90022E-2,1.8716747E-2],"categories":[],"categories_nodes":[],"categories_segments":[],"categories_sizes":[],"default_left":[0,0,0,0,0,0,0,0,0,0,0,0,0,0,0],"id":1,"left_children":[1,3,5,7,9,11,13,-1,-1,-1,-1,-1,-1,-1,-1],"loss_changes":[1.1815202E2,6.520531E1,4.0842438E1,2.2031158E1,4.2736717E1,4.5309242E1,6.0522003E0,0E0,0E0,0E0,0E0,0E0,0E0,0E0,0E0],"parents":[2147483647,0,0,1,1,2,2,3,3,4,4,5,5,6,6],"right_children":[2,4,6,8,10,12,14,-1,-1,-1,-1,-1,-1,-1,-1],"split_conditions":[-1.057312E-2,-3.5775518E-1,1.4473198E-1,-4.1095795E-5,2.9581293E1,8.530528E-2,2.5065288E-1,1.0137317E-1,-0E0,-1.11310175E-2,-6.5220326E-2,3.6475737E-2,-1.2537994E-2,9.90022E-2,1.8716747E-2],"split_indices":[2,3,1,24,21,9,1,0,0,0,0,0,0,0,0],"split_type":[0,0,0,0,0,0,0,0,0,0,0,0,0,0,0],"sum_hessian":[1.5737249E3,6.786393E2,8.950856E2,7.9026215E1,5.9961304E2,7.935236E2,1.0156199E2,4.381986E1,3.5206352E1,2.906787E2,3.0893433E2,5.116858E2,2.818378E2,8.247096E1,1.9091028E1],"tree_param":{"num_deleted":"0","num_feature":"27","num_nodes":"15","size_leaf_vector":"1"}},{"base_weights":[3.8238273E-3,5.895485E-1,-7.357757E-2,1.6438954E-1,9.213532E-1,-2.9397306E-1,1.9862929E-1,-4.218392E-2,5.7853825E-2,1.0461418E-1,-3.7850313E-2,-2.5128825E-2,-1.3712443E-1,8.907683E-3,7.3472805E-2],"categories":[],"categories_nodes":[],"categories_segments":[],"categories_sizes":[],"default_left":[0,0,0,0,0,0,0,0,0,0,0,0,0,0,0],"id":2,"left_children":[1,3,5,7,9,11,13,-1,-1,-1,-1,-1,-1,-1,-1],"loss_changes":[7.213152E1,2.3676651E1,8.30145E1,2.171076E1,1.9459862E1,2.9955147E1,3.4234993E1,0E0,0E0,0E0,0E0,0E0,0E0,0E0,0E0],"parents":[2147483647,0,0,1,1,2,2,3,3,4,4,5,5,6,6],"right_children":[2,4,6,8,10,12,14,-1,-1,-1,-1,-1,-1,-1,-1],"split_conditions":[2.6525788E-2,-6.491793E-3,3.0502783E-2,3.839237E-2,1.5319027E-1,2.6666068E-2,3.118909E-1,-4.218392E-2,5.7853825E-2,1.0461418E-1,-3.7850313E-2,-2.5128825E-2,-1.3712443E-1,8.907683E-3,7.3472805E-2],"split_indices":[25,17,2,9,3,17,19,0,0,0,0,0,0,0,0],"split_type":[0,0,0,0,0,0,0,0,0,0,0,0,0,0,0],"sum_hessian":[1.5636996E3,1.852518E2,1.3784478E3,8.4746315E1,1.00505486E2,7.6625433E2,6.121935E2,3.2954624E1,5.179169E1,9.290092E1,7.6045656E0,7.41681E2,2.4573282E1,5.141259E2,9.80676E1],"tree_param":{"num_deleted":"0","num_feature":"27","num_nodes":"15","size_leaf_vector":"1"}},{"base_weights":[-2.9199116E-3,-2.1487877E-1,1.8995962E-1,5.714949E-1,-3.1312236E-1,4.0521625E-1,-6.9366135E-2,-5.2024733E-2,8.170735E-2,-2.973781E-3,-4.58786E-2,-8.704849E-3,5.566518E-2,-3.46675E-2,5.589926E-2],"categories":[],"categories_nodes":[],"categories_segments":[],"categories_sizes":[],"default_left":[0,0,0,0,0,0,0,0,0,0,0,0,0,0,0],"id":3,"left_children":[1,3,5,7,9,11,13,-1,-1,-1,-1,-1,-1,-1,-1],"loss_changes":[6.3728485E1,5.732748E1,4.598913E1,2.3372087E1,2.711441E1,3.550006E1,6.409176E1,0E0,0E0,0E0,0E0,0E0,0E0,0E0,0E0],"parents":[2147483647,0,0,1,1,2,2,3,3,4,4,5,5,6,6],"right_children":[2,4,6,8,10,12,14,-1,-1,-1,-1,-1,-1,-1,-1],"split_conditions":[-1.1875234E-3,-3.5775518E-1,4.2014785E-2,1.4466724E1,3.397264E-2,-6.351312E-2,1.8052846E-1,-5.2024733E-2,8.170735E-2,-2.973781E-3,-4.58786E-2,-8.704849E-3,5.566518E-2,-3.46675E-2,5.589926E-2],"split_indices":[4,3,25,21,25,3,9,0,0,0,0,0,0,0,0],"split_type":[0,0,0,0,0,0,0,0,0,0,0,0,0,0,0],"sum_hessian":[1.5557219E3,7.467237E2,8.0899817E2,7.9919464E1,6.6680426E2,4.4654572E2,3.6245248E2,1.3102674E1,6.681679E1,2.3584619E2,4.3095807E2,1.0391844E2,3.4262726E2,2.5398721E2,1.0846527E2],"tree_param":{"num_deleted":"0","num_feature":"27","num_nodes":"15","size_leaf_vector":"1"}},{"base_weights":[-1.0523789E-2,2.6900834E-1,-1.4362393E-1,-2.128793E-1,3.5970476E-1,-2.2780225E-1,5.923495E-1,-1.0983304E-1,1.8688105E-2,1.333225E-2,5.5183772E-2,3.5390966E-2,-3.0433483E-2,7.704872E-2,2.7190843E-3],"categories":[],"categories_nodes":[],"categories_segments":[],"categories_sizes":[],"default_left":[0,0,0,0,0,0,0,0,0,0,0,0,0,0,0],"id":4,"left_children":[1,3,5,7,9,11,13,-1,-1,-1,-1,-1,-1,-1,-1],"loss_changes":[5.768967E1,2.2125313E1,6.5024796E1,2.929209E1,1.7098724E1,4.4097614E1,9.248585E0,0E0,0E0,0E0,0E0,0E0,0E0,0E0,0E0],"parents":[2147483647,0,0,1,1,2,2,3,3,4,4,5,5,6,6],"right_children":[2,4,6,8,10,12,14,-1,-1,-1,-1,-1,-1,-1,-1],"split_conditions":[3.374866E-2,-1.4925458E-1,1.3214175E-1,-1.641012E-2,3.2877777E-2,-3.236869E-1,6.6082716E-1,-1.0983304E-1,1.8688105E-2,1.333225E-2,5.5183772E-2,3.5390966E-2,-3.0433483E-2,7.704872E-2,2.7190843E-3],"split_indices":[25,3,1,17,26,3,3,0,0,0,0,0,0,0,0],"split_type":[0,0,0,0,0,0,0,0,0,0,0,0,0,0,0],"sum_hessian":[1.5563967E3,4.9628912E2,1.0601075E3,7.448997E1,4.2179916E2,9.545841E2,1.0552347E2,2.434133E1,5.014864E1,2.0256122E2,2.1923795E2,1.0987149E2,8.447126E2,7.6308464E1,2.9215002E1],"tree_param":{"num_deleted":"0","num_feature":"27","num_nodes":"15","size_leaf_vector":"1"}},{"base_weights":[1.1425129E-2,-1.6844879E-1,1.7791802E-1,-1.1815991E-1,-1.2302855E0,3.7085217E-1,-8.190707E-2,4.042535E-2,-2.2171123E-2,-1.439061E-1,-0E0,3.0273456E-2,1.206987E-1,-2.5889765E-2,4.9257115E-2],"categories":[],"categories_nodes":[],"categories_segments":[],"categories_sizes":[],"default_left":[0,0,0,0,0,0,0,0,0,0,0,0,0,0,0],"id":5,"left_children":[1,3,5,7,9,11,13,-1,-1,-1,-1,-1,-1,-1,-1],"loss_changes":[4.7163666E1,3.6893578E1,4.1982212E1,3.949138E1,6.5786476E0,2.2802269E1,3.5509426E1,0E0,0E0,0E0,0E0,0E0,0E0,0E0,0E0],"parents":[2147483647,0,0,1,1,2,2,3,3,4,4,5,5,6,6],"right_children":[2,4,6,8,10,12,14,-1,-1,-1,-1,-1,-1,-1,-1],"split_conditions":[-1.1875234E-3,2.2209719E-2,4.2192683E-2,-2.9407415E-1,4.834251E-3,5.114884E-1,5.9605355E0,4.042535E-2,-2.2171123E-2,-1.439061E-1,-0E0,3.0273456E-2,1.206987E-1,-2.5889765E-2,4.9257115E-2],"split_indices":[4,16,25,3,0,4,5,0,0,0,0,0,0,0,0],"split_type":[0,0,0,0,0,0,0,0,0,0,0,0,0,0,0],