{"learner":{"attributes":{"scikit_learn":"{\"_estimator_type\": \"classifier\"}"},"feature_names":["bias_week","bias_month","bias_quarter","bias_year","rsi","macd","macd_signal","vol_change","close_change","bb_width","return_5d","k_upper","k_lower","k_body","buy_power","rs_5d"],"feature_types":["float","float","float","float","float","float","float","float","float","float","float","float","float","float","float","float"],"gradient_booster":{"model":{"cats":{"enc":[],"feature_segments":[],"sorted_idx":[]},"gbtree_model_param":{"num_parallel_tree":"1","num_trees":"20"},"iteration_indptr":[0,1,2,3,4,5,6,7,8,9,10,11,12,13,14,15,16,17,18,19,20],"tree_info":[0,0,0,0,0,0,0,0,0,0,0,0,0,0,0,0,0,0,0,0],"trees":[{"base_weights":[-0E0,9.361653E-2,-4.335902E-2,-1.7286792E-1,2.2363824E-1,3.8530216E-2,-2.9264247E-2,4.8359614E-2,4.288648E-3],"categories":[],"categories_nodes":[],"categories_segments":[],"categories_sizes":[],"default_left":[0,0,0,0,0,0,0,0,0],"id":0,"left_children":[1,-1,3,5,7,-1,-1,-1,-1],"loss_changes":[1.5396902E1,0E0,1.3086345E1,1.7809586E1,4.467035E0,0E0,0E0,0E0,0E0],"parents":[2147483647,0,0,2,2,3,3,4,4],"right_children":[2,-1,4,6,8,-1,-1,-1,-1],"split_conditions":[-3.5793537E-1,9.361653E-2,1.100184E0,-3.1659937E0,1.6666801E-1,3.8530216E-2,-2.9264247E-2,4.8359614E-2,4.288648E-3],"split_indices":[3,0,6,5,11,0,0,0,0],"split_type":[0,0,0,0,0,0,0,0,0],"sum_hessian":[3.9800287E2,1.6404678E1,3.815982E2,2.6266302E2,1.1893519E2,4.361204E1,2.1905096E2,4.316847E1,7.576672E1],"tree_param":{"num_deleted":"0","num_feature":"16","num_nodes":"9","size_leaf_vector":"1"}},{"base_weights":[-2.1027503E-5,-3.7511674E-1,3.1077102E-1,-4.4131976E-2,-0E0,8.872313E-3,6.574336E-2],"categories":[],"categories_nodes":[],"categories_segments":[],"categories_sizes":[],"default_left":[0,0,0,0,0,0,0],"id":1,"left_children":[1,3,5,-1,-1,-1,-1],"loss_changes":[4.6714035E1,3.8760395E0,1.5061888E1,0E0,0E0,0E0,0E0],"parents":[2147483647,0,0,1,1,2,2],"right_children":[2,4,6,-1,-1,-1,-1],"split_conditions":[6.903502E-2,2.3206739E-2,1.193145E-1,-4.4131976E-2,-0E0,8.872313E-3,6.574336E-2],"split_indices":[9,1,9,0,0,0,0],"split_type":[0,0,0,0,0,0,0],"sum_hessian":[3.9931464E2,1.8421861E2,2.1509601E2,1.5053503E2,3.368358E1,1.360465E2,7.904951E1],"tree_param":{"num_deleted":"0","num_feature":"16","num_nodes":"7","size_leaf_vector":"1"}},{"base_weights":[4.0455602E-2,-8.245488E-3,5.8291636E-2,3.800163E-2,-8.151192E-2,-1.6723685E-2,2.3864878E-2],"categories":[],"categories_nodes":[],"categories_segments":[],"categories_sizes":[],"default_left":[0,0,0,0,0,0,0],"id":2,"left_children":[1,3,-1,-1,5,-1,-1],"loss_changes":[1.1777568E1,9.561668E0,0E0,0E0,8.414874E0,0E0,0E0],"parents":[2147483647,0,0,1,1,4,4],"right_children":[2,4,-1,-1,6,-1,-1],"split_conditions":[3.613723E0,-6.0128417E-2,5.8291636E-2,3.800163E-2,4.4160217E-2,-1.6723685E-2,2.3864878E-2],"split_indices":[6,1,0,0,1,0,0],"split_type":[0,0,0,0,0,0,0],"sum_hessian":[3.928688E2,3.5704572E2,3.582311E1,5.1401627E1,3.0564407E2,2.461389E2,5.9505177E1],"tree_param":{"num_deleted":"0","num_feature":"16","num_nodes":"7","size_leaf_vector":"1"}},{"base_weights":[-0E0,4.4016838E-2,-7.12524E-2,-2.2816648E-1,2.0083402E-1,-7.818902E-4,-3.1585705E-2,7.1239114E-2,8.903117E-3],"categories":[],"categories_nodes":[],"categories_segments":[],"categories_sizes":[],"default_left":[0,0,0,0,0,0,0,0,0],"id":3,"left_children":[1,-1,3,5,7,-1,-1,-1,-1],"loss_changes":[1.2717048E1,0E0,1.4726344E1,3.6987114E0,5.0917563E0,0E0,0E0,0E0,0E0],"parents":[2147483647,0,0,2,2,3,3,4,4],"right_children":[2,-1,4,6,8,-1,-1,-1,-1],"split_conditions":[-3.0306883E0,4.4016838E-2,1.182355E0,-2.3176268E-2,-2.236432E-2,-7.818902E-4,-3.1585705E-2,7.1239114E-2,8.903117E-3],"split_indices":[5,0,5,1,8,0,0,0,0],"split_type":[0,0,0,0,0,0,0,0,0],"sum_hessian":[3.9897955E2,5.5658188E1,3.4332138E2,2.2300908E2,1.203123E2,7.209141E1,1.5091766E2,1.7605528E1,1.0270677E2],"tree_param":{"num_deleted":"0","num_feature":"16","num_nodes":"9","size_leaf_vector":"1"}},{"base_weights":[1.5467606E-2,-1.21391766E-1,5.4027043E-2,-2.8101975E-1,4.6664826E-3,-3.4189828E-2,1.98713E-2],"categories":[],"categories_nodes":[],"categories_segments":[],"categories_sizes":[],"default_left":[0,0,0,0,0,0,0],"id":4,"left_children":[1,3,-1,5,-1,-1,-1],"loss_changes":[2.980889E1,8.948925E0,0E0,5.4667606E0,0E0,0E0,0E0],"parents":[2147483647,0,0,1,1,3,3],"right_children":[2,4,-1,6,-1,-1,-1],"split_conditions":[1.1626088E-1,6.615564E-2,5.4027043E-2,2.2663902E-1,4.6664826E-3,-3.4189828E-2,1.98713E-2],"split_indices":[9,9,0,3,0,0,0],"split_type":[0,0,0,0,0,0,0],"sum_hessian":[3.9828387E2,3.1310373E2,8.518015E1,1.6759908E2,1.4550465E2,1.5218515E2,1.5413935E1],"tree_param":{"num_deleted":"0","num_feature":"16","num_nodes":"7","size_leaf_vector":"1"}},{"base_weights":[-0E0,-1.4106059E-1,4.2728104E-2,-2.6863873E-1,-2.4480151E-2,-6.3102625E-2,-1.4645218E-2,-1.1822791E-2,2.3726337E-2],"categories":[],"categories_nodes":[],"categories_segments":[],"categories_sizes":[],"default_left":[0,0,0,0,0,0,0,0,0],"id":5,"left_children":[1,3,-1,5,7,-1,-1,-1,-1],"loss_changes":[2.4652853E1,3.739859E0,0E0,4.0976543E0,3.82511E0,0E0,0E0,0E0,0E0],"parents":[2147483647,0,0,1,1,3,3,4,4],"right_children":[2,4,-1,6,8,-1,-1,-1,-1],"split_conditions":[1.0858857E-1,-3.98287E-2,4.2728104E-2,4.4150263E-2,7.84496E-2,-6.3102625E-2,-1.4645218E-2,-1.1822791E-2,2.3726337E-2],"split_indices":[9,3,0,9,9,0,0,0,0],"split_type":[0,0,0,0,0,0,0,0,0],"sum_hessian":[3.9690445E2,2.9583908E2,1.0106537E2,1.319745E2,1.6386458E2,2.7994913E1,1.0397959E2,1.26883644E2,3.6980934E1],"tree_param":{"num_deleted":"0","num_feature":"16","num_nodes":"9","size_leaf_vector":"1"}},{"base_weights":[3.1159595E-3,-8.850228E-2,2.3281679E-1,5.3092662E-2,-1.5291685E-1,8.021295E-2,1.4405099E-2,-2.3984011E-2,-0E0],"categories":[],"categories_nodes":[],"categories_segments":[],"categories_sizes":[],"default_left":[0,0,0,0,0,0,0,0,0],"id":6,"left_children":[1,3,5,-1,7,-1,-1,-1,-1],"loss_changes":[8.577144E0,1.0124199E1,3.8337617E0,0E0,3.4779277E0,0E0,0E0,0E0,0E0],"parents":[2147483647,0,0,1,1,2,2,4,4],"right_children":[2,4,6,-1,8,-1,-1,-1,-1],"split_conditions":[1.1105855E0,-4.98793E0,-1.1295764E-1,5.3092662E-2,1.7198492E-4,8.021295E-2,1.4405099E-2,-2.3984011E-2,-0E0],"split_indices":[5,5,3,0,3,0,0,0,0],"split_type":[0,0,0,0,0,0,0,0,0],"sum_hessian":[3.9195184E2,2.732118E2,1.18740036E2,2.224544E1,2.5096635E2,1.2197203E1,1.0654284E2,1.5984457E2,9.1121796E1],"tree_param":{"num_deleted":"0","num_feature":"16","num_nodes":"9","size_leaf_vector":"1"}},{"base_weights":[1.5714973E-2,-2.0754887E-2,4.4949196E-2,4.560713E-1,-7.239089E-2,-0E0,7.501201E-2,-4.3550126E-2,-3.4437422E-3],"categories":[],"categories_nodes":[],"categories_segments":[],"categories_sizes":[],"default_left":[0,0,0,0,0,0,0,0,0],"id":7,"left_children":[1,3,-1,5,7,-1,-1,-1,-1],"loss_changes":[7.347148E0,8.099838E0,0E0,3.8905826E0,3.5272703E0,0E0,0E0,0E0,0E0],"parents":[2147483647,0,0,1,1,3,3,4,4],"right_children":[2,4,-1,6,8,-1,-1,-1,-1],"split_conditions":[1.7586735E-1,-1.463929E-1,4.4949196E-2,-2.7444404E-2,-8.8888866E-1,-0E0,7.501201E-2,-4.3550126E-2,-3.4437422E-3],"split_indices":[2,2,0,8,13,0,0,0,0],"split_type":[0,0,0,0,0,0,0,0,0],"sum_hessian":[3.9934918E2,3.6392557E2,3.5423615E1,3.1233372E1,3.326922E2,1.3116977E1,1.8116396E1,2.5349266E1,3.0734293E2],"tree_param":{"num_deleted":"0","num_feature":"16","num_nodes":"9","size_leaf_vector":"1"}},{"base_weights":[1.2847103E-2,-1.8482745E-2,5.220059E-2,4.9403448E-2,-5.069782E-2,1.963565E-2,-1.0717911E-2],"categories":[],"categories_nodes":[],"categories_segments":[],"categories_sizes":[],"default_left":[0,0,0,0,0,0,0],"id":8,"left_children":[1,3,-1,-1,5,-1,-1],"loss_changes":[7.408619E0,5.0326257E0,0E0,0E0,4.7297835E0,0E0,0E0],"parents":[2147483647,0,0,1,1,4,4],"right_children":[2,4,-1,-1,6,-1,-1],"split_conditions":[4.5875883E-1,-3.4981114E-1,5.220059E-2,4.9403448E-2,-2.6189644E0,1.963565E-2,-1.0717911E-2],"split_indices":[3,3,0,0,5,0,0],"split_type":[0,0,0,0,0,0,0],