{"learner":{"attributes":{"scikit_learn":"{\"_estimator_type\": \"classifier\"}"},"feature_names":["bias_week","bias_month","bias_quarter","bias_year","rsi","macd","macd_signal","vol_change","close_change","bb_width","return_5d","k_upper","k_lower","k_body","buy_power","rs_5d"],"feature_types":["float","float","float","float","float","float","float","float","float","float","float","float","float","float","float","float"],"gradient_booster":{"model":{"gbtree_model_param":{"num_parallel_tree":"1","num_trees":"5"},"iteration_indptr":[0,1,2,3,4,5],"tree_info":[0,0,0,0,0],"trees":[{"base_weights":[2.319264E-2,-2.6006263E-1,4.110758E-1,-3.2369637E-1,3.2296774E-1,3.2368606E-1,9.0827084E-1,-4.0020287E-1,-2.1642477E-3,9.7214013E-1,-7.5767644E-2,7.3189527E-1,2.2601847E-1,9.949792E-1,-4.1347828E-2,-2.4020206E-2,-3.7432553E-3,-3.1837474E-3,5.7073303E-2,4.658916E-3,6.618064E-2,5.7736594E-2,-9.899057E-3,-2.2748346E-2,4.1402828E-2,2.3987493E-2,2.850001E-3,7.156516E-2,3.256327E-2,-3.084789E-2,1.977185E-2],"categories":[],"categories_nodes":[],"categories_segments":[],"categories_sizes":[],"default_left":[0,0,0,0,0,0,0,0,0,0,0,0,0,0,0,0,0,0,0,0,0,0,0,0,0,0,0,0,0,0,0],"id":0,"left_children":[1,3,5,7,9,11,13,15,17,19,21,23,25,27,29,-1,-1,-1,-1,-1,-1,-1,-1,-1,-1,-1,-1,-1,-1,-1,-1],"loss_changes":[7.274929E1,1.4304083E1,1.1847355E1,8.49992E0,9.951983E0,9.371809E0,3.435112E0,7.24757E0,4.815871E0,4.385028E0,3.9234254E0,5.5967693E0,8.312886E0,4.7382507E0,1.3524313E0,0E0,0E0,0E0,0E0,0E0,0E0,0E0,0E0,0E0,0E0,0E0,0E0,0E0,0E0,0E0,0E0],"parents":[2147483647,0,0,1,1,2,2,3,3,4,4,5,5,6,6,7,7,8,8,9,9,10,10,11,11,12,12,13,13,14,14],"right_children":[2,4,6,8,10,12,14,16,18,20,22,24,26,28,30,-1,-1,-1,-1,-1,-1,-1,-1,-1,-1,-1,-1,-1,-1,-1,-1],"split_conditions":[8.2484275E-2,2.014062E0,1.9009262E-1,2.5132706E-2,8.105885E-2,-2.555317E-1,9.207707E-2,6.8503276E-2,4.682841E-1,2.5284028E-2,-2.2183625E-2,-8.221601E-2,-3.7313276E-3,1.8604676E-1,1.8000013E-1,-2.4020206E-2,-3.7432553E-3,-3.1837474E-3,5.7073303E-2,4.658916E-3,6.618064E-2,5.7736594E-2,-9.899057E-3,-2.2748346E-2,4.1402828E-2,2.3987493E-2,2.850001E-3,7.156516E-2,3.256327E-2,-3.084789E-2,1.977185E-2],"split_indices":[9,6,9,1,4,3,0,9,3,3,15,15,0,11,10,0,0,0,0,0,0,0,0,0,0,0,0,0,0,0,0],"split_type":[0,0,0,0,0,0,0,0,0,0,0,0,0,0,0,0,0,0,0,0,0,0,0,0,0,0,0,0,0,0,0],"sum_hessian":[6.601671E2,3.8173276E2,2.7843436E2,3.445701E2,3.716265E1,2.3821533E2,4.0219013E1,2.7814307E2,6.642703E1,1.3593429E1,2.3569223E1,4.473755E1,1.9347778E2,3.681016E1,3.4088519E0,2.2275386E2,5.538921E1,6.3932705E1,2.494329E0,4.244329E0,9.3491E0,1.3661132E0,2.220311E1,3.0733747E0,4.1664173E1,7.6618805E1,1.16858986E2,1.4825655E1,2.1984507E1,1.2927386E0,2.1161132E0],"tree_param":{"num_deleted":"0","num_feature":"16","num_nodes":"31","size_leaf_vector":"1"}},{"base_weights":[-6.046049E-3,-2.6800087E-1,3.4082928E-1,-4.100544E-1,-1.5631042E-2,7.1213114E-1,2.3000515E-1,-4.6271858E-1,1.7778453E-1,8.381445E-1,-1.10780776E-1,-1.7780947E-2,8.298155E-1,1.3114817E0,1.6730393E-1,-2.4675777E-2,2.0656513E-2,-2.465043E-2,2.6266107E-2,-2.3236139E-2,5.3685915E-2,-3.5402346E-2,-2.8332692E-4,-4.1605283E-2,2.4850046E-2,6.0870875E-2,2.8785113E-2,-1.257621E-2,7.9458855E-2,-7.1924785E-3,1.6880793E-2],"categories":[],"categories_nodes":[],"categories_segments":[],"categories_sizes":[],"default_left":[0,0,0,0,0,0,0,0,0,0,0,0,0,0,0,0,0,0,0,0,0,0,0,0,0,0,0,0,0,0,0],"id":1,"left_children":[1,3,5,7,9,11,13,15,17,19,21,23,25,27,29,-1,-1,-1,-1,-1,-1,-1,-1,-1,-1,-1,-1,-1,-1,-1,-1],"loss_changes":[6.0672344E1,1.3631342E1,1.16582985E1,7.6163673E0,1.1307277E1,5.6465607E0,1.4884234E1,6.2360153E0,5.092305E0,4.783243E0,7.8491464E0,4.639964E0,4.8621902E0,5.634115E0,1.1265917E1,0E0,0E0,0E0,0E0,0E0,0E0,0E0,0E0,0E0,0E0,0E0,0E0,0E0,0E0,0E0,0E0],"parents":[2147483647,0,0,1,1,2,2,3,3,4,4,5,5,6,6,7,7,8,8,9,9,10,10,11,11,12,12,13,13,14,14],"right_children":[2,4,6,8,10,12,14,16,18,20,22,24,26,28,30,-1,-1,-1,-1,-1,-1,-1,-1,-1,-1,-1,-1,-1,-1,-1,-1],"split_conditions":[8.2484275E-2,1.7722286E-2,-2.514632E-1,1.6161876E-2,-2.185604E-2,-6.309978E-2,-1.5118845E-1,4.950496E-2,7.692308E-2,-9.179553E-2,3.595133E-2,6.250343E-2,-3.007515E-2,-2.3444477E-1,-6.205993E-2,-2.4675777E-2,2.0656513E-2,-2.465043E-2,2.6266107E-2,-2.3236139E-2,5.3685915E-2,-3.5402346E-2,-2.8332692E-4,-4.1605283E-2,2.4850046E-2,6.0870875E-2,2.8785113E-2,-1.257621E-2,7.9458855E-2,-7.1924785E-3,1.6880793E-2],"split_indices":[9,2,3,15,1,0,2,10,11,3,9,11,10,3,3,0,0,0,0,0,0,0,0,0,0,0,0,0,0,0,0],"split_type":[0,0,0,0,0,0,0,0,0,0,0,0,0,0,0,0,0,0,0,0,0,0,0,0,0,0,0,0,0,0,0],"sum_hessian":[6.657094E2,3.7941132E2,2.862981E2,2.4236469E2,1.3704663E2,6.456287E1,2.2173524E2,2.2263203E2,1.973265E1,1.2958823E1,1.240878E2,9.0820875E0,5.548078E1,1.1059722E1,2.1067552E2,2.1549138E2,7.1406655E0,6.5915394E0,1.314111E1,1.8353707E0,1.1123452E1,1.7711859E1,1.06375946E2,3.2788718E0,5.8032155E0,2.0468733E1,3.5012047E1,1.6827314E0,9.37699E0,7.457859E1,1.3609692E2],"tree_param":{"num_deleted":"0","num_feature":"16","num_nodes":"31","size_leaf_vector":"1"}},{"base_weights":[1.11211445E-2,-3.065451E-1,2.651936E-1,-3.704929E-1,3.4467453E-1,8.28945E-1,1.8949409E-1,7.822044E-1,-3.9333928E-1,9.633134E-1,-2.0981021E-2,-4.1006264E-1,9.107566E-1,1.431968E-1,7.704652E-1,-2.1148501E-2,5.767004E-2,-2.228755E-2,-6.806758E-3,-3.209201E-2,6.7712255E-2,-1.8225713E-2,2.827146E-2,-3.824402E-2,6.739554E-3,4.9348433E-2,-2.0766992E-2,-2.3404675E-2,8.769181E-3,4.4033904E-2,-3.258355E-2],"categories":[],"categories_nodes":[],"categories_segments":[],"categories_sizes":[],"default_left":[0,0,0,0,0,0,0,0,0,0,0,0,0,0,0,0,0,0,0,0,0,0,0,0,0,0,0,0,0,0,0],"id":2,"left_children":[1,3,5,7,9,11,13,15,17,19,21,23,25,27,29,-1,-1,-1,-1,-1,-1,-1,-1,-1,-1,-1,-1,-1,-1,-1,-1],"loss_changes":[5.358089E1,1.2413923E1,1.5583031E1,7.395218E0,6.1048994E0,4.769335E0,8.670701E0,2.9774287E0,3.5057945E0,7.1529627E0,3.8090045E0,7.556959E-1,4.552658E0,6.0555105E0,4.3148212E0,0E0,0E0,0E0,0E0,0E0,0E0,0E0,0E0,0E0,0E0,0E0,0E0,0E0,0E0,0E0,0E0],"parents":[2147483647,0,0,1,1,2,2,3,3,4,4,5,5,6,6,7,7,8,8,9,9,10,10,11,11,12,12,13,13,14,14],"right_children":[2,4,6,8,10,12,14,16,18,20,22,24,26,28,30,-1,-1,-1,-1,-1,-1,-1,-1,-1,-1,-1,-1,-1,-1,-1,-1],"split_conditions":[6.8503276E-2,2.0517926E0,-4.681041E0,-4.4482436E-2,9.775771E-2,-9.368636E-2,1.9009262E-1,-1.0551449E-1,2.5132706E-2,3.9181534E-2,1.5072955E-1,-8.652017E-2,1.5555534E-1,-9.374994E-1,1.170828E0,-2.1148501E-2,5.767004E-2,-2.228755E-2,-6.806758E-3,-3.209201E-2,6.7712255E-2,-1.8225713E-2,2.827146E-2,-3.824402E-2,6.739554E-3,4.9348433E-2,-2.0766992E-2,-2.3404675E-2,8.769181E-3,4.4033904E-2,-3.258355E-2],"split_indices":[9,6,6,15,2,0,9,2,1,9,2,15,10,13,7,0,0,0,0,0,0,0,0,0,0,0,0,0,0,0,0],"split_type":[0,0,0,0,0,0,0,0,0,0,0,0,0,0,0,0,0,0,0,0,0,0,0,0,0,0,0,0,0,0,0],"sum_hessian":[6.618601E2,2.9402933E2,3.6783075E2,2.6813077E2,2.589856E1,4.2366608E1,3.2546414E2,4.5650835E0,2.6356567E2,9.013863E0,1.6884697E1,2.375668E0,3.9990936E1,3.0259683E2,2.2867306E1,1.0421207E0,3.522963E0,2.1834036E2,4.522532E1,1.6396577E0,7.3742046E0,1.0885883E1,5.998815E0,1.1941746E0,1.1814934E0,3.805936E1,1.9315758E0,1.445851E1,2.8813834E2,2.1575945E1,1.2913594E0],"tree_param":{"num_deleted":"0","num_feature":"16","num_nodes":"31","size_leaf_vector":"1"}},{"base_weights":[1.8168442E-2,-2.2011279E-1,3.6336192E-1,-3.1632215E-1,1.0211685E-1,2.6836956E-1,8.091898E-1,-3.7509844E-1,1.17683746E-1,2.2997859E-1,-2.8368667E-1,6.532196E-1,1.7532909E-1,9.631929E-1,3.443733E-1,-2.5458997E-2,-1.2264746E-2,1.444115E-2,-3.5305604E-2,3.404238E-3,4.5715515E-2,2.8194224E-2,-3.286907E-2,3.933058E-2,-5.5421344E-3,-7.7276947E-3,1.9986173E-2,3.9856154E-2,7.520567E-2,3.7889E-2,-1.628549E-2],"categories":[],"categories_nodes":[],"categories_segments":[],"categories_sizes":[],"default_left":[0,0,0,0,0,0,0,0,0,0,0,0,0,0,0,0,0,0,0,0,0,0,0,0,0,0,0,0,0,0,0],"id":3,"left_children":[1,3,5,7,9,11,13,15,17,19,21,23,25,27,29,-1,-1,-1,-1,-1,-1,-1,-1,-1,-1,-1,-1,-1,-1,-1,-1],