{"learner":{"attributes":{"scikit_learn":"{\"_estimator_type\": \"classifier\"}"},"feature_names":["bias_week","bias_month","bias_quarter","bias_year","rsi","macd","macd_signal","vol_change","close_change","bb_width","return_5d","return_10d","k_upper","k_lower","k_body","buy_power","rs_5d","rs_10d","dist_to_20d_high","dist_to_20d_low","kd_k","kd_d","kd_cross","gap_ratio","obv","atr_ratio","trend_strength"],"feature_types":["float","float","float","float","float","float","float","float","float","float","float","float","float","float","float","float","float","float","float","float","float","float","float","float","float","float","float"],"gradient_booster":{"model":{"gbtree_model_param":{"num_parallel_tree":"1","num_trees":"13"},"iteration_indptr":[0,1,2,3,4,5,6,7,8,9,10,11,12,13],"tree_info":[0,0,0,0,0,0,0,0,0,0,0,0,0],"trees":[{"base_weights":[-2.216038E-3,-2.5688937E-1,2.6086345E-1,3.5525766E-1,-3.670864E-1,4.8240262E-1,-7.629131E-2,2.6034226E-3,1.01507515E-1,-1.8782634E-2,-9.1009125E-2,4.204976E-4,5.9456613E-2,-3.6171578E-2,6.983644E-2],"categories":[],"categories_nodes":[],"categories_segments":[],"categories_sizes":[],"default_left":[0,0,0,0,0,0,0,0,0,0,0,0,0,0,0],"id":0,"left_children":[1,3,5,7,9,11,13,-1,-1,-1,-1,-1,-1,-1,-1],"loss_changes":[1.0420015E2,5.374468E1,5.7767056E1,2.3665272E1,6.3577927E1,2.4542618E1,6.658284E1,0E0,0E0,0E0,0E0,0E0,0E0,0E0,0E0],"parents":[2147483647,0,0,1,1,2,2,3,3,4,4,5,5,6,6],"right_children":[2,4,6,8,10,12,14,-1,-1,-1,-1,-1,-1,-1,-1],"split_conditions":[1.6273243E-2,-2.9407415E-1,4.3600928E-2,-1.3865836E-1,4.9506642E-2,-6.598127E-2,1.4473198E-1,2.6034226E-3,1.01507515E-1,-1.8782634E-2,-9.1009125E-2,4.204976E-4,5.9456613E-2,-3.6171578E-2,6.983644E-2],"split_indices":[4,3,25,2,25,3,1,0,0,0,0,0,0,0,0],"split_type":[0,0,0,0,0,0,0,0,0,0,0,0,0,0,0],"sum_hessian":[1.5536503E3,7.938023E2,7.59848E2,1.1768464E2,6.761176E2,4.623562E2,2.9749182E2,8.1710785E1,3.5973854E1,5.1503265E2,1.6108496E2,9.483006E1,3.6752615E2,2.1966667E2,7.7825165E1],"tree_param":{"num_deleted":"0","num_feature":"27","num_nodes":"15","size_leaf_vector":"1"}},{"base_weights":[3.0582378E-2,-2.4871716E-1,3.0154875E-1,5.3069806E-1,-3.3871433E-1,2.1296833E-1,8.613881E-1,1.0128751E-1,-1.0061748E-2,1.9083938E-2,-4.2575624E-2,4.4657696E-2,-1.4827299E-2,9.8287314E-2,1.5643371E-2],"categories":[],"categories_nodes":[],"categories_segments":[],"categories_sizes":[],"default_left":[0,0,0,0,0,0,0,0,0,0,0,0,0,0,0],"id":1,"left_children":[1,3,5,7,9,11,13,-1,-1,-1,-1,-1,-1,-1,-1],"loss_changes":[1.19362564E2,5.3862343E1,3.728018E1,2.6227556E1,3.4002975E1,6.0797752E1,6.933052E0,0E0,0E0,0E0,0E0,0E0,0E0,0E0,0E0],"parents":[2147483647,0,0,1,1,2,2,3,3,4,4,5,5,6,6],"right_children":[2,4,6,8,10,12,14,-1,-1,-1,-1,-1,-1,-1,-1],"split_conditions":[1.3915443E-2,-3.5775518E-1,1.4473198E-1,-4.1187624E-5,1.5939762E1,8.484087E-2,2.5065294E-1,1.0128751E-1,-1.0061748E-2,1.9083938E-2,-4.2575624E-2,4.4657696E-2,-1.4827299E-2,9.8287314E-2,1.5643371E-2],"split_indices":[4,3,1,24,21,9,1,0,0,0,0,0,0,0,0],"split_type":[0,0,0,0,0,0,0,0,0,0,0,0,0,0,0],"sum_hessian":[1.5738936E3,7.709671E2,8.029264E2,7.67763E1,6.941908E2,6.977438E2,1.0518265E2,4.4946705E1,3.1829597E1,9.727782E1,5.9691296E2,4.2536188E2,2.7238187E2,8.584057E1,1.9342077E1],"tree_param":{"num_deleted":"0","num_feature":"27","num_nodes":"15","size_leaf_vector":"1"}},{"base_weights":[4.6294457E-3,5.9136945E-1,-7.29066E-2,1.6631337E-1,9.147958E-1,-2.9166391E-1,1.9418244E-1,-9.360427E-3,1.1096819E-1,1.0381906E-1,-3.859629E-2,-2.483387E-2,-1.3817039E-1,8.516028E-3,7.319484E-2],"categories":[],"categories_nodes":[],"categories_segments":[],"categories_sizes":[],"default_left":[0,0,0,0,0,0,0,0,0,0,0,0,0,0,0],"id":2,"left_children":[1,3,5,7,9,11,13,-1,-1,-1,-1,-1,-1,-1,-1],"loss_changes":[7.238079E1,2.3015602E1,8.085585E1,2.3372442E1,1.9440605E1,3.072403E1,3.4423187E1,0E0,0E0,0E0,0E0,0E0,0E0,0E0,0E0],"parents":[2147483647,0,0,1,1,2,2,3,3,4,4,5,5,6,6],"right_children":[2,4,6,8,10,12,14,-1,-1,-1,-1,-1,-1,-1,-1],"split_conditions":[2.6525788E-2,-6.6762785E-3,2.913824E-2,5.4523323E-2,1.5336004E-1,2.6661709E-2,3.118909E-1,-9.360427E-3,1.1096819E-1,1.0381906E-1,-3.859629E-2,-2.483387E-2,-1.3817039E-1,8.516028E-3,7.319484E-2],"split_indices":[25,17,2,9,3,17,19,0,0,0,0,0,0,0,0],"split_type":[0,0,0,0,0,0,0,0,0,0,0,0,0,0,0],"sum_hessian":[1.5636409E3,1.8523903E2,1.3784019E3,8.361999E1,1.0161904E2,7.6235895E2,6.160429E2,6.4401405E1,1.9218576E1,9.401711E1,7.6019297E0,7.377793E2,2.4579657E1,5.1797327E2,9.806962E1],"tree_param":{"num_deleted":"0","num_feature":"27","num_nodes":"15","size_leaf_vector":"1"}},{"base_weights":[-2.8299987E-3,-2.0493425E-1,1.7808165E-1,5.515259E-1,-2.9787913E-1,4.4115767E-1,-2.516199E-2,-5.188117E-2,8.006312E-2,-5.8791274E-4,-4.4367496E-2,2.6241658E-2,9.798148E-2,-3.936157E-2,3.761107E-2],"categories":[],"categories_nodes":[],"categories_segments":[],"categories_sizes":[],"default_left":[0,0,0,0,0,0,0,0,0,0,0,0,0,0,0],"id":3,"left_children":[1,3,5,7,9,11,13,-1,-1,-1,-1,-1,-1,-1,-1],"loss_changes":[5.700222E1,5.1702232E1,4.4571587E1,2.2638891E1,2.7913654E1,3.175084E1,6.8724106E1,0E0,0E0,0E0,0E0,0E0,0E0,0E0,0E0],"parents":[2147483647,0,0,1,1,2,2,3,3,4,4,5,5,6,6],"right_children":[2,4,6,8,10,12,14,-1,-1,-1,-1,-1,-1,-1,-1],"split_conditions":[-3.0150013E-3,-3.5775518E-1,7.172261E-2,1.4466724E1,3.374866E-2,6.539189E1,7.915588E-2,-5.188117E-2,8.006312E-2,-5.8791274E-4,-4.4367496E-2,2.6241658E-2,9.798148E-2,-3.936157E-2,3.761107E-2],"split_indices":[4,3,9,21,25,21,1,0,0,0,0,0,0,0,0],"split_type":[0,0,0,0,0,0,0,0,0,0,0,0,0,0,0],"sum_hessian":[1.555634E3,7.4061176E2,8.150222E2,7.792046E1,6.626913E2,3.5961896E2,4.554033E2,1.3103197E1,6.481726E1,2.2971025E2,4.3298108E2,2.758732E2,8.374576E1,2.4020502E2,2.1519829E2],"tree_param":{"num_deleted":"0","num_feature":"27","num_nodes":"15","size_leaf_vector":"1"}},{"base_weights":[-9.21737E-3,2.732796E-1,-1.455456E-1,-2.1088481E-1,3.6585736E-1,-2.2942583E-1,5.8395916E-1,-1.10444635E-1,1.9098343E-2,1.425809E-2,5.53473E-2,3.567965E-2,-3.0697279E-2,7.8864135E-2,8.009015E-3],"categories":[],"categories_nodes":[],"categories_segments":[],"categories_sizes":[],"default_left":[0,0,0,0,0,0,0,0,0,0,0,0,0,0,0],"id":4,"left_children":[1,3,5,7,9,11,13,-1,-1,-1,-1,-1,-1,-1,-1],"loss_changes":[5.972947E1,2.291195E1,6.396341E1,3.0366661E1,1.650536E1,4.4810417E1,9.272335E0,0E0,0E0,0E0,0E0,0E0,0E0,0E0,0E0],"parents":[2147483647,0,0,1,1,2,2,3,3,4,4,5,5,6,6],"right_children":[2,4,6,8,10,12,14,-1,-1,-1,-1,-1,-1,-1,-1],"split_conditions":[3.384006E-2,-1.4669727E-1,1.3214187E-1,-1.6434731E-2,3.2901462E-2,-3.2368693E-1,5.5718493E-1,-1.10444635E-1,1.9098343E-2,1.425809E-2,5.53473E-2,3.567965E-2,-3.0697279E-2,7.8864135E-2,8.009015E-3],"split_indices":[25,3,1,17,26,3,3,0,0,0,0,0,0,0,0],"split_type":[0,0,0,0,0,0,0,0,0,0,0,0,0,0,0],"sum_hessian":[1.556643E3,5.0102466E2,1.0556183E3,7.6337746E1,4.2468692E2,9.500598E2,1.0555849E2,2.4839605E1,5.1498142E1,2.0308176E2,2.2160516E2,1.0989096E2,8.401688E2,7.086067E1,3.469782E1],"tree_param":{"num_deleted":"0","num_feature":"27","num_nodes":"15","size_leaf_vector":"1"}},{"base_weights":[1.2038676E-2,3.70731E-1,-6.644816E-2,-0E0,8.559017E-1,-3.0613756E-1,1.2105195E-1,-1.0357157E-1,1.1809761E-2,-0E0,9.5953226E-2,2.0625098E-3,-8.330397E-2,3.5637394E-2,-9.146521E-3],"categories":[],"categories_nodes":[],"categories_segments":[],"categories_sizes":[],"default_left":[0,0,0,0,0,0,0,0,0,0,0,0,0,0,0],"id":5,"left_children":[1,3,5,7,9,11,13,-1,-1,-1,-1,-1,-1,-1,-1],"loss_changes":[4.500644E1,5.0699123E1,5.827197E1,1.9521559E1,1.3012169E1,1.01342606E2,3.706383E1,0E0,0E0,0E0,0E0,0E0,0E0,0E0,0E0],"parents":[2147483647,0,0,1,1,2,2,3,3,4,4,5,5,6,6],"right_children":[2,4,6,8,10,12,14,-1,-1,-1,-1,-1,-1,-1,-1],"split_conditions":[2.903676E-2,4.9904454E-2,-6.8280743E-3,-2.8274244E-2,-1.4964178E-1,-1.2768553E-1,4.2021815E-2,-1.0357157E-1,1.1809761E-2,-0E0,9.5953226E-2,2.0625098E-3,-8.330397E-2,3.5637394E-2,-9.146521E-3],"split_indices":[25,9,2,16,3,3,25,0,0,0,0,0,0,0,0],