{"learner":{"attributes":{"scikit_learn":"{\"_estimator_type\": \"classifier\"}"},"feature_names":["bias_week","bias_month","bias_quarter","bias_year","rsi","macd","macd_signal","vol_change","close_change","bb_width","return_5d","k_upper","k_lower","k_body","buy_power","rs_5d","obv","atr_ratio","trend_strength"],"feature_types":["float","float","float","float","float","float","float","float","float","float","float","float","float","float","float","float","float","float","float"],"gradient_booster":{"model":{"cats":{"enc":[],"feature_segments":[],"sorted_idx":[]},"gbtree_model_param":{"num_parallel_tree":"1","num_trees":"6"},"iteration_indptr":[0,1,2,3,4,5,6],"tree_info":[0,0,0,0,0,0],"trees":[{"base_weights":[7.277909E-3,5.903777E-1,-2.9338816E-2,9.3443394E-1,3.6960419E-3,-2.4070731E-1,1.1634288E-1,1.1252955E-1,1.944796E-2,8.689027E-2,-4.9937658E-2,4.231537E-2,-2.9890323E-2,2.754389E-2,-2.2810582E-2],"categories":[],"categories_nodes":[],"categories_segments":[],"categories_sizes":[],"default_left":[0,0,0,0,0,0,0,0,0,0,0,0,0,0,0],"id":0,"left_children":[1,3,5,7,9,11,13,-1,-1,-1,-1,-1,-1,-1,-1],"loss_changes":[2.9535702E1,1.4410948E1,3.853389E1,4.244503E0,1.536642E1,2.0481451E1,4.0842804E1,0E0,0E0,0E0,0E0,0E0,0E0,0E0,0E0],"parents":[2147483647,0,0,1,1,2,2,3,3,4,4,5,5,6,6],"right_children":[2,4,6,8,10,12,14,-1,-1,-1,-1,-1,-1,-1,-1],"split_conditions":[-3.6500004E-1,7.5548664E-2,-3.8761938E-1,-3.9226735E-1,-1.1228963E1,2.5051508E-2,4.645791E-2,1.1252955E-1,1.944796E-2,8.689027E-2,-4.9937658E-2,4.231537E-2,-2.9890323E-2,2.754389E-2,-2.2810582E-2],"split_indices":[3,17,5,3,5,17,17,0,0,0,0,0,0,0,0],"split_type":[0,0,0,0,0,0,0,0,0,0,0,0,0,0,0],"sum_hessian":[1.3239453E3,8.179531E1,1.24215E3,4.9107506E1,3.26878E1,5.131088E2,7.2904114E2,3.6208176E1,1.289933E1,1.3631233E1,1.9056568E1,3.958713E1,4.7352173E2,5.018035E2,2.2723767E2],"tree_param":{"num_deleted":"0","num_feature":"19","num_nodes":"15","size_leaf_vector":"1"}},{"base_weights":[5.9794704E-3,-1.9079809E-1,1.7387402E-1,1.0032271E-1,-2.3270631E-1,2.084283E-1,-1.469939E-1,-1.7759375E-2,-7.295467E-2,-7.615308E-3,2.9665729E-2],"categories":[],"categories_nodes":[],"categories_segments":[],"categories_sizes":[],"default_left":[0,0,0,0,0,0,0,0,0,0,0],"id":1,"left_children":[1,3,5,-1,7,9,-1,-1,-1,-1,-1],"loss_changes":[4.3737144E1,2.8683962E1,3.8410774E1,0E0,1.3725447E1,1.8796236E1,0E0,0E0,0E0,0E0,0E0],"parents":[2147483647,0,0,1,1,2,2,4,4,5,5],"right_children":[2,4,6,-1,8,10,-1,-1,-1,-1,-1],"split_conditions":[-1.1260518E-2,-5.338688E-1,7.605938E-1,1.0032271E-1,4.855633E-5,-6.437406E-2,-1.469939E-1,-1.7759375E-2,-7.295467E-2,-7.615308E-3,2.9665729E-2],"split_indices":[2,3,3,0,16,3,0,0,0,0,0],"split_type":[0,0,0,0,0,0,0,0,0,0,0],"sum_hessian":[1.3248472E3,6.037707E2,7.210765E2,1.8466637E1,5.853041E2,7.077356E2,1.3340874E1,5.329829E2,5.2321186E1,1.6466148E2,5.4307416E2],"tree_param":{"num_deleted":"0","num_feature":"19","num_nodes":"11","size_leaf_vector":"1"}},{"base_weights":[-0E0,-1.394317E-1,1.3041961E-1,-1.9726986E-1,4.0142813E-1,3.3812705E-1,-8.6059034E-2,6.2165666E-2,-2.3795038E-2,6.769011E-2,-6.558245E-3,4.8794154E-2,-1.1634066E-2,-2.8462427E-2,3.0350668E-2],"categories":[],"categories_nodes":[],"categories_segments":[],"categories_sizes":[],"default_left":[0,0,0,0,0,0,0,0,0,0,0,0,0,0,0],"id":2,"left_children":[1,3,5,7,9,11,13,-1,-1,-1,-1,-1,-1,-1,-1],"loss_changes":[2.4034311E1,1.9735783E1,3.0936031E1,1.9738668E1,9.091174E0,2.535376E1,2.5588118E1,0E0,0E0,0E0,0E0,0E0,0E0,0E0,0E0],"parents":[2147483647,0,0,1,1,2,2,3,3,4,4,5,5,6,6],"right_children":[2,4,6,8,10,12,14,-1,-1,-1,-1,-1,-1,-1,-1],"split_conditions":[-5.248093E-3,1.3399898E0,4.2167068E-2,-2.8064856E-1,-1.4608742E-2,1.9465921E0,1.433414E-1,6.2165666E-2,-2.3795038E-2,6.769011E-2,-6.558245E-3,4.8794154E-2,-1.1634066E-2,-2.8462427E-2,3.0350668E-2],"split_indices":[15,5,17,2,15,5,9,0,0,0,0,0,0,0,0],"split_type":[0,0,0,0,0,0,0,0,0,0,0,0,0,0,0],"sum_hessian":[1.3205781E3,6.4533075E2,6.752474E2,5.867979E2,5.8532814E1,3.4989752E2,3.2534985E2,2.619303E1,5.606049E2,3.9552837E1,1.8979977E1,2.6528052E2,8.4617004E1,2.189406E2,1.0640926E2],"tree_param":{"num_deleted":"0","num_feature":"19","num_nodes":"15","size_leaf_vector":"1"}},{"base_weights":[-5.3657894E-3,1.5497442E-1,-1.3864553E-1,-1.5320902E-1,2.2055845E-1,-2.1077971E-1,3.7895048E-1,-9.915921E-2,2.451584E-2,3.4787096E-2,-1.3016217E-3,1.3674734E-2,-3.519746E-2,9.080942E-2,-0E0],"categories":[],"categories_nodes":[],"categories_segments":[],"categories_sizes":[],"default_left":[0,0,0,0,0,0,0,0,0,0,0,0,0,0,0],"id":3,"left_children":[1,3,5,7,9,11,13,-1,-1,-1,-1,-1,-1,-1,-1],"loss_changes":[2.8358938E1,1.2190122E1,2.7005363E1,3.5091835E1,1.5874647E1,3.300506E1,1.8819622E1,0E0,0E0,0E0,0E0,0E0,0E0,0E0,0E0],"parents":[2147483647,0,0,1,1,2,2,3,3,4,4,5,5,6,6],"right_children":[2,4,6,8,10,12,14,-1,-1,-1,-1,-1,-1,-1,-1],"split_conditions":[3.813199E-2,-1.5401538E-1,3.339487E-1,3.100465E-2,3.2977227E-2,-2.1901539E-1,1.1867298E-1,-9.915921E-2,2.451584E-2,3.4787096E-2,-1.3016217E-3,1.3674734E-2,-3.519746E-2,9.080942E-2,-0E0],"split_indices":[17,3,4,17,17,3,3,0,0,0,0,0,0,0,0],"split_type":[0,0,0,0,0,0,0,0,0,0,0,0,0,0,0],"sum_hessian":[1.3286045E3,5.953951E2,7.332094E2,9.8422386E1,4.9697272E2,6.4738873E2,8.5820694E1,3.3376007E1,6.504638E1,3.2539468E2,1.7157803E2,1.8469324E2,4.6269547E2,3.710033E1,4.8720364E1],"tree_param":{"num_deleted":"0","num_feature":"19","num_nodes":"15","size_leaf_vector":"1"}},{"base_weights":[-2.4680335E-3,6.4336246E-1,-5.4113753E-2,1.188601E-1,3.4075812E-1,6.294751E-2,-3.3176202E-1,9.637383E-2,-2.7171934E-2,-1.997583E-2,2.4239842E-2,-4.049912E-2,3.7089586E-2],"categories":[],"categories_nodes":[],"categories_segments":[],"categories_sizes":[],"default_left":[0,0,0,0,0,0,0,0,0,0,0,0,0],"id":4,"left_children":[1,3,5,-1,7,9,11,-1,-1,-1,-1,-1,-1],"loss_changes":[4.302704E1,1.2488136E1,4.073398E1,0E0,2.6547588E1,4.1470333E1,2.0162582E1,0E0,0E0,0E0,0E0,0E0,0E0],"parents":[2147483647,0,0,1,1,2,2,4,4,5,5,6,6],"right_children":[2,4,6,-1,8,10,12,-1,-1,-1,-1,-1,-1],"split_conditions":[-3.552046E-1,1.0935899E-1,4.7243815E-2,1.188601E-1,-4.0904477E-5,-1.5954338E-2,1.4848664E-1,9.637383E-2,-2.7171934E-2,-1.997583E-2,2.4239842E-2,-4.049912E-2,3.7089586E-2],"split_indices":[3,9,17,0,16,2,1,0,0,0,0,0,0],"split_type":[0,0,0,0,0,0,0,0,0,0,0,0,0],"sum_hessian":[1.329666E3,9.515875E1,1.2345073E3,3.0872765E1,6.428599E1,8.6271295E2,3.717943E2,3.3515804E1,3.0770184E1,3.4605615E2,5.166568E2,3.3834418E2,3.345013E1],"tree_param":{"num_deleted":"0","num_feature":"19","num_nodes":"13","size_leaf_vector":"1"}},{"base_weights":[3.1307552E-3,-1.2720118E-1,1.15413025E-1,1.5171592E-2,-3.6265653E-1,9.414471E-1,5.7020586E-2,8.5704125E-2,-1.5417533E-3,-6.253181E-2,7.0609176E-3,1.2552308E-1,4.8592594E-3,2.3559112E-2,-1.7430924E-2],"categories":[],"categories_nodes":[],"categories_segments":[],"categories_sizes":[],"default_left":[0,0,0,0,0,0,0,0,0,0,0,0,0,0,0],"id":5,"left_children":[1,3,5,7,9,11,13,-1,-1,-1,-1,-1,-1,-1,-1],"loss_changes":[1.9393785E1,2.1060902E1,3.257916E1,1.1586902E1,2.842929E1,1.0077118E1,2.8583858E1,0E0,0E0,0E0,0E0,0E0,0E0,0E0,0E0],"parents":[2147483647,0,0,1,1,2,2,3,3,4,4,5,5,6,6],"right_children":[2,4,6,8,10,12,14,-1,-1,-1,-1,-1,-1,-1,-1],"split_conditions":[-1.1935226E-2,-1.6604041E0,-3.6282595E-2,2.7149923E-2,-1.6676198E-3,2E-1,4.2167068E-2,8.5704125E-2,-1.5417533E-3,-6.253181E-2,7.0609176E-3,1.2552308E-1,4.8592594E-3,2.3559112E-2,-1.7430924E-2],"split_indices":[2,5,15,17,15,13,17,0,0,0,0,0,0,0,0],"split_type":[0,0,0,0,0,0,0,0,0,0,0,0,0,0,0],"sum_hessian":[1.3269183E3,6.0480273E2,7.221156E2,3.7098004E2,2.338227E2,4.5049305E1,6.7706635E2,1.5444858E1,3.555352E2,1.477888E2,8.60339E1,3.1175795E1,1.3873509E1,3.8680835E2,2.9025797E2],"tree_param":{"num_deleted":"0","num_feature":"19","num_nodes":"15","size_leaf_vector":"1"}}]},"name":"gbtree"},"learner_model_param":{"base_score":"[5E-1]","boost_from_average":"1","num_class":"0","num_feature":"19","num_target":"1"},"objective":{"name":"binary:logistic",