{"learner":{"attributes":{"scikit_learn":"{\"_estimator_type\": \"classifier\"}"},"feature_names":["bias_week","bias_month","bias_quarter","bias_year","rsi","macd","macd_signal","vol_change","close_change","bb_width","return_5d","k_upper","k_lower","k_body","buy_power","rs_5d","obv","atr_ratio","trend_strength"],"feature_types":["float","float","float","float","float","float","float","float","float","float","float","float","float","float","float","float","float","float","float"],"gradient_booster":{"model":{"cats":{"enc":[],"feature_segments":[],"sorted_idx":[]},"gbtree_model_param":{"num_parallel_tree":"1","num_trees":"2"},"iteration_indptr":[0,1,2],"tree_info":[0,0],"trees":[{"base_weights":[-0E0,-2.2665091E-1,3.3745098E-1,-2.9150808E-1,1.6614527E-2,2.022229E-1,1.0012799E-1,-3.711734E-2,-0E0,3.0649133E-2,-7.804227E-3],"categories":[],"categories_nodes":[],"categories_segments":[],"categories_sizes":[],"default_left":[0,0,0,0,0,0,0,0,0,0,0],"id":0,"left_children":[1,3,5,7,-1,9,-1,-1,-1,-1,-1],"loss_changes":[3.0336975E1,6.435704E0,1.1593628E1,5.7766323E0,0E0,4.547245E0,0E0,0E0,0E0,0E0,0E0],"parents":[2147483647,0,0,1,1,2,2,3,3,5,5],"right_children":[2,4,6,8,-1,10,-1,-1,-1,-1,-1],"split_conditions":[6.766798E-2,4.892974E-2,7.0045024E-2,1.1022465E0,1.6614527E-2,2.7295566E-1,1.0012799E-1,-3.711734E-2,-0E0,3.0649133E-2,-7.804227E-3],"split_indices":[18,10,17,6,0,3,0,0,0,0,0],"split_type":[0,0,0,0,0,0,0,0,0,0,0],"sum_hessian":[3.9835626E2,2.4059804E2,1.5775822E2,2.1153004E2,2.9068003E1,1.3420476E2,2.3553463E1,1.696243E2,4.1905746E1,1.0306018E2,3.1144588E1],"tree_param":{"num_deleted":"0","num_feature":"19","num_nodes":"11","size_leaf_vector":"1"}},{"base_weights":[-7.618729E-4,-3.6985034E-1,3.0426368E-1,-4.1851473E-1,-0E0,8.5788675E-2,6.447442E-2,-4.5570154E-2,-0E0,-6.515992E-3,2.9150875E-2],"categories":[],"categories_nodes":[],"categories_segments":[],"categories_sizes":[],"default_left":[0,0,0,0,0,0,0,0,0,0,0],"id":1,"left_children":[1,3,5,7,-1,9,-1,-1,-1,-1,-1],"loss_changes":[4.5172504E1,4.1814632E0,1.462138E1,3.458109E0,0E0,4.808812E0,0E0,0E0,0E0,0E0,0E0],"parents":[2147483647,0,0,1,1,2,2,3,3,5,5],"right_children":[2,4,6,8,-1,10,-1,-1,-1,-1,-1],"split_conditions":[6.902153E-2,2.3327644E-1,1.1937922E-1,4.0214974E-2,-0E0,-5.116504E-2,6.447442E-2,-4.5570154E-2,-0E0,-6.515992E-3,2.9150875E-2],"split_indices":[9,3,9,1,0,3,0,0,0,0,0],"split_type":[0,0,0,0,0,0,0,0,0,0,0],"sum_hessian":[3.9977386E2,1.8422801E2,2.1554584E2,1.6773122E2,1.6496796E1,1.3612926E2,7.941658E1,1.5559258E2,1.2138647E1,7.2539276E1,6.3589977E1],"tree_param":{"num_deleted":"0","num_feature":"19","num_nodes":"11","size_leaf_vector":"1"}}]},"name":"gbtree"},"learner_model_param":{"base_score":"[5E-1]","boost_from_average":"1","num_class":"0","num_feature":"19","num_target":"1"},"objective":{"name":"binary:logistic","reg_loss_param":{"scale_pos_weight":"0.24818255"}}},"version":[3,2,0]}