{"learner":{"attributes":{"scikit_learn":"{\"_estimator_type\": \"classifier\"}"},"feature_names":["bias_week","bias_month","bias_quarter","bias_year","rsi","macd","macd_signal","vol_change","close_change","bb_width","return_5d","k_upper","k_lower","k_body","buy_power","rs_5d","obv","atr_ratio","trend_strength"],"feature_types":["float","float","float","float","float","float","float","float","float","float","float","float","float","float","float","float","float","float","float"],"gradient_booster":{"model":{"cats":{"enc":[],"feature_segments":[],"sorted_idx":[]},"gbtree_model_param":{"num_parallel_tree":"1","num_trees":"12"},"iteration_indptr":[0,1,2,3,4,5,6,7,8,9,10,11,12],"tree_info":[0,0,0,0,0,0,0,0,0,0,0,0],"trees":[{"base_weights":[8.183326E-3,-1.7883077E-1,1.4663343E-1,9.6944556E-2,-2.3988591E-1,2.9492718E-1,-5.800706E-2,4.1325554E-2,-2.8794054E-2,-2.0175483E-2,4.6618577E-2,-2.5656914E-2,5.9064984E-2],"categories":[],"categories_nodes":[],"categories_segments":[],"categories_sizes":[],"default_left":[0,0,0,0,0,0,0,0,0,0,0,0,0],"id":0,"left_children":[1,3,5,-1,7,9,11,-1,-1,-1,-1,-1,-1],"loss_changes":[3.5097755E1,3.865333E1,2.443176E1,0E0,1.7721209E1,4.0986122E1,4.179851E1,0E0,0E0,0E0,0E0,0E0,0E0],"parents":[2147483647,0,0,1,1,2,2,4,4,5,5,6,6],"right_children":[2,4,6,-1,8,10,12,-1,-1,-1,-1,-1,-1],"split_conditions":[-3.9855266E-1,-5.1304024E-1,4.3564983E-2,9.6944556E-2,2.4818862E-2,-6.113831E-2,5.697303E0,4.1325554E-2,-2.8794054E-2,-2.0175483E-2,4.6618577E-2,-2.5656914E-2,5.9064984E-2],"split_indices":[5,3,17,0,17,3,5,0,0,0,0,0,0],"split_type":[0,0,0,0,0,0,0,0,0,0,0,0,0],"sum_hessian":[1.3581848E3,5.708252E2,7.8735956E2,2.6723043E1,5.441022E2,4.6289957E2,3.2446E2,3.5547894E1,5.085543E2,1.1697003E2,3.4592953E2,2.5091461E2,7.354539E1],"tree_param":{"num_deleted":"0","num_feature":"19","num_nodes":"13","size_leaf_vector":"1"}},{"base_weights":[4.6984362E-4,-1.9724683E-1,1.6148674E-1,8.799165E-2,-2.3625492E-1,9.2371605E-2,6.281886E-1,-1.26030855E-2,-4.5177996E-2,1.4600498E-2,-8.3306246E-2,-0E0,7.345693E-2],"categories":[],"categories_nodes":[],"categories_segments":[],"categories_sizes":[],"default_left":[0,0,0,0,0,0,0,0,0,0,0,0,0],"id":1,"left_children":[1,3,5,-1,7,9,11,-1,-1,-1,-1,-1,-1],"loss_changes":[4.3201298E1,2.4092848E1,2.2743645E1,0E0,1.2685116E1,3.2293137E1,6.3290405E0,0E0,0E0,0E0,0E0,0E0,0E0],"parents":[2147483647,0,0,1,1,2,2,4,4,5,5,6,6],"right_children":[2,4,6,-1,8,10,12,-1,-1,-1,-1,-1,-1],"split_conditions":[-1.14506995E-2,-5.2998036E-1,1.231253E-1,8.799165E-2,-5.1165022E-2,9.16334E-2,1.7122772E-1,-1.26030855E-2,-4.5177996E-2,1.4600498E-2,-8.3306246E-2,-0E0,7.345693E-2],"split_indices":[2,3,1,0,3,10,2,0,0,0,0,0,0],"split_type":[0,0,0,0,0,0,0,0,0,0,0,0,0],"sum_hessian":[1.3593834E3,6.0386426E2,7.5551917E2,1.8904692E1,5.8495953E2,6.623535E2,9.316569E1,3.9736792E2,1.8759164E2,6.27916E2,3.4437458E1,1.4595864E1,7.8569824E1],"tree_param":{"num_deleted":"0","num_feature":"19","num_nodes":"13","size_leaf_vector":"1"}},{"base_weights":[2.589587E-3,-3.8346954E-2,6.43725E-1,8.166161E-2,-1.8848433E-1,8.589478E-1,4.0403433E-2,-1.9462256E-2,2.9516092E-2,5.903865E-2,-2.408463E-2,2.2308553E-2,1.173402E-1,-6.192391E-2,7.511397E-2],"categories":[],"categories_nodes":[],"categories_segments":[],"categories_sizes":[],"default_left":[0,0,0,0,0,0,0,0,0,0,0,0,0,0,0],"id":2,"left_children":[1,3,5,7,9,11,13,-1,-1,-1,-1,-1,-1,-1,-1],"loss_changes":[3.702861E1,2.31963E1,8.988632E0,4.2205547E1,2.3656658E1,9.085239E0,1.2317523E1,0E0,0E0,0E0,0E0,0E0,0E0,0E0,0E0],"parents":[2147483647,0,0,1,1,2,2,3,3,4,4,5,5,6,6],"right_children":[2,4,6,8,10,12,14,-1,-1,-1,-1,-1,-1,-1,-1],"split_conditions":[1.3814963E-1,4.181434E-2,2.7439722E-1,-1.6374812E-2,-2.6595348E-1,1.1538422E-1,9.198248E0,-1.9462256E-2,2.9516092E-2,5.903865E-2,-2.408463E-2,2.2308553E-2,1.173402E-1,-6.192391E-2,7.511397E-2],"split_indices":[1,17,9,2,2,12,5,0,0,0,0,0,0,0,0],"split_type":[0,0,0,0,0,0,0,0,0,0,0,0,0,0,0],"sum_hessian":[1.3586835E3,1.2739016E3,8.478189E1,6.996628E2,5.742388E2,5.9711273E1,2.5070616E1,3.0135693E2,3.9830585E2,3.447397E1,5.397648E2,2.258789E1,3.7123383E1,1.1381807E1,1.3688808E1],"tree_param":{"num_deleted":"0","num_feature":"19","num_nodes":"15","size_leaf_vector":"1"}},{"base_weights":[-0E0,1.5360227E-1,-1.1339583E-1,-0E0,3.183233E-1,-1.9459568E-1,3.7768537E-1,-1.1360483E-1,4.644265E-3,3.9247908E-2,-4.516041E-2,1.1055645E-2,-3.1101406E-2,8.004953E-2,1.0498185E-2],"categories":[],"categories_nodes":[],"categories_segments":[],"categories_sizes":[],"default_left":[0,0,0,0,0,0,0,0,0,0,0,0,0,0,0],"id":3,"left_children":[1,3,5,7,9,11,13,-1,-1,-1,-1,-1,-1,-1,-1],"loss_changes":[2.3746162E1,1.5075351E1,3.0753944E1,1.7243574E1,1.68639E1,2.5010248E1,1.0418269E1,0E0,0E0,0E0,0E0,0E0,0E0,0E0,0E0],"parents":[2147483647,0,0,1,1,2,2,3,3,4,4,5,5,6,6],"right_children":[2,4,6,8,10,12,14,-1,-1,-1,-1,-1,-1,-1,-1],"split_conditions":[3.7699897E-2,3.7561068E-3,3.181639E-1,2.1799933E-2,2.4445379E-1,-2.1924345E-1,1.1717442E-1,-1.1360483E-1,4.644265E-3,3.9247908E-2,-4.516041E-2,1.1055645E-2,-3.1101406E-2,8.004953E-2,1.0498185E-2],"split_indices":[17,4,4,17,3,3,3,0,0,0,0,0,0,0,0],"split_type":[0,0,0,0,0,0,0,0,0,0,0,0,0,0,0],"sum_hessian":[1.3618667E3,5.8049176E2,7.8137494E2,2.9661438E2,2.8387738E2,6.74487E2,1.06887924E2,1.2595225E1,2.8401913E2,2.6076544E2,2.311193E1,1.8344926E2,4.9103772E2,3.8170277E1,6.871764E1],"tree_param":{"num_deleted":"0","num_feature":"19","num_nodes":"15","size_leaf_vector":"1"}},{"base_weights":[-0E0,6.113375E-1,-4.604719E-2,1.2596911E-1,2.752464E-1,-2.4906448E-1,9.469361E-2,9.187481E-2,-3.5402205E-2,-1.2103269E-2,-5.5253666E-2,2.9541502E-2,-1.7379178E-2],"categories":[],"categories_nodes":[],"categories_segments":[],"categories_sizes":[],"default_left":[0,0,0,0,0,0,0,0,0,0,0,0,0],"id":4,"left_children":[1,3,5,-1,7,9,11,-1,-1,-1,-1,-1,-1],"loss_changes":[3.8102135E1,1.7453846E1,3.673833E1,0E0,2.8087595E1,1.9120907E1,4.1151913E1,0E0,0E0,0E0,0E0,0E0,0E0],"parents":[2147483647,0,0,1,1,2,2,4,4,5,5,6,6],"right_children":[2,4,6,-1,8,10,12,-1,-1,-1,-1,-1,-1],"split_conditions":[-3.488326E-1,1.0946289E-1,-1.4148751E-2,1.2596911E-1,-4.0904477E-5,-9.0084516E-2,4.2163387E-2,9.187481E-2,-3.5402205E-2,-1.2103269E-2,-5.5253666E-2,2.9541502E-2,-1.7379178E-2],"split_indices":[3,9,2,0,16,4,17,0,0,0,0,0,0],"split_type":[0,0,0,0,0,0,0,0,0,0,0,0,0],"sum_hessian":[1.3681033E3,9.4646835E1,1.2734565E3,2.9642683E1,6.500415E1,5.2791003E2,7.4554645E2,3.376546E1,3.1238693E1,3.7897116E2,1.4893886E2,4.301682E2,3.1537823E2],"tree_param":{"num_deleted":"0","num_feature":"19","num_nodes":"13","size_leaf_vector":"1"}},{"base_weights":[-8.888752E-5,-2.4184048E-1,5.1898237E-2,3.269542E-1,-3.543918E-1,1.8695912E-1,-1.7780555E-2,8.259285E-2,-1.2651845E-3,-4.7391616E-2,1.2195138E-5,-1.4661698E-4,4.110818E-2,-7.4383626E-3,2.9452484E-2],"categories":[],"categories_nodes":[],"categories_segments":[],"categories_sizes":[],"default_left":[0,0,0,0,0,0,0,0,0,0,0,0,0,0,0],"id":5,"left_children":[1,3,5,7,9,11,13,-1,-1,-1,-1,-1,-1,-1,-1],"loss_changes":[1.748845E1,1.5942382E1,1.0823202E1,8.322315E0,1.0273346E1,1.758629E1,1.2479464E1,0E0,0E0,0E0,0E0,0E0,0E0,0E0,0E0],"parents":[2147483647,0,0,1,1,2,2,3,3,4,4,5,5,6,6],"right_children":[2,4,6,8,10,12,14,-1,-1,-1,-1,-1,-1,-1,-1],"split_conditions":[-4.4999983E-2,-6.5513514E-2,3.4091543E-2,-7.643033E0,4.3082637E-1,-3.156693E-3,6.623338E-2,8.259285E-2,-1.2651845E-3,-4.7391616E-2,1.2195138E-5,-1.4661698E-4,4.110818E-2,-7.4383626E-3,2.9452484E-2],"split_indices":[10,15,17,5,7,15,15,0,0,0,0,0,0,0,0],"split_type":[0,0,0,0,0,0,0,0,0,0,0,0,0,0,0],"sum_hessian":[1.3572811E3,2.4784222E2,1.109439E3,3.7607574E1,2.1023465E2,3.8854086E2,7.208981E2,1.7734457E1,1.9873116E1,1.6066635E2,4.9568295E1,2.0711032E2,1.8143054E2,6.161225E2,1.0477559E2],"tree_param":{"num_deleted":"0","num_feature":"19","num_nodes":"15",