{"learner":{"attributes":{"scikit_learn":"{\"_estimator_type\": \"classifier\"}"},"feature_names":["bias_week","bias_month","bias_quarter","bias_year","rsi","macd","macd_signal","vol_change","close_change","bb_width","return_5d","return_10d","k_upper","k_lower","k_body","buy_power","rs_5d","rs_10d","dist_to_20d_high","dist_to_20d_low","kd_k","kd_d","kd_cross","gap_ratio","obv","atr_ratio","trend_strength"],"feature_types":["float","float","float","float","float","float","float","float","float","float","float","float","float","float","float","float","float","float","float","float","float","float","float","float","float","float","float"],"gradient_booster":{"model":{"gbtree_model_param":{"num_parallel_tree":"1","num_trees":"4"},"iteration_indptr":[0,1,2,3,4],"tree_info":[0,0,0,0],"trees":[{"base_weights":[-2.252459E-2,1.11933775E-1,-2.7113333E-1,-1.1170395E-3,5.8839244E-1,-1.1506821E0,7.183339E-3,1.3892633E-2,-4.4979602E-2,2.410297E-2,1.2310167E-1,-1.2358243E-1,1.17887735E-1,-2.2219697E-2,4.831919E-2],"categories":[],"categories_nodes":[],"categories_segments":[],"categories_sizes":[],"default_left":[0,0,0,0,0,0,0,0,0,0,0,0,0,0,0],"id":0,"left_children":[1,3,5,7,9,11,13,-1,-1,-1,-1,-1,-1,-1,-1],"loss_changes":[5.36614E1,5.6755222E1,1.4103123E2,5.367778E1,4.1739937E1,3.208368E1,4.822858E1,0E0,0E0,0E0,0E0,0E0,0E0,0E0,0E0],"parents":[2147483647,0,0,1,1,2,2,3,3,4,4,5,5,6,6],"right_children":[2,4,6,8,10,12,14,-1,-1,-1,-1,-1,-1,-1,-1],"split_conditions":[6.603767E-2,4.2601865E-2,2.370105E-2,6.8909235E-2,6.642493E1,1.8019053E-1,2.3946802E-1,1.3892633E-2,-4.4979602E-2,2.410297E-2,1.2310167E-1,-1.2358243E-1,1.17887735E-1,-2.2219697E-2,4.831919E-2],"split_indices":[19,2,2,3,21,25,3,0,0,0,0,0,0,0,0],"split_type":[0,0,0,0,0,0,0,0,0,0,0,0,0,0,0],"sum_hessian":[1.5929231E3,1.0282219E3,5.647012E2,8.2790985E2,2.0031204E2,1.3703479E2,4.2766638E2,6.276369E2,2.0027298E2,1.3401282E2,6.6299225E1,1.329941E2,4.0406833E0,2.8577136E2,1.4189503E2],"tree_param":{"num_deleted":"0","num_feature":"27","num_nodes":"15","size_leaf_vector":"1"}},{"base_weights":[8.641226E-3,3.0568683E-1,-1.14592634E-1,-0E0,8.281215E-1,-1.8310246E-1,7.3919666E-1,1.874095E-2,-9.4472826E-2,-1.0532467E-1,9.747259E-2,-1.3890251E-2,-1.2377532E-1,8.860082E-2,-1.1828324E-1],"categories":[],"categories_nodes":[],"categories_segments":[],"categories_sizes":[],"default_left":[0,0,0,0,0,0,0,0,0,0,0,0,0,0,0],"id":1,"left_children":[1,3,5,7,9,11,13,-1,-1,-1,-1,-1,-1,-1,-1],"loss_changes":[5.9541904E1,7.607489E1,6.530997E1,5.439936E1,5.2150833E1,4.5095123E1,2.4661457E1,0E0,0E0,0E0,0E0,0E0,0E0,0E0,0E0],"parents":[2147483647,0,0,1,1,2,2,3,3,4,4,5,5,6,6],"right_children":[2,4,6,8,10,12,14,-1,-1,-1,-1,-1,-1,-1,-1],"split_conditions":[4.1776113E-2,8.2194966E-1,1.5434098E-1,9.862696E-3,2.1752572E-2,8.206105E-2,1.2640111E1,1.874095E-2,-9.4472826E-2,-1.0532467E-1,9.747259E-2,-1.3890251E-2,-1.2377532E-1,8.860082E-2,-1.1828324E-1],"split_indices":[9,6,9,16,9,10,22,0,0,0,0,0,0,0,0],"split_type":[0,0,0,0,0,0,0,0,0,0,0,0,0,0,0],"sum_hessian":[1.613101E3,4.7798148E2,1.1351195E3,3.0266608E2,1.753154E2,1.0538727E3,8.124681E1,2.5356114E2,4.910494E1,1.1760881E1,1.6355452E2,1.01586005E3,3.801265E1,7.675952E1,4.4872947E0],"tree_param":{"num_deleted":"0","num_feature":"27","num_nodes":"15","size_leaf_vector":"1"}},{"base_weights":[2.164182E-2,3.0911654E-1,-8.920079E-2,5.094617E-1,-3.1094506E-1,9.609575E-1,-1.4115356E-1,3.4550034E-2,9.284691E-2,-1.42785E-1,2.9138016E-2,1.13252036E-1,-4.055953E-2,-2.63797E-2,3.0681547E-2],"categories":[],"categories_nodes":[],"categories_segments":[],"categories_sizes":[],"default_left":[0,0,0,0,0,0,0,0,0,0,0,0,0,0,0],"id":2,"left_children":[1,3,5,7,9,11,13,-1,-1,-1,-1,-1,-1,-1,-1],"loss_changes":[5.214551E1,5.7319664E1,6.179277E1,2.0762741E1,7.753765E1,1.5161034E1,6.248337E1,0E0,0E0,0E0,0E0,0E0,0E0,0E0,0E0],"parents":[2147483647,0,0,1,1,2,2,3,3,4,4,5,5,6,6],"right_children":[2,4,6,8,10,12,14,-1,-1,-1,-1,-1,-1,-1,-1],"split_conditions":[3.0582767E-2,7.082179E-3,-2.0775265E-1,4.7368252E-1,4.4189986E-2,4.833124E1,3.5573564E-8,3.4550034E-2,9.284691E-2,-1.42785E-1,2.9138016E-2,1.13252036E-1,-4.055953E-2,-2.63797E-2,3.0681547E-2],"split_indices":[25,17,3,13,2,20,24,0,0,0,0,0,0,0,0],"split_type":[0,0,0,0,0,0,0,0,0,0,0,0,0,0,0],"sum_hessian":[1.619311E3,4.5584796E2,1.163463E3,3.4739316E2,1.08454796E2,5.208787E1,1.1113751E3,2.5709015E2,9.030301E1,3.8725227E1,6.972957E1,4.7598553E1,4.4893184E0,8.745007E2,2.3687447E2],"tree_param":{"num_deleted":"0","num_feature":"27","num_nodes":"15","size_leaf_vector":"1"}},{"base_weights":[-3.1538565E-2,-1.985397E-1,1.9892485E-1,-9.8906085E-3,-6.6514796E-1,6.266609E-1,4.0679876E-2,9.381177E-2,-9.455417E-3,-5.335491E-2,-1.423351E-1,-1.3134116E-1,7.872997E-2,-2.1561958E-2,5.8268074E-2],"categories":[],"categories_nodes":[],"categories_segments":[],"categories_sizes":[],"default_left":[0,0,0,0,0,0,0,0,0,0,0,0,0,0,0],"id":3,"left_children":[1,3,5,7,9,11,13,-1,-1,-1,-1,-1,-1,-1,-1],"loss_changes":[6.1272808E1,8.022204E1,4.3370716E1,5.2498E1,2.074533E1,5.678617E1,6.992011E1,0E0,0E0,0E0,0E0,0E0,0E0,0E0,0E0],"parents":[2147483647,0,0,1,1,2,2,3,3,4,4,5,5,6,6],"right_children":[2,4,6,8,10,12,14,-1,-1,-1,-1,-1,-1,-1,-1],"split_conditions":[7.87847E-1,7.965467E-3,4.1776113E-2,-2.0124306E-1,1.034044E-1,2.1752572E-2,2.3946802E-1,9.381177E-2,-9.455417E-3,-5.335491E-2,-1.423351E-1,-1.3134116E-1,7.872997E-2,-2.1561958E-2,5.8268074E-2],"split_indices":[6,0,9,3,9,9,3,0,0,0,0,0,0,0,0],"split_type":[0,0,0,0,0,0,0,0,0,0,0,0,0,0,0],"sum_hessian":[1.5902871E3,9.278438E2,6.6244324E2,6.647847E2,2.630591E2,1.7435687E2,4.8808636E2,5.167483E1,6.1310986E2,2.2949736E2,3.356175E1,1.2213095E1,1.6214377E2,3.291335E2,1.5895285E2],"tree_param":{"num_deleted":"0","num_feature":"27","num_nodes":"15","size_leaf_vector":"1"}}]},"name":"gbtree"},"learner_model_param":{"base_score":"5E-1","boost_from_average":"1","num_class":"0","num_feature":"27","num_target":"1"},"objective":{"name":"binary:logistic","reg_loss_param":{"scale_pos_weight":"4.04068327"}}},"version":[2,1,0]}