{"learner":{"attributes":{"scikit_learn":"{\"_estimator_type\": \"classifier\"}"},"feature_names":["bias_week","bias_month","bias_quarter","bias_year","rsi","macd","macd_signal","vol_change","close_change","bb_width","return_5d","k_upper","k_lower","k_body","buy_power","rs_5d"],"feature_types":["float","float","float","float","float","float","float","float","float","float","float","float","float","float","float","float"],"gradient_booster":{"model":{"cats":{"enc":[],"feature_segments":[],"sorted_idx":[]},"gbtree_model_param":{"num_parallel_tree":"1","num_trees":"16"},"iteration_indptr":[0,1,2,3,4,5,6,7,8,9,10,11,12,13,14,15,16],"tree_info":[0,0,0,0,0,0,0,0,0,0,0,0,0,0,0,0],"trees":[{"base_weights":[-1.1372912E-2,1.3868101E-1,-7.83213E-2,-1.4356582E-1,5.8460344E-2,1.4968938E-3,-4.0151447E-2],"categories":[],"categories_nodes":[],"categories_segments":[],"categories_sizes":[],"default_left":[0,0,0,0,0,0,0],"id":0,"left_children":[1,-1,3,5,-1,-1,-1],"loss_changes":[4.3094975E1,0E0,1.9371847E1,1.8662195E1,0E0,0E0,0E0],"parents":[2147483647,0,0,2,2,3,3],"right_children":[2,-1,4,6,-1,-1,-1],"split_conditions":[-3.021069E0,1.3868101E-1,2.774607E-1,7.8325555E-2,5.8460344E-2,1.4968938E-3,-4.0151447E-2],"split_indices":[5,0,3,3,0,0,0],"split_type":[0,0,0,0,0,0,0],"sum_hessian":[4.8809677E2,2.053701E1,4.6755975E2,4.2906744E2,3.849231E1,2.6160156E2,1.6746587E2],"tree_param":{"num_deleted":"0","num_feature":"16","num_nodes":"7","size_leaf_vector":"1"}},{"base_weights":[4.555006E-3,-9.804083E-2,9.1743E-2,-3.1451645E-1,1.14177085E-1,-3.5019644E-2,1.9995226E-2,5.8366094E-2,-4.6488284E-3],"categories":[],"categories_nodes":[],"categories_segments":[],"categories_sizes":[],"default_left":[0,0,0,0,0,0,0,0,0],"id":1,"left_children":[1,3,-1,5,7,-1,-1,-1,-1],"loss_changes":[4.777147E1,2.045004E1,0E0,4.733492E0,1.7609623E1,0E0,0E0,0E0,0E0],"parents":[2147483647,0,0,1,1,3,3,4,4],"right_children":[2,4,-1,6,8,-1,-1,-1,-1],"split_conditions":[1.0464538E-1,5.240756E-2,9.1743E-2,2.6214734E-2,-1.8005388E-2,-3.5019644E-2,1.9995226E-2,5.8366094E-2,-4.6488284E-3],"split_indices":[9,9,0,15,10,0,0,0,0],"split_type":[0,0,0,0,0,0,0,0,0],"sum_hessian":[4.860716E2,4.3517618E2,5.089542E1,2.2066745E2,2.1450874E2,2.0943489E2,1.1232554E1,5.787777E1,1.5663097E2],"tree_param":{"num_deleted":"0","num_feature":"16","num_nodes":"9","size_leaf_vector":"1"}},{"base_weights":[-2.0607047E-2,9.812824E-2,-9.970259E-2,5.7100695E-2,-1.3777559E-1,-1.9863004E-2,3.335972E-2],"categories":[],"categories_nodes":[],"categories_segments":[],"categories_sizes":[],"default_left":[0,0,0,0,0,0,0],"id":2,"left_children":[1,-1,3,-1,5,-1,-1],"loss_changes":[3.7132812E1,0E0,1.075564E1,0E0,1.2588072E1,0E0,0E0],"parents":[2147483647,0,0,2,2,4,4],"right_children":[2,-1,4,-1,6,-1,-1],"split_conditions":[-5.6832276E-2,9.812824E-2,-1.5211911E-1,5.7100695E-2,2.4648875E-1,-1.9863004E-2,3.335972E-2],"split_indices":[1,0,3,0,3,0,0],"split_type":[0,0,0,0,0,0,0],"sum_hessian":[4.898438E2,3.3445786E1,4.56398E2,2.113868E1,4.3525934E2,3.8883258E2,4.6426758E1],"tree_param":{"num_deleted":"0","num_feature":"16","num_nodes":"7","size_leaf_vector":"1"}},{"base_weights":[4.0933184E-4,1.0135601E-1,-5.2643638E-2,-1.5299903E-1,2.0881351E-2,2.2459314E-3,-4.0508073E-2],"categories":[],"categories_nodes":[],"categories_segments":[],"categories_sizes":[],"default_left":[0,0,0,0,0,0,0],"id":3,"left_children":[1,-1,3,5,-1,-1,-1],"loss_changes":[2.8630766E1,0E0,1.2069902E1,1.6146238E1,0E0,0E0,0E0],"parents":[2147483647,0,0,2,2,3,3],"right_children":[2,-1,4,6,-1,-1,-1],"split_conditions":[-2.7393053E0,1.0135601E-1,1.4269803E0,2.0999423E-1,2.0881351E-2,2.2459314E-3,-4.0508073E-2],"split_indices":[5,0,5,5,0,0,0],"split_type":[0,0,0,0,0,0,0],"sum_hessian":[4.8791882E2,2.6121714E1,4.6179712E2,3.405284E2,1.2126869E2,1.9656476E2,1.4396365E2],"tree_param":{"num_deleted":"0","num_feature":"16","num_nodes":"7","size_leaf_vector":"1"}},{"base_weights":[1.9755687E-4,-1.3061617E-1,5.7067275E-1,-2.6128647E-1,4.262193E-2,1.2467601E-1,4.1404626E-1,-1.0152606E-2,-4.3179285E-2,2.3533247E-2,-2.251481E-2,-0E0,5.364804E-2],"categories":[],"categories_nodes":[],"categories_segments":[],"categories_sizes":[],"default_left":[0,0,0,0,0,0,0,0,0,0,0,0,0],"id":4,"left_children":[1,3,5,7,9,-1,11,-1,-1,-1,-1,-1,-1],"loss_changes":[3.7556976E1,9.443721E0,6.3602066E0,5.2223215E0,8.560106E0,0E0,5.3942785E0,0E0,0E0,0E0,0E0,0E0,0E0],"parents":[2147483647,0,0,1,1,2,2,3,3,4,4,6,6],"right_children":[2,4,6,8,10,-1,12,-1,-1,-1,-1,-1,-1],"split_conditions":[8.486705E-2,5.337622E-2,-1.2878631E-1,7.725344E-2,1.3887979E-1,1.2467601E-1,-6.789866E-2,-1.0152606E-2,-4.3179285E-2,2.3533247E-2,-2.251481E-2,-0E0,5.364804E-2],"split_indices":[9,9,3,3,4,0,3,0,0,0,0,0,0],"split_type":[0,0,0,0,0,0,0,0,0,0,0,0,0],"sum_hessian":[4.8981924E2,3.952857E2,9.453353E1,2.3272208E2,1.6256363E2,1.4792027E1,7.97415E1,1.2845636E2,1.0426571E2,9.927282E1,6.3290813E1,1.4589019E1,6.515248E1],"tree_param":{"num_deleted":"0","num_feature":"16","num_nodes":"13","size_leaf_vector":"1"}},{"base_weights":[7.4210754E-3,-6.43593E-2,5.883733E-1,-5.0666034E-1,-1.1241299E-3,1.1900671E-1,3.3189356E-2,-9.467812E-3,-1.0817579E-1,4.181084E-2,-4.6525863E-3],"categories":[],"categories_nodes":[],"categories_segments":[],"categories_sizes":[],"default_left":[0,0,0,0,0,0,0,0,0,0,0],"id":5,"left_children":[1,3,5,7,9,-1,-1,-1,-1,-1,-1],"loss_changes":[2.139344E1,1.0824274E1,5.3151684E0,9.098762E0,6.48806E0,0E0,0E0,0E0,0E0,0E0,0E0],"parents":[2147483647,0,0,1,1,2,2,3,3,4,4],"right_children":[2,4,6,8,10,-1,-1,-1,-1,-1,-1],"split_conditions":[9.950281E-2,2.8072743E-2,-9.216757E-2,9.786469E-2,-7.2235145E-2,1.1900671E-1,3.3189356E-2,-9.467812E-3,-1.0817579E-1,4.181084E-2,-4.6525863E-3],"split_indices":[9,9,3,3,2,0,0,0,0,0,0],"split_type":[0,0,0,0,0,0,0,0,0,0,0],"sum_hessian":[4.8454156E2,4.2786472E2,5.6676857E1,4.8991653E1,3.7887308E2,1.3936729E1,4.274013E1,3.1063866E1,1.7927788E1,3.2153038E1,3.4672003E2],"tree_param":{"num_deleted":"0","num_feature":"16","num_nodes":"11","size_leaf_vector":"1"}},{"base_weights":[2.995083E-2,8.1130326E-2,-2.305667E-2,-1.6007318E-1,1.6271846E-1,3.6125388E-3,-5.4391317E-2,4.307613E-2,-0E0],"categories":[],"categories_nodes":[],"categories_segments":[],"categories_sizes":[],"default_left":[0,0,0,0,0,0,0,0,0],"id":6,"left_children":[1,-1,3,5,7,-1,-1,-1,-1],"loss_changes":[2.1711885E1,0E0,1.1304331E1,2.1195488E1,7.101006E0,0E0,0E0,0E0,0E0],"parents":[2147483647,0,0,2,2,3,3,4,4],"right_children":[2,-1,4,6,8,-1,-1,-1,-1],"split_conditions":[-5.6832276E-2,8.1130326E-2,7.170406E-1,-7.432742E-2,9.079077E-2,3.6125388E-3,-5.4391317E-2,4.307613E-2,-0E0],"split_indices":[1,0,6,6,3,0,0,0,0],"split_type":[0,0,0,0,0,0,0,0,0],"sum_hessian":[4.7684946E2,3.266908E1,4.4418036E2,2.6262814E2,1.8155223E2,1.7056491E2,9.206324E1,6.308538E1,1.1846684E2],"tree_param":{"num_deleted":"0","num_feature":"16","num_nodes":"9","size_leaf_vector":"1"}},{"base_weights":[3.8509653E-3,6.333116E-1,-5.9594333E-2,7.939439E-2,-0E0,-9.906862E-2,4.7703173E-2,-1.7930636E-2,7.7686342E-3],"categories":[],"categories_nodes":[],"categories_segments":[],"categories_sizes":[],"default_left":[0,0,0,0,0,0,0,0,0],"id":7,"left_children":[1,3,5,-1,-1,7,-1,-1,-1],"loss_changes":[2.090408E1,4.1104584E0,8.590731E0,0E0,0E0,6.268915E0,0E0,0E0,0E0],"parents":[2147483647,0,0,1,1,2,2,5,5],"right_children":[2,4,6,-1,-1,8,-1,-1,-1],"split_conditions":[-7.2235145E-2,2.8177463E-3,4.657572E-2,7.939439E-2,-0E0,1.1391137E0,4.7703173E-2,-1.7930636E-2,7.7686342E-3],"split_indices":[2,15,15,0,0,6,0,0,0],"split_type":[0,0,0,0,0,0,0,0,0],"sum_hessian":[4.908961E2,4.813807E1,4.42758E2,3.652957E1,1.1608496E1,4.1656827E2,2.6189741E1,2.9392493E2,1.2264333E2],"tree_param":{"num_deleted":"0","num_feature":"16","num_nodes":"9","size_leaf_vector":"1"}},{"base_weights":[1.4802765E-3,1.1729899E-1,-2.5944639E-2,-6.796885E-2,3.8006502E-1,2.1498347E-2,-1.2798293E-2,7.622647E-2,-0E0],"categories":[],"categories_nodes":[],"categories_segments":[],"categories_sizes":[],