{"learner":{"attributes":{"scikit_learn":"{\"_estimator_type\": \"classifier\"}"},"feature_names":["bias_week","bias_month","bias_quarter","bias_year","rsi","macd","macd_signal","vol_change","close_change","bb_width","return_5d","k_upper","k_lower","k_body","buy_power","rs_5d","obv","atr_ratio","trend_strength"],"feature_types":["float","float","float","float","float","float","float","float","float","float","float","float","float","float","float","float","float","float","float"],"gradient_booster":{"model":{"cats":{"enc":[],"feature_segments":[],"sorted_idx":[]},"gbtree_model_param":{"num_parallel_tree":"1","num_trees":"14"},"iteration_indptr":[0,1,2,3,4,5,6,7,8,9,10,11,12,13,14],"tree_info":[0,0,0,0,0,0,0,0,0,0,0,0,0,0],"trees":[{"base_weights":[1.3550555E-2,3.1935203E-1,-8.8259E-2,4.007199E-1,-3.2885605E-1,7.1057177E-1,-1.426293E-1,1.7232906E-2,9.4194345E-2,-0E0,-1.0126446E-1,2.4485238E-2,1.1587775E-1,-3.5031218E-2,1.444217E-2],"categories":[],"categories_nodes":[],"categories_segments":[],"categories_sizes":[],"default_left":[0,0,0,0,0,0,0,0,0,0,0,0,0,0,0],"id":0,"left_children":[1,3,5,7,9,11,13,-1,-1,-1,-1,-1,-1,-1,-1],"loss_changes":[4.206293E1,1.8041927E1,4.1965508E1,3.5345757E1,8.282653E0,9.690634E0,5.718702E1,0E0,0E0,0E0,0E0,0E0,0E0,0E0,0E0],"parents":[2147483647,0,0,1,1,2,2,3,3,4,4,5,5,6,6],"right_children":[2,4,6,8,10,12,14,-1,-1,-1,-1,-1,-1,-1,-1],"split_conditions":[3.1101875E-2,2.0110433E0,-1.80908E-1,9.632549E-1,2.6312437E-2,8.194538E-2,7.861753E-1,1.7232906E-2,9.4194345E-2,-0E0,-1.0126446E-1,2.4485238E-2,1.1587775E-1,-3.5031218E-2,1.444217E-2],"split_indices":[17,5,3,5,17,18,6,0,0,0,0,0,0,0,0],"split_type":[0,0,0,0,0,0,0,0,0,0,0,0,0,0,0],"sum_hessian":[1.3341671E3,3.3872614E2,9.95441E2,3.040654E2,3.4660744E1,6.073223E1,9.3470874E2,2.1807596E2,8.598942E1,2.3185024E1,1.1475719E1,3.266861E1,2.806362E1,5.4468475E2,3.9002402E2],"tree_param":{"num_deleted":"0","num_feature":"19","num_nodes":"15","size_leaf_vector":"1"}},{"base_weights":[-1.4256395E-3,1.9960676E-1,-1.2422908E-1,1.2243465E-3,5.85231E-1,-2.2630125E-1,3.338446E-1,1.91515E-2,-3.814794E-2,-6.609832E-2,6.867951E-2,6.450659E-2,-2.8539496E-2,3.5344188E-3,7.387437E-2],"categories":[],"categories_nodes":[],"categories_segments":[],"categories_sizes":[],"default_left":[0,0,0,0,0,0,0,0,0,0,0,0,0,0,0],"id":1,"left_children":[1,3,5,7,9,11,13,-1,-1,-1,-1,-1,-1,-1,-1],"loss_changes":[3.2690796E1,3.6760002E1,3.872423E1,2.4191454E1,2.224376E1,3.608876E1,1.6353626E1,0E0,0E0,0E0,0E0,0E0,0E0,0E0,0E0],"parents":[2147483647,0,0,1,1,2,2,3,3,4,4,5,5,6,6],"right_children":[2,4,6,8,10,12,14,-1,-1,-1,-1,-1,-1,-1,-1],"split_conditions":[4.8143353E-2,7.765668E-1,2.418277E-1,6.898421E-2,2.3564039E-2,-1.9429916E-1,4.9807156E-8,1.91515E-2,-3.814794E-2,-6.609832E-2,6.867951E-2,6.450659E-2,-2.8539496E-2,3.5344188E-3,7.387437E-2],"split_indices":[9,5,3,3,9,3,16,0,0,0,0,0,0,0,0],"split_type":[0,0,0,0,0,0,0,0,0,0,0,0,0,0,0],"sum_hessian":[1.3309131E3,4.97722E2,8.3319104E2,3.3256177E2,1.651602E2,6.8542053E2,1.4777055E2,2.260419E2,1.0651988E2,1.13282175E1,1.5383199E2,4.241226E1,6.4300824E2,8.885106E1,5.89195E1],"tree_param":{"num_deleted":"0","num_feature":"19","num_nodes":"15","size_leaf_vector":"1"}},{"base_weights":[-9.87326E-3,1.05406575E-1,-2.310973E-1,7.050388E-2,1.6050965E-1,2.428351E-1,-3.6634555E-1,1.6485875E-2,-2.8944978E-2,5.0954275E-2,-5.804107E-2,-1.4138258E-3,-5.497586E-2],"categories":[],"categories_nodes":[],"categories_segments":[],"categories_sizes":[],"default_left":[0,0,0,0,0,0,0,0,0,0,0,0,0],"id":2,"left_children":[1,3,5,7,-1,9,11,-1,-1,-1,-1,-1,-1],"loss_changes":[3.408903E1,4.18394E1,2.9822947E1,2.9075077E1,0E0,2.1982328E1,2.2676094E1,0E0,0E0,0E0,0E0,0E0,0E0],"parents":[2147483647,0,0,1,1,2,2,3,3,5,5,6,6],"right_children":[2,4,6,8,-1,10,12,-1,-1,-1,-1,-1,-1],"split_conditions":[6.709725E-2,2.0998889E-1,5.4560713E-2,1.2246535E-2,1.6050965E-1,8.7322794E-2,-4.436733E-2,1.6485875E-2,-2.8944978E-2,5.0954275E-2,-5.804107E-2,-1.4138258E-3,-5.497586E-2],"split_indices":[17,2,9,0,0,17,2,0,0,0,0,0,0],"split_type":[0,0,0,0,0,0,0,0,0,0,0,0,0],"sum_hessian":[1.3254211E3,8.646841E2,4.6073706E2,8.4671875E2,1.796531E1,9.857667E1,3.621604E2,6.7476953E2,1.7194922E2,7.635379E1,2.222288E1,1.3020123E2,2.3195915E2],"tree_param":{"num_deleted":"0","num_feature":"19","num_nodes":"13","size_leaf_vector":"1"}},{"base_weights":[-9.617401E-3,-1.6242816E-1,2.3822257E-1,1.5764865E-1,-2.4854653E-1,4.333037E-1,-7.5631686E-2,-1.1550565E-2,4.2581644E-2,4.831102E-2,-2.9829672E-2,-6.744901E-2,4.92461E-2,5.7296272E-2,-3.3011336E-2],"categories":[],"categories_nodes":[],"categories_segments":[],"categories_sizes":[],"default_left":[0,0,0,0,0,0,0,0,0,0,0,0,0,0,0],"id":3,"left_children":[1,3,5,7,9,11,13,-1,-1,-1,-1,-1,-1,-1,-1],"loss_changes":[5.0381817E1,2.312312E1,3.163544E1,1.3420074E1,2.4936401E1,2.1744968E1,3.1146616E1,0E0,0E0,0E0,0E0,0E0,0E0,0E0,0E0],"parents":[2147483647,0,0,1,1,2,2,3,3,4,4,5,5,6,6],"right_children":[2,4,6,8,10,12,14,-1,-1,-1,-1,-1,-1,-1,-1],"split_conditions":[9.416029E-1,2.6932904E-2,6.322984E-2,1.7128307E-2,-1.9429916E-1,-1.0823601E-2,3.0535702E-2,-1.1550565E-2,4.2581644E-2,4.831102E-2,-2.9829672E-2,-6.744901E-2,4.92461E-2,5.7296272E-2,-3.3011336E-2],"split_indices":[6,17,17,3,3,3,3,0,0,0,0,0,0,0,0],"split_type":[0,0,0,0,0,0,0,0,0,0,0,0,0,0,0],"sum_hessian":[1.3346511E3,8.3125037E2,5.0340082E2,1.7067128E2,6.605791E2,3.1485272E2,1.8854811E2,8.083785E1,8.983343E1,4.0833202E1,6.1974585E2,1.4939019E1,2.999137E2,5.075419E1,1.3779393E2],"tree_param":{"num_deleted":"0","num_feature":"19","num_nodes":"15","size_leaf_vector":"1"}},{"base_weights":[3.1149276E-3,2.5404212E-1,-7.9530254E-2,4.488426E-1,-7.491809E-2,5.7074106E-1,-1.2627123E-1,7.2740614E-2,8.558412E-3,-7.4876264E-2,2.4114937E-2,8.783222E-2,-0E0,-1.6441353E-2,7.471112E-2],"categories":[],"categories_nodes":[],"categories_segments":[],"categories_sizes":[],"default_left":[0,0,0,0,0,0,0,0,0,0,0,0,0,0,0],"id":4,"left_children":[1,3,5,7,9,11,13,-1,-1,-1,-1,-1,-1,-1,-1],"loss_changes":[2.8147804E1,2.2527163E1,2.9397823E1,2.0506958E1,2.7459383E1,1.3414663E1,3.118097E1,0E0,0E0,0E0,0E0,0E0,0E0,0E0,0E0],"parents":[2147483647,0,0,1,1,2,2,3,3,4,4,5,5,6,6],"right_children":[2,4,6,8,10,12,14,-1,-1,-1,-1,-1,-1,-1,-1],"split_conditions":[3.1101875E-2,4.3509446E-2,-1.7739749E-1,6.898421E-2,1.2945905E-2,-2.357398E0,2.3477007E-1,7.2740614E-2,8.558412E-3,-7.4876264E-2,2.4114937E-2,8.783222E-2,-0E0,-1.6441353E-2,7.471112E-2],"split_indices":[17,9,3,3,3,5,2,0,0,0,0,0,0,0,0],"split_type":[0,0,0,0,0,0,0,0,0,0,0,0,0,0,0],"sum_hessian":[1.338185E3,3.3826453E2,9.9992053E2,2.1674158E2,1.21522934E2,6.3760628E1,9.361599E2,1.1792965E2,9.881193E1,4.095245E1,8.057049E1,4.3560192E1,2.0200436E1,8.984634E2,3.7696552E1],"tree_param":{"num_deleted":"0","num_feature":"19","num_nodes":"15","size_leaf_vector":"1"}},{"base_weights":[-6.439203E-3,2.2738175E-1,-8.881775E-2,4.2525005E-1,-4.4380587E-2,-1.10636644E-1,6.5559804E-1,7.4540325E-2,2.6789296E-2,-1.0565301E-1,1.3867022E-2,4.918997E-3,-2.2161419E-2,1.2128366E-1,1.4569336E-3],"categories":[],"categories_nodes":[],"categories_segments":[],"categories_sizes":[],"default_left":[0,0,0,0,0,0,0,0,0,0,0,0,0,0,0],"id":5,"left_children":[1,3,5,7,9,11,13,-1,-1,-1,-1,-1,-1,-1,-1],"loss_changes":[2.5320831E1,1.9120127E1,1.4876426E1,7.8715553E0,2.8102556E1,1.7845684E1,6.401102E0,0E0,0E0,0E0,0E0,0E0,0E0,0E0,0E0],"parents":[2147483647,0,0,1,1,2,2,3,3,4,4,5,5,6,6],"right_children":[2,4,6,8,10,12,14,-1,-1,-1,-1,-1,-1,-1,-1],"split_conditions":[3.1483613E-2,4.821795E-3,5.9054646E0,2.5000477E-1,-1.4262016E-1,-9.7088935E-3,6.0672425E-2,7.4540325E-2,2.6789296E-2,-1.0565301E-1,1.3867022E-2,4.918997E-3,-2.2161419E-2,1.2128366E-1,1.4569336E-3],"split_indices":[17,15,5,14,5,10,17,0,0,0,0,0,0,0,0],"split_type":[0,0,0,0,0,0,0,0,0,0,0,0,0,0,0],"sum_hessian":[1.3306185E3,3.3949652E2,9.91122E2,2.012324E2,1.382641E2,9.6590607E2,2.5215914E1,6.009969E1,1.4113272E2,2.2949005E1,1.15315094E2,3.907518E2,5.751543E2,1.1475284E1,1.3740631E1],"tree_param":{"num_deleted":"0",