{"learner":{"attributes":{"scikit_learn":"{\"_estimator_type\": \"classifier\"}"},"feature_names":["bias_week","bias_month","bias_quarter","bias_year","rsi","macd","macd_signal","vol_change","close_change","bb_width","return_5d","return_10d","k_upper","k_lower","k_body","buy_power","rs_5d","rs_10d","dist_to_20d_high","dist_to_20d_low","kd_k","kd_d","kd_cross","gap_ratio","obv","atr_ratio","trend_strength"],"feature_types":["float","float","float","float","float","float","float","float","float","float","float","float","float","float","float","float","float","float","float","float","float","float","float","float","float","float","float"],"gradient_booster":{"model":{"gbtree_model_param":{"num_parallel_tree":"1","num_trees":"12"},"iteration_indptr":[0,1,2,3,4,5,6,7,8,9,10,11,12],"tree_info":[0,0,0,0,0,0,0,0,0,0,0,0],"trees":[{"base_weights":[-1.5830912E-2,-1.8863638E-1,2.7184528E-1,-4.1192207E-2,-1.0362206E0,6.4204884E-1,-2.541116E-4,9.219288E-2,-1.1371667E-2,1.3665177E-2,-1.24103524E-1,1.1054177E-1,2.8994424E-2,-1.646677E-2,9.2153266E-2],"categories":[],"categories_nodes":[],"categories_segments":[],"categories_sizes":[],"default_left":[0,0,0,0,0,0,0,0,0,0,0,0,0,0,0],"id":0,"left_children":[1,3,5,7,9,11,13,-1,-1,-1,-1,-1,-1,-1,-1],"loss_changes":[7.626742E1,1.1821353E2,5.9093548E1,5.7112267E1,3.8165405E1,3.7175034E1,4.8804024E1,0E0,0E0,0E0,0E0,0E0,0E0,0E0,0E0],"parents":[2147483647,0,0,1,1,2,2,3,3,4,4,5,5,6,6],"right_children":[2,4,6,8,10,12,14,-1,-1,-1,-1,-1,-1,-1,-1],"split_conditions":[4.100455E-2,7.426241E-2,4.6299577E-2,-1.942991E-1,3.3156965E-2,3.0772606E-2,1.563696E-1,9.219288E-2,-1.1371667E-2,1.3665177E-2,-1.24103524E-1,1.1054177E-1,2.8994424E-2,-1.646677E-2,9.2153266E-2],"split_indices":[2,19,26,3,25,25,26,0,0,0,0,0,0,0,0],"split_type":[0,0,0,0,0,0,0,0,0,0,0,0,0,0,0],"sum_hessian":[1.5362062E3,9.647938E2,5.7141235E2,8.2486597E2,1.3992783E2,2.4508118E2,3.2633118E2,5.515979E1,7.697062E2,2.0068943E1,1.19858894E2,1.007326E2,1.4434857E2,2.7959537E2,4.6735825E1],"tree_param":{"num_deleted":"0","num_feature":"27","num_nodes":"15","size_leaf_vector":"1"}},{"base_weights":[9.0937065E-3,3.1066152E-1,-1.1409668E-1,2.6197767E-2,9.628842E-1,-2.486798E-1,3.4848103E-1,4.6763457E-2,-3.6153316E-2,-1.4882612E-1,1.0941924E-1,9.05367E-2,-2.9889E-2,5.8272306E-2,-3.525547E-2],"categories":[],"categories_nodes":[],"categories_segments":[],"categories_sizes":[],"default_left":[0,0,0,0,0,0,0,0,0,0,0,0,0,0,0],"id":1,"left_children":[1,3,5,7,9,11,13,-1,-1,-1,-1,-1,-1,-1,-1],"loss_changes":[5.837456E1,8.264113E1,6.844624E1,5.637318E1,4.7655907E1,5.1280415E1,4.1893883E1,0E0,0E0,0E0,0E0,0E0,0E0,0E0,0E0],"parents":[2147483647,0,0,1,1,2,2,3,3,4,4,5,5,6,6],"right_children":[2,4,6,8,10,12,14,-1,-1,-1,-1,-1,-1,-1,-1],"split_conditions":[4.1312393E-2,4.3952838E-2,3.547097E-8,-6.5421932E-3,2.121792E-2,-2.1510355E-1,5.8049917E0,4.6763457E-2,-3.6153316E-2,-1.4882612E-1,1.0941924E-1,9.05367E-2,-2.9889E-2,5.8272306E-2,-3.525547E-2],"split_indices":[9,2,24,16,9,3,22,0,0,0,0,0,0,0,0],"split_type":[0,0,0,0,0,0,0,0,0,0,0,0,0,0,0],"sum_hessian":[1.5576957E3,4.5669733E2,1.1009983E3,3.2103378E2,1.3566354E2,8.569488E2,2.4404951E2,1.5265283E2,1.6838095E2,5.9860015E0,1.2967754E2,3.4677063E1,8.222717E2,1.8469716E2,5.9352345E1],"tree_param":{"num_deleted":"0","num_feature":"27","num_nodes":"15","size_leaf_vector":"1"}},{"base_weights":[1.5247218E-2,1.480857E-1,-2.0551324E-1,9.3415104E-2,8.911437E-1,-8.1793106E-1,1.9034943E-2,1.1085819E-1,4.71949E-3,-7.2811656E-3,1.0993504E-1,-9.374541E-2,9.122427E-2,-1.9942092E-2,4.9200535E-2],"categories":[],"categories_nodes":[],"categories_segments":[],"categories_sizes":[],"default_left":[0,0,0,0,0,0,0,0,0,0,0,0,0,0,0],"id":2,"left_children":[1,3,5,7,9,11,13,-1,-1,-1,-1,-1,-1,-1,-1],"loss_changes":[4.568937E1,3.7591686E1,8.1658966E1,4.0435932E1,1.5877911E1,3.580207E1,4.51468E1,0E0,0E0,0E0,0E0,0E0,0E0,0E0,0E0],"parents":[2147483647,0,0,1,1,2,2,3,3,4,4,5,5,6,6],"right_children":[2,4,6,8,10,12,14,-1,-1,-1,-1,-1,-1,-1,-1],"split_conditions":[6.1904784E-2,7.2296616E1,2.9669883E-2,-2.1510355E-1,9.551805E-3,1.6423792E-1,2.4151832E-1,1.1085819E-1,4.71949E-3,-7.2811656E-3,1.0993504E-1,-9.374541E-2,9.122427E-2,-1.9942092E-2,4.9200535E-2],"split_indices":[19,21,2,3,2,25,3,0,0,0,0,0,0,0,0],"split_type":[0,0,0,0,0,0,0,0,0,0,0,0,0,0,0],"sum_hessian":[1.5606666E3,9.8091547E2,5.7975116E2,9.1742114E2,6.349436E1,1.5762262E2,4.2212854E2,3.633396E1,8.8108716E2,9.861329E0,5.3633034E1,1.484555E2,9.167114E0,2.8595703E2,1.3617154E2],"tree_param":{"num_deleted":"0","num_feature":"27","num_nodes":"15","size_leaf_vector":"1"}},{"base_weights":[-4.2132895E-2,-2.5045955E-1,2.3780477E-1,-5.6271646E-2,-7.531017E-1,6.832122E-1,6.656327E-2,8.440513E-2,-1.3605784E-2,-6.236024E-2,-1.4803885E-1,-1.6273639E-1,8.4943876E-2,-1.866323E-2,5.7264797E-2],"categories":[],"categories_nodes":[],"categories_segments":[],"categories_sizes":[],"default_left":[0,0,0,0,0,0,0,0,0,0,0,0,0,0,0],"id":3,"left_children":[1,3,5,7,9,11,13,-1,-1,-1,-1,-1,-1,-1,-1],"loss_changes":[8.916144E1,8.411128E1,4.76613E1,4.541391E1,1.6689896E1,7.0257774E1,6.2412086E1,0E0,0E0,0E0,0E0,0E0,0E0,0E0,0E0],"parents":[2147483647,0,0,1,1,2,2,3,3,4,4,5,5,6,6],"right_children":[2,4,6,8,10,12,14,-1,-1,-1,-1,-1,-1,-1,-1],"split_conditions":[7.8489053E-1,8.1867E-3,4.2195853E-2,-2.016078E-1,1.0349573E-1,2.1642474E-2,2.4151832E-1,8.440513E-2,-1.3605784E-2,-6.236024E-2,-1.4803885E-1,-1.6273639E-1,8.4943876E-2,-1.866323E-2,5.7264797E-2],"split_indices":[6,0,9,3,9,9,3,0,0,0,0,0,0,0,0],"split_type":[0,0,0,0,0,0,0,0,0,0,0,0,0,0,0],"sum_hessian":[1.5266387E3,8.799406E2,6.4669806E2,6.3865186E2,2.4128874E2,1.7521391E2,4.7148413E2,4.932905E1,5.893228E2,2.1049202E2,3.0796728E1,1.0735973E1,1.6447795E2,3.1200797E2,1.5947617E2],"tree_param":{"num_deleted":"0","num_feature":"27","num_nodes":"15","size_leaf_vector":"1"}},{"base_weights":[1.1100978E-2,-1.2908821E-1,2.2792903E-1,-2.3015589E-2,-4.797438E-1,7.3215187E-1,1.16695076E-1,-8.911324E-3,6.0295183E-2,-9.821201E-3,-9.16433E-2,1.09601036E-1,-8.808726E-3,2.7523866E-2,-6.861541E-2],"categories":[],"categories_nodes":[],"categories_segments":[],"categories_sizes":[],"default_left":[0,0,0,0,0,0,0,0,0,0,0,0,0,0,0],"id":4,"left_children":[1,3,5,7,9,11,13,-1,-1,-1,-1,-1,-1,-1,-1],"loss_changes":[4.7651268E1,3.38705E1,3.2729095E1,2.9588293E1,3.3737804E1,3.543302E1,6.5744E1,0E0,0E0,0E0,0E0,0E0,0E0,0E0,0E0],"parents":[2147483647,0,0,1,1,2,2,3,3,4,4,5,5,6,6],"right_children":[2,4,6,8,10,12,14,-1,-1,-1,-1,-1,-1,-1,-1],"split_conditions":[9.180334E-1,7.767942E-2,-8.749432E-3,3.2391807E-7,-3.6634349E-3,1.8496068E-1,8.7171264E-2,-8.911324E-3,6.0295183E-2,-9.821201E-3,-9.16433E-2,1.09601036E-1,-8.808726E-3,2.7523866E-2,-6.861541E-2],"split_indices":[6,3,17,24,17,3,25,0,0,0,0,0,0,0,0],"split_type":[0,0,0,0,0,0,0,0,0,0,0,0,0,0,0],"sum_hessian":[1.558605E3,9.4048804E2,6.181169E2,7.277067E2,2.1278134E2,1.07181435E2,5.1093546E2,6.619118E2,6.57949E1,1.178619E2,9.491943E1,7.539935E1,3.1782084E1,4.2897955E2,8.1955894E1],"tree_param":{"num_deleted":"0","num_feature":"27","num_nodes":"15","size_leaf_vector":"1"}},{"base_weights":[1.0957393E-2,3.1589395E-1,-1.023776E-1,1.3478865E-1,8.948088E-1,-2.0994382E-1,3.4883448E-1,3.227398E-2,-8.0895044E-2,4.548898E-2,1.19047426E-1,-0E0,-6.0355328E-2,-1.7666359E-2,7.665402E-2],"categories":[],"categories_nodes":[],"categories_segments":[],"categories_sizes":[],"default_left":[0,0,0,0,0,0,0,0,0,0,0,0,0,0,0],"id":5,"left_children":[1,3,5,7,9,11,13,-1,-1,-1,-1,-1,-1,-1,-1],"loss_changes":[5.4549995E1,4.2584118E1,5.484939E1,5.9056644E1,8.993713E0,7.697827E1,4.944217E1,0E0,0E0,0E0,0E0,0E0,0E0,0E0,0E0],"parents":[2147483647,0,0,1,1,2,2,3,3,4,4,5,5,6,6],"right_children":[2,4,6,8,10,12,14,-1,-1,-1,-1,-1,-1,-1,-1],"split_conditions":[3.9655812E-2,1.0595028E0,2.3002264E-1,9.25119E-3,6.92723E1,7.426241E-2,1.8961757E-2,3.227398E-2,-8.0895044E-2,4.548898E-2,1.19047426E-1,-0E0,-6.0355328E-2,-1.7666359E-2,7.665402E-2],"split_indices":[9,5,3,16,20,19,16,0,0,0,0,0,0,0,0],