{"learner":{"attributes":{"scikit_learn":"{\"_estimator_type\": \"classifier\"}"},"feature_names":["bias_week","bias_month","bias_quarter","bias_year","rsi","macd","macd_signal","vol_change","close_change","bb_width","return_5d","k_upper","k_lower","k_body","buy_power","rs_5d","obv","atr_ratio","trend_strength"],"feature_types":["float","float","float","float","float","float","float","float","float","float","float","float","float","float","float","float","float","float","float"],"gradient_booster":{"model":{"cats":{"enc":[],"feature_segments":[],"sorted_idx":[]},"gbtree_model_param":{"num_parallel_tree":"1","num_trees":"19"},"iteration_indptr":[0,1,2,3,4,5,6,7,8,9,10,11,12,13,14,15,16,17,18,19],"tree_info":[0,0,0,0,0,0,0,0,0,0,0,0,0,0,0,0,0,0,0],"trees":[{"base_weights":[-1.4313165E-2,-2.86469E-1,3.3546674E-1,-3.6782447E-1,9.954843E-2,1.2879544E-1,1.720219E-1,7.804366E-3,-4.4988427E-2,5.480646E-2,-0E0],"categories":[],"categories_nodes":[],"categories_segments":[],"categories_sizes":[],"default_left":[0,0,0,0,0,0,0,0,0,0,0],"id":0,"left_children":[1,3,5,7,-1,-1,9,-1,-1,-1,-1],"loss_changes":[4.5166576E1,2.7048555E1,2.885249E1,1.0670353E1,0E0,0E0,1.1509924E1,0E0,0E0,0E0,0E0],"parents":[2147483647,0,0,1,1,2,2,3,3,6,6],"right_children":[2,4,6,8,-1,-1,10,-1,-1,-1,-1],"split_conditions":[5.432851E-2,2.7726188E-1,-1.2655155E-1,-1.3751181E0,9.954843E-2,1.2879544E-1,-3.9191192E-1,7.804366E-3,-4.4988427E-2,5.480646E-2,-0E0],"split_indices":[17,3,3,5,0,0,5,0,0,0,0],"split_type":[0,0,0,0,0,0,0,0,0,0,0],"sum_hessian":[4.7546945E2,2.710394E2,2.0443005E2,2.5665622E2,1.4383192E1,2.7585543E1,1.7684451E2,3.708928E1,2.1956693E2,5.4781822E1,1.2206269E2],"tree_param":{"num_deleted":"0","num_feature":"19","num_nodes":"11","size_leaf_vector":"1"}},{"base_weights":[2.797805E-3,-9.8090954E-2,8.9941695E-2,3.402724E-1,-2.165717E-1,-7.9402566E-4,6.922646E-2,-2.9813752E-2,-0E0],"categories":[],"categories_nodes":[],"categories_segments":[],"categories_sizes":[],"default_left":[0,0,0,0,0,0,0,0,0],"id":1,"left_children":[1,3,-1,5,7,-1,-1,-1,-1],"loss_changes":[4.4973972E1,2.1719337E1,0E0,1.2275384E1,6.6489954E0,0E0,0E0,0E0,0E0],"parents":[2147483647,0,0,1,1,3,3,4,4],"right_children":[2,4,-1,6,8,-1,-1,-1,-1],"split_conditions":[1.04645416E-1,-2.2847103E-2,8.9941695E-2,5.3422324E-2,1.3504348E0,-7.9402566E-4,6.922646E-2,-2.9813752E-2,-0E0],"split_indices":[9,10,0,9,5,0,0,0,0],"split_type":[0,0,0,0,0,0,0,0,0],"sum_hessian":[4.7304227E2,4.2336243E2,4.967984E1,8.599987E1,3.3736255E2,4.0410946E1,4.5588924E1,2.4875652E2,8.860604E1],"tree_param":{"num_deleted":"0","num_feature":"19","num_nodes":"9","size_leaf_vector":"1"}},{"base_weights":[-1.3560662E-2,-2.7098098E-1,3.316867E-1,-3.2842892E-1,5.8827735E-2,1.3939561E-1,2.0798162E-1,-3.833033E-2,2.681772E-2,9.087195E-3,5.734043E-2],"categories":[],"categories_nodes":[],"categories_segments":[],"categories_sizes":[],"default_left":[0,0,0,0,0,0,0,0,0,0,0],"id":2,"left_children":[1,3,5,7,-1,-1,9,-1,-1,-1,-1],"loss_changes":[4.2079666E1,1.3110973E1,2.2788101E1,9.33404E0,0E0,0E0,6.2616844E0,0E0,0E0,0E0,0E0],"parents":[2147483647,0,0,1,1,2,2,3,3,6,6],"right_children":[2,4,6,8,-1,-1,10,-1,-1,-1,-1],"split_conditions":[5.470441E-2,3.584976E-2,-2.6900537E0,8.2686916E-2,5.8827735E-2,1.3939561E-1,3.999979E-1,-3.833033E-2,2.681772E-2,9.087195E-3,5.734043E-2],"split_indices":[17,15,5,9,0,0,11,0,0,0,0],"split_type":[0,0,0,0,0,0,0,0,0,0,0],"sum_hessian":[4.748605E2,2.7578152E2,1.9907896E2,2.6107986E2,1.4701668E1,1.8603788E1,1.8047519E2,2.4149417E2,1.9585691E1,1.420053E2,3.8469887E1],"tree_param":{"num_deleted":"0","num_feature":"19","num_nodes":"11","size_leaf_vector":"1"}},{"base_weights":[8.595923E-3,-2.1271658E-1,2.4230014E-1,-4.7201666E-1,-1.4087562E-2,8.825465E-2,1.3356125E-1,-0E0,-6.4701915E-2,4.7246817E-2,-1.8093206E-2,3.960516E-2,-0E0],"categories":[],"categories_nodes":[],"categories_segments":[],"categories_sizes":[],"default_left":[0,0,0,0,0,0,0,0,0,0,0,0,0],"id":3,"left_children":[1,3,5,7,9,-1,11,-1,-1,-1,-1,-1,-1],"loss_changes":[2.461083E1,1.1201804E1,1.4280088E1,9.678644E0,1.0915903E1,0E0,6.975049E0,0E0,0E0,0E0,0E0,0E0,0E0],"parents":[2147483647,0,0,1,1,2,2,3,3,4,4,6,6],"right_children":[2,4,6,8,10,-1,12,-1,-1,-1,-1,-1,-1],"split_conditions":[4.835319E-2,2.0232368E-2,-1.2655155E-1,-8.7021925E-2,8.1649035E-2,8.825465E-2,-3.053273E-1,-0E0,-6.4701915E-2,4.7246817E-2,-1.8093206E-2,3.960516E-2,-0E0],"split_indices":[17,3,3,3,3,0,6,0,0,0,0,0,0],"split_type":[0,0,0,0,0,0,0,0,0,0,0,0,0],"sum_hessian":[4.7438712E2,2.38702E2,2.356851E2,9.856841E1,1.4013358E2,3.0832853E1,2.0485225E2,2.4231544E1,7.433687E1,3.234778E1,1.07785805E2,6.661543E1,1.3823683E2],"tree_param":{"num_deleted":"0","num_feature":"19","num_nodes":"13","size_leaf_vector":"1"}},{"base_weights":[6.5783923E-3,-2.1066388E-1,3.341135E-1,-2.8896257E-1,5.4312203E-2,9.8937035E-2,1.7081855E-1,1.8724896E-2,-3.280645E-2,6.614682E-2,6.608577E-3],"categories":[],"categories_nodes":[],"categories_segments":[],"categories_sizes":[],"default_left":[0,0,0,0,0,0,0,0,0,0,0],"id":4,"left_children":[1,3,5,7,-1,-1,9,-1,-1,-1,-1],"loss_changes":[3.402094E1,1.6109077E1,1.828182E1,5.458805E0,0E0,0E0,6.5028057E0,0E0,0E0,0E0,0E0],"parents":[2147483647,0,0,1,1,2,2,3,3,6,6],"right_children":[2,4,6,8,-1,-1,10,-1,-1,-1,-1],"split_conditions":[5.547635E-2,2.4756268E-1,-3.8761757E-2,-7.285121E-2,5.4312203E-2,9.8937035E-2,-9.783986E-2,1.8724896E-2,-3.280645E-2,6.614682E-2,6.608577E-3],"split_indices":[17,3,1,2,0,0,3,0,0,0,0],"split_type":[0,0,0,0,0,0,0,0,0,0,0],"sum_hessian":[4.7406152E2,2.8089713E2,1.931644E2,2.5734222E2,2.355488E1,3.5356583E1,1.5780782E2,1.6319466E1,2.4102277E2,2.356815E1,1.3423967E2],"tree_param":{"num_deleted":"0","num_feature":"19","num_nodes":"11","size_leaf_vector":"1"}},{"base_weights":[2.049769E-2,6.1215848E-2,-4.136037E-2,-1.485513E-1,2.2368367E-1,-3.13731E-2,4.604302E-3,-8.4261475E-3,4.0682934E-2],"categories":[],"categories_nodes":[],"categories_segments":[],"categories_sizes":[],"default_left":[0,0,0,0,0,0,0,0,0],"id":5,"left_children":[1,-1,3,5,7,-1,-1,-1,-1],"loss_changes":[1.8658691E1,0E0,1.1845953E1,1.0653357E1,7.3947263E0,0E0,0E0,0E0,0E0],"parents":[2147483647,0,0,2,2,3,3,4,4],"right_children":[2,-1,4,6,8,-1,-1,-1,-1],"split_conditions":[-7.285121E-2,6.1215848E-2,1.4403311E0,4.7734752E-2,6.66642E-2,-3.13731E-2,4.604302E-3,-8.4261475E-3,4.0682934E-2],"split_indices":[2,0,5,17,11,0,0,0,0],"split_type":[0,0,0,0,0,0,0,0,0],"sum_hessian":[4.702921E2,4.7539433E1,4.227527E2,3.0709543E2,1.15657265E2,1.712774E2,1.3581802E2,3.9016144E1,7.664112E1],"tree_param":{"num_deleted":"0","num_feature":"19","num_nodes":"9","size_leaf_vector":"1"}},{"base_weights":[3.4261517E-2,-4.5592245E-2,7.1432644E-1,1.5664145E-1,-1.3942663E-1,1.4724833E-1,4.137365E-2,-7.1917684E-4,4.404049E-2,2.7002284E-2,-2.011942E-2],"categories":[],"categories_nodes":[],"categories_segments":[],"categories_sizes":[],"default_left":[0,0,0,0,0,0,0,0,0,0,0],"id":6,"left_children":[1,3,5,7,9,-1,-1,-1,-1,-1,-1],"loss_changes":[2.653068E1,7.732338E0,7.427025E0,6.7382174E0,7.3449407E0,0E0,0E0,0E0,0E0,0E0,0E0],"parents":[2147483647,0,0,1,1,2,2,3,3,4,4],"right_children":[2,4,6,8,10,-1,-1,-1,-1,-1,-1],"split_conditions":[1.01863995E-1,1.24997616E-1,-2.8444069E-2,5.8579806E-2,-1.5921866E0,1.4724833E-1,4.137365E-2,-7.1917684E-4,4.404049E-2,2.7002284E-2,-2.011942E-2],"split_indices":[9,12,15,9,5,0,0,0,0,0,0],"split_type":[0,0,0,0,0,0,0,0,0,0,0],"sum_hessian":[4.606557E2,4.0934738E2,5.1308342E1,1.2210524E2,2.8724213E2,1.2091056E1,3.9217285E1,7.2804825E1,4.930042E1,3.3551506E1,2.5369063E2],"tree_param":{"num_deleted":"0","num_feature":"19","num_nodes":"11","size_leaf_vector":"1"}},{"base_weights":[-0E0,7.623484E-1,-5.5547334E-2,1.08588554E-1,3.987306E-3,-1.978647E-1,8.293122E-2,-2.7096536E-2,6.207482E-3,-9.618678E-3,1.8150175E-2],"categories":[],"categories_nodes":[],"categories_segments":[],"categories_sizes":[],"default_left":[0,0,0,0,0,0,0,0,0,0,0],"id":7,"left_children":[1,3,5,-1,-1,7,9,-1,-1,-1,-1],