{"learner":{"attributes":{"scikit_learn":"{\"_estimator_type\": \"classifier\"}"},"feature_names":["bias_week","bias_month","bias_quarter","bias_year","rsi","macd","macd_signal","vol_change","close_change","bb_width","return_5d","return_10d","k_upper","k_lower","k_body","buy_power","rs_5d","rs_10d","dist_to_20d_high","dist_to_20d_low","kd_k","kd_d","kd_cross","gap_ratio","obv","atr_ratio","trend_strength"],"feature_types":["float","float","float","float","float","float","float","float","float","float","float","float","float","float","float","float","float","float","float","float","float","float","float","float","float","float","float"],"gradient_booster":{"model":{"gbtree_model_param":{"num_parallel_tree":"1","num_trees":"3"},"iteration_indptr":[0,1,2,3],"tree_info":[0,0,0],"trees":[{"base_weights":[-2.2055663E-2,-1.6163743E-1,2.1666373E-1,-2.1409787E-2,-9.271317E-1,5.461913E-1,-5.3274814E-2,1.1952776E-2,-4.7571022E-2,2.6643887E-2,-1.2159569E-1,-8.936747E-2,6.320957E-2,-2.0742523E-2,1.0087963E-1],"categories":[],"categories_nodes":[],"categories_segments":[],"categories_sizes":[],"default_left":[0,0,0,0,0,0,0,0,0,0,0,0,0,0,0],"id":0,"left_children":[1,3,5,7,9,11,13,-1,-1,-1,-1,-1,-1,-1,-1],"loss_changes":[5.3024788E1,1.0652034E2,5.296031E1,5.6705723E1,5.751654E1,3.495333E1,5.127331E1,0E0,0E0,0E0,0E0,0E0,0E0,0E0,0E0],"parents":[2147483647,0,0,1,1,2,2,3,3,4,4,5,5,6,6],"right_children":[2,4,6,8,10,12,14,-1,-1,-1,-1,-1,-1,-1,-1],"split_conditions":[4.1140873E-2,7.401815E-2,4.7724135E-2,6.8909146E-2,3.312039E-2,3.148552E1,1.8102516E-1,1.1952776E-2,-4.7571022E-2,2.6643887E-2,-1.2159569E-1,-8.936747E-2,6.320957E-2,-2.0742523E-2,1.0087963E-1],"split_indices":[2,19,26,3,25,20,26,0,0,0,0,0,0,0,0],"split_type":[0,0,0,0,0,0,0,0,0,0,0,0,0,0,0],"sum_hessian":[1.5932927E3,1.0115508E3,5.817419E2,8.581768E2,1.5337398E2,2.6532074E2,3.1642114E2,6.519569E2,2.0621992E2,2.9158943E1,1.2421504E2,1.37780485E1,2.5154268E2,2.7865E2,3.7771137E1],"tree_param":{"num_deleted":"0","num_feature":"27","num_nodes":"15","size_leaf_vector":"1"}},{"base_weights":[8.044279E-3,3.0836716E-1,-1.1658695E-1,-0E0,8.238647E-1,-2.5000417E-1,3.0917722E-1,1.8142942E-2,-9.402255E-2,-1.1160208E-1,9.798669E-2,8.2828656E-2,-3.1355105E-2,5.4664873E-2,-4.4702172E-2],"categories":[],"categories_nodes":[],"categories_segments":[],"categories_sizes":[],"default_left":[0,0,0,0,0,0,0,0,0,0,0,0,0,0,0],"id":1,"left_children":[1,3,5,7,9,11,13,-1,-1,-1,-1,-1,-1,-1,-1],"loss_changes":[6.085001E1,7.7273285E1,6.443431E1,5.301374E1,5.8437363E1,6.1362328E1,4.9560974E1,0E0,0E0,0E0,0E0,0E0,0E0,0E0,0E0],"parents":[2147483647,0,0,1,1,2,2,3,3,4,4,5,5,6,6],"right_children":[2,4,6,8,10,12,14,-1,-1,-1,-1,-1,-1,-1,-1],"split_conditions":[4.1768953E-2,7.842332E-1,3.3796994E-8,9.8472005E-3,2.1752553E-2,-2.0124312E-1,5.8076086E0,1.8142942E-2,-9.402255E-2,-1.1160208E-1,9.798669E-2,8.2828656E-2,-3.1355105E-2,5.4664873E-2,-4.4702172E-2],"split_indices":[9,6,24,16,9,3,22,0,0,0,0,0,0,0,0],"split_type":[0,0,0,0,0,0,0,0,0,0,0,0,0,0,0],"sum_hessian":[1.612476E3,4.7784195E2,1.134634E3,2.977941E2,1.8004784E2,8.682203E2,2.6641376E2,2.4894518E2,4.8848923E1,1.2508178E1,1.6753966E2,4.7305176E1,8.209151E2,2.0451239E2,6.1901356E1],"tree_param":{"num_deleted":"0","num_feature":"27","num_nodes":"15","size_leaf_vector":"1"}},{"base_weights":[2.1502515E-2,3.075354E-1,-9.079704E-2,5.10895E-1,-3.1367394E-1,9.037413E-1,-1.403091E-1,3.4598354E-2,9.3051106E-2,-1.443212E-1,2.80798E-2,1.0742606E-1,-4.3470226E-2,-1.9294787E-2,8.177894E-2],"categories":[],"categories_nodes":[],"categories_segments":[],"categories_sizes":[],"default_left":[0,0,0,0,0,0,0,0,0,0,0,0,0,0,0],"id":2,"left_children":[1,3,5,7,9,11,13,-1,-1,-1,-1,-1,-1,-1,-1],"loss_changes":[5.253579E1,5.9004253E1,5.5409348E1,2.1153984E1,7.916707E1,1.4576038E1,5.654023E1,0E0,0E0,0E0,0E0,0E0,0E0,0E0,0E0],"parents":[2147483647,0,0,1,1,2,2,3,3,4,4,5,5,6,6],"right_children":[2,4,6,8,10,12,14,-1,-1,-1,-1,-1,-1,-1,-1],"split_conditions":[3.0837152E-2,7.0822174E-3,-2.0775265E-1,4.7368252E-1,4.4087507E-2,4.835256E1,2.5233635E-1,3.4598354E-2,9.3051106E-2,-1.443212E-1,2.80798E-2,1.0742606E-1,-4.3470226E-2,-1.9294787E-2,8.177894E-2],"split_indices":[25,17,3,13,2,20,19,0,0,0,0,0,0,0,0],"split_type":[0,0,0,0,0,0,0,0,0,0,0,0,0,0,0],"sum_hessian":[1.618716E3,4.6159232E2,1.1571237E3,3.5060147E2,1.1099083E2,5.200927E1,1.1051144E3,2.5910034E2,9.150114E1,3.89816E1,7.2009224E1,4.7511795E1,4.497474E0,1.0491979E3,5.5916496E1],"tree_param":{"num_deleted":"0","num_feature":"27","num_nodes":"15","size_leaf_vector":"1"}}]},"name":"gbtree"},"learner_model_param":{"base_score":"5E-1","boost_from_average":"1","num_class":"0","num_feature":"27","num_target":"1"},"objective":{"name":"binary:logistic","reg_loss_param":{"scale_pos_weight":"4.03739834"}}},"version":[2,1,0]}