{"learner":{"attributes":{"scikit_learn":"{\"_estimator_type\": \"classifier\"}"},"feature_names":["bias_week","bias_month","bias_quarter","bias_year","rsi","macd","macd_signal","vol_change","close_change","bb_width","return_5d","k_upper","k_lower","k_body","buy_power","rs_5d"],"feature_types":["float","float","float","float","float","float","float","float","float","float","float","float","float","float","float","float"],"gradient_booster":{"model":{"cats":{"enc":[],"feature_segments":[],"sorted_idx":[]},"gbtree_model_param":{"num_parallel_tree":"1","num_trees":"4"},"iteration_indptr":[0,1,2,3,4],"tree_info":[0,0,0,0],"trees":[{"base_weights":[-1.5666096E-2,1.14274286E-1,-9.6070796E-2,-1.681044E-1,5.957838E-2,3.5928894E-2,-2.5984257E-2],"categories":[],"categories_nodes":[],"categories_segments":[],"categories_sizes":[],"default_left":[0,0,0,0,0,0,0],"id":0,"left_children":[1,-1,3,5,-1,-1,-1],"loss_changes":[4.2197155E1,0E0,2.1415676E1,2.0044426E1,0E0,0E0,0E0],"parents":[2147483647,0,0,2,2,3,3],"right_children":[2,-1,4,6,-1,-1,-1],"split_conditions":[-2.6900542E0,1.14274286E-1,2.7726188E-1,-9.118961E-2,5.957838E-2,3.5928894E-2,-2.5984257E-2],"split_indices":[5,0,3,3,0,0,0],"split_type":[0,0,0,0,0,0,0],"sum_hessian":[4.7465414E2,2.870642E1,4.4594772E2,4.0714478E2,3.8802944E1,5.7566208E1,3.4957858E2],"tree_param":{"num_deleted":"0","num_feature":"16","num_nodes":"7","size_leaf_vector":"1"}},{"base_weights":[4.575704E-3,-9.482244E-2,8.964377E-1,3.497227E-1,-2.1472563E-1,1.3200259E-1,4.993806E-2,-5.411954E-5,7.017084E-2,-2.5402457E-2,2.5825555E-2],"categories":[],"categories_nodes":[],"categories_segments":[],"categories_sizes":[],"default_left":[0,0,0,0,0,0,0,0,0,0,0],"id":1,"left_children":[1,3,5,7,9,-1,-1,-1,-1,-1,-1],"loss_changes":[4.3639717E1,2.2210947E1,4.2766876E0,1.2334615E1,6.6079636E0,0E0,0E0,0E0,0E0,0E0,0E0],"parents":[2147483647,0,0,1,1,2,2,3,3,4,4],"right_children":[2,4,6,8,10,-1,-1,-1,-1,-1,-1],"split_conditions":[1.046701E-1,-2.2856928E-2,7.6815556E-3,5.3451207E-2,3.0835524E-2,1.3200259E-1,4.993806E-2,-5.411954E-5,7.017084E-2,-2.5402457E-2,2.5825555E-2],"split_indices":[9,10,15,9,0,0,0,0,0,0,0],"split_type":[0,0,0,0,0,0,0,0,0,0,0],"sum_hessian":[4.71734E2,4.2221936E2,4.9514645E1,8.5664246E1,3.365551E2,2.0710684E1,2.880396E1,4.0133015E1,4.5531235E1,3.1400687E2,2.254823E1],"tree_param":{"num_deleted":"0","num_feature":"16","num_nodes":"11","size_leaf_vector":"1"}},{"base_weights":[-1.2203962E-2,9.421143E-2,-8.871677E-2,-1.4647938E-1,3.5102105E-1,2.3427453E-2,-2.1807898E-2,6.384247E-2,-0E0],"categories":[],"categories_nodes":[],"categories_segments":[],"categories_sizes":[],"default_left":[0,0,0,0,0,0,0,0,0],"id":2,"left_children":[1,-1,3,5,7,-1,-1,-1,-1],"loss_changes":[3.294184E1,0E0,1.07494755E1,1.1042532E1,4.055624E0,0E0,0E0,0E0,0E0],"parents":[2147483647,0,0,2,2,3,3,4,4],"right_children":[2,-1,4,6,8,-1,-1,-1,-1],"split_conditions":[-5.672755E-2,9.421143E-2,2.4756259E-1,-8.9150324E-2,3.5981074E-1,2.3427453E-2,-2.1807898E-2,6.384247E-2,-0E0],"split_indices":[1,0,3,3,3,0,0,0,0],"split_type":[0,0,0,0,0,0,0,0,0],"sum_hessian":[4.7379333E2,3.267315E1,4.4112018E2,3.944812E2,4.6638973E1,5.8489456E1,3.3599173E2,2.361162E1,2.3027353E1],"tree_param":{"num_deleted":"0","num_feature":"16","num_nodes":"9","size_leaf_vector":"1"}},{"base_weights":[7.867031E-3,9.429162E-2,-4.3353736E-2,-1.5057853E-1,2.3392353E-2,1.0633417E-3,-4.196093E-2],"categories":[],"categories_nodes":[],"categories_segments":[],"categories_sizes":[],"default_left":[0,0,0,0,0,0,0],"id":3,"left_children":[1,-1,3,5,-1,-1,-1],"loss_changes":[2.4935343E1,0E0,1.32024355E1,1.5391256E1,0E0,0E0,0E0],"parents":[2147483647,0,0,2,2,3,3],"right_children":[2,-1,4,6,-1,-1,-1],"split_conditions":[-2.6900542E0,9.429162E-2,1.4195511E0,3.105119E-1,2.3392353E-2,1.0633417E-3,-4.196093E-2],"split_indices":[5,0,5,5,0,0,0],"split_type":[0,0,0,0,0,0,0],"sum_hessian":[4.7393417E2,2.6622807E1,4.4731137E2,3.290409E2,1.18270454E2,2.015194E2,1.275215E2],"tree_param":{"num_deleted":"0","num_feature":"16","num_nodes":"7","size_leaf_vector":"1"}}]},"name":"gbtree"},"learner_model_param":{"base_score":"[5E-1]","boost_from_average":"1","num_class":"0","num_feature":"16","num_target":"1"},"objective":{"name":"binary:logistic","reg_loss_param":{"scale_pos_weight":"0.324565321"}}},"version":[3,2,0]}