{"learner":{"attributes":{"scikit_learn":"{\"_estimator_type\": \"classifier\"}"},"feature_names":["bias_week","bias_month","bias_quarter","bias_year","rsi","macd","macd_signal","vol_change","close_change","bb_width","return_5d","k_upper","k_lower","k_body","buy_power","rs_5d","obv","atr_ratio","trend_strength"],"feature_types":["float","float","float","float","float","float","float","float","float","float","float","float","float","float","float","float","float","float","float"],"gradient_booster":{"model":{"cats":{"enc":[],"feature_segments":[],"sorted_idx":[]},"gbtree_model_param":{"num_parallel_tree":"1","num_trees":"14"},"iteration_indptr":[0,1,2,3,4,5,6,7,8,9,10,11,12,13,14],"tree_info":[0,0,0,0,0,0,0,0,0,0,0,0,0,0],"trees":[{"base_weights":[1.3178458E-2,2.9445112E-1,-9.257375E-2,5.2225894E-1,3.3033353E-3,7.115781E-1,-1.5253599E-1,5.3718304E-3,8.8579476E-2,-6.091215E-2,2.9228767E-2,7.983843E-3,1.0798076E-1,-3.6953885E-2,1.061823E-2],"categories":[],"categories_nodes":[],"categories_segments":[],"categories_sizes":[],"default_left":[0,0,0,0,0,0,0,0,0,0,0,0,0,0,0],"id":0,"left_children":[1,3,5,7,9,11,13,-1,-1,-1,-1,-1,-1,-1,-1],"loss_changes":[4.149956E1,2.420684E1,4.6911373E1,3.433858E1,3.0600687E1,1.3163483E1,5.3807068E1,0E0,0E0,0E0,0E0,0E0,0E0,0E0,0E0],"parents":[2147483647,0,0,1,1,2,2,3,3,4,4,5,5,6,6],"right_children":[2,4,6,8,10,12,14,-1,-1,-1,-1,-1,-1,-1,-1],"split_conditions":[3.1154972E-2,6.907716E-2,-1.770632E-1,-1.9464847E-2,3.149582E-2,8.575068E-2,6.336613E-1,5.3718304E-3,8.8579476E-2,-6.091215E-2,2.9228767E-2,7.983843E-3,1.0798076E-1,-3.6953885E-2,1.061823E-2],"split_indices":[17,3,3,3,2,9,6,0,0,0,0,0,0,0,0],"split_type":[0,0,0,0,0,0,0,0,0,0,0,0,0,0,0],"sum_hessian":[1.3782144E3,3.8199344E2,9.962209E2,2.0957999E2,1.7241344E2,6.586991E1,9.3035095E2,9.574291E1,1.1383707E2,5.2492012E1,1.1992143E2,2.7258886E1,3.8611023E1,5.080778E2,4.2227316E2],"tree_param":{"num_deleted":"0","num_feature":"19","num_nodes":"15","size_leaf_vector":"1"}},{"base_weights":[-0E0,2.4291526E-1,-7.34874E-2,8.5170284E-2,8.772555E-1,3.9859387E-1,-1.4339167E-1,4.874143E-2,-2.1742543E-2,1.1500638E-2,1.1471916E-1,7.343948E-2,-0E0,-2.229996E-2,2.6803922E-2],"categories":[],"categories_nodes":[],"categories_segments":[],"categories_sizes":[],"default_left":[0,0,0,0,0,0,0,0,0,0,0,0,0,0,0],"id":1,"left_children":[1,3,5,7,9,11,13,-1,-1,-1,-1,-1,-1,-1,-1],"loss_changes":[2.440695E1,2.942429E1,3.453676E1,3.2498333E1,9.7835655E0,1.9500504E1,3.1270636E1,0E0,0E0,0E0,0E0,0E0,0E0,0E0,0E0],"parents":[2147483647,0,0,1,1,2,2,3,3,4,4,5,5,6,6],"right_children":[2,4,6,8,10,12,14,-1,-1,-1,-1,-1,-1,-1,-1],"split_conditions":[3.8227774E-2,1.0218662E0,-3.4348407E-8,-6.8387105E-3,9.074029E-3,-5.3956706E-2,2.3959287E-1,4.874143E-2,-2.1742543E-2,1.1500638E-2,1.1471916E-1,7.343948E-2,-0E0,-2.229996E-2,2.6803922E-2],"split_indices":[9,5,16,15,1,1,3,0,0,0,0,0,0,0,0],"split_type":[0,0,0,0,0,0,0,0,0,0,0,0,0,0,0],"sum_hessian":[1.3771517E3,3.155203E2,1.0616313E3,2.5631372E2,5.9206585E1,1.3224442E2,9.2938696E2,1.1273664E2,1.4357707E2,1.8380459E1,4.0826126E1,7.3303505E1,5.8940914E1,7.814257E2,1.4796124E2],"tree_param":{"num_deleted":"0","num_feature":"19","num_nodes":"15","size_leaf_vector":"1"}},{"base_weights":[-2.443882E-2,8.580105E-2,-2.5107825E-1,5.332639E-2,1.5647732E-1,4.0385168E-2,-5.3540933E-1,1.416926E-2,-2.3909735E-2,-5.784308E-2,2.187761E-2,6.907687E-3,-8.878309E-2],"categories":[],"categories_nodes":[],"categories_segments":[],"categories_sizes":[],"default_left":[0,0,0,0,0,0,0,0,0,0,0,0,0],"id":2,"left_children":[1,3,5,7,-1,9,11,-1,-1,-1,-1,-1,-1],"loss_changes":[3.4628017E1,4.061345E1,3.886889E1,2.3486485E1,0E0,2.4199183E1,5.2924477E1,0E0,0E0,0E0,0E0,0E0,0E0],"parents":[2147483647,0,0,1,1,2,2,3,3,5,5,6,6],"right_children":[2,4,6,8,-1,10,12,-1,-1,-1,-1,-1,-1],"split_conditions":[6.726478E-2,2.2785896E-1,-2.2007152E-3,1.1426131E-2,1.5647732E-1,3.8638856E-2,6.257387E-2,1.416926E-2,-2.3909735E-2,-5.784308E-2,2.187761E-2,6.907687E-3,-8.878309E-2],"split_indices":[17,2,3,0,0,18,9,0,0,0,0,0,0],"split_type":[0,0,0,0,0,0,0,0,0,0,0,0,0],"sum_hessian":[1.3694489E3,9.149808E2,4.5446808E2,8.97838E2,1.7142761E1,2.2086926E2,2.3359882E2,6.946933E2,2.0314471E2,4.6275574E1,1.7459367E2,8.50003E1,1.4859851E2],"tree_param":{"num_deleted":"0","num_feature":"19","num_nodes":"13","size_leaf_vector":"1"}},{"base_weights":[-0E0,1.4149246E-1,-2.1515428E-1,-0E0,4.3034533E-1,-4.117447E-3,-4.6429703E-1,6.3331895E-2,-4.3077143E-3,1.1241833E-1,3.1591937E-2,-1.9275013E-2,4.8578236E-2,-9.8827645E-2,-2.37424E-2],"categories":[],"categories_nodes":[],"categories_segments":[],"categories_sizes":[],"default_left":[0,0,0,0,0,0,0,0,0,0,0,0,0,0,0],"id":3,"left_children":[1,3,5,7,9,11,13,-1,-1,-1,-1,-1,-1,-1,-1],"loss_changes":[4.2059578E1,3.388578E1,2.7762758E1,1.5827226E1,1.788964E1,2.7829596E1,2.6502892E1,0E0,0E0,0E0,0E0,0E0,0E0,0E0,0E0],"parents":[2147483647,0,0,1,1,2,2,3,3,4,4,5,5,6,6],"right_children":[2,4,6,8,10,12,14,-1,-1,-1,-1,-1,-1,-1,-1],"split_conditions":[5.9312325E-2,4.635074E-2,2.8818088E-2,2.1353861E-2,2.014652E-2,3.748622E-1,5.080306E-1,6.3331895E-2,-4.3077143E-3,1.1241833E-1,3.1591937E-2,-1.9275013E-2,4.8578236E-2,-9.8827645E-2,-2.37424E-2],"split_indices":[17,2,3,9,17,6,6,0,0,0,0,0,0,0,0],"split_type":[0,0,0,0,0,0,0,0,0,0,0,0,0,0,0],"sum_hessian":[1.3798439E3,8.3256287E2,5.47281E2,5.6035925E2,2.722036E2,3.0167358E2,2.4560739E2,3.5536854E1,5.2482245E2,3.3528248E1,2.3867535E2,2.214671E2,8.02065E1,6.9138794E1,1.764686E2],"tree_param":{"num_deleted":"0","num_feature":"19","num_nodes":"15","size_leaf_vector":"1"}},{"base_weights":[1.1653355E-2,6.47966E-1,-2.1816729E-2,-0E0,7.8779864E-1,2.4061956E-1,-1.2663299E-1,-0E0,8.894134E-2,4.457639E-2,-3.6647342E-4,-3.1188924E-2,1.0831566E-2],"categories":[],"categories_nodes":[],"categories_segments":[],"categories_sizes":[],"default_left":[0,0,0,0,0,0,0,0,0,0,0,0,0],"id":4,"left_children":[1,3,5,-1,7,9,11,-1,-1,-1,-1,-1,-1],"loss_changes":[3.1042746E1,7.5200195E0,3.6043488E1,0E0,7.101715E0,1.9902094E1,4.2516243E1,0E0,0E0,0E0,0E0,0E0,0E0],"parents":[2147483647,0,0,1,1,2,2,4,4,5,5,6,6],"right_children":[2,4,6,-1,8,10,12,-1,-1,-1,-1,-1,-1],"split_conditions":[-1.770632E-1,4.964053E-2,3.0654047E-2,-0E0,-3.0455565E-1,6.907716E-2,7.497713E-1,-0E0,8.894134E-2,4.457639E-2,-3.6647342E-4,-3.1188924E-2,1.0831566E-2],"split_indices":[3,17,17,0,3,3,6,0,0,0,0,0,0],"split_type":[0,0,0,0,0,0,0,0,0,0,0,0,0],"sum_hessian":[1.3898633E3,7.2028336E1,1.317835E3,1.1462656E1,6.056568E1,3.696609E2,9.4817413E2,5.1679993E0,5.5397682E1,2.0392958E2,1.6573131E2,5.3302783E2,4.151463E2],"tree_param":{"num_deleted":"0","num_feature":"19","num_nodes":"13","size_leaf_vector":"1"}},{"base_weights":[-3.5892664E-3,2.8023046E-1,-7.9309195E-2,5.1854575E-1,-2.0787857E-2,-1.8719645E-1,8.275779E-2,1.4214145E-2,7.8715555E-2,-7.757768E-2,2.5647074E-2,4.8292767E-2,-2.3975827E-2,5.1662534E-2,-1.5287575E-2],"categories":[],"categories_nodes":[],"categories_segments":[],"categories_sizes":[],"default_left":[0,0,0,0,0,0,0,0,0,0,0,0,0,0,0],"id":5,"left_children":[1,3,5,7,9,11,13,-1,-1,-1,-1,-1,-1,-1,-1],"loss_changes":[2.9120447E1,2.1471956E1,1.935159E1,1.4553223E1,2.7282913E1,2.3957003E1,4.5394024E1,0E0,0E0,0E0,0E0,0E0,0E0,0E0,0E0],"parents":[2147483647,0,0,1,1,2,2,3,3,4,4,5,5,6,6],"right_children":[2,4,6,8,10,12,14,-1,-1,-1,-1,-1,-1,-1,-1],"split_conditions":[2.6879037E-2,6.907716E-2,8.254846E-1,-2.4754984E-2,3.067486E-2,-1.934502E-1,2.5375664E-9,1.4214145E-2,7.8715555E-2,-7.757768E-2,2.5647074E-2,4.8292767E-2,-2.3975827E-2,5.1662534E-2,-1.5287575E-2],"split_indices":[17,3,6,3,2,3,16,0,0,0,0,0,0,0,0],"split_type":[0,0,0,0,0,0,0,0,0,0,0,0,0,0,0],"sum_hessian":[1.3743418E3,2.8267862E2,1.0916632E3,1.6160373E2,1.2107489E2,6.63651E2,4.2801224E2,7.2359726E1,8.9244E1,3.4250767E1,8.682412E1,4.6036877E1,6.176141E2,1.5319498E2,2.7481726E2],"tree_param":{"num_deleted":"0","num_feature":"19","num_nodes":"15",