{"learner":{"attributes":{"scikit_learn":"{\"_estimator_type\": \"classifier\"}"},"feature_names":["bias_week","bias_month","bias_quarter","bias_year","rsi","macd","macd_signal","vol_change","close_change","bb_width","return_5d","k_upper","k_lower","k_body","buy_power","rs_5d","obv","atr_ratio","trend_strength"],"feature_types":["float","float","float","float","float","float","float","float","float","float","float","float","float","float","float","float","float","float","float"],"gradient_booster":{"model":{"cats":{"enc":[],"feature_segments":[],"sorted_idx":[]},"gbtree_model_param":{"num_parallel_tree":"1","num_trees":"8"},"iteration_indptr":[0,1,2,3,4,5,6,7,8],"tree_info":[0,0,0,0,0,0,0,0],"trees":[{"base_weights":[-4.736069E-2,4.9443156E-1,-2.5783077E-1,-1.5736E-2,8.8814306E-1,-3.283964E-1,1.4487676E-1,6.082058E-2,-6.241235E-2,1.1462846E-1,-0E0,-8.084028E-3,-9.0470314E-2],"categories":[],"categories_nodes":[],"categories_segments":[],"categories_sizes":[],"default_left":[0,0,0,0,0,0,0,0,0,0,0,0,0],"id":0,"left_children":[1,3,5,7,9,11,-1,-1,-1,-1,-1,-1,-1],"loss_changes":[5.535505E1,2.892511E1,4.1009995E1,2.2274881E1,2.048117E1,4.723359E1,0E0,0E0,0E0,0E0,0E0,0E0,0E0],"parents":[2147483647,0,0,1,1,2,2,3,3,4,4,5,5],"right_children":[2,4,6,8,10,12,-1,-1,-1,-1,-1,-1,-1],"split_conditions":[3.4639303E-2,-5.485148E-2,5.6271696E-1,-1.9622001E-1,1.632397E-2,1.8947854E0,1.4487676E-1,6.082058E-2,-6.241235E-2,1.1462846E-1,-0E0,-8.084028E-3,-9.0470314E-2],"split_indices":[17,3,16,3,2,6,0,0,0,0,0,0,0],"split_type":[0,0,0,0,0,0,0,0,0,0,0,0,0],"sum_hessian":[4.8828946E2,1.3329248E2,3.5499698E2,5.5925938E1,7.736654E1,3.4292368E2,1.2073308E1,2.5801126E1,3.0124811E1,6.0690224E1,1.6676315E1,2.4438007E2,9.854361E1],"tree_param":{"num_deleted":"0","num_feature":"19","num_nodes":"13","size_leaf_vector":"1"}},{"base_weights":[-6.2578075E-2,1.952017E-1,-3.535486E-1,-9.640999E-2,8.492059E-1,-4.7826132E-1,1.3258582E-1,6.619328E-2,-2.4012944E-2,9.445029E-2,-5.788877E-2,-8.2804255E-2,-1.2087712E-2],"categories":[],"categories_nodes":[],"categories_segments":[],"categories_sizes":[],"default_left":[0,0,0,0,0,0,0,0,0,0,0,0,0],"id":1,"left_children":[1,3,5,7,9,11,-1,-1,-1,-1,-1,-1,-1],"loss_changes":[3.6486362E1,4.972044E1,4.716192E1,1.8345062E1,1.31078E1,2.5244186E1,0E0,0E0,0E0,0E0,0E0,0E0,0E0],"parents":[2147483647,0,0,1,1,2,2,3,3,4,4,5,5],"right_children":[2,4,6,8,10,12,-1,-1,-1,-1,-1,-1,-1],"split_conditions":[-2.4872138E-1,-4.340838E-2,5.6271696E-1,-1.8665572E-1,3.034194E-1,1.5249611E-2,1.3258582E-1,6.619328E-2,-2.4012944E-2,9.445029E-2,-5.788877E-2,-8.2804255E-2,-1.2087712E-2],"split_indices":[6,2,16,2,3,1,0,0,0,0,0,0,0],"split_type":[0,0,0,0,0,0,0,0,0,0,0,0,0],"sum_hessian":[4.800283E2,2.5057332E2,2.2945496E2,1.7142523E2,7.914808E1,2.1550517E2,1.3949791E1,2.448456E1,1.4694067E2,7.558197E1,3.5661068E0,1.0400381E2,1.11501366E2],"tree_param":{"num_deleted":"0","num_feature":"19","num_nodes":"13","size_leaf_vector":"1"}},{"base_weights":[5.5676713E-3,1.5923078E-1,-3.8572367E-2,4.583289E-1,-2.356752E-1,-0E0,7.215936E-2,-5.0773937E-2,1.7547218E-2],"categories":[],"categories_nodes":[],"categories_segments":[],"categories_sizes":[],"default_left":[0,0,0,0,0,0,0,0,0],"id":2,"left_children":[1,-1,3,5,7,-1,-1,-1,-1],"loss_changes":[3.70618E1,0E0,4.4729397E1,1.5404118E1,3.8863926E1,0E0,0E0,0E0,0E0],"parents":[2147483647,0,0,2,2,3,3,4,4],"right_children":[2,-1,4,6,8,-1,-1,-1,-1],"split_conditions":[-9.782076E0,1.5923078E-1,3.4639303E-2,-5.7282995E-2,1.7339349E-2,-0E0,7.215936E-2,-5.0773937E-2,1.7547218E-2],"split_indices":[6,0,17,3,15,0,0,0,0],"split_type":[0,0,0,0,0,0,0,0,0],"sum_hessian":[4.7327213E2,1.3261602E1,4.6001053E2,1.27073555E2,3.3293698E2,4.8033005E1,7.904055E1,2.0258728E2,1.303497E2],"tree_param":{"num_deleted":"0","num_feature":"19","num_nodes":"9","size_leaf_vector":"1"}},{"base_weights":[-2.427548E-2,1.8367873E-1,-3.9973697E-1,6.998961E-1,2.5625816E-3,-1.3113872E0,-1.6999313E-1,3.8551667E-3,1.03631705E-1,-5.676507E-2,2.085626E-2,-1.4532222E-1,-0E0,-1.2001059E-1,-4.8274305E-3],"categories":[],"categories_nodes":[],"categories_segments":[],"categories_sizes":[],"default_left":[0,0,0,0,0,0,0,0,0,0,0,0,0,0,0],"id":3,"left_children":[1,3,5,7,9,11,13,-1,-1,-1,-1,-1,-1,-1,-1],"loss_changes":[3.8525837E1,2.7373577E1,3.3644592E1,1.5119167E1,2.7148024E1,7.4847183E0,1.5371843E1,0E0,0E0,0E0,0E0,0E0,0E0,0E0,0E0],"parents":[2147483647,0,0,1,1,2,2,3,3,4,4,5,5,6,6],"right_children":[2,4,6,8,10,12,14,-1,-1,-1,-1,-1,-1,-1,-1],"split_conditions":[3.8771614E-1,2.995664E-2,7.452689E-2,-5.7282995E-2,6.9505505E-2,3.1764474E-2,-5.7888553E-2,3.8551667E-3,1.03631705E-1,-5.676507E-2,2.085626E-2,-1.4532222E-1,-0E0,-1.2001059E-1,-4.8274305E-3],"split_indices":[6,17,9,3,9,0,4,0,0,0,0,0,0,0,0],"split_type":[0,0,0,0,0,0,0,0,0,0,0,0,0,0,0],"sum_hessian":[4.8551035E2,3.08873E2,1.7663736E2,7.6347885E1,2.325251E2,3.2761627E1,1.4387573E2,2.8741444E1,4.7606438E1,5.843313E1,1.7409196E2,2.9569794E1,3.1918323E0,1.22838955E1,1.3159184E2],"tree_param":{"num_deleted":"0","num_feature":"19","num_nodes":"15","size_leaf_vector":"1"}},{"base_weights":[2.5790656E-2,4.08255E-1,-1.0849833E-1,-6.0146272E-2,6.529275E-1,-1.0114462E0,3.452602E-2,4.3900616E-2,-1.0151217E-1,8.0758125E-2,-0E0,-1.17404744E-1,7.219385E-2,-1.92433E-2,4.341637E-2],"categories":[],"categories_nodes":[],"categories_segments":[],"categories_sizes":[],"default_left":[0,0,0,0,0,0,0,0,0,0,0,0,0,0,0],"id":4,"left_children":[1,3,5,7,9,11,13,-1,-1,-1,-1,-1,-1,-1,-1],"loss_changes":[2.5720886E1,1.6391727E1,4.829524E1,2.2326635E1,1.0448555E1,1.70195E1,2.886573E1,0E0,0E0,0E0,0E0,0E0,0E0,0E0,0E0],"parents":[2147483647,0,0,1,1,2,2,3,3,4,4,5,5,6,6],"right_children":[2,4,6,8,10,12,14,-1,-1,-1,-1,-1,-1,-1,-1],"split_conditions":[3.4639303E-2,-8.271509E-2,6.9505505E-2,-1.9176987E-1,1.632397E-2,7.513267E-2,6.0770404E-2,4.3900616E-2,-1.0151217E-1,8.0758125E-2,-0E0,-1.17404744E-1,7.219385E-2,-1.92433E-2,4.341637E-2],"split_indices":[17,3,9,3,2,16,17,0,0,0,0,0,0,0,0],"split_type":[0,0,0,0,0,0,0,0,0,0,0,0,0,0,0],"sum_hessian":[4.8602448E2,1.30209E2,3.5581546E2,4.1739323E1,8.846968E1,5.009288E1,3.057226E2,2.6193766E1,1.5545556E1,7.236603E1,1.6103651E1,4.701344E1,3.0794423E0,1.9183823E2,1.1388437E2],"tree_param":{"num_deleted":"0","num_feature":"19","num_nodes":"15","size_leaf_vector":"1"}},{"base_weights":[2.0764276E-2,1.853025E-1,-3.9267147E-1,8.11954E-2,8.2511E-1,-8.3731383E-1,4.0678537E-1,2.3801224E-2,-4.947319E-2,-0E0,9.83471E-2,-1.3094161E-1,-4.193514E-2,-0E0,1.2821469E-1],"categories":[],"categories_nodes":[],"categories_segments":[],"categories_sizes":[],"default_left":[0,0,0,0,0,0,0,0,0,0,0,0,0,0,0],"id":5,"left_children":[1,3,5,7,9,11,13,-1,-1,-1,-1,-1,-1,-1,-1],"loss_changes":[3.3136307E1,2.1690418E1,4.9872185E1,2.8165533E1,7.439293E0,1.3591808E1,1.4617869E1,0E0,0E0,0E0,0E0,0E0,0E0,0E0,0E0],"parents":[2147483647,0,0,1,1,2,2,3,3,4,4,5,5,6,6],"right_children":[2,4,6,8,10,12,14,-1,-1,-1,-1,-1,-1,-1,-1],"split_conditions":[1.3384734E0,6.478211E-2,8.998537E-2,4.5767073E-2,-7.570406E-2,-3.7258836E-3,5.6271696E-1,2.3801224E-2,-4.947319E-2,-0E0,9.83471E-2,-1.3094161E-1,-4.193514E-2,-0E0,1.2821469E-1],"split_indices":[6,17,16,17,16,15,16,0,0,0,0,0,0,0,0],"split_type":[0,0,0,0,0,0,0,0,0,0,0,0,0,0,0],"sum_hessian":[4.9220004E2,3.5632117E2,1.3587888E2,3.1032233E2,4.599882E1,8.910153E1,4.6777348E1,2.4708336E2,6.323897E1,6.8331833E0,3.9165638E1,3.7787277E1,5.131426E1,3.417038E1,1.2606968E1],"tree_param":{"num_deleted":"0","num_feature":"19","num_nodes":"15","size_leaf_vector":"1"}},{"base_weights":[-2.7704884E-3,1.5043175E-1,-2.6050654E-1,-8.3935216E-2,5.7589334E-1,-8.4566563E-1,4.979499E-2,5.287701E-3,-9.65001E-2,-1.3147199E-1,7.01093E-2,-2.2224378E-2,-1.1366541E-1,-1.5205379E-2,5.8633707E-2],"categories":[],"categories_nodes":[],"categories_segments":[],"categories_sizes":[],"default_left":[0,0,0,0,0,0,0,0,0,0,0,0,0,0,0],"id":6,"left_children":[1,3,5,7,9,11,13,-1,-1,-1,-1,-1,-1,-1,-1],