{"learner":{"attributes":{"scikit_learn":"{\"_estimator_type\": \"classifier\"}"},"feature_names":["bias_week","bias_month","bias_quarter","bias_year","rsi","macd","macd_signal","vol_change","close_change","bb_width","return_5d","k_upper","k_lower","k_body","buy_power","rs_5d"],"feature_types":["float","float","float","float","float","float","float","float","float","float","float","float","float","float","float","float"],"gradient_booster":{"model":{"gbtree_model_param":{"num_parallel_tree":"1","num_trees":"8"},"iteration_indptr":[0,1,2,3,4,5,6,7,8],"tree_info":[0,0,0,0,0,0,0,0],"trees":[{"base_weights":[1.3944626E-2,-2.4426046E-1,4.3899378E-1,-7.1420646E-1,-1.23828374E-1,3.2138845E-1,1.0126721E0,-1.017627E0,-3.1490064E-1,-2.9202458E-1,4.6732318E-2,2.3443167E-1,1.1510394E0,4.1285956E-1,1.2574794E0,-5.5558264E-2,-1.2894626E-3,-3.959675E-2,7.990398E-3,-7.040953E-3,-3.0614762E-2,-1.919124E-2,1.1329445E-2,2.2743156E-2,2.1002933E-3,-1.8692429E-3,6.262746E-2,-1.0876484E-2,4.025545E-2,7.153974E-2,3.976394E-3],"categories":[],"categories_nodes":[],"categories_segments":[],"categories_sizes":[],"default_left":[0,0,0,0,0,0,0,0,0,0,0,0,0,0,0,0,0,0,0,0,0,0,0,0,0,0,0,0,0,0,0],"id":0,"left_children":[1,3,5,7,9,11,13,15,17,19,21,23,25,27,29,-1,-1,-1,-1,-1,-1,-1,-1,-1,-1,-1,-1,-1,-1,-1,-1],"loss_changes":[6.995615E1,2.2355904E1,1.5925484E1,9.455338E0,9.104209E0,1.4256805E1,5.4297676E0,4.1833115E0,8.343755E0,7.6467524E0,1.2337471E1,7.7647934E0,2.3204174E0,3.4468467E0,5.6601906E0,0E0,0E0,0E0,0E0,0E0,0E0,0E0,0E0,0E0,0E0,0E0,0E0,0E0,0E0,0E0,0E0],"parents":[2147483647,0,0,1,1,2,2,3,3,4,4,5,5,6,6,7,7,8,8,9,9,10,10,11,11,12,12,13,13,14,14],"right_children":[2,4,6,8,10,12,14,16,18,20,22,24,26,28,30,-1,-1,-1,-1,-1,-1,-1,-1,-1,-1,-1,-1,-1,-1,-1,-1],"split_conditions":[1.0479616E-1,4.7268197E-2,4.4720716E0,-5.5784197E-3,-2.9491283E-2,6.428565E-2,1.7020154E-1,6.666709E-1,3.4693923E-2,-3.590955E-3,6.2456302E-2,-7.2799725E-3,1.09210834E-1,4.5454945E-2,6.153842E-1,-5.5558264E-2,-1.2894626E-3,-3.959675E-2,7.990398E-3,-7.040953E-3,-3.0614762E-2,-1.919124E-2,1.1329445E-2,2.2743156E-2,2.1002933E-3,-1.8692429E-3,6.262746E-2,-1.0876484E-2,4.025545E-2,7.153974E-2,3.976394E-3],"split_indices":[9,9,6,1,3,8,9,11,9,15,9,0,9,12,12,0,0,0,0,0,0,0,0,0,0,0,0,0,0,0,0],"split_type":[0,0,0,0,0,0,0,0,0,0,0,0,0,0,0,0,0,0,0,0,0,0,0,0,0,0,0,0,0,0,0],"sum_hessian":[6.3543744E2,3.9556717E2,2.3987029E2,7.968657E1,3.1588058E2,2.0035689E2,3.951339E1,4.4399914E1,3.5286655E1,1.5868416E2,1.5719644E2,1.8251031E2,1.7846577E1,1.2231343E1,2.7282045E1,4.0463566E1,3.9363477E0,1.7266901E1,1.8019754E1,1.0877107E2,4.9913082E1,4.598332E1,1.1121313E2,8.442932E1,9.808099E1,1.4541264E0,1.6392448E1,4.862379E0,7.3689637E0,2.3595697E1,3.6863477E0],"tree_param":{"num_deleted":"0","num_feature":"16","num_nodes":"31","size_leaf_vector":"1"}},{"base_weights":[-2.0146515E-2,-2.2864586E-1,5.0401443E-1,-2.6813927E-1,1.0158178E0,4.3295076E-1,1.0356658E0,-5.8404666E-1,-1.293512E-1,3.7721932E-2,1.2253774E0,6.8144524E-1,2.2680719E-1,7.678009E-1,7.068208E-2,-1.919476E-3,-3.480023E-2,-1.7373884E-2,-1.0137974E-3,3.687438E-2,-3.7474673E-2,7.0310175E-2,6.172942E-4,2.483114E-2,8.0432184E-2,-3.4161059E-3,2.2858122E-2,4.9240176E-2,-2.0431273E-2],"categories":[],"categories_nodes":[],"categories_segments":[],"categories_sizes":[],"default_left":[0,0,0,0,0,0,0,0,0,0,0,0,0,0,0,0,0,0,0,0,0,0,0,0,0,0,0,0,0],"id":1,"left_children":[1,3,5,7,9,11,13,15,17,19,21,23,25,27,-1,-1,-1,-1,-1,-1,-1,-1,-1,-1,-1,-1,-1,-1,-1],"loss_changes":[7.040105E1,2.2919659E1,6.4781265E0,1.9540947E1,2.9017572E0,8.217497E0,1.0304222E0,8.298782E0,7.419282E0,2.5190783E0,2.5737953E0,1.1814831E1,6.206184E0,4.0834417E0,0E0,0E0,0E0,0E0,0E0,0E0,0E0,0E0,0E0,0E0,0E0,0E0,0E0,0E0,0E0],"parents":[2147483647,0,0,1,1,2,2,3,3,4,4,5,5,6,6,7,7,8,8,9,9,10,10,11,11,12,12,13,13],"right_children":[2,4,6,8,10,12,14,16,18,20,22,24,26,28,-1,-1,-1,-1,-1,-1,-1,-1,-1,-1,-1,-1,-1,-1,-1],"split_conditions":[1.2337223E-1,6.428565E-2,6.428565E-2,5.706893E-2,-2.4789445E-1,-6.4397077E-3,7.8585446E-2,-6.1777566E-2,-1.5974069E-1,-3.2892793E-1,1.5885411E-1,1.7624837E-1,1.6162704E-1,4.3706256E-1,7.068208E-2,-1.919476E-3,-3.480023E-2,-1.7373884E-2,-1.0137974E-3,3.687438E-2,-3.7474673E-2,7.0310175E-2,6.172942E-4,2.483114E-2,8.0432184E-2,-3.4161059E-3,2.2858122E-2,4.9240176E-2,-2.0431273E-2],"split_indices":[9,8,8,9,3,0,8,2,3,3,1,2,9,2,0,0,0,0,0,0,0,0,0,0,0,0,0,0,0],"split_type":[0,0,0,0,0,0,0,0,0,0,0,0,0,0,0,0,0,0,0,0,0,0,0,0,0,0,0,0,0],"sum_hessian":[6.421292E2,4.5979642E2,1.8233281E2,4.4641388E2,1.338254E1,1.624351E2,1.9897694E1,1.3528104E2,3.1113284E2,2.5695353E0,1.08130045E1,7.2606445E1,8.982866E1,1.3419135E1,6.478558E0,2.3260017E1,1.1202102E2,1.02989944E2,2.081429E2,1.3937672E0,1.175768E0,9.271639E0,1.5413657E0,6.1819347E1,1.07871E1,3.96863E1,5.0142365E1,1.1466854E1,1.9522803E0],"tree_param":{"num_deleted":"0","num_feature":"16","num_nodes":"29","size_leaf_vector":"1"}},{"base_weights":[2.0017276E-2,-2.0877922E-1,4.3273374E-1,-4.965396E-1,-1.06110804E-1,2.788145E-1,8.34266E-1,2.5149184E-1,-6.0254514E-1,-1.68676E-1,2.6357594E-1,2.1501471E-1,7.948215E-1,-2.2012681E-1,8.766844E-1,-2.3272261E-2,4.7684763E-2,-4.4495087E-2,-1.2455429E-2,-6.825812E-3,-3.842227E-2,4.4488918E-2,-4.6646474E-3,2.1705737E-2,9.7164017E-4,4.4590414E-2,-1.3133004E-2,7.942473E-3,-2.6289174E-2,3.0878002E-2,5.6514908E-2],"categories":[],"categories_nodes":[],"categories_segments":[],"categories_sizes":[],"default_left":[0,0,0,0,0,0,0,0,0,0,0,0,0,0,0,0,0,0,0,0,0,0,0,0,0,0,0,0,0,0,0],"id":2,"left_children":[1,3,5,7,9,11,13,15,17,19,21,23,25,27,29,-1,-1,-1,-1,-1,-1,-1,-1,-1,-1,-1,-1,-1,-1,-1,-1],"loss_changes":[6.0148945E1,1.2056181E1,1.3806969E1,8.676306E0,7.0608892E0,5.2847166E0,2.985962E0,7.516926E0,9.371574E0,4.911158E0,9.982468E0,6.3702397E0,2.0664196E0,4.558648E-1,3.2602997E0,0E0,0E0,0E0,0E0,0E0,0E0,0E0,0E0,0E0,0E0,0E0,0E0,0E0,0E0,0E0,0E0],"parents":[2147483647,0,0,1,1,2,2,3,3,4,4,5,5,6,6,7,7,8,8,9,9,10,10,11,11,12,12,13,13,14,14],"right_children":[2,4,6,8,10,12,14,16,18,20,22,24,26,28,30,-1,-1,-1,-1,-1,-1,-1,-1,-1,-1,-1,-1,-1,-1,-1,-1],"split_conditions":[1.09210834E-1,5.246003E-2,6.726896E-2,-1.8973523E0,1.7935988E0,5.3827826E-2,-9.66669E-1,-2.2067852E0,-1.17898835E-2,1.6290779E0,-1.3050577E-2,-8.205509E-3,9.982494E-2,1.8665208E-1,2.3447587E-1,-2.3272261E-2,4.7684763E-2,-4.4495087E-2,-1.2455429E-2,-6.825812E-3,-3.842227E-2,4.4488918E-2,-4.6646474E-3,2.1705737E-2,9.7164017E-4,4.4590414E-2,-1.3133004E-2,7.942473E-3,-2.6289174E-2,3.0878002E-2,5.6514908E-2],"split_indices":[9,9,15,6,6,8,13,5,2,5,0,0,8,2,2,0,0,0,0,0,0,0,0,0,0,0,0,0,0,0,0],"split_type":[0,0,0,0,0,0,0,0,0,0,0,0,0,0,0,0,0,0,0,0,0,0,0,0,0,0,0,0,0,0,0],"sum_hessian":[6.350248E2,4.088602E2,2.2616457E2,1.0650637E2,3.0235382E2,1.6471773E2,6.144683E1,1.304953E1,9.345684E1,2.5905542E2,4.32984E1,1.478536E2,1.6864128E1,2.2143924E0,5.9232437E1,6.623856E0,6.425674E0,5.070997E1,4.2746876E1,2.4703688E2,1.2018553E1,1.517585E1,2.812255E1,6.915892E1,7.869468E1,1.559088E1,1.2732476E0,1.2030548E0,1.0113375E0,3.0996979E1,2.8235458E1],"tree_param":{"num_deleted":"0","num_feature":"16","num_nodes":"31","size_leaf_vector":"1"}},{"base_weights":[2.2989975E-2,-2.1941276E-1,4.705199E-1,-4.0841463E-1,-1.2949008E-2,3.519304E-1,1.0098609E0,-4.656902E-1,3.2577986E-1,-1.6127916E-1,4.332099E-1,2.758479E-1,1.0952092E0,-1.2035525E-2,1.0571781E0,-4.267898E-2,-1.9316455E-2,4.6564575E-2,-1.2254591E-2,2.841028E-2,-1.2287076E-2,1.5379864E-2,6.536691E-2,3.2247137E-2,8.548192E-3,2.3190184E-2,6.47869E-2,5.5222195E-2,-4.730302E-3],"categories":[],"categories_nodes":[],"categories_segments":[],"categories_sizes":[],"default_left":[0,0,0,0,0,0,0,0,0,0,0,0,0,0,0,0,0,0,0,0,0,0,0,0,0,0,0,0,0],"id":3,"left_children":[1,3,5,7,9,11,13,15,17,19,21,23,25,-1,27,-1,-1,-1,-1,-1,-1,-1,-1,-1,-1,-1,-1,-1,-1],