{"learner":{"attributes":{"scikit_learn":"{\"_estimator_type\": \"classifier\"}"},"feature_names":["bias_week","bias_month","bias_quarter","bias_year","rsi","macd","macd_signal","vol_change","close_change","bb_width","return_5d","return_10d","k_upper","k_lower","k_body","buy_power","rs_5d","rs_10d","dist_to_20d_high","dist_to_20d_low","kd_k","kd_d","kd_cross","gap_ratio","obv","atr_ratio","trend_strength"],"feature_types":["float","float","float","float","float","float","float","float","float","float","float","float","float","float","float","float","float","float","float","float","float","float","float","float","float","float","float"],"gradient_booster":{"model":{"gbtree_model_param":{"num_parallel_tree":"1","num_trees":"4"},"iteration_indptr":[0,1,2,3,4],"tree_info":[0,0,0,0],"trees":[{"base_weights":[-3.2039575E-2,-5.877729E-1,2.045253E-1,-9.423968E-1,1.5333593E-1,6.213801E-1,-2.2956307E-1,-2.3927964E-2,-1.3027987E-1,5.0384503E-2,-1.1509068E-1,-1.6932087E-2,8.655763E-2,1.5706034E-1,-5.5317514E-2],"categories":[],"categories_nodes":[],"categories_segments":[],"categories_sizes":[],"default_left":[0,0,0,0,0,0,0,0,0,0,0,0,0,0,0],"id":0,"left_children":[1,3,5,7,9,11,13,-1,-1,-1,-1,-1,-1,-1,-1],"loss_changes":[6.401309E1,4.0341137E1,6.1473614E1,2.251532E1,2.0470003E1,3.6197945E1,9.460562E1,0E0,0E0,0E0,0E0,0E0,0E0,0E0,0E0],"parents":[2147483647,0,0,1,1,2,2,3,3,4,4,5,5,6,6],"right_children":[2,4,6,8,10,12,14,-1,-1,-1,-1,-1,-1,-1,-1],"split_conditions":[-2.2824556E-2,6.253239E-2,4.2221453E-2,-1.64635E0,4.6084586E-1,-5.2271374E-2,-1.416148E-1,-2.3927964E-2,-1.3027987E-1,5.0384503E-2,-1.1509068E-1,-1.6932087E-2,8.655763E-2,1.5706034E-1,-5.5317514E-2],"split_indices":[10,25,25,6,3,3,3,0,0,0,0,0,0,0,0],"split_type":[0,0,0,0,0,0,0,0,0,0,0,0,0,0,0],"sum_hessian":[4.786904E2,1.4539087E2,3.3329956E2,1.0023552E2,4.5155346E1,1.724844E2,1.6081514E2,3.7273384E1,6.296214E1,3.7325165E1,7.8301783E0,3.9433743E1,1.3305066E2,2.3084631E1,1.3773051E2],"tree_param":{"num_deleted":"0","num_feature":"27","num_nodes":"15","size_leaf_vector":"1"}},{"base_weights":[-4.0551003E-2,-1.08535476E-1,1.4688624E-1,1.2510224E-1,-7.7947193E-1,-2.9109424E-2,4.714321E-2,-1.3975836E-1,-3.912462E-2],"categories":[],"categories_nodes":[],"categories_segments":[],"categories_sizes":[],"default_left":[0,0,0,0,0,0,0,0,0],"id":1,"left_children":[1,3,-1,5,7,-1,-1,-1,-1],"loss_changes":[4.675546E1,7.403034E1,0E0,5.0525356E1,2.50279E1,0E0,0E0,0E0,0E0],"parents":[2147483647,0,0,1,1,3,3,4,4],"right_children":[2,4,-1,6,8,-1,-1,-1,-1],"split_conditions":[4.7878265E-1,1.3591594E0,1.4688624E-1,-1.7664814E-2,4.7834587E1,-2.9109424E-2,4.714321E-2,-1.3975836E-1,-3.912462E-2],"split_indices":[24,6,0,1,21,0,0,0,0],"split_type":[0,0,0,0,0,0,0,0,0],"sum_hessian":[4.7979355E2,4.614543E2,1.8339254E1,3.402958E2,1.2115849E2,1.5213536E2,1.8816045E2,4.2897068E1,7.826142E1],"tree_param":{"num_deleted":"0","num_feature":"27","num_nodes":"9","size_leaf_vector":"1"}},{"base_weights":[-5.0270353E-2,-6.2902147E-1,1.100711E-1,8.0250853E-1,-7.815073E-1,7.290822E-1,-3.1676665E-2,-0E0,1.2974605E-1,-1.04157135E-1,8.949906E-3,-1.1020744E-1,9.871336E-2,-6.0192637E-2,1.8022893E-2],"categories":[],"categories_nodes":[],"categories_segments":[],"categories_sizes":[],"default_left":[0,0,0,0,0,0,0,0,0,0,0,0,0,0,0],"id":2,"left_children":[1,3,5,7,9,11,13,-1,-1,-1,-1,-1,-1,-1,-1],"loss_changes":[4.5398262E1,2.372742E1,3.4091663E1,4.031955E0,2.5192009E1,3.594045E1,3.7771526E1,0E0,0E0,0E0,0E0,0E0,0E0,0E0,0E0],"parents":[2147483647,0,0,1,1,2,2,3,3,4,4,5,5,6,6],"right_children":[2,4,6,8,10,12,14,-1,-1,-1,-1,-1,-1,-1,-1],"split_conditions":[-1.9729333E-2,-2.5465778E-1,3.0257124E-2,-3.7004698E-2,2.8571447E-2,-7.531664E-2,5.620919E-2,-0E0,1.2974605E-1,-1.04157135E-1,8.949906E-3,-1.1020744E-1,9.871336E-2,-6.0192637E-2,1.8022893E-2],"split_indices":[24,3,25,0,11,3,19,0,0,0,0,0,0,0,0],"split_type":[0,0,0,0,0,0,0,0,0,0,0,0,0,0,0],"sum_hessian":[4.7510324E2,1.0557407E2,3.6952917E2,8.385907E0,9.718816E1,7.114982E1,2.9837936E2,3.4096756E0,4.9762316E0,7.61472E1,2.1040964E1,7.570285E0,6.3579536E1,8.3170815E1,2.1520854E2],"tree_param":{"num_deleted":"0","num_feature":"27","num_nodes":"15","size_leaf_vector":"1"}},{"base_weights":[5.7977702E-2,8.7567985E-1,-6.340096E-2,-2.0684296E-1,1.1526309E0,5.700797E-2,-9.8332345E-1,-9.490238E-2,5.6794673E-2,-0E0,1.2885188E-1,-1.7926397E-4,1.5024535E-1,2.1823311E-2,-1.1662543E-1],"categories":[],"categories_nodes":[],"categories_segments":[],"categories_sizes":[],"default_left":[0,0,0,0,0,0,0,0,0,0,0,0,0,0,0],"id":3,"left_children":[1,3,5,7,9,11,13,-1,-1,-1,-1,-1,-1,-1,-1],"loss_changes":[4.8563446E1,2.1302021E1,4.7326397E1,8.327356E0,1.1293808E1,3.4223034E1,1.381852E1,0E0,0E0,0E0,0E0,0E0,0E0,0E0,0E0],"parents":[2147483647,0,0,1,1,2,2,3,3,4,4,5,5,6,6],"right_children":[2,4,6,8,10,12,14,-1,-1,-1,-1,-1,-1,-1,-1],"split_conditions":[-1.7428972E-1,-4.1027956E0,1.4622052E-1,6.481475E-2,3.356208E-2,6.00868E-1,-2.062056E-1,-9.490238E-2,5.6794673E-2,-0E0,1.2885188E-1,-1.7926397E-4,1.5024535E-1,2.1823311E-2,-1.1662543E-1],"split_indices":[3,22,18,25,25,24,2,0,0,0,0,0,0,0,0],"split_type":[0,0,0,0,0,0,0,0,0,0,0,0,0,0,0],"sum_hessian":[4.6950052E2,6.239214E1,4.071084E2,1.1096602E1,5.1295536E1,3.585376E2,4.857079E1,7.0297546E0,4.0668473E0,4.3922963E0,4.690324E1,3.439724E2,1.4565191E1,5.061118E0,4.3509674E1],"tree_param":{"num_deleted":"0","num_feature":"27","num_nodes":"15","size_leaf_vector":"1"}}]},"name":"gbtree"},"learner_model_param":{"base_score":"5E-1","boost_from_average":"1","num_class":"0","num_feature":"27","num_target":"1"},"objective":{"name":"binary:logistic","reg_loss_param":{"scale_pos_weight":"3.32071257"}}},"version":[2,1,0]}