{"learner":{"attributes":{"scikit_learn":"{\"_estimator_type\": \"classifier\"}"},"feature_names":["bias_week","bias_month","bias_quarter","bias_year","rsi","macd","macd_signal","vol_change","close_change","bb_width","return_5d","k_upper","k_lower","k_body","buy_power","rs_5d","obv","atr_ratio","trend_strength"],"feature_types":["float","float","float","float","float","float","float","float","float","float","float","float","float","float","float","float","float","float","float"],"gradient_booster":{"model":{"cats":{"enc":[],"feature_segments":[],"sorted_idx":[]},"gbtree_model_param":{"num_parallel_tree":"1","num_trees":"15"},"iteration_indptr":[0,1,2,3,4,5,6,7,8,9,10,11,12,13,14,15],"tree_info":[0,0,0,0,0,0,0,0,0,0,0,0,0,0,0],"trees":[{"base_weights":[-5.740375E-2,1.7094366E-1,-5.813157E-1,5.7577573E-2,8.5629755E-1,-8.066716E-1,1.4378574E-1,3.3700973E-2,-6.199218E-2,1.1396832E-1,-0E0,-1.4227164E-1,-3.87751E-2],"categories":[],"categories_nodes":[],"categories_segments":[],"categories_sizes":[],"default_left":[0,0,0,0,0,0,0,0,0,0,0,0,0],"id":0,"left_children":[1,3,5,7,9,11,-1,-1,-1,-1,-1,-1,-1],"loss_changes":[5.2499237E1,2.1004673E1,6.0808353E1,4.9404293E1,9.900732E0,2.7239128E1,0E0,0E0,0E0,0E0,0E0,0E0,0E0],"parents":[2147483647,0,0,1,1,2,2,3,3,4,4,5,5],"right_children":[2,4,6,8,10,12,-1,-1,-1,-1,-1,-1,-1],"split_conditions":[1.2463897E0,6.481475E-2,5.870576E-1,4.345279E-2,8.456655E-3,9.1568604E-2,1.4378574E-1,3.3700973E-2,-6.199218E-2,1.1396832E-1,-0E0,-1.4227164E-1,-3.87751E-2],"split_indices":[6,17,16,17,16,18,0,0,0,0,0,0,0],"split_type":[0,0,0,0,0,0,0,0,0,0,0,0,0],"sum_hessian":[4.2951996E2,2.9654742E2,1.3297255E2,2.5808194E2,3.8465473E1,1.2115765E2,1.1814892E1,1.8523918E2,7.284276E1,2.8486273E1,9.979201E0,4.5282448E1,7.5875206E1],"tree_param":{"num_deleted":"0","num_feature":"19","num_nodes":"13","size_leaf_vector":"1"}},{"base_weights":[-5.5274207E-2,2.3792022E-1,-3.404736E-1,-7.776952E-2,8.949166E-1,-1.0439397E0,-3.2366555E-2,1.2165902E-1,-2.3819897E-2,1.00722805E-1,-5.70584E-2,-1.2473004E-1,-3.3483893E-2,-1.7976006E-2,1.3566251E-1],"categories":[],"categories_nodes":[],"categories_segments":[],"categories_sizes":[],"default_left":[0,0,0,0,0,0,0,0,0,0,0,0,0,0,0],"id":1,"left_children":[1,3,5,7,9,11,13,-1,-1,-1,-1,-1,-1,-1,-1],"loss_changes":[3.6064144E1,4.493916E1,4.545626E1,2.7383E1,1.3842087E1,5.8486176E0,3.0220724E1,0E0,0E0,0E0,0E0,0E0,0E0,0E0,0E0],"parents":[2147483647,0,0,1,1,2,2,3,3,4,4,5,5,6,6],"right_children":[2,4,6,8,10,12,14,-1,-1,-1,-1,-1,-1,-1,-1],"split_conditions":[-2.5291914E-1,-4.3337718E-2,-5.26052E-3,-2.4817424E-1,3.0766848E-1,1.2313486E-1,5.870576E-1,1.2165902E-1,-2.3819897E-2,1.00722805E-1,-5.70584E-2,-1.2473004E-1,-3.3483893E-2,-1.7976006E-2,1.3566251E-1],"split_indices":[6,2,16,3,3,9,16,0,0,0,0,0,0,0,0],"split_type":[0,0,0,0,0,0,0,0,0,0,0,0,0,0,0],"sum_hessian":[4.2682886E2,2.0663708E2,2.2019179E2,1.3776787E2,6.886921E1,6.421037E1,1.5598141E2,1.3088407E1,1.2467947E2,6.531853E1,3.5506783E0,4.634442E1,1.7865948E1,1.4312537E2,1.2856043E1],"tree_param":{"num_deleted":"0","num_feature":"19","num_nodes":"15","size_leaf_vector":"1"}},{"base_weights":[1.7271092E-2,2.2032687E-1,-4.371471E-1,8.519003E-2,9.981487E-1,-9.4019604E-1,1.5672104E-1,-2.933954E-2,4.6608422E-2,1.5536587E-1,4.1086096E-2,5.5589485E-3,-1.0350314E-1,1.0159013E-1,-0E0],"categories":[],"categories_nodes":[],"categories_segments":[],"categories_sizes":[],"default_left":[0,0,0,0,0,0,0,0,0,0,0,0,0,0,0],"id":2,"left_children":[1,3,5,7,9,11,13,-1,-1,-1,-1,-1,-1,-1,-1],"loss_changes":[3.8071087E1,2.8199177E1,3.9429195E1,3.7493042E1,8.477882E0,9.492748E0,9.454601E0,0E0,0E0,0E0,0E0,0E0,0E0,0E0,0E0],"parents":[2147483647,0,0,1,1,2,2,3,3,4,4,5,5,6,6],"right_children":[2,4,6,8,10,12,14,-1,-1,-1,-1,-1,-1,-1,-1],"split_conditions":[1.3694631E0,6.481475E-2,6.773754E-2,-1.0884971E-2,-1.3722034E-1,-1.1672193E-1,3.6564646E0,-2.933954E-2,4.6608422E-2,1.5536587E-1,4.1086096E-2,5.5589485E-3,-1.0350314E-1,1.0159013E-1,-0E0],"split_indices":[6,17,1,1,3,3,5,0,0,0,0,0,0,0,0],"split_type":[0,0,0,0,0,0,0,0,0,0,0,0,0,0,0],"sum_hessian":[4.1613007E2,2.913476E2,1.2478244E2,2.5150687E2,3.984074E1,6.933989E1,5.544255E1,1.2351681E2,1.2799006E2,1.7503532E1,2.2337206E1,4.494032E0,6.4845856E1,9.471083E0,4.597147E1],"tree_param":{"num_deleted":"0","num_feature":"19","num_nodes":"15","size_leaf_vector":"1"}},{"base_weights":[-2.586164E-2,2.0768352E-1,-3.8838708E-1,3.0311272E-1,-8.597277E-1,-1.3301381E0,-1.5052794E-1,-8.966195E-3,6.091005E-2,-1.3451815E-1,-0E0,-1.472187E-1,-0E0,4.3800354E-2,-3.2077845E-2],"categories":[],"categories_nodes":[],"categories_segments":[],"categories_sizes":[],"default_left":[0,0,0,0,0,0,0,0,0,0,0,0,0,0,0],"id":3,"left_children":[1,3,5,7,9,11,13,-1,-1,-1,-1,-1,-1,-1,-1],"loss_changes":[3.6895824E1,2.5290226E1,3.515624E1,3.0560629E1,1.1222567E1,6.723984E0,1.425411E1,0E0,0E0,0E0,0E0,0E0,0E0,0E0,0E0],"parents":[2147483647,0,0,1,1,2,2,3,3,4,4,5,5,6,6],"right_children":[2,4,6,8,10,12,14,-1,-1,-1,-1,-1,-1,-1,-1],"split_conditions":[4.2260736E-1,2.955382E-1,7.425447E-2,-5.5862762E-2,1.1515176E-1,3.2082982E-2,4.3836948E-2,-8.966195E-3,6.091005E-2,-1.3451815E-1,-0E0,-1.472187E-1,-0E0,4.3800354E-2,-3.2077845E-2],"split_indices":[6,3,9,3,9,0,17,0,0,0,0,0,0,0,0],"split_type":[0,0,0,0,0,0,0,0,0,0,0,0,0,0,0],"sum_hessian":[4.2928455E2,2.5752927E2,1.7175528E2,2.3890065E2,1.8628616E1,3.1923235E1,1.3983205E2,1.0251295E2,1.363877E2,1.3075308E1,5.5533075E0,2.8528057E1,3.3951783E0,2.8346087E1,1.11485954E2],"tree_param":{"num_deleted":"0","num_feature":"19","num_nodes":"15","size_leaf_vector":"1"}},{"base_weights":[3.2988288E-2,2.2223899E-1,-2.2392702E-1,-0E0,6.698695E-1,-9.001897E-1,1.22519016E-1,-3.8457267E-2,3.1677347E-2,-0E0,9.75778E-2,7.3609146E-4,-1.0805151E-1,1.3801742E-1,-0E0],"categories":[],"categories_nodes":[],"categories_segments":[],"categories_sizes":[],"default_left":[0,0,0,0,0,0,0,0,0,0,0,0,0,0,0],"id":4,"left_children":[1,3,5,7,9,11,13,-1,-1,-1,-1,-1,-1,-1,-1],"loss_changes":[2.0909834E1,2.455192E1,4.342331E1,2.1216057E1,1.9326473E1,1.3155575E1,1.798428E1,0E0,0E0,0E0,0E0,0E0,0E0,0E0,0E0],"parents":[2147483647,0,0,1,1,2,2,3,3,4,4,5,5,6,6],"right_children":[2,4,6,8,10,12,14,-1,-1,-1,-1,-1,-1,-1,-1],"split_conditions":[1.7278645E-2,-2.8960794E-2,3.1574838E-2,-5.5862762E-2,-1.7849747E-2,4.2260736E-1,-6.927164E-2,-3.8457267E-2,3.1677347E-2,-0E0,9.75778E-2,7.3609146E-4,-1.0805151E-1,1.3801742E-1,-0E0],"split_indices":[2,2,1,3,1,6,3,0,0,0,0,0,0,0,0],"split_type":[0,0,0,0,0,0,0,0,0,0,0,0,0,0,0],"sum_hessian":[4.2838712E2,2.5179779E2,1.7658931E2,1.7013571E2,8.166208E1,6.155767E1,1.1503165E2,7.553004E1,9.460568E1,2.4277826E1,5.7384247E1,8.698278E0,5.285939E1,9.326925E0,1.0570472E2],"tree_param":{"num_deleted":"0","num_feature":"19","num_nodes":"15","size_leaf_vector":"1"}},{"base_weights":[2.219579E-2,1.8265624E-1,-3.3411083E-1,5.577278E-2,8.720746E-1,-5.548251E-1,1.3779883E-1,-3.5297636E-2,2.6273504E-2,-0E0,1.0628893E-1,-1.0691671E-1,-1.7734254E-2],"categories":[],"categories_nodes":[],"categories_segments":[],"categories_sizes":[],"default_left":[0,0,0,0,0,0,0,0,0,0,0,0,0],"id":5,"left_children":[1,3,5,7,9,11,-1,-1,-1,-1,-1,-1,-1],"loss_changes":[2.4483744E1,2.4430029E1,4.841121E1,2.226407E1,9.461109E0,2.0097553E1,0E0,0E0,0E0,0E0,0E0,0E0,0E0],"parents":[2147483647,0,0,1,1,2,2,3,3,4,4,5,5],"right_children":[2,4,6,8,10,12,-1,-1,-1,-1,-1,-1,-1],"split_conditions":[1.3694631E0,6.481475E-2,5.01996E-1,-5.0703857E-2,-7.517772E-2,1.579265E-2,1.3779883E-1,-3.5297636E-2,2.6273504E-2,-0E0,1.0628893E-1,-1.0691671E-1,-1.7734254E-2],"split_indices":[6,17,16,3,16,15,0,0,0,0,0,0,0],"split_type":[0,0,0,0,0,0,0,0,0,0,0,0,0],"sum_hessian":[4.324278E2,3.028079E2,1.2961989E2,2.5928958E2,4.351833E1,1.1658095E2,1.3038937E1,8.3507996E1,1.7578157E2,6.7394714E0,3.677886E1,4.5584023E1,7.0996925E1],"tree_param":{"num_deleted":"0","num_feature":"19","num_nodes":"13",