{"learner":{"attributes":{"scikit_learn":"{\"_estimator_type\": \"classifier\"}"},"feature_names":["bias_week","bias_month","bias_quarter","bias_year","rsi","macd","macd_signal","vol_change","close_change","bb_width","return_5d","return_10d","k_upper","k_lower","k_body","buy_power","rs_5d","rs_10d","dist_to_20d_high","dist_to_20d_low","kd_k","kd_d","kd_cross","gap_ratio","obv","atr_ratio","trend_strength"],"feature_types":["float","float","float","float","float","float","float","float","float","float","float","float","float","float","float","float","float","float","float","float","float","float","float","float","float","float","float"],"gradient_booster":{"model":{"gbtree_model_param":{"num_parallel_tree":"1","num_trees":"5"},"iteration_indptr":[0,1,2,3,4,5],"tree_info":[0,0,0,0,0],"trees":[{"base_weights":[-2.548619E-3,3.2922462E-1,-3.3485016E-1,-2.8854686E-1,6.3720673E-1,-7.923436E-1,2.523569E-1,-9.075995E-2,1.7269439E-3,3.2708347E-2,1.14181146E-1,3.5932768E-2,-1.1940898E-1,1.1357045E-1,-1.4323386E-3],"categories":[],"categories_nodes":[],"categories_segments":[],"categories_sizes":[],"default_left":[0,0,0,0,0,0,0,0,0,0,0,0,0,0,0],"id":0,"left_children":[1,3,5,7,9,11,13,-1,-1,-1,-1,-1,-1,-1,-1],"loss_changes":[5.970234E1,5.1845238E1,7.496611E1,1.8740753E1,2.4966911E1,7.651437E1,3.0763824E1,0E0,0E0,0E0,0E0,0E0,0E0,0E0,0E0],"parents":[2147483647,0,0,1,1,2,2,3,3,4,4,5,5,6,6],"right_children":[2,4,6,8,10,12,14,-1,-1,-1,-1,-1,-1,-1,-1],"split_conditions":[4.2279318E-2,-5.431139E-3,6.163073E-2,-7.528046E0,1.6335765E-2,-2.966095E0,-1.4206818E-1,-9.075995E-2,1.7269439E-3,3.2708347E-2,1.14181146E-1,3.5932768E-2,-1.1940898E-1,1.1357045E-1,-1.4323386E-3],"split_indices":[25,0,25,22,24,6,3,0,0,0,0,0,0,0,0],"split_type":[0,0,0,0,0,0,0,0,0,0,0,0,0,0,0],"sum_hessian":[5.396839E2,2.6666568E2,2.7301825E2,8.629783E1,1.8036784E2,1.5544724E2,1.1757101E2,3.0174557E1,5.6123276E1,1.1647091E2,6.3896942E1,3.942357E1,1.1602367E2,2.834862E1,8.922239E1],"tree_param":{"num_deleted":"0","num_feature":"27","num_nodes":"15","size_leaf_vector":"1"}},{"base_weights":[-1.9191867E-2,-7.9048745E-2,1.5637667E-1,1.4416759E-1,-8.2755226E-1,-2.2049207E-2,4.5751557E-2,-1.3859713E-1,-4.2004712E-2],"categories":[],"categories_nodes":[],"categories_segments":[],"categories_sizes":[],"default_left":[0,0,0,0,0,0,0,0,0],"id":1,"left_children":[1,3,-1,5,7,-1,-1,-1,-1],"loss_changes":[4.8701656E1,8.963735E1,0E0,4.7572723E1,2.3796616E1,0E0,0E0,0E0,0E0],"parents":[2147483647,0,0,1,1,3,3,4,4],"right_children":[2,4,-1,6,8,-1,-1,-1,-1],"split_conditions":[5.300957E-1,1.3613224E0,1.5637667E-1,-1.8538712E-2,1.0516109E-1,-2.2049207E-2,4.5751557E-2,-1.3859713E-1,-4.2004712E-2],"split_indices":[24,6,0,1,26,0,0,0,0],"split_type":[0,0,0,0,0,0,0,0,0],"sum_hessian":[5.4329193E2,5.257996E2,1.7492325E1,4.032331E2,1.2256651E2,1.8386511E2,2.1936798E2,4.7673454E1,7.489306E1],"tree_param":{"num_deleted":"0","num_feature":"27","num_nodes":"9","size_leaf_vector":"1"}},{"base_weights":[-4.9381703E-2,4.0632808E-1,-2.6793325E-1,-2.4595626E-1,5.4031485E-1,-6.600718E-1,1.3361831E-1,5.8981024E-2,-9.523095E-2,8.177797E-2,1.0624342E-2,8.756788E-2,-8.467749E-2,-1.7545704E-2,6.390745E-2],"categories":[],"categories_nodes":[],"categories_segments":[],"categories_sizes":[],"default_left":[0,0,0,0,0,0,0,0,0,0,0,0,0,0,0],"id":2,"left_children":[1,3,5,7,9,11,13,-1,-1,-1,-1,-1,-1,-1,-1],"loss_changes":[5.2702183E1,1.5568335E1,5.8419792E1,1.7258293E1,1.5486137E1,5.630887E1,2.9247704E1,0E0,0E0,0E0,0E0,0E0,0E0,0E0,0E0],"parents":[2147483647,0,0,1,1,2,2,3,3,4,4,5,5,6,6],"right_children":[2,4,6,8,10,12,14,-1,-1,-1,-1,-1,-1,-1,-1],"split_conditions":[3.629455E-2,-1.9729333E-2,-2.4664145E-5,2.0883028E1,3.0356865E-2,-2.1651872E-1,6.163073E-2,5.8981024E-2,-9.523095E-2,8.177797E-2,1.0624342E-2,8.756788E-2,-8.467749E-2,-1.7545704E-2,6.390745E-2],"split_indices":[25,24,16,21,25,2,25,0,0,0,0,0,0,0,0],"split_type":[0,0,0,0,0,0,0,0,0,0,0,0,0,0,0],"sum_hessian":[5.304867E2,1.6836531E2,3.6212137E2,2.5700615E1,1.426647E2,1.8576762E2,1.7635374E2,1.0420743E1,1.5279871E1,8.255217E1,6.011253E1,1.9064772E1,1.6670285E2,1.0727232E2,6.908143E1],"tree_param":{"num_deleted":"0","num_feature":"27","num_nodes":"15","size_leaf_vector":"1"}},{"base_weights":[5.25938E-2,-5.194324E-1,1.7232825E-1,1.20403014E-1,-7.0286304E-1,1.1675112E-1,1.4096537E-1,-0E0,-1.03888676E-1,2.6895402E-2,-8.6590424E-2],"categories":[],"categories_nodes":[],"categories_segments":[],"categories_sizes":[],"default_left":[0,0,0,0,0,0,0,0,0,0,0],"id":3,"left_children":[1,3,5,-1,7,9,-1,-1,-1,-1,-1],"loss_changes":[3.5731857E1,2.789054E1,2.719078E1,0E0,2.0903172E1,6.4169716E1,0E0,0E0,0E0,0E0,0E0],"parents":[2147483647,0,0,1,1,2,2,4,4,5,5],"right_children":[2,4,6,-1,8,10,-1,-1,-1,-1,-1],"split_conditions":[-2.177643E-2,-1.2464699E1,5.300957E-1,1.20403014E-1,3.7687805E-2,2.8779242E0,1.4096537E-1,-0E0,-1.03888676E-1,2.6895402E-2,-8.6590424E-2],"split_indices":[24,6,24,0,25,6,0,0,0,0,0],"split_type":[0,0,0,0,0,0,0,0,0,0,0],"sum_hessian":[5.3113544E2,8.8174965E1,4.4296048E2,6.79893E0,8.137603E1,4.267167E2,1.6243773E1,2.6136772E1,5.5239258E1,3.716483E2,5.5068413E1],"tree_param":{"num_deleted":"0","num_feature":"27","num_nodes":"11","size_leaf_vector":"1"}},{"base_weights":[-4.0665187E-2,4.5741272E-1,-2.4514435E-1,-0E0,7.780545E-1,8.82231E-1,-3.4721297E-1,8.876052E-2,-1.0524095E-1,1.3130619E-1,3.3276357E-2,-0E0,1.1602475E-1,-4.6396263E-2,8.598983E-2],"categories":[],"categories_nodes":[],"categories_segments":[],"categories_sizes":[],"default_left":[0,0,0,0,0,0,0,0,0,0,0,0,0,0,0],"id":4,"left_children":[1,3,5,7,9,11,13,-1,-1,-1,-1,-1,-1,-1,-1],"loss_changes":[5.398752E1,2.2100828E1,4.3041496E1,6.1633583E1,1.7417706E1,6.39106E0,5.108054E1,0E0,0E0,0E0,0E0,0E0,0E0,0E0,0E0],"parents":[2147483647,0,0,1,1,2,2,3,3,4,4,5,5,6,6],"right_children":[2,4,6,8,10,12,14,-1,-1,-1,-1,-1,-1,-1,-1],"split_conditions":[3.47203E-2,-5.7027366E-2,-1.9925097E-1,-1.8685362E-1,-2.9292941E-2,1.3720618E1,2.3761554E-1,8.876052E-2,-1.0524095E-1,1.3130619E-1,3.3276357E-2,-0E0,1.1602475E-1,-4.6396263E-2,8.598983E-2],"split_indices":[25,3,2,3,2,21,1,0,0,0,0,0,0,0,0],"split_type":[0,0,0,0,0,0,0,0,0,0,0,0,0,0,0],"sum_hessian":[5.329736E2,1.516024E2,3.8137115E2,6.3262234E1,8.8340164E1,2.9280422E1,3.5209076E2,3.456267E1,2.8699564E1,3.6516357E1,5.1823807E1,8.320698E0,2.0959724E1,3.2247324E2,2.9617498E1],"tree_param":{"num_deleted":"0","num_feature":"27","num_nodes":"15","size_leaf_vector":"1"}}]},"name":"gbtree"},"learner_model_param":{"base_score":"5E-1","boost_from_average":"1","num_class":"0","num_feature":"27","num_target":"1"},"objective":{"name":"binary:logistic","reg_loss_param":{"scale_pos_weight":"3.29980278"}}},"version":[2,1,0]}