{"learner":{"attributes":{"scikit_learn":"{\"_estimator_type\": \"classifier\"}"},"feature_names":["bias_week","bias_month","bias_quarter","bias_year","rsi","macd","macd_signal","vol_change","close_change","bb_width","return_5d","return_10d","k_upper","k_lower","k_body","buy_power","rs_5d","rs_10d","dist_to_20d_high","dist_to_20d_low","kd_k","kd_d","kd_cross","gap_ratio","obv","atr_ratio","trend_strength"],"feature_types":["float","float","float","float","float","float","float","float","float","float","float","float","float","float","float","float","float","float","float","float","float","float","float","float","float","float","float"],"gradient_booster":{"model":{"gbtree_model_param":{"num_parallel_tree":"1","num_trees":"15"},"iteration_indptr":[0,1,2,3,4,5,6,7,8,9,10,11,12,13,14,15],"tree_info":[0,0,0,0,0,0,0,0,0,0,0,0,0,0,0],"trees":[{"base_weights":[-3.1680997E-2,-5.8837396E-1,2.0551158E-1,-9.455073E-1,1.6442831E-1,6.207732E-1,-2.2747424E-1,-2.5125869E-2,-1.3031429E-1,5.196161E-2,-1.1511076E-1,-1.8113416E-2,8.703679E-2,1.5703534E-1,-5.5119146E-2],"categories":[],"categories_nodes":[],"categories_segments":[],"categories_sizes":[],"default_left":[0,0,0,0,0,0,0,0,0,0,0,0,0,0,0],"id":0,"left_children":[1,3,5,7,9,11,13,-1,-1,-1,-1,-1,-1,-1,-1],"loss_changes":[6.423546E1,4.1206234E1,6.1024445E1,2.2003288E1,2.0871693E1,3.7425247E1,9.432412E1,0E0,0E0,0E0,0E0,0E0,0E0,0E0,0E0],"parents":[2147483647,0,0,1,1,2,2,3,3,4,4,5,5,6,6],"right_children":[2,4,6,8,10,12,14,-1,-1,-1,-1,-1,-1,-1,-1],"split_conditions":[-2.2727339E-2,6.2412724E-2,4.2218737E-2,-1.6455994E0,4.6084586E-1,-5.2121572E-2,-1.4147164E-1,-2.5125869E-2,-1.3031429E-1,5.196161E-2,-1.1511076E-1,-1.8113416E-2,8.703679E-2,1.5703534E-1,-5.5119146E-2],"split_indices":[10,25,25,6,3,3,3,0,0,0,0,0,0,0,0],"split_type":[0,0,0,0,0,0,0,0,0,0,0,0,0,0,0],"sum_hessian":[4.7828284E2,1.453569E2,3.3292593E2,1.0046826E2,4.488864E1,1.7240813E2,1.6051782E2,3.7512806E1,6.2955456E1,3.705902E1,7.8296213E0,3.967205E1,1.3273608E2,2.3070156E1,1.3744766E2],"tree_param":{"num_deleted":"0","num_feature":"27","num_nodes":"15","size_leaf_vector":"1"}},{"base_weights":[-4.1235432E-2,-1.0921054E-1,1.468332E-1,1.2452144E-1,-7.8029597E-1,-2.9426383E-2,4.740254E-2,-1.3982186E-1,-3.920868E-2],"categories":[],"categories_nodes":[],"categories_segments":[],"categories_sizes":[],"default_left":[0,0,0,0,0,0,0,0,0],"id":1,"left_children":[1,3,-1,5,7,-1,-1,-1,-1],"loss_changes":[4.6740433E1,7.405508E1,0E0,5.1278656E1,2.5007088E1,0E0,0E0,0E0,0E0],"parents":[2147483647,0,0,1,1,3,3,4,4],"right_children":[2,4,-1,6,8,-1,-1,-1,-1],"split_conditions":[4.7878265E-1,1.3591594E0,1.468332E-1,-1.7591964E-2,4.7834587E1,-2.9426383E-2,4.740254E-2,-1.3982186E-1,-3.920868E-2],"split_indices":[24,6,0,1,21,0,0,0,0],"split_type":[0,0,0,0,0,0,0,0,0],"sum_hessian":[4.7963293E2,4.6130472E2,1.8328222E1,3.4017004E2,1.21134674E2,1.5234065E2,1.878294E2,4.289343E1,7.824124E1],"tree_param":{"num_deleted":"0","num_feature":"27","num_nodes":"9","size_leaf_vector":"1"}},{"base_weights":[-4.9842846E-2,-6.295763E-1,1.1090922E-1,8.015998E-1,-7.8198785E-1,7.283247E-1,-3.054795E-2,-0E0,1.2970354E-1,-1.0418191E-1,8.8414475E-3,-1.1014908E-1,9.863459E-2,-5.976037E-2,1.794665E-2],"categories":[],"categories_nodes":[],"categories_segments":[],"categories_sizes":[],"default_left":[0,0,0,0,0,0,0,0,0,0,0,0,0,0,0],"id":2,"left_children":[1,3,5,7,9,11,13,-1,-1,-1,-1,-1,-1,-1,-1],"loss_changes":[4.5548096E1,2.3707863E1,3.3907787E1,4.0359955E0,2.5153557E1,3.58904E1,3.718916E1,0E0,0E0,0E0,0E0,0E0,0E0,0E0,0E0],"parents":[2147483647,0,0,1,1,2,2,3,3,4,4,5,5,6,6],"right_children":[2,4,6,8,10,12,14,-1,-1,-1,-1,-1,-1,-1,-1],"split_conditions":[-1.9729333E-2,-2.5443828E-1,3.0257124E-2,-3.7004653E-2,2.8571447E-2,-7.5271055E-2,5.620919E-2,-0E0,1.2970354E-1,-1.0418191E-1,8.8414475E-3,-1.1014908E-1,9.863459E-2,-5.976037E-2,1.794665E-2],"split_indices":[24,3,25,0,11,3,19,0,0,0,0,0,0,0,0],"split_type":[0,0,0,0,0,0,0,0,0,0,0,0,0,0,0],"sum_hessian":[4.746922E2,1.0554952E2,3.691427E2,8.381311E0,9.716821E1,7.1113655E1,2.9802902E2,3.4085016E0,4.9728103E0,7.61354E1,2.1032814E1,7.569676E0,6.3543976E1,8.290053E1,2.1512851E2],"tree_param":{"num_deleted":"0","num_feature":"27","num_nodes":"15","size_leaf_vector":"1"}},{"base_weights":[5.8297317E-2,8.673052E-1,-6.4814605E-2,1.9973502E-1,1.4738199E0,2.530667E-1,-4.283441E-1,-4.6699412E-2,1.4201978E-1,-0E0,1.6664273E-1,-5.8381476E-2,4.259621E-2,-6.500229E-2,1.3115096E-1],"categories":[],"categories_nodes":[],"categories_segments":[],"categories_sizes":[],"default_left":[0,0,0,0,0,0,0,0,0,0,0,0,0,0,0],"id":3,"left_children":[1,3,5,7,9,11,13,-1,-1,-1,-1,-1,-1,-1,-1],"loss_changes":[4.8663364E1,2.21078E1,4.743556E1,3.0413773E1,8.095665E0,3.1612E1,7.5964935E1,0E0,0E0,0E0,0E0,0E0,0E0,0E0,0E0],"parents":[2147483647,0,0,1,1,2,2,3,3,4,4,5,5,6,6],"right_children":[2,4,6,8,10,12,14,-1,-1,-1,-1,-1,-1,-1,-1],"split_conditions":[-1.6865431E-1,1.3811535E-1,4.5667868E-2,4.123011E-3,1.2567248E1,-6.2414963E-2,3.621466E-1,-4.6699412E-2,1.4201978E-1,-0E0,1.6664273E-1,-5.8381476E-2,4.259621E-2,-6.500229E-2,1.3115096E-1],"split_indices":[3,9,25,24,20,3,24,0,0,0,0,0,0,0,0],"split_type":[0,0,0,0,0,0,0,0,0,0,0,0,0,0,0],"sum_hessian":[4.6908084E2,6.3685028E1,4.053958E2,3.2631886E1,3.1053143E1,2.1310803E2,1.922878E2,2.0290953E1,1.2340932E1,4.4803405E0,2.6572803E1,3.4351852E1,1.7875618E2,1.718387E2,2.0449093E1],"tree_param":{"num_deleted":"0","num_feature":"27","num_nodes":"15","size_leaf_vector":"1"}},{"base_weights":[-4.8398476E-2,1.0661745E0,-1.2349017E-1,-0E0,1.3254438E-1,-0E0,-1.1885678E0,-4.188337E-2,9.279434E-2,3.8028847E-2,-2.0448444E-2,2.1298202E-2,-1.3976927E-1],"categories":[],"categories_nodes":[],"categories_segments":[],"categories_sizes":[],"default_left":[0,0,0,0,0,0,0,0,0,0,0,0,0],"id":4,"left_children":[1,3,5,7,-1,9,11,-1,-1,-1,-1,-1,-1],"loss_changes":[3.7667973E1,5.5620136E0,5.870458E1,4.4575024E0,0E0,3.1771809E1,1.7297157E1,0E0,0E0,0E0,0E0,0E0,0E0],"parents":[2147483647,0,0,1,1,2,2,3,3,5,5,6,6],"right_children":[2,4,6,8,-1,10,12,-1,-1,-1,-1,-1,-1],"split_conditions":[-1.9925097E-1,1.3333937E1,1.5265703E-1,3.377702E-1,1.3254438E-1,3.6554802E-2,-2.2858438E-1,-4.188337E-2,9.279434E-2,3.8028847E-2,-2.0448444E-2,2.1298202E-2,-1.3976927E-1],"split_indices":[2,21,18,26,0,25,3,0,0,0,0,0,0],"split_type":[0,0,0,0,0,0,0,0,0,0,0,0,0],"sum_hessian":[4.732353E2,2.7257034E1,4.4597827E2,7.099371E0,2.0157663E1,4.004621E2,4.551616E1,3.8220742E0,3.2772968E0,1.3967957E2,2.6078253E2,4.792875E0,4.072328E1],"tree_param":{"num_deleted":"0","num_feature":"27","num_nodes":"13","size_leaf_vector":"1"}},{"base_weights":[-0E0,4.6295318E-1,-1.5893728E-1,7.679382E-1,-0E0,7.853641E-1,-2.4011384E-1,9.667328E-2,-1.4227471E-2,-5.1391136E-2,7.765529E-2,1.0224804E-1,-1.5516711E-2,5.005207E-2,-3.5311002E-2],"categories":[],"categories_nodes":[],"categories_segments":[],"categories_sizes":[],"default_left":[0,0,0,0,0,0,0,0,0,0,0,0,0,0,0],"id":5,"left_children":[1,3,5,7,9,11,13,-1,-1,-1,-1,-1,-1,-1,-1],"loss_changes":[3.560033E1,1.6440935E1,2.5742329E1,1.57885475E1,2.2043722E1,8.046186E0,2.7848309E1,0E0,0E0,0E0,0E0,0E0,0E0,0E0,0E0],"parents":[2147483647,0,0,1,1,2,2,3,3,4,4,5,5,6,6],"right_children":[2,4,6,8,10,12,14,-1,-1,-1,-1,-1,-1,-1,-1],"split_conditions":[2.4038462E-2,4.672181E-2,-2.2858438E-1,6.980325E1,6.402608E-2,-2.5395525E0,2.5279144E-2,9.667328E-2,-1.4227471E-2,-5.1391136E-2,7.765529E-2,1.0224804E-1,-1.5516711E-2,5.005207E-2,-3.5311002E-2],"split_indices":[18,25,3,21,25,5,25,0,0,0,0,0,0,0,0],"split_type":[0,0,0,0,0,0,0,0,0,0,0,0,0,0,0],"sum_hessian":[4.7289264E2,1.24020676E2,3.4887198E2,7.240267E1,5.1618004E1,2.482586E1,3.240461E2,6.0990982E1,1.1411687E1,3.0044315E1,2.1573689E1,2.152926E1,3.2965977E0,4.0614033E1,2.834321E2],"tree_param":{"num_deleted":"0","num_feature":"27","num_nodes":"15","size_leaf_vector":"1"}},{"base_weights":[5.7157755E-2,-2.2162251E-2,9.542835E-1,9.8429136E-2,-7.1060866E-1,1.2597686E-1,-0E0,-1.1898153E-2,4.876605E-2,-1.3639122E-1,-0E0],"categories":[],"categories_nodes":[],