{"learner":{"attributes":{"scikit_learn":"{\"_estimator_type\": \"classifier\"}"},"feature_names":["bias_week","bias_month","bias_quarter","bias_year","rsi","macd","macd_signal","vol_change","close_change","bb_width","return_5d","k_upper","k_lower","k_body","buy_power","rs_5d"],"feature_types":["float","float","float","float","float","float","float","float","float","float","float","float","float","float","float","float"],"gradient_booster":{"model":{"cats":{"enc":[],"feature_segments":[],"sorted_idx":[]},"gbtree_model_param":{"num_parallel_tree":"1","num_trees":"19"},"iteration_indptr":[0,1,2,3,4,5,6,7,8,9,10,11,12,13,14,15,16,17,18,19],"tree_info":[0,0,0,0,0,0,0,0,0,0,0,0,0,0,0,0,0,0,0],"trees":[{"base_weights":[1.6687777E-2,1.004468E-1,-8.376381E-2,-2.5782213E-1,8.008915E-2,1.8496662E-2,-3.4960262E-2],"categories":[],"categories_nodes":[],"categories_segments":[],"categories_sizes":[],"default_left":[0,0,0,0,0,0,0],"id":0,"left_children":[1,-1,3,5,-1,-1,-1],"loss_changes":[1.3571119E1,0E0,1.4624699E1,4.0631742E0,0E0,0E0,0E0],"parents":[2147483647,0,0,2,2,3,3],"right_children":[2,-1,4,6,-1,-1,-1],"split_conditions":[-3.0731788E0,1.004468E-1,3.3464382E0,-2.4154559E-2,8.008915E-2,1.8496662E-2,-3.4960262E-2],"split_indices":[6,0,5,8,0,0,0],"split_type":[0,0,0,0,0,0,0],"sum_hessian":[1.1458398E2,1.2490363E1,1.0209361E2,8.757352E1,1.4520099E1,1.1176487E1,7.6397026E1],"tree_param":{"num_deleted":"0","num_feature":"16","num_nodes":"7","size_leaf_vector":"1"}},{"base_weights":[2.1583542E-2,-4.969701E-2,4.297004E-1,2.1574724E-2,9.250664E-2],"categories":[],"categories_nodes":[],"categories_segments":[],"categories_sizes":[],"default_left":[0,0,0,0,0],"id":1,"left_children":[1,-1,3,-1,-1],"loss_changes":[2.3934164E1,0E0,4.4188423E0,0E0,0E0],"parents":[2147483647,0,0,2,2],"right_children":[2,-1,4,-1,-1],"split_conditions":[7.305955E-2,-4.969701E-2,1.6978712E-1,2.1574724E-2,9.250664E-2],"split_indices":[9,0,9,0,0],"split_type":[0,0,0,0,0],"sum_hessian":[1.128237E2,4.7044743E1,6.577896E1,4.948817E1,1.6290789E1],"tree_param":{"num_deleted":"0","num_feature":"16","num_nodes":"5","size_leaf_vector":"1"}},{"base_weights":[2.0388768E-3,7.966905E-2,-1.24156214E-1,-2.2630076E-1,4.1497786E-2,1.2617707E-2,-3.4391586E-2],"categories":[],"categories_nodes":[],"categories_segments":[],"categories_sizes":[],"default_left":[0,0,0,0,0,0,0],"id":2,"left_children":[1,-1,3,5,-1,-1,-1],"loss_changes":[1.2698166E1,0E0,4.727949E0,3.9800715E0,0E0,0E0,0E0],"parents":[2147483647,0,0,2,2,3,3],"right_children":[2,-1,4,6,-1,-1,-1],"split_conditions":[-2.6586583E0,7.966905E-2,4.364058E0,-4.2427048E-2,4.1497786E-2,1.2617707E-2,-3.4391586E-2],"split_indices":[6,0,6,1,0,0,0],"split_type":[0,0,0,0,0,0,0],"sum_hessian":[1.1031355E2,1.738735E1,9.29262E1,8.173711E1,1.1189098E1,1.600642E1,6.573068E1],"tree_param":{"num_deleted":"0","num_feature":"16","num_nodes":"7","size_leaf_vector":"1"}},{"base_weights":[-2.772909E-2,5.9812214E-2,-2.2438893E-1,-4.254024E-2,1.1406114E-2],"categories":[],"categories_nodes":[],"categories_segments":[],"categories_sizes":[],"default_left":[0,0,0,0,0],"id":3,"left_children":[1,-1,3,-1,-1],"loss_changes":[1.3692845E1,0E0,7.1029596E0,0E0,0E0],"parents":[2147483647,0,0,2,2],"right_children":[2,-1,4,-1,-1],"split_conditions":[-4.2427048E-2,5.9812214E-2,3.2388665E-2,-4.254024E-2,1.1406114E-2],"split_indices":[1,0,1,0,0],"split_type":[0,0,0,0,0],"sum_hessian":[1.1711914E2,2.507629E1,9.2042854E1,6.1572712E1,3.047014E1],"tree_param":{"num_deleted":"0","num_feature":"16","num_nodes":"5","size_leaf_vector":"1"}},{"base_weights":[-3.9815053E-2,-2.021074E-1,8.061074E-2,-4.790183E-2,-0E0],"categories":[],"categories_nodes":[],"categories_segments":[],"categories_sizes":[],"default_left":[0,0,0,0,0],"id":4,"left_children":[1,3,-1,-1,-1],"loss_changes":[1.4751071E1,6.451983E0,0E0,0E0,0E0],"parents":[2147483647,0,0,1,1],"right_children":[2,4,-1,-1,-1],"split_conditions":[1.6978712E-1,7.011774E-2,8.061074E-2,-4.790183E-2,-0E0],"split_indices":[9,9,0,0,0],"split_type":[0,0,0,0,0],"sum_hessian":[1.1640645E2,1.0006028E2,1.6346172E1,4.5134468E1,5.4925808E1],"tree_param":{"num_deleted":"0","num_feature":"16","num_nodes":"5","size_leaf_vector":"1"}},{"base_weights":[-0E0,-4.5850936E-2,3.3045048E-1,7.252058E-2,2.8642707E-3],"categories":[],"categories_nodes":[],"categories_segments":[],"categories_sizes":[],"default_left":[0,0,0,0,0],"id":5,"left_children":[1,-1,3,-1,-1],"loss_changes":[1.7530088E1,0E0,6.6782374E0,0E0,0E0],"parents":[2147483647,0,0,2,2],"right_children":[2,-1,4,-1,-1],"split_conditions":[6.950547E-2,-4.5850936E-2,-4.921653E-3,7.252058E-2,2.8642707E-3],"split_indices":[9,0,0,0,0],"split_type":[0,0,0,0,0],"sum_hessian":[1.1586257E2,4.6468185E1,6.939439E1,2.6545567E1,4.2848816E1],"tree_param":{"num_deleted":"0","num_feature":"16","num_nodes":"5","size_leaf_vector":"1"}},{"base_weights":[-2.0146674E-2,6.866893E-2,-1.8174334E-1,-2.8948369E-2,2.9379774E-2],"categories":[],"categories_nodes":[],"categories_segments":[],"categories_sizes":[],"default_left":[0,0,0,0,0],"id":6,"left_children":[1,-1,3,-1,-1],"loss_changes":[1.2419981E1,0E0,5.187133E0,0E0,0E0],"parents":[2147483647,0,0,2,2],"right_children":[2,-1,4,-1,-1],"split_conditions":[-2.5595093E0,6.866893E-2,3.63137E0,-2.8948369E-2,2.9379774E-2],"split_indices":[6,0,6,0,0],"split_type":[0,0,0,0,0],"sum_hessian":[1.1772433E2,1.914026E1,9.858406E1,8.398738E1,1.4596682E1],"tree_param":{"num_deleted":"0","num_feature":"16","num_nodes":"5","size_leaf_vector":"1"}},{"base_weights":[-3.239296E-2,6.0940746E-2,-1.22709356E-1,-3.3977085E-1,1.964707E-2,-0E0,-4.8098296E-2],"categories":[],"categories_nodes":[],"categories_segments":[],"categories_sizes":[],"default_left":[0,0,0,0,0,0,0],"id":7,"left_children":[1,-1,3,5,-1,-1,-1],"loss_changes":[5.743892E0,0E0,7.7032814E0,3.8886218E0,0E0,0E0,0E0],"parents":[2147483647,0,0,2,2,3,3],"right_children":[2,-1,4,6,-1,-1,-1],"split_conditions":[-3.2380395E0,6.0940746E-2,-9.3064277E-4,-3.6723234E-2,1.964707E-2,-0E0,-4.8098296E-2],"split_indices":[6,0,15,10,0,0,0],"split_type":[0,0,0,0,0,0,0],"sum_hessian":[1.1713631E2,1.1239697E1,1.0589661E2,6.734686E1,3.854975E1,1.7774113E1,4.9572746E1],"tree_param":{"num_deleted":"0","num_feature":"16","num_nodes":"7","size_leaf_vector":"1"}},{"base_weights":[1.0054794E-2,-4.4306247E-3,4.647125E-2],"categories":[],"categories_nodes":[],"categories_segments":[],"categories_sizes":[],"default_left":[0,0,0],"id":8,"left_children":[1,-1,-1],"loss_changes":[3.7277646E0,0E0,0E0],"parents":[2147483647,0,0],"right_children":[2,-1,-1],"split_conditions":[2.9868073E0,-4.4306247E-3,4.647125E-2],"split_indices":[5,0,0],"split_type":[0,0,0],"sum_hessian":[1.1038198E2,9.4280235E1,1.610175E1],"tree_param":{"num_deleted":"0","num_feature":"16","num_nodes":"3","size_leaf_vector":"1"}},{"base_weights":[-4.9870764E-3,6.063551E-2,-1.03516266E-1,-3.7744746E-1,1.6697478E-3,-0E0,-6.7393206E-2],"categories":[],"categories_nodes":[],"categories_segments":[],"categories_sizes":[],"default_left":[0,0,0,0,0,0,0],"id":9,"left_children":[1,-1,3,5,-1,-1,-1],"loss_changes":[5.7301745E0,0E0,4.135621E0,3.529655E0,0E0,0E0,0E0],"parents":[2147483647,0,0,2,2,3,3],"right_children":[2,-1,4,6,-1,-1,-1],"split_conditions":[-3.099568E0,6.063551E-2,-7.78895E-1,-3.2747854E-2,1.6697478E-3,-0E0,-6.7393206E-2],"split_indices":[6,0,5,1,0,0,0],"split_type":[0,0,0,0,0,0,0],"sum_hessian":[1.13068954E2,1.2376372E1,1.0069258E2,3.6402245E1,6.429034E1,1.7571993E1,1.8830252E1],"tree_param":{"num_deleted":"0","num_feature":"16","num_nodes":"7","size_leaf_vector":"1"}},{"base_weights":[4.761598E-3,-4.9244393E-2,5.3704735E-2,1.01399906E-1,-4.1468218E-2,-0E0,6.303282E-2],"categories":[],"categories_nodes":[],"categories_segments":[],"categories_sizes":[],"default_left":[0,0,0,0,0,0,0],"id":10,"left_children":[1,3,-1,5,-1,-1,-1],"loss_changes":[4.4359145E0,6.298972E0,0E0,3.9121017E0,0E0,0E0,0E0],"parents":[2147483647,0,0,1,1,3,3],"right_children":[2,4,-1,6,-1,-1,-1],