{"learner":{"attributes":{"scikit_learn":"{\"_estimator_type\": \"classifier\"}"},"feature_names":["bias_week","bias_month","bias_quarter","bias_year","rsi","macd","macd_signal","vol_change","close_change","bb_width","return_5d","k_upper","k_lower","k_body","buy_power","rs_5d"],"feature_types":["float","float","float","float","float","float","float","float","float","float","float","float","float","float","float","float"],"gradient_booster":{"model":{"cats":{"enc":[],"feature_segments":[],"sorted_idx":[]},"gbtree_model_param":{"num_parallel_tree":"1","num_trees":"16"},"iteration_indptr":[0,1,2,3,4,5,6,7,8,9,10,11,12,13,14,15,16],"tree_info":[0,0,0,0,0,0,0,0,0,0,0,0,0,0,0,0],"trees":[{"base_weights":[-1.2163938E-2,-7.679189E-2,8.173814E-2,5.661605E-2,-1.6602518E-1,7.067895E-3,-2.4601286E-2],"categories":[],"categories_nodes":[],"categories_segments":[],"categories_sizes":[],"default_left":[0,0,0,0,0,0,0],"id":0,"left_children":[1,3,-1,-1,5,-1,-1],"loss_changes":[2.0957012E1,2.1711391E1,0E0,0E0,7.1515265E0,0E0,0E0],"parents":[2147483647,0,0,1,1,4,4],"right_children":[2,4,-1,-1,6,-1,-1],"split_conditions":[3.6079564E0,-2.3042005E-1,8.173814E-2,5.661605E-2,-1.4601312E0,7.067895E-3,-2.4601286E-2],"split_indices":[5,3,0,0,6,0,0],"split_type":[0,0,0,0,0,0,0],"sum_hessian":[4.1882498E2,3.9134375E2,2.7481249E1,4.42875E1,3.4705624E2,8.205312E1,2.650031E2],"tree_param":{"num_deleted":"0","num_feature":"16","num_nodes":"7","size_leaf_vector":"1"}},{"base_weights":[-1.5044466E-2,-1.3049632E-1,4.2447588E-1,-6.918603E-2,-7.0442714E-2,2.1087651E-1,7.54756E-2,4.0553105E-3,-1.8247163E-2,8.0506526E-2,5.417637E-5],"categories":[],"categories_nodes":[],"categories_segments":[],"categories_sizes":[],"default_left":[0,0,0,0,0,0,0,0,0,0,0],"id":1,"left_children":[1,3,5,-1,7,9,-1,-1,-1,-1,-1],"loss_changes":[2.0638752E1,9.722275E0,3.779355E0,0E0,4.2143207E0,5.134886E0,0E0,0E0,0E0,0E0,0E0],"parents":[2147483647,0,0,1,1,2,2,4,4,5,5],"right_children":[2,4,6,-1,8,10,-1,-1,-1,-1,-1],"split_conditions":[1.0793403E-1,2.8772192E-2,1.6415066E-1,-6.918603E-2,-8.3372404E-4,-2.06949E-2,7.54756E-2,4.0553105E-3,-1.8247163E-2,8.0506526E-2,5.417637E-5],"split_indices":[9,9,9,0,0,0,0,0,0,0,0],"split_type":[0,0,0,0,0,0,0,0,0,0,0],"sum_hessian":[4.1962585E2,3.3643607E2,8.318977E1,2.8548859E1,3.078872E2,5.5056858E1,2.8132915E1,1.4543196E2,1.6245526E2,1.1441013E1,4.3615845E1],"tree_param":{"num_deleted":"0","num_feature":"16","num_nodes":"11","size_leaf_vector":"1"}},{"base_weights":[2.8340437E-2,-1.1436539E-2,9.547018E-2,2.8133044E-1,-1.3566138E-1,9.408495E-2,1.7020317E-2,3.1582367E-2,-2.3408944E-2],"categories":[],"categories_nodes":[],"categories_segments":[],"categories_sizes":[],"default_left":[0,0,0,0,0,0,0,0,0],"id":2,"left_children":[1,3,-1,5,7,-1,-1,-1,-1],"loss_changes":[1.7547264E1,1.40543E1,0E0,5.692466E0,1.2712353E1,0E0,0E0,0E0,0E0],"parents":[2147483647,0,0,1,1,3,3,4,4],"right_children":[2,4,-1,6,8,-1,-1,-1,-1],"split_conditions":[1.06484376E-1,-1.4153576E0,9.547018E-2,-5.8637886E0,-3.947349E-2,9.408495E-2,1.7020317E-2,3.1582367E-2,-2.3408944E-2],"split_indices":[1,6,0,6,10,0,0,0,0],"split_type":[0,0,0,0,0,0,0,0,0],"sum_hessian":[4.1447818E2,3.953073E2,1.9170874E1,1.1232893E2,2.8297836E2,1.2883631E1,9.9445305E1,4.7110725E1,2.3586763E2],"tree_param":{"num_deleted":"0","num_feature":"16","num_nodes":"9","size_leaf_vector":"1"}},{"base_weights":[-0E0,-3.6475457E-2,8.331815E-2,2.5814135E-2,-9.888543E-2,-1.3215175E-2,3.672084E-2],"categories":[],"categories_nodes":[],"categories_segments":[],"categories_sizes":[],"default_left":[0,0,0,0,0,0,0],"id":3,"left_children":[1,3,-1,-1,5,-1,-1],"loss_changes":[1.3619E1,7.0578E0,0E0,0E0,4.9027843E0,0E0,0E0],"parents":[2147483647,0,0,1,1,4,4],"right_children":[2,4,-1,-1,6,-1,-1],"split_conditions":[1.06484376E-1,-4.750013E-2,8.331815E-2,2.5814135E-2,3.724945E-2,-1.3215175E-2,3.672084E-2],"split_indices":[1,10,0,0,8,0,0],"split_type":[0,0,0,0,0,0,0],"sum_hessian":[4.1908295E2,4.006107E2,1.8472261E1,6.3301735E1,3.3730896E2,3.188344E2,1.8474539E1],"tree_param":{"num_deleted":"0","num_feature":"16","num_nodes":"7","size_leaf_vector":"1"}},{"base_weights":[-3.476101E-2,-6.76614E-1,5.4326918E-2,-0E0,-9.194743E-2,-3.63046E-2,3.826199E-1,1.863176E-3,-4.039949E-2,-0E0,6.062189E-2],"categories":[],"categories_nodes":[],"categories_segments":[],"categories_sizes":[],"default_left":[0,0,0,0,0,0,0,0,0,0,0],"id":4,"left_children":[1,3,5,-1,-1,7,9,-1,-1,-1,-1],"loss_changes":[2.5792088E1,7.916855E0,1.183479E1,0E0,0E0,6.7165904E0,6.839835E0,0E0,0E0,0E0,0E0],"parents":[2147483647,0,0,1,1,2,2,5,5,6,6],"right_children":[2,4,6,-1,-1,8,10,-1,-1,-1,-1],"split_conditions":[3.6683615E-2,-1.6817166E-1,1.0793403E-1,-0E0,-9.194743E-2,2.4490291E-1,-3.433653E-2,1.863176E-3,-4.039949E-2,-0E0,6.062189E-2],"split_indices":[9,6,9,0,0,4,15,0,0,0,0],"split_type":[0,0,0,0,0,0,0,0,0,0,0],"sum_hessian":[4.2639465E2,5.4991245E1,3.714034E2,1.6509092E1,3.848215E1,2.857254E2,8.567799E1,2.435535E2,4.217192E1,3.3823414E1,5.185458E1],"tree_param":{"num_deleted":"0","num_feature":"16","num_nodes":"11","size_leaf_vector":"1"}},{"base_weights":[-1.7165944E-2,-1.6071478E-1,2.9759568E-1,-3.4324676E-1,-2.705518E-2,1.546122E-1,7.706919E-2,1.9534534E-2,-5.47617E-2,4.5156088E-2,-2.483826E-2,-2.1820327E-2,2.7675087E-2],"categories":[],"categories_nodes":[],"categories_segments":[],"categories_sizes":[],"default_left":[0,0,0,0,0,0,0,0,0,0,0,0,0],"id":5,"left_children":[1,3,5,7,9,11,-1,-1,-1,-1,-1,-1,-1],"loss_changes":[1.8818775E1,6.377379E0,6.640442E0,1.4098832E1,1.8706032E1,4.892334E0,0E0,0E0,0E0,0E0,0E0,0E0,0E0],"parents":[2147483647,0,0,1,1,2,2,3,3,4,4,5,5],"right_children":[2,4,6,8,10,12,-1,-1,-1,-1,-1,-1,-1],"split_conditions":[8.837569E-2,-4.17638E-2,1.6415066E-1,-1.7762563E-1,1.4212216E-3,-3.9659362E0,7.706919E-2,1.9534534E-2,-5.47617E-2,4.5156088E-2,-2.483826E-2,-2.1820327E-2,2.7675087E-2],"split_indices":[9,3,9,3,2,5,0,0,0,0,0,0,0],"split_type":[0,0,0,0,0,0,0,0,0,0,0,0,0],"sum_hessian":[4.2316464E2,2.9556927E2,1.2759536E2,1.1776038E2,1.778089E2,1.0198027E2,2.5615095E1,2.9819195E1,8.7941185E1,5.305869E1,1.247502E2,2.0886827E1,8.109344E1],"tree_param":{"num_deleted":"0","num_feature":"16","num_nodes":"13","size_leaf_vector":"1"}},{"base_weights":[1.01959165E-2,4.8863897E-1,-2.9011216E-2,-0E0,8.535178E-2,-2.3313077E-1,8.730387E-2,-3.4552652E-2,4.8977196E-2,3.3426378E-2,-4.0092147E-3],"categories":[],"categories_nodes":[],"categories_segments":[],"categories_sizes":[],"default_left":[0,0,0,0,0,0,0,0,0,0,0],"id":6,"left_children":[1,3,5,-1,-1,7,9,-1,-1,-1,-1],"loss_changes":[8.765364E0,5.093707E0,9.2691E0,0E0,0E0,1.171793E1,8.094228E0,0E0,0E0,0E0,0E0],"parents":[2147483647,0,0,1,1,2,2,5,5,6,6],"right_children":[2,4,6,-1,-1,8,10,-1,-1,-1,-1],"split_conditions":[-2.5733724E-1,-3.6944366E0,-3.1942915E-2,-0E0,8.535178E-2,3.7685737E-2,2.631577E-1,-3.4552652E-2,4.8977196E-2,3.3426378E-2,-4.0092147E-3],"split_indices":[3,5,3,0,0,1,14,0,0,0,0],"split_type":[0,0,0,0,0,0,0,0,0,0,0],"sum_hessian":[4.118995E2,3.5485138E1,3.7641437E2,1.7212086E1,1.8273054E1,1.4364262E2,2.3277176E2,1.26706154E2,1.693647E1,8.4710594E1,1.4806116E2],"tree_param":{"num_deleted":"0","num_feature":"16","num_nodes":"11","size_leaf_vector":"1"}},{"base_weights":[-0E0,-3.9678585E-2,6.2787965E-2,-9.006742E-2,3.7259647E-1,2.6135047E-3,-2.6609164E-2,8.988664E-2,6.440145E-3],"categories":[],"categories_nodes":[],"categories_segments":[],"categories_sizes":[],"default_left":[0,0,0,0,0,0,0,0,0],"id":7,"left_children":[1,3,-1,5,7,-1,-1,-1,-1],"loss_changes":[1.1133789E1,7.6511173E0,0E0,8.019737E0,4.1391096E0,0E0,0E0,0E0,0E0],"parents":[2147483647,0,0,1,1,3,3,4,4],"right_children":[2,4,-1,6,8,-1,-1,-1,-1],"split_conditions":[3.724945E-2,2.7421784E0,6.2787965E-2,7.3793023E-3,-1.8518686E-2,2.6135047E-3,-2.6609164E-2,8.988664E-2,6.440145E-3],"split_indices":[8,6,0,2,10,0,0,0,0],"split_type":[0,0,0,0,0,0,0,0,0],"sum_hessian":[4.2490546E2,3.9875916E2,2.6146307E1,3.6025732E2,3.850183E1,2.1027806E2,1.4997925E2,1.13469095E1,2.7154922E1],