{"learner":{"attributes":{"scikit_learn":"{\"_estimator_type\": \"classifier\"}"},"feature_names":["bias_week","bias_month","bias_quarter","bias_year","rsi","macd","macd_signal","vol_change","close_change","bb_width","return_5d","k_upper","k_lower","k_body","buy_power","rs_5d"],"feature_types":["float","float","float","float","float","float","float","float","float","float","float","float","float","float","float","float"],"gradient_booster":{"model":{"cats":{"enc":[],"feature_segments":[],"sorted_idx":[]},"gbtree_model_param":{"num_parallel_tree":"1","num_trees":"13"},"iteration_indptr":[0,1,2,3,4,5,6,7,8,9,10,11,12,13],"tree_info":[0,0,0,0,0,0,0,0,0,0,0,0,0],"trees":[{"base_weights":[-1.2423579E-2,-7.929258E-2,8.752241E-2,6.4679064E-2,-1.5876976E-1,1.391105E-2,-2.5914578E-2],"categories":[],"categories_nodes":[],"categories_segments":[],"categories_sizes":[],"default_left":[0,0,0,0,0,0,0],"id":0,"left_children":[1,3,-1,-1,5,-1,-1],"loss_changes":[2.4383755E1,2.2708902E1,0E0,0E0,1.168472E1,0E0,0E0],"parents":[2147483647,0,0,1,1,4,4],"right_children":[2,4,-1,-1,6,-1,-1],"split_conditions":[3.6001563E0,-2.57371E-1,8.752241E-2,6.4679064E-2,-1.4566791E0,1.391105E-2,-2.5914578E-2],"split_indices":[5,3,0,0,6,0,0],"split_type":[0,0,0,0,0,0,0],"sum_hessian":[4.3765366E2,4.0962936E2,2.8024277E1,3.731865E1,3.7231073E2,8.9401184E1,2.8290955E2],"tree_param":{"num_deleted":"0","num_feature":"16","num_nodes":"7","size_leaf_vector":"1"}},{"base_weights":[-1.1546097E-2,-1.3648158E-1,4.7431892E-1,-7.2206356E-2,-7.801693E-2,2.521817E-1,8.604213E-2,4.1490444E-3,-1.9624967E-2,8.803732E-2,3.4713373E-3],"categories":[],"categories_nodes":[],"categories_segments":[],"categories_sizes":[],"default_left":[0,0,0,0,0,0,0,0,0,0,0],"id":1,"left_children":[1,3,5,-1,7,9,-1,-1,-1,-1,-1],"loss_changes":[2.5909815E1,1.0390915E1,4.9835052E0,0E0,5.0187044E0,6.0361414E0,0E0,0E0,0E0,0E0,0E0],"parents":[2147483647,0,0,1,1,2,2,4,4,5,5],"right_children":[2,4,6,-1,8,10,-1,-1,-1,-1,-1],"split_conditions":[1.083321E-1,2.8295351E-2,1.6773674E-1,-7.2206356E-2,-1.0298555E-3,-2.0694768E-2,8.604213E-2,4.1490444E-3,-1.9624967E-2,8.803732E-2,3.4713373E-3],"split_indices":[9,9,9,0,0,0,0,0,0,0,0],"split_type":[0,0,0,0,0,0,0,0,0,0,0],"sum_hessian":[4.3922433E2,3.531193E2,8.610501E1,2.8218502E1,3.2490082E2,5.875951E1,2.7345505E1,1.5305057E2,1.7185025E2,1.2264419E1,4.649509E1],"tree_param":{"num_deleted":"0","num_feature":"16","num_nodes":"11","size_leaf_vector":"1"}},{"base_weights":[1.6352989E-2,-1.9828819E-2,9.255424E-2,3.022751E-1,-1.485797E-1,9.592493E-2,1.980939E-2,3.0948235E-2,-2.4937926E-2],"categories":[],"categories_nodes":[],"categories_segments":[],"categories_sizes":[],"default_left":[0,0,0,0,0,0,0,0,0],"id":2,"left_children":[1,3,-1,5,7,-1,-1,-1,-1],"loss_changes":[1.64628E1,1.6887266E1,0E0,5.105858E0,1.416366E1,0E0,0E0,0E0,0E0],"parents":[2147483647,0,0,1,1,3,3,4,4],"right_children":[2,4,-1,6,8,-1,-1,-1,-1],"split_conditions":[1.1012183E-1,-1.4566791E0,9.255424E-2,-6.041415E0,-3.9266966E-2,9.592493E-2,1.980939E-2,3.0948235E-2,-2.4937926E-2],"split_indices":[1,6,0,6,10,0,0,0,0],"split_type":[0,0,0,0,0,0,0,0,0],"sum_hessian":[4.3417783E2,4.153981E2,1.8779716E1,1.1359501E2,3.018031E2,1.2161127E1,1.0143388E2,5.1046135E1,2.5075696E2],"tree_param":{"num_deleted":"0","num_feature":"16","num_nodes":"9","size_leaf_vector":"1"}},{"base_weights":[8.542394E-3,-2.2311777E-2,7.782553E-2,1.1492774E-1,-1.4598885E-1,3.3006277E-3,4.6854388E-2,-2.5753481E-2,7.756324E-3],"categories":[],"categories_nodes":[],"categories_segments":[],"categories_sizes":[],"default_left":[0,0,0,0,0,0,0,0,0],"id":3,"left_children":[1,3,-1,5,7,-1,-1,-1,-1],"loss_changes":[1.2184439E1,7.160127E0,0E0,4.3853073E0,6.227072E0,0E0,0E0,0E0,0E0],"parents":[2147483647,0,0,1,1,3,3,4,4],"right_children":[2,4,-1,6,8,-1,-1,-1,-1],"split_conditions":[1.064777E-1,3.3332923E-1,7.782553E-2,2.9559625E-2,1.6509548E-2,3.3006277E-3,4.6854388E-2,-2.5753481E-2,7.756324E-3],"split_indices":[1,14,0,1,8,0,0,0,0],"split_type":[0,0,0,0,0,0,0,0,0],"sum_hessian":[4.3699634E2,4.1756387E2,1.9432457E1,1.8929137E2,2.282725E2,1.592909E2,3.0000475E1,1.5815645E2,7.011606E1],"tree_param":{"num_deleted":"0","num_feature":"16","num_nodes":"9","size_leaf_vector":"1"}},{"base_weights":[-2.8763918E-2,-1.9986905E-1,3.08634E-1,-6.484533E-1,-8.388007E-2,1.8225963E-1,6.305654E-2,-0E0,-9.36123E-2,4.8945607E-3,-2.7154518E-2,-2.1980919E-2,2.8919663E-2],"categories":[],"categories_nodes":[],"categories_segments":[],"categories_sizes":[],"default_left":[0,0,0,0,0,0,0,0,0,0,0,0,0],"id":4,"left_children":[1,3,5,7,9,11,-1,-1,-1,-1,-1,-1,-1],"loss_changes":[2.5396137E1,1.3908619E1,4.140254E0,1.1443666E1,6.6215935E0,5.002696E0,0E0,0E0,0E0,0E0,0E0,0E0,0E0],"parents":[2147483647,0,0,1,1,2,2,3,3,4,4,5,5],"right_children":[2,4,6,8,10,12,-1,-1,-1,-1,-1,-1,-1],"split_conditions":[8.676956E-2,3.660457E-2,1.5515603E-1,-1.7223586E-1,6.4180285E-2,-3.961032E0,6.305654E-2,-0E0,-9.36123E-2,4.8945607E-3,-2.7154518E-2,-2.1980919E-2,2.8919663E-2],"split_indices":[9,9,9,6,9,5,0,0,0,0,0,0,0],"split_type":[0,0,0,0,0,0,0,0,0,0,0,0,0],"sum_hessian":[4.4399472E2,2.9905054E2,1.4494418E2,5.7371815E1,2.4167873E2,1.0960369E2,3.534049E1,1.7472065E1,3.9899746E1,1.3507794E2,1.0660078E2,1.8929752E1,9.0673935E1],"tree_param":{"num_deleted":"0","num_feature":"16","num_nodes":"13","size_leaf_vector":"1"}},{"base_weights":[-1.3723886E-2,-1.23161875E-1,4.3111664E-1,3.2950383E-2,-1.8969966E-1,2.3418862E-1,7.9178184E-2,-4.5987375E-2,-3.2181286E-3,7.628134E-2,1.2286385E-3],"categories":[],"categories_nodes":[],"categories_segments":[],"categories_sizes":[],"default_left":[0,0,0,0,0,0,0,0,0,0,0],"id":5,"left_children":[1,3,5,-1,7,9,-1,-1,-1,-1,-1],"loss_changes":[2.0771524E1,1.0527821E1,3.656888E0,0E0,1.2519603E1,5.1317434E0,0E0,0E0,0E0,0E0,0E0],"parents":[2147483647,0,0,1,1,2,2,4,4,5,5],"right_children":[2,4,6,-1,8,10,-1,-1,-1,-1,-1],"split_conditions":[1.083321E-1,-1.7640068E-1,1.6773674E-1,3.2950383E-2,-3.9380908E-2,-1.7326793E-2,7.9178184E-2,-4.5987375E-2,-3.2181286E-3,7.628134E-2,1.2286385E-3],"split_indices":[9,3,9,0,3,0,0,0,0,0,0],"split_type":[0,0,0,0,0,0,0,0,0,0,0],"sum_hessian":[4.4077237E2,3.5785794E2,8.291442E1,4.1267494E1,3.1659045E2,5.80432E1,2.4871223E1,1.1019185E2,2.063986E2,1.3980078E1,4.406312E1],"tree_param":{"num_deleted":"0","num_feature":"16","num_nodes":"11","size_leaf_vector":"1"}},{"base_weights":[1.2645744E-2,4.9583086E-1,-2.5040125E-2,-0E0,8.9721754E-2,-2.2186023E-1,9.5043115E-2,-3.1939704E-2,4.2161692E-2,3.2819245E-2,-2.4020043E-3],"categories":[],"categories_nodes":[],"categories_segments":[],"categories_sizes":[],"default_left":[0,0,0,0,0,0,0,0,0,0,0],"id":6,"left_children":[1,3,5,-1,-1,7,9,-1,-1,-1,-1],"loss_changes":[8.896022E0,6.2442436E0,9.619089E0,0E0,0E0,9.92932E0,7.3888626E0,0E0,0E0,0E0,0E0],"parents":[2147483647,0,0,1,1,2,2,5,5,6,6],"right_children":[2,4,6,-1,-1,8,10,-1,-1,-1,-1],"split_conditions":[-2.57371E-1,-3.6944377E0,-3.1942807E-2,-0E0,8.9721754E-2,3.8045254E-2,2.6315826E-1,-3.1939704E-2,4.2161692E-2,3.2819245E-2,-2.4020043E-3],"split_indices":[3,5,3,0,0,1,14,0,0,0,0],"split_type":[0,0,0,0,0,0,0,0,0,0,0],"sum_hessian":[4.3012408E2,3.537999E1,3.947441E2,1.7168339E1,1.821165E1,1.5666835E2,2.3807576E2,1.3872343E2,1.7944908E1,8.6269356E1,1.518064E2],"tree_param":{"num_deleted":"0","num_feature":"16","num_nodes":"11","size_leaf_vector":"1"}},{"base_weights":[-0E0,-5.164351E-2,4.76356E-2,1.9670364E-1,-1.595297E-1,-0E0,4.3338448E-2,-2.0626556E-2,3.6472052E-2],"categories":[],"categories_nodes":[],"categories_segments":[],"categories_sizes":[],"default_left":[0,0,0,0,0,0,0,0,0],"id":7,"left_children":[1,3,-1,5,7,-1,-1,-1,-1],"loss_changes":[1.0678641E1,1.0704877E1,0E0,5.7748423E0,6.9694724E0,0E0,0E0,0E0,0E0],"parents":[2147483647,0,0,1,1,3,3,4,4],"right_children":[2,4,-1,6,8,-1,-1,-1,-1],"split_conditions":[2.837016E0,-1.476911E0,4.76356E-2,-2.476715E-2,7.2E-2,-0E0,4.3338448E-2,-2.0626556E-2,3.6472052E-2],"split_indices":[6,6,0,15,10,0,0,0,0],"split_type":[0,0,0,0,0,0,0,0,0],