{"learner":{"attributes":{"scikit_learn":"{\"_estimator_type\": \"classifier\"}"},"feature_names":["bias_week","bias_month","bias_quarter","bias_year","rsi","macd","macd_signal","vol_change","close_change","bb_width","return_5d","k_upper","k_lower","k_body","buy_power","rs_5d"],"feature_types":["float","float","float","float","float","float","float","float","float","float","float","float","float","float","float","float"],"gradient_booster":{"model":{"cats":{"enc":[],"feature_segments":[],"sorted_idx":[]},"gbtree_model_param":{"num_parallel_tree":"1","num_trees":"13"},"iteration_indptr":[0,1,2,3,4,5,6,7,8,9,10,11,12,13],"tree_info":[0,0,0,0,0,0,0,0,0,0,0,0,0],"trees":[{"base_weights":[-1.2957522E-2,-7.843197E-2,8.484515E-2,6.482392E-2,-1.5802164E-1,1.3921928E-2,-2.5816476E-2],"categories":[],"categories_nodes":[],"categories_segments":[],"categories_sizes":[],"default_left":[0,0,0,0,0,0,0],"id":0,"left_children":[1,3,-1,-1,5,-1,-1],"loss_changes":[2.3159716E1,2.2767044E1,0E0,0E0,1.1635056E1,0E0,0E0],"parents":[2147483647,0,0,1,1,4,4],"right_children":[2,4,-1,-1,6,-1,-1],"split_conditions":[3.6001565E0,-2.5737104E-1,8.484515E-2,6.482392E-2,-1.4584332E0,1.3921928E-2,-2.5816476E-2],"split_indices":[5,3,0,0,6,0,0],"split_type":[0,0,0,0,0,0,0],"sum_hessian":[4.3803433E2,4.09799E2,2.8235304E1,3.7359203E1,3.7243982E2,8.9406456E1,2.8303336E2],"tree_param":{"num_deleted":"0","num_feature":"16","num_nodes":"7","size_leaf_vector":"1"}},{"base_weights":[-1.1675857E-2,-1.3818939E-1,4.566736E-1,-7.208883E-2,-7.938633E-2,2.3808958E-1,8.628595E-2,3.6181645E-3,-1.9634647E-2,7.5014286E-2,4.884167E-3],"categories":[],"categories_nodes":[],"categories_segments":[],"categories_sizes":[],"default_left":[0,0,0,0,0,0,0,0,0,0,0],"id":1,"left_children":[1,3,5,-1,7,9,-1,-1,-1,-1,-1],"loss_changes":[2.5343767E1,1.0293258E1,5.5915527E0,0E0,4.7850046E0,4.284376E0,0E0,0E0,0E0,0E0,0E0],"parents":[2147483647,0,0,1,1,2,2,4,4,5,5],"right_children":[2,4,6,-1,8,10,-1,-1,-1,-1,-1],"split_conditions":[1.06867924E-1,2.8295323E-2,1.6773687E-1,-7.208883E-2,-8.057634E-4,-2.0669354E-2,8.628595E-2,3.6181645E-3,-1.9634647E-2,7.5014286E-2,4.884167E-3],"split_indices":[9,9,9,0,0,0,0,0,0,0,0],"split_type":[0,0,0,0,0,0,0,0,0,0,0],"sum_hessian":[4.3968164E2,3.5000476E2,8.967689E1,2.8231705E1,3.2177304E2,6.2296917E1,2.7379969E1,1.5313783E2,1.6863521E2,1.3390249E1,4.890667E1],"tree_param":{"num_deleted":"0","num_feature":"16","num_nodes":"11","size_leaf_vector":"1"}},{"base_weights":[1.7210033E-2,-2.1851553E-2,9.32063E-2,2.954477E-1,-1.536638E-1,9.6081525E-2,1.9313347E-2,2.9068626E-2,-2.5189996E-2],"categories":[],"categories_nodes":[],"categories_segments":[],"categories_sizes":[],"default_left":[0,0,0,0,0,0,0,0,0],"id":2,"left_children":[1,3,-1,5,7,-1,-1,-1,-1],"loss_changes":[1.7721745E1,1.7019194E1,0E0,5.274455E0,1.3260519E1,0E0,0E0,0E0,0E0],"parents":[2147483647,0,0,1,1,3,3,4,4],"right_children":[2,4,-1,6,8,-1,-1,-1,-1],"split_conditions":[1.06484376E-1,-1.4135147E0,9.32063E-2,-6.0414186E0,-3.9387435E-2,9.6081525E-2,1.9313347E-2,2.9068626E-2,-2.5189996E-2],"split_indices":[1,6,0,6,10,0,0,0,0],"split_type":[0,0,0,0,0,0,0,0,0],"sum_hessian":[4.3432306E2,4.1440515E2,1.9917908E1,1.1657779E2,2.9782736E2,1.2177575E1,1.0440021E2,5.044762E1,2.4737976E2],"tree_param":{"num_deleted":"0","num_feature":"16","num_nodes":"9","size_leaf_vector":"1"}},{"base_weights":[8.798589E-3,-2.3085885E-2,8.1106715E-2,1.1152997E-1,-1.44928E-1,3.1441217E-3,4.5243643E-2,-2.5656624E-2,7.867708E-3],"categories":[],"categories_nodes":[],"categories_segments":[],"categories_sizes":[],"default_left":[0,0,0,0,0,0,0,0,0],"id":3,"left_children":[1,3,-1,5,7,-1,-1,-1,-1],"loss_changes":[1.3078076E1,6.9392586E0,0E0,4.1266613E0,6.230822E0,0E0,0E0,0E0,0E0],"parents":[2147483647,0,0,1,1,3,3,4,4],"right_children":[2,4,-1,6,8,-1,-1,-1,-1],"split_conditions":[1.06484376E-1,3.333309E-1,8.1106715E-2,2.9505964E-2,1.650988E-2,3.1441217E-3,4.5243643E-2,-2.5656624E-2,7.867708E-3],"split_indices":[1,14,0,1,8,0,0,0,0],"split_type":[0,0,0,0,0,0,0,0,0],"sum_hessian":[4.375347E2,4.183317E2,1.9203014E1,1.8995987E2,2.2837183E2,1.596065E2,3.0353363E1,1.5819592E2,7.01759E1],"tree_param":{"num_deleted":"0","num_feature":"16","num_nodes":"9","size_leaf_vector":"1"}},{"base_weights":[-2.9529447E-2,-6.471473E-1,5.6371093E-2,-0E0,-9.347278E-2,-4.4313837E-2,4.1938597E-1,1.9198269E-2,-1.2607428E-2,4.1600345E-3,6.135287E-2],"categories":[],"categories_nodes":[],"categories_segments":[],"categories_sizes":[],"default_left":[0,0,0,0,0,0,0,0,0,0,0],"id":4,"left_children":[1,3,5,-1,-1,7,9,-1,-1,-1,-1],"loss_changes":[2.4914183E1,1.1435507E1,1.4993569E1,0E0,0E0,5.7233667E0,5.1903677E0,0E0,0E0,0E0,0E0],"parents":[2147483647,0,0,1,1,2,2,5,5,6,6],"right_children":[2,4,6,-1,-1,8,10,-1,-1,-1,-1],"split_conditions":[3.660453E-2,-1.7872691E-1,1.08316034E-1,-0E0,-9.347278E-2,-1.5006684E0,-3.436392E-2,1.9198269E-2,-1.2607428E-2,4.1600345E-3,6.135287E-2],"split_indices":[9,6,9,0,0,6,15,0,0,0,0],"split_type":[0,0,0,0,0,0,0,0,0,0,0],"sum_hessian":[4.443667E2,5.740023E1,3.8696646E2,1.7486319E1,3.9913914E1,2.981345E2,8.883197E1,6.991287E1,2.2822163E2,3.4618343E1,5.4213627E1],"tree_param":{"num_deleted":"0","num_feature":"16","num_nodes":"11","size_leaf_vector":"1"}},{"base_weights":[-1.4044487E-2,-1.21618144E-1,4.2088634E-1,3.2068286E-2,-1.8683995E-1,2.1053347E-1,8.133564E-2,-4.625153E-2,-2.6451538E-3,7.041048E-2,-0E0],"categories":[],"categories_nodes":[],"categories_segments":[],"categories_sizes":[],"default_left":[0,0,0,0,0,0,0,0,0,0,0],"id":5,"left_children":[1,3,5,-1,7,9,-1,-1,-1,-1,-1],"loss_changes":[1.9970802E1,1.008248E1,4.6590157E0,0E0,1.3057731E1,4.590662E0,0E0,0E0,0E0,0E0,0E0],"parents":[2147483647,0,0,1,1,2,2,4,4,5,5],"right_children":[2,4,6,-1,8,10,-1,-1,-1,-1,-1],"split_conditions":[1.08316034E-1,-1.7644778E-1,1.6773687E-1,3.2068286E-2,-3.9383497E-2,-1.732671E-2,8.133564E-2,-4.625153E-2,-2.6451538E-3,7.041048E-2,-0E0],"split_indices":[9,3,9,0,3,0,0,0,0,0,0],"split_type":[0,0,0,0,0,0,0,0,0,0,0],"sum_hessian":[4.4110175E2,3.5783603E2,8.326571E1,4.129336E1,3.1654266E2,5.830076E1,2.4964947E1,1.1015939E2,2.0638327E2,1.4170555E1,4.4130207E1],"tree_param":{"num_deleted":"0","num_feature":"16","num_nodes":"11","size_leaf_vector":"1"}},{"base_weights":[1.227609E-2,4.967524E-1,-2.5593467E-2,-0E0,8.9581005E-2,-2.2738934E-1,9.793966E-2,-3.2539867E-2,4.210545E-2,3.326423E-2,-2.2027057E-3],"categories":[],"categories_nodes":[],"categories_segments":[],"categories_sizes":[],"default_left":[0,0,0,0,0,0,0,0,0,0,0],"id":6,"left_children":[1,3,5,-1,-1,7,9,-1,-1,-1,-1],"loss_changes":[8.960905E0,6.1617804E0,1.0140676E1,0E0,0E0,1.008869E1,7.4985175E0,0E0,0E0,0E0,0E0],"parents":[2147483647,0,0,1,1,2,2,5,5,6,6],"right_children":[2,4,6,-1,-1,8,10,-1,-1,-1,-1],"split_conditions":[-2.5737104E-1,-3.6944366E0,-3.2021027E-2,-0E0,8.9581005E-2,3.798028E-2,2.6315826E-1,-3.2539867E-2,4.210545E-2,3.326423E-2,-2.2027057E-3],"split_indices":[3,5,3,0,0,1,14,0,0,0,0],"split_type":[0,0,0,0,0,0,0,0,0,0,0],"sum_hessian":[4.3038635E2,3.5450253E1,3.949361E2,1.722117E1,1.8229082E1,1.568692E2,2.380669E2,1.3891963E2,1.7949575E1,8.6258965E1,1.5180794E2],"tree_param":{"num_deleted":"0","num_feature":"16","num_nodes":"11","size_leaf_vector":"1"}},{"base_weights":[-0E0,-5.008627E-2,4.5618333E-2,1.8623854E-1,-1.5325737E-1,-0E0,4.0167395E-2,-1.9898435E-2,3.5891123E-2],"categories":[],"categories_nodes":[],"categories_segments":[],"categories_sizes":[],"default_left":[0,0,0,0,0,0,0,0,0],"id":7,"left_children":[1,3,-1,5,7,-1,-1,-1,-1],"loss_changes":[9.8573265E0,9.749416E0,0E0,4.7219577E0,6.6410904E0,0E0,0E0,0E0,0E0],"parents":[2147483647,0,0,1,1,3,3,4,4],"right_children":[2,4,-1,6,8,-1,-1,-1,-1],"split_conditions":[2.837016E0,-1.4769135E0,4.5618333E-2,-2.4294414E-2,7.2192445E-2,-0E0,4.0167395E-2,-1.9898435E-2,3.5891123E-2],"split_indices":[6,6,0,15,10,0,0,0,0],"split_type":[0,0,0,0,0,0,0,0,0],"sum_hessian":[4.4449982E2,4.0274362E2,4.175621E1,1.15731964E2,2.8701166E2,6.2509796E1,5.3222168E1,2.6690878E2,2.0102873E1],