{"learner":{"attributes":{"scikit_learn":"{\"_estimator_type\": \"classifier\"}"},"feature_names":["bias_week","bias_month","bias_quarter","bias_year","rsi","macd","macd_signal","vol_change","close_change","bb_width","return_5d","k_upper","k_lower","k_body","buy_power","rs_5d","obv","atr_ratio","trend_strength"],"feature_types":["float","float","float","float","float","float","float","float","float","float","float","float","float","float","float","float","float","float","float"],"gradient_booster":{"model":{"cats":{"enc":[],"feature_segments":[],"sorted_idx":[]},"gbtree_model_param":{"num_parallel_tree":"1","num_trees":"8"},"iteration_indptr":[0,1,2,3,4,5,6,7,8],"tree_info":[0,0,0,0,0,0,0,0],"trees":[{"base_weights":[-1.2817593E-2,-3.4480262E-1,3.4532663E-1,2.5553918E-1,-4.4177964E-1,1.9228692E-1,1.2505557E-1,6.764587E-2,-0E0,-7.553987E-2,-2.1953724E-2,-2.8117629E-2,2.840431E-2],"categories":[],"categories_nodes":[],"categories_segments":[],"categories_sizes":[],"default_left":[0,0,0,0,0,0,0,0,0,0,0,0,0],"id":0,"left_children":[1,3,5,7,9,11,-1,-1,-1,-1,-1,-1,-1],"loss_changes":[5.210261E1,1.3858776E1,2.5777523E1,4.6079526E0,1.1999821E1,8.066757E0,0E0,0E0,0E0,0E0,0E0,0E0,0E0],"parents":[2147483647,0,0,1,1,2,2,3,3,4,4,5,5],"right_children":[2,4,6,8,10,12,-1,-1,-1,-1,-1,-1,-1],"split_conditions":[5.0521962E-2,-1.7130269E0,1.5025058E-1,6.978483E-2,-3.178634E-2,-3.748872E0,1.2505557E-1,6.764587E-2,-0E0,-7.553987E-2,-2.1953724E-2,-2.8117629E-2,2.840431E-2],"split_indices":[17,6,18,18,3,6,0,0,0,0,0,0,0],"split_type":[0,0,0,0,0,0,0,0,0,0,0,0,0],"sum_hessian":[4.380648E2,2.3060306E2,2.0746173E2,2.8819452E1,2.017836E2,1.7993423E2,2.752749E1,1.3889549E1,1.4929903E1,7.810498E1,1.2367861E2,2.5717041E1,1.542172E2],"tree_param":{"num_deleted":"0","num_feature":"19","num_nodes":"13","size_leaf_vector":"1"}},{"base_weights":[-1.4470921E-2,-1.3447005E-1,4.5096952E-1,3.124375E-1,-2.0116137E-1,2.3762362E-1,8.201462E-2,-4.116414E-3,5.3932868E-2,-8.281162E-2,-1.3273586E-2,8.1782855E-2,3.050715E-3],"categories":[],"categories_nodes":[],"categories_segments":[],"categories_sizes":[],"default_left":[0,0,0,0,0,0,0,0,0,0,0,0,0],"id":1,"left_children":[1,3,5,7,9,11,-1,-1,-1,-1,-1,-1,-1],"loss_changes":[2.3841887E1,1.0286348E1,4.5012417E0,4.5326676E0,1.1120127E1,5.227524E0,0E0,0E0,0E0,0E0,0E0,0E0,0E0],"parents":[2147483647,0,0,1,1,2,2,3,3,4,4,5,5],"right_children":[2,4,6,8,10,12,-1,-1,-1,-1,-1,-1,-1],"split_conditions":[1.084045E-1,-1.785436E-1,1.6773675E-1,-6.474411E-5,2.8295252E-2,-2.0694768E-2,8.201462E-2,-4.116414E-3,5.3932868E-2,-8.281162E-2,-1.3273586E-2,8.1782855E-2,3.050715E-3],"split_indices":[9,3,9,16,9,0,0,0,0,0,0,0,0],"split_type":[0,0,0,0,0,0,0,0,0,0,0,0,0],"sum_hessian":[4.3948587E2,3.5329825E2,8.618761E1,4.144924E1,3.11849E2,5.8884113E1,2.7303495E1,1.2551868E1,2.8897373E1,2.6662823E1,2.851862E2,1.2446945E1,4.6437172E1],"tree_param":{"num_deleted":"0","num_feature":"19","num_nodes":"13","size_leaf_vector":"1"}},{"base_weights":[1.3983143E-2,-2.7866787E-1,2.533899E-1,4.5569018E-2,-3.405623E-1,1.6748373E-1,9.327881E-2,-8.1581354E-2,-1.7351631E-2,5.2858155E-2,7.4833664E-3],"categories":[],"categories_nodes":[],"categories_segments":[],"categories_sizes":[],"default_left":[0,0,0,0,0,0,0,0,0,0,0],"id":2,"left_children":[1,3,5,-1,7,9,-1,-1,-1,-1,-1],"loss_changes":[3.0369951E1,8.477278E0,1.1836056E1,0E0,1.2046677E1,5.9936876E0,0E0,0E0,0E0,0E0,0E0],"parents":[2147483647,0,0,1,1,2,2,4,4,5,5],"right_children":[2,4,6,-1,8,10,-1,-1,-1,-1,-1],"split_conditions":[4.622746E-2,-8.914856E-2,1.6773675E-1,4.5569018E-2,-2.3296978E-2,5.996293E-2,9.327881E-2,-8.1581354E-2,-1.7351631E-2,5.2858155E-2,7.4833664E-3],"split_indices":[17,2,9,0,15,9,0,0,0,0,0],"split_type":[0,0,0,0,0,0,0,0,0,0,0],"sum_hessian":[4.341256E2,1.9109776E2,2.4302786E2,1.1929116E1,1.7916864E2,2.1901662E2,2.4011248E1,4.2276455E1,1.368922E2,3.9069984E1,1.7994662E2],"tree_param":{"num_deleted":"0","num_feature":"19","num_nodes":"11","size_leaf_vector":"1"}},{"base_weights":[4.3002553E-3,-1.9240363E-1,1.6941881E-1,2.2731803E-2,-2.7532914E-1,3.8242295E-2,4.322406E-2,-6.0748737E-2,-5.7155914E-3,-5.657928E-3,3.746751E-2],"categories":[],"categories_nodes":[],"categories_segments":[],"categories_sizes":[],"default_left":[0,0,0,0,0,0,0,0,0,0,0],"id":3,"left_children":[1,3,5,-1,7,-1,9,-1,-1,-1,-1],"loss_changes":[1.41443405E1,6.8639913E0,5.6816645E0,0E0,1.0666152E1,0E0,6.110826E0,0E0,0E0,0E0,0E0],"parents":[2147483647,0,0,1,1,2,2,4,4,6,6],"right_children":[2,4,6,-1,8,-1,10,-1,-1,-1,-1],"split_conditions":[4.669317E-2,-1.5292819E0,8.333101E-2,2.2731803E-2,-3.9399978E-2,3.8242295E-2,8.0042265E-2,-6.0748737E-2,-5.7155914E-3,-5.657928E-3,3.746751E-2],"split_indices":[17,6,12,0,3,0,17,0,0,0,0],"split_type":[0,0,0,0,0,0,0,0,0,0,0],"sum_hessian":[4.3692502E2,1.9315497E2,2.4377005E2,2.7258907E1,1.6589607E2,8.322882E1,1.6054123E2,6.098454E1,1.0491153E2,1.18380356E2,4.2160873E1],"tree_param":{"num_deleted":"0","num_feature":"19","num_nodes":"11","size_leaf_vector":"1"}},{"base_weights":[-3.4781672E-2,-3.0658007E-1,1.6380496E-1,3.743923E-2,-3.7370643E-1,-5.039019E-4,3.4154287E-1,-6.1126217E-2,-2.0464307E-2,2.4064245E-2,-2.1823335E-2,5.4198056E-3,5.279561E-2],"categories":[],"categories_nodes":[],"categories_segments":[],"categories_sizes":[],"default_left":[0,0,0,0,0,0,0,0,0,0,0,0,0],"id":4,"left_children":[1,3,5,-1,7,9,11,-1,-1,-1,-1,-1,-1],"loss_changes":[2.4274508E1,8.82448E0,8.117601E0,0E0,5.362091E0,6.582247E0,5.647867E0,0E0,0E0,0E0,0E0,0E0,0E0],"parents":[2147483647,0,0,1,1,2,2,4,4,5,5,6,6],"right_children":[2,4,6,-1,8,10,12,-1,-1,-1,-1,-1,-1],"split_conditions":[4.5802128E-2,-8.358303E-2,8.676959E-2,3.743923E-2,-7.953398E-3,6.418039E-2,7.029699E-2,-6.1126217E-2,-2.0464307E-2,2.4064245E-2,-2.1823335E-2,5.4198056E-3,5.279561E-2],"split_indices":[17,2,9,0,1,9,17,0,0,0,0,0,0],"split_type":[0,0,0,0,0,0,0,0,0,0,0,0,0],"sum_hessian":[4.436178E2,1.9206108E2,2.5155672E2,1.4130524E1,1.7793056E2,1.2416568E2,1.2739104E2,6.708599E1,1.1084457E2,5.40381E1,7.012758E1,5.5620945E1,7.1770096E1],"tree_param":{"num_deleted":"0","num_feature":"19","num_nodes":"13","size_leaf_vector":"1"}},{"base_weights":[-1.9054648E-2,-1.8780439E-1,1.5625371E-1,3.0287331E-2,-2.4758052E-2,4.0407985E-2,4.3089803E-2,1.714023E-2,-1.7298019E-2],"categories":[],"categories_nodes":[],"categories_segments":[],"categories_sizes":[],"default_left":[0,0,0,0,0,0,0,0,0],"id":5,"left_children":[1,3,5,-1,-1,7,-1,-1,-1],"loss_changes":[1.310018E1,6.9155254E0,5.67695E0,0E0,0E0,4.368217E0,0E0,0E0,0E0],"parents":[2147483647,0,0,1,1,2,2,5,5],"right_children":[2,4,6,-1,-1,8,-1,-1,-1],"split_conditions":[5.0521962E-2,-8.358303E-2,2.4053698E-2,3.0287331E-2,-2.4758052E-2,-3.41678E-3,4.3089803E-2,1.714023E-2,-1.7298019E-2],"split_indices":[17,2,15,0,0,15,0,0,0],"split_type":[0,0,0,0,0,0,0,0,0],"sum_hessian":[4.4026474E2,2.308785E2,2.0938625E2,2.1605114E1,2.0927338E2,1.5360162E2,5.5784622E1,1.0153485E2,5.206677E1],"tree_param":{"num_deleted":"0","num_feature":"19","num_nodes":"9","size_leaf_vector":"1"}},{"base_weights":[7.821907E-3,-7.43396E-2,3.7720978E-1,-5.051896E-1,-3.2724787E-2,-0E0,6.0498226E-2,-0E0,-9.96307E-2,7.7466182E-3,-1.7263765E-2],"categories":[],"categories_nodes":[],"categories_segments":[],"categories_sizes":[],"default_left":[0,0,0,0,0,0,0,0,0,0,0],"id":6,"left_children":[1,3,5,7,9,-1,-1,-1,-1,-1,-1],"loss_changes":[1.3725936E1,5.0000753E0,7.5876894E0,4.9448633E0,5.2423983E0,0E0,0E0,0E0,0E0,0E0,0E0],"parents":[2147483647,0,0,1,1,2,2,3,3,4,4],"right_children":[2,4,6,8,10,-1,-1,-1,-1,-1,-1],"split_conditions":[1.084045E-1,2.8295252E-2,-3.433642E-2,3.4429035E-1,2.4796227E-5,-0E0,6.0498226E-2,-0E0,-9.96307E-2,7.7466182E-3,-1.7263765E-2],"split_indices":[9,9,15,6,16,0,0,0,0,0,0],"split_type":[0,0,0,0,0,0,0,0,0,0,0],"sum_hessian":[4.296144E2,3.4650217E2,8.311224E1,2.5671774E1,3.2083038E2,3.0963778E1,5.2148464E1,1.4332424E1,1.133935E1,1.7089186E2,1.499385E2],"tree_param":{"num_deleted":"0","num_feature":"19","num_nodes":"11",