{"learner":{"attributes":{"scikit_learn":"{\"_estimator_type\": \"classifier\"}"},"feature_names":["bias_week","bias_month","bias_quarter","bias_year","rsi","macd","macd_signal","vol_change","close_change","bb_width","return_5d","k_upper","k_lower","k_body","buy_power","rs_5d"],"feature_types":["float","float","float","float","float","float","float","float","float","float","float","float","float","float","float","float"],"gradient_booster":{"model":{"cats":{"enc":[],"feature_segments":[],"sorted_idx":[]},"gbtree_model_param":{"num_parallel_tree":"1","num_trees":"16"},"iteration_indptr":[0,1,2,3,4,5,6,7,8,9,10,11,12,13,14,15,16],"tree_info":[0,0,0,0,0,0,0,0,0,0,0,0,0,0,0,0],"trees":[{"base_weights":[-1.2864043E-2,-7.9147786E-2,8.471283E-2,5.67393E-2,-1.6866508E-1,7.20113E-3,-2.496262E-2],"categories":[],"categories_nodes":[],"categories_segments":[],"categories_sizes":[],"default_left":[0,0,0,0,0,0,0],"id":0,"left_children":[1,3,-1,-1,5,-1,-1],"loss_changes":[2.2375797E1,2.1970993E1,0E0,0E0,7.373291E0,0E0,0E0],"parents":[2147483647,0,0,1,1,4,4],"right_children":[2,4,-1,-1,6,-1,-1],"split_conditions":[3.6079562E0,-2.3042002E-1,8.471283E-2,5.67393E-2,-1.4601308E0,7.20113E-3,-2.496262E-2],"split_indices":[5,3,0,0,6,0,0],"split_type":[0,0,0,0,0,0,0],"sum_hessian":[4.196729E2,3.923431E2,2.7329782E1,4.43261E1,3.4801703E2,8.211036E1,2.6590668E2],"tree_param":{"num_deleted":"0","num_feature":"16","num_nodes":"7","size_leaf_vector":"1"}},{"base_weights":[-1.4512069E-2,-1.3220122E-1,4.3167908E-2,-5.2852824E-2,-4.524322E-2,8.72279E-3,-1.770802E-2],"categories":[],"categories_nodes":[],"categories_segments":[],"categories_sizes":[],"default_left":[0,0,0,0,0,0,0],"id":1,"left_children":[1,3,-1,-1,5,-1,-1],"loss_changes":[2.1564222E1,1.0439273E1,0E0,0E0,5.2053185E0,0E0,0E0],"parents":[2147483647,0,0,1,1,4,4],"right_children":[2,4,-1,-1,6,-1,-1],"split_conditions":[1.07918836E-1,3.6625043E-2,4.3167908E-2,-5.2852824E-2,-8.2056236E-4,8.72279E-3,-1.770802E-2],"split_indices":[9,9,0,0,0,0,0],"split_type":[0,0,0,0,0,0,0],"sum_hessian":[4.202188E2,3.3706906E2,8.314974E1,5.542359E1,2.8164548E2,1.3242224E2,1.4922324E2],"tree_param":{"num_deleted":"0","num_feature":"16","num_nodes":"7","size_leaf_vector":"1"}},{"base_weights":[2.5964167E-2,-5.905587E-3,1.1282643E-1,2.8582406E-1,-1.2769939E-1,9.565158E-2,1.7356776E-2,3.2105032E-2,-2.2347756E-2],"categories":[],"categories_nodes":[],"categories_segments":[],"categories_sizes":[],"default_left":[0,0,0,0,0,0,0,0,0],"id":2,"left_children":[1,3,-1,5,7,-1,-1,-1,-1],"loss_changes":[1.7262955E1,1.3925258E1,0E0,5.911871E0,1.2512747E1,0E0,0E0,0E0,0E0],"parents":[2147483647,0,0,1,1,3,3,4,4],"right_children":[2,4,-1,6,8,-1,-1,-1,-1],"split_conditions":[1.2460441E-1,-1.4153568E0,1.1282643E-1,-5.863793E0,-3.947361E-2,9.565158E-2,1.7356776E-2,3.2105032E-2,-2.2347756E-2],"split_indices":[1,6,0,6,10,0,0,0,0],"split_type":[0,0,0,0,0,0,0,0,0],"sum_hessian":[4.1526813E2,4.0179544E2,1.3472663E1,1.1285676E2,2.889387E2,1.2910714E1,9.9946045E1,4.7224884E1,2.417138E2],"tree_param":{"num_deleted":"0","num_feature":"16","num_nodes":"9","size_leaf_vector":"1"}},{"base_weights":[-0E0,-3.6514185E-2,8.170647E-2,1.4609702E-1,-1.3695417E-1,4.1402586E-2,1.1091799E-3,-2.054727E-2,1.4030284E-2],"categories":[],"categories_nodes":[],"categories_segments":[],"categories_sizes":[],"default_left":[0,0,0,0,0,0,0,0,0],"id":3,"left_children":[1,3,-1,5,7,-1,-1,-1,-1],"loss_changes":[1.3314321E1,7.3364797E0,0E0,3.9514952E0,5.361302E0,0E0,0E0,0E0,0E0],"parents":[2147483647,0,0,1,1,3,3,4,4],"right_children":[2,4,-1,6,8,-1,-1,-1,-1],"split_conditions":[1.064777E-1,-8.928635E-3,8.170647E-2,-5.952396E-2,2.4590285E-2,4.1402586E-2,1.1091799E-3,-2.054727E-2,1.4030284E-2],"split_indices":[1,0,0,10,0,0,0,0,0],"split_type":[0,0,0,0,0,0,0,0,0],"sum_hessian":[4.1971497E2,4.0095514E2,1.8759834E1,1.3430034E2,2.666548E2,3.9003872E1,9.529646E1,2.194537E2,4.720109E1],"tree_param":{"num_deleted":"0","num_feature":"16","num_nodes":"9","size_leaf_vector":"1"}},{"base_weights":[-3.6128614E-2,-6.7622536E-1,5.331932E-2,-0E0,-9.186926E-2,-3.131513E-4,5.9658043E-2,4.4755866E-3,-2.7419649E-2],"categories":[],"categories_nodes":[],"categories_segments":[],"categories_sizes":[],"default_left":[0,0,0,0,0,0,0,0,0],"id":4,"left_children":[1,3,5,-1,-1,7,-1,-1,-1],"loss_changes":[2.5875532E1,8.120171E0,1.2288132E1,0E0,0E0,4.7257977E0,0E0,0E0,0E0],"parents":[2147483647,0,0,1,1,2,2,5,5],"right_children":[2,4,6,-1,-1,8,-1,-1,-1],"split_conditions":[3.6625043E-2,-1.6886544E-1,1.5029015E-1,-0E0,-9.186926E-2,2.4481547E-1,5.9658043E-2,4.4755866E-3,-2.7419649E-2],"split_indices":[9,6,9,0,0,4,0,0,0],"split_type":[0,0,0,0,0,0,0,0,0],"sum_hessian":[4.272776E2,5.541523E1,3.7186237E2,1.6438065E1,3.8977165E1,3.3504077E2,3.6821594E1,2.807451E2,5.4295673E1],"tree_param":{"num_deleted":"0","num_feature":"16","num_nodes":"9","size_leaf_vector":"1"}},{"base_weights":[-1.6349765E-2,-1.4582604E-1,3.5860345E-1,-0E0,-3.0201033E-1,6.43141E-2,6.1466676E-1,-2.4432847E-2,3.5619643E-2,-3.6650114E-2,-0E0,5.9039466E-2,-1.1895788E-2,9.731288E-2,2.2083363E-2],"categories":[],"categories_nodes":[],"categories_segments":[],"categories_sizes":[],"default_left":[0,0,0,0,0,0,0,0,0,0,0,0,0,0,0],"id":5,"left_children":[1,3,5,7,9,11,13,-1,-1,-1,-1,-1,-1,-1,-1],"loss_changes":[2.0091473E1,7.299574E0,6.3254604E0,1.4608761E1,3.6177855E0,6.231783E0,4.689064E0,0E0,0E0,0E0,0E0,0E0,0E0,0E0,0E0],"parents":[2147483647,0,0,1,1,2,2,3,3,4,4,5,5,6,6],"right_children":[2,4,6,8,10,12,14,-1,-1,-1,-1,-1,-1,-1,-1],"split_conditions":[9.614849E-2,7.4965334E-3,-2.663354E-2,-3.711581E-2,1.992532E-2,-2.5733706E-1,1.2123191E-1,-2.4432847E-2,3.5619643E-2,-3.6650114E-2,-0E0,5.9039466E-2,-1.1895788E-2,9.731288E-2,2.2083363E-2],"split_indices":[9,2,2,3,8,3,3,0,0,0,0,0,0,0,0],"split_type":[0,0,0,0,0,0,0,0,0,0,0,0,0,0,0],"sum_hessian":[4.235708E2,3.19354E2,1.0421678E2,1.6492766E2,1.5442635E2,5.2630894E1,5.1585888E1,9.770721E1,6.722045E1,1.2966841E2,2.4757944E1,1.6667871E1,3.596302E1,2.363513E1,2.7950756E1],"tree_param":{"num_deleted":"0","num_feature":"16","num_nodes":"15","size_leaf_vector":"1"}},{"base_weights":[9.888664E-3,-1.6474936E-2,6.675691E-2,4.5500967E-1,-6.815058E-2,-0E0,8.441348E-2,-2.7097944E-2,4.3457197E-3],"categories":[],"categories_nodes":[],"categories_segments":[],"categories_sizes":[],"default_left":[0,0,0,0,0,0,0,0,0],"id":6,"left_children":[1,3,-1,5,7,-1,-1,-1,-1],"loss_changes":[8.700254E0,8.729824E0,0E0,5.471882E0,8.768749E0,0E0,0E0,0E0,0E0],"parents":[2147483647,0,0,1,1,3,3,4,4],"right_children":[2,4,-1,6,8,-1,-1,-1,-1],"split_conditions":[1.064777E-1,-2.520589E-1,6.675691E-2,-3.6944377E0,-4.1599866E-2,-0E0,8.441348E-2,-2.7097944E-2,4.3457197E-3],"split_indices":[1,3,0,5,3,0,0,0,0],"split_type":[0,0,0,0,0,0,0,0,0],"sum_hessian":[4.1291122E2,3.939245E2,1.89867E1,3.454082E1,3.593837E2,1.716384E1,1.737698E1,1.3401137E2,2.2537233E2],"tree_param":{"num_deleted":"0","num_feature":"16","num_nodes":"9","size_leaf_vector":"1"}},{"base_weights":[-0E0,-5.2378874E-2,4.9131457E-2,7.347361E-2,-8.466776E-2,-1.3070246E-2,2.2277845E-2],"categories":[],"categories_nodes":[],"categories_segments":[],"categories_sizes":[],"default_left":[0,0,0,0,0,0,0],"id":7,"left_children":[1,3,-1,-1,5,-1,-1],"loss_changes":[1.1699517E1,8.316927E0,0E0,0E0,5.1839533E0,0E0,0E0],"parents":[2147483647,0,0,1,1,4,4],"right_children":[2,4,-1,-1,6,-1,-1],"split_conditions":[2.7421794E0,-6.290016E0,4.9131457E-2,7.347361E-2,2.5075719E-2,-1.3070246E-2,2.2277845E-2],"split_indices":[6,6,0,0,0,0,0],"split_type":[0,0,0,0,0,0,0],"sum_hessian":[4.256274E2,3.8228696E2,4.334045E1,1.21574955E1,3.7012946E2,3.275831E2,4.2546364E1],"tree_param":{"num_deleted":"0","num_feature":"16","num_nodes":"7","size_leaf_vector":"1"}},{"base_weights":[1.1164554E-2,-1.2538397E-1,1.20240875E-1,-0E0,-9.217674E-2,5.161584E-2,1.41604785E-2,-2.5330773E-2,8.62625E-3,1.2872918E-2,-2.4025979E-2],"categories":[],"categories_nodes":[],"categories_segments":[],"categories_sizes":[],"default_left":[0,0,0,0,0,0,0,0,0,0,0],