{"learner":{"attributes":{"scikit_learn":"{\"_estimator_type\": \"classifier\"}"},"feature_names":["bias_week","bias_month","bias_quarter","bias_year","rsi","macd","macd_signal","vol_change","close_change","bb_width","return_5d","k_upper","k_lower","k_body","buy_power","rs_5d","obv","atr_ratio","trend_strength"],"feature_types":["float","float","float","float","float","float","float","float","float","float","float","float","float","float","float","float","float","float","float"],"gradient_booster":{"model":{"cats":{"enc":[],"feature_segments":[],"sorted_idx":[]},"gbtree_model_param":{"num_parallel_tree":"1","num_trees":"4"},"iteration_indptr":[0,1,2,3,4],"tree_info":[0,0,0,0],"trees":[{"base_weights":[-1.3806271E-2,-3.439717E-1,3.2314807E-1,1.9473E-1,-4.3770653E-1,1.7781718E-1,1.23597294E-1,6.1073884E-2,-9.172992E-3,-8.159505E-2,-2.070771E-2,3.2140683E-2,-1.4748422E-2],"categories":[],"categories_nodes":[],"categories_segments":[],"categories_sizes":[],"default_left":[0,0,0,0,0,0,0,0,0,0,0,0,0],"id":0,"left_children":[1,3,5,7,9,11,-1,-1,-1,-1,-1,-1,-1],"loss_changes":[4.6841805E1,1.1452835E1,2.423794E1,4.626732E0,1.4175972E1,8.948424E0,0E0,0E0,0E0,0E0,0E0,0E0,0E0],"parents":[2147483647,0,0,1,1,2,2,3,3,4,4,5,5],"right_children":[2,4,6,8,10,12,-1,-1,-1,-1,-1,-1,-1],"split_conditions":[5.05668E-2,-1.6277761E0,1.5358138E-1,6.994538E-2,-3.2171335E-2,1.605544E-1,1.23597294E-1,6.1073884E-2,-9.172992E-3,-8.159505E-2,-2.070771E-2,3.2140683E-2,-1.4748422E-2],"split_indices":[17,6,18,18,3,3,0,0,0,0,0,0,0],"split_type":[0,0,0,0,0,0,0,0,0,0,0,0,0],"sum_hessian":[4.2046967E2,2.157529E2,2.0471675E2,2.8400002E1,1.873529E2,1.7905357E2,2.566317E1,1.4665849E1,1.3734152E1,6.613973E1,1.2121317E2,1.2844844E2,5.0605137E1],"tree_param":{"num_deleted":"0","num_feature":"19","num_nodes":"13","size_leaf_vector":"1"}},{"base_weights":[-1.8144798E-2,-1.2696251E-1,4.1114613E-2,-7.054654E-2,-6.535168E-2,6.687127E-3,-2.893623E-2],"categories":[],"categories_nodes":[],"categories_segments":[],"categories_sizes":[],"default_left":[0,0,0,0,0,0,0],"id":1,"left_children":[1,3,-1,-1,5,-1,-1],"loss_changes":[1.9171917E1,1.0503498E1,0E0,0E0,9.872248E0,0E0,0E0],"parents":[2147483647,0,0,1,1,4,4],"right_children":[2,4,-1,-1,6,-1,-1],"split_conditions":[1.0975978E-1,2.8713033E-2,4.1114613E-2,-7.054654E-2,4.28994E-5,6.687127E-3,-2.893623E-2],"split_indices":[9,9,0,0,16,0,0],"split_type":[0,0,0,0,0,0,0],"sum_hessian":[4.2086465E2,3.4048553E2,8.037914E1,2.8913618E1,3.115719E2,1.9013966E2,1.2143225E2],"tree_param":{"num_deleted":"0","num_feature":"19","num_nodes":"7","size_leaf_vector":"1"}},{"base_weights":[2.3951981E-2,-2.5608468E-1,2.386419E-1,-6.8041354E-2,-4.620046E-1,1.4821677E-1,9.0161175E-2,-2.8374294E-2,3.925215E-2,-7.888658E-2,-1.063269E-2,5.3855952E-2,5.012232E-3],"categories":[],"categories_nodes":[],"categories_segments":[],"categories_sizes":[],"default_left":[0,0,0,0,0,0,0,0,0,0,0,0,0],"id":2,"left_children":[1,3,5,7,9,11,-1,-1,-1,-1,-1,-1,-1],"loss_changes":[2.4962889E1,5.614259E0,1.214883E1,9.64415E0,7.2082767E0,6.9297714E0,0E0,0E0,0E0,0E0,0E0,0E0,0E0],"parents":[2147483647,0,0,1,1,2,2,3,3,4,4,5,5],"right_children":[2,4,6,8,10,12,-1,-1,-1,-1,-1,-1,-1],"split_conditions":[4.6226624E-2,1.1798739E-2,1.6405028E-1,-5.1693167E-3,4.7485273E-2,5.9685294E-2,9.0161175E-2,-2.8374294E-2,3.925215E-2,-7.888658E-2,-1.063269E-2,5.3855952E-2,5.012232E-3],"split_indices":[17,2,9,15,9,9,0,0,0,0,0,0,0],"split_type":[0,0,0,0,0,0,0,0,0,0,0,0,0],"sum_hessian":[4.1570752E2,1.7583548E2,2.3987202E2,9.7683914E1,7.815157E1,2.144046E2,2.546742E1,6.9775375E1,2.7908537E1,3.69758E1,4.117577E1,3.788984E1,1.7651477E2],"tree_param":{"num_deleted":"0","num_feature":"19","num_nodes":"13","size_leaf_vector":"1"}},{"base_weights":[-0E0,-2.3637672E-1,1.6536257E-1,2.734013E-2,-3.1964397E-1,3.7497476E-2,4.0834393E-2,-7.001482E-2,-9.049087E-3,-6.3563646E-3,4.1976344E-2],"categories":[],"categories_nodes":[],"categories_segments":[],"categories_sizes":[],"default_left":[0,0,0,0,0,0,0,0,0,0,0],"id":3,"left_children":[1,3,5,-1,7,-1,9,-1,-1,-1,-1],"loss_changes":[1.647694E1,7.5614967E0,5.548019E0,0E0,1.1802938E1,0E0,7.286431E0,0E0,0E0,0E0,0E0],"parents":[2147483647,0,0,1,1,2,2,4,4,6,6],"right_children":[2,4,6,-1,8,-1,10,-1,-1,-1,-1],"split_conditions":[4.6226624E-2,-1.6277761E0,7.693201E-2,2.734013E-2,-3.7180204E-2,3.7497476E-2,8.193379E-2,-7.001482E-2,-9.049087E-3,-6.3563646E-3,4.1976344E-2],"split_indices":[17,6,12,0,3,0,17,0,0,0,0],"split_type":[0,0,0,0,0,0,0,0,0,0,0],"sum_hessian":[4.1995297E2,1.7480135E2,2.4515161E2,2.0639635E1,1.5416171E2,8.3799E1,1.6135262E2,5.3569553E1,1.0059216E2,1.2203337E2,3.931925E1],"tree_param":{"num_deleted":"0","num_feature":"19","num_nodes":"11","size_leaf_vector":"1"}}]},"name":"gbtree"},"learner_model_param":{"base_score":"[5E-1]","boost_from_average":"1","num_class":"0","num_feature":"19","num_target":"1"},"objective":{"name":"binary:logistic","reg_loss_param":{"scale_pos_weight":"0.288392872"}}},"version":[3,2,0]}