{"learner":{"attributes":{"scikit_learn":"{\"_estimator_type\": \"classifier\"}"},"feature_names":["bias_week","bias_month","bias_quarter","bias_year","rsi","macd","macd_signal","vol_change","close_change","bb_width","return_5d","return_10d","k_upper","k_lower","k_body","buy_power","rs_5d","rs_10d","dist_to_20d_high","dist_to_20d_low","kd_k","kd_d","kd_cross","gap_ratio","obv","atr_ratio","trend_strength"],"feature_types":["float","float","float","float","float","float","float","float","float","float","float","float","float","float","float","float","float","float","float","float","float","float","float","float","float","float","float"],"gradient_booster":{"model":{"gbtree_model_param":{"num_parallel_tree":"1","num_trees":"7"},"iteration_indptr":[0,1,2,3,4,5,6,7],"tree_info":[0,0,0,0,0,0,0],"trees":[{"base_weights":[-3.8620166E-3,2.2859472E-1,-2.9213077E-1,4.3582833E-1,-2.9297766E-1,-1.0846312E-2,-5.8585626E-1,5.583024E-2,-1.7627712E-2,-6.432419E-2,1.2402506E-2,-2.6196254E-2,5.1130872E-2,-0E0,-7.8380756E-2],"categories":[],"categories_nodes":[],"categories_segments":[],"categories_sizes":[],"default_left":[0,0,0,0,0,0,0,0,0,0,0,0,0,0,0],"id":0,"left_children":[1,3,5,7,9,11,13,-1,-1,-1,-1,-1,-1,-1,-1],"loss_changes":[9.913338E1,8.835764E1,5.3491024E1,4.65748E1,3.523445E1,4.5377934E1,3.7685272E1,0E0,0E0,0E0,0E0,0E0,0E0,0E0,0E0],"parents":[2147483647,0,0,1,1,2,2,3,3,4,4,5,5,6,6],"right_children":[2,4,6,8,10,12,14,-1,-1,-1,-1,-1,-1,-1,-1],"split_conditions":[5.1482733E-2,5.03212E-2,-6.8882066E-1,4.930973E-2,5.2990235E-2,1.3538131E-3,4.1001894E-2,5.583024E-2,-1.7627712E-2,-6.432419E-2,1.2402506E-2,-2.6196254E-2,5.1130872E-2,-0E0,-7.8380756E-2],"split_indices":[25,18,22,10,26,24,26,0,0,0,0,0,0,0,0],"split_type":[0,0,0,0,0,0,0,0,0,0,0,0,0,0,0],"sum_hessian":[1.4755219E3,8.126044E2,6.629175E2,5.8473785E2,2.278665E2,3.4300787E2,3.1990958E2,4.8757465E2,9.716323E1,1.2580522E2,1.0206129E2,2.3476154E2,1.0824636E2,8.405522E1,2.3585437E2],"tree_param":{"num_deleted":"0","num_feature":"27","num_nodes":"15","size_leaf_vector":"1"}},{"base_weights":[2.4123834E-2,5.3538275E-1,-9.8146036E-2,-4.375956E-2,7.368424E-1,8.464754E-2,-3.249013E-1,-7.516797E-2,2.0112794E-2,7.7503E-2,-1.0946734E-1,-1.2994883E-2,2.9498385E-2,-4.6409488E-2,1.3018449E-2],"categories":[],"categories_nodes":[],"categories_segments":[],"categories_sizes":[],"default_left":[0,0,0,0,0,0,0,0,0,0,0,0,0,0,0],"id":1,"left_children":[1,3,5,7,9,11,13,-1,-1,-1,-1,-1,-1,-1,-1],"loss_changes":[9.481625E1,3.580432E1,5.063225E1,1.4338863E1,1.804985E1,3.0865082E1,3.633224E1,0E0,0E0,0E0,0E0,0E0,0E0,0E0,0E0],"parents":[2147483647,0,0,1,1,2,2,3,3,4,4,5,5,6,6],"right_children":[2,4,6,8,10,12,14,-1,-1,-1,-1,-1,-1,-1,-1],"split_conditions":[4.2267684E-2,-3.1688318E-2,8.538806E-1,-1.6292381E-4,2.694176E0,2.0076359E-2,2.7440014E-1,-7.516797E-2,2.0112794E-2,7.7503E-2,-1.0946734E-1,-1.2994883E-2,2.9498385E-2,-4.6409488E-2,1.3018449E-2],"split_indices":[9,4,22,24,6,4,3,0,0,0,0,0,0,0,0],"split_type":[0,0,0,0,0,0,0,0,0,0,0,0,0,0,0],"sum_hessian":[1.499423E3,2.9238205E2,1.2070409E3,7.274476E1,2.1963728E2,6.6309784E2,5.4394305E2,2.0558052E1,5.218671E1,2.1613965E2,3.4976323E0,3.2418323E2,3.3891464E2,4.1790683E2,1.2603624E2],"tree_param":{"num_deleted":"0","num_feature":"27","num_nodes":"15","size_leaf_vector":"1"}},{"base_weights":[-2.0076627E-2,5.46601E-1,-1.2194807E-1,1.0403633E-1,1.0958413E0,-1.9537382E-1,4.8910215E-1,-8.010463E-2,3.17072E-2,-1.6617198E-2,1.1548913E-1,3.8465057E-3,-4.052088E-2,6.623968E-2,-1.5422307E-1],"categories":[],"categories_nodes":[],"categories_segments":[],"categories_sizes":[],"default_left":[0,0,0,0,0,0,0,0,0,0,0,0,0,0,0],"id":2,"left_children":[1,3,5,7,9,11,13,-1,-1,-1,-1,-1,-1,-1,-1],"loss_changes":[8.449292E1,5.120379E1,5.585811E1,2.3936905E1,1.0773857E1,5.7075512E1,4.7048088E1,0E0,0E0,0E0,0E0,0E0,0E0,0E0,0E0],"parents":[2147483647,0,0,1,1,2,2,3,3,4,4,5,5,6,6],"right_children":[2,4,6,8,10,12,14,-1,-1,-1,-1,-1,-1,-1,-1],"split_conditions":[3.8112853E-2,4.1304346E-2,7.968507E1,9.478673E-3,3.874398E1,-3.5629452E-3,2.7507704E-1,-8.010463E-2,3.17072E-2,-1.6617198E-2,1.1548913E-1,3.8465057E-3,-4.052088E-2,6.623968E-2,-1.5422307E-1],"split_indices":[9,19,21,19,21,0,19,0,0,0,0,0,0,0,0],"split_type":[0,0,0,0,0,0,0,0,0,0,0,0,0,0,0],"sum_hessian":[1.4783575E3,2.2132158E2,1.2570359E3,1.2540437E2,9.5917206E1,1.1260076E3,1.3102838E2,2.1533566E1,1.0387081E2,3.166764E0,9.275044E1,5.3180597E2,5.9420154E2,1.2204482E2,8.98356E0],"tree_param":{"num_deleted":"0","num_feature":"27","num_nodes":"15","size_leaf_vector":"1"}},{"base_weights":[-2.2942463E-2,1.480469E-1,-3.36645E-1,3.4050438E-1,-2.1346211E-1,1.3624668E-1,-5.27414E-1,4.6938892E-2,1.6063914E-3,-2.1579147E-3,-9.271728E-2,4.065379E-2,-5.5167694E-2,-8.363661E-2,-2.4528531E-2],"categories":[],"categories_nodes":[],"categories_segments":[],"categories_sizes":[],"default_left":[0,0,0,0,0,0,0,0,0,0,0,0,0,0,0],"id":3,"left_children":[1,3,5,7,9,11,13,-1,-1,-1,-1,-1,-1,-1,-1],"loss_changes":[7.966489E1,6.655254E1,4.837589E1,2.5797043E1,4.30424E1,2.7979828E1,3.0812477E1,0E0,0E0,0E0,0E0,0E0,0E0,0E0,0E0],"parents":[2147483647,0,0,1,1,2,2,3,3,4,4,5,5,6,6],"right_children":[2,4,6,8,10,12,14,-1,-1,-1,-1,-1,-1,-1,-1],"split_conditions":[5.3045187E-2,5.0373364E-2,-1.8345536E-1,2.7190333E-2,5.8799885E-2,-1.8524598E0,4.4551343E-2,4.6938892E-2,1.6063914E-3,-2.1579147E-3,-9.271728E-2,4.065379E-2,-5.5167694E-2,-8.363661E-2,-2.4528531E-2],"split_indices":[18,25,3,18,10,6,3,0,0,0,0,0,0,0,0],"split_type":[0,0,0,0,0,0,0,0,0,0,0,0,0,0,0],"sum_hessian":[1.4755916E3,9.506765E2,5.2491504E2,6.244976E2,3.2617892E2,1.4756042E2,3.7735464E2,4.3798007E2,1.8651753E2,2.6085266E2,6.532625E1,1.0835534E2,3.9205093E1,1.7282286E2,2.0453178E2],"tree_param":{"num_deleted":"0","num_feature":"27","num_nodes":"15","size_leaf_vector":"1"}},{"base_weights":[2.551655E-2,2.445238E-1,-2.3464891E-1,3.6322585E-1,-6.476843E-2,-1.1500314E-1,-8.2978004E-1,1.4540845E-1,3.1520005E-2,1.5271112E-2,-8.7021925E-2,5.42756E-2,-2.2916634E-2,-1.1189317E-1,-3.5774957E-2],"categories":[],"categories_nodes":[],"categories_segments":[],"categories_sizes":[],"default_left":[0,0,0,0,0,0,0,0,0,0,0,0,0,0,0],"id":4,"left_children":[1,3,5,7,9,11,13,-1,-1,-1,-1,-1,-1,-1,-1],"loss_changes":[8.551429E1,3.0773125E1,4.628655E1,2.5540733E1,4.131945E1,4.3277878E1,1.1781265E1,0E0,0E0,0E0,0E0,0E0,0E0,0E0,0E0],"parents":[2147483647,0,0,1,1,2,2,3,3,4,4,5,5,6,6],"right_children":[2,4,6,8,10,12,14,-1,-1,-1,-1,-1,-1,-1,-1],"split_conditions":[5.0373364E-2,5.03212E-2,5.023529E-2,2.0988569E-2,7.318878E-1,-2.3854062E-1,2.1154396E-1,1.4540845E-1,3.1520005E-2,1.5271112E-2,-8.7021925E-2,5.42756E-2,-2.2916634E-2,-1.1189317E-1,-3.5774957E-2],"split_indices":[25,18,10,25,6,3,3,0,0,0,0,0,0,0,0],"split_type":[0,0,0,0,0,0,0,0,0,0,0,0,0,0,0],"sum_hessian":[1.498705E3,8.1845074E2,6.802542E2,5.9661646E2,2.2183429E2,5.703982E2,1.09856026E2,2.0605803E1,5.760106E2,1.7314816E2,4.868612E1,8.166357E1,4.887346E2,6.3488094E1,4.6367928E1],"tree_param":{"num_deleted":"0","num_feature":"27","num_nodes":"15","size_leaf_vector":"1"}},{"base_weights":[-1.913046E-2,5.1592606E-1,-1.1897383E-1,1.6970012E-1,8.071995E-1,-4.4304436E-1,3.8727716E-2,-2.5174478E-2,6.635403E-2,8.664014E-2,-0E0,-9.5404595E-2,-1.708881E-2,9.510138E-3,-9.715643E-2],"categories":[],"categories_nodes":[],"categories_segments":[],"categories_sizes":[],"default_left":[0,0,0,0,0,0,0,0,0,0,0,0,0,0,0],"id":5,"left_children":[1,3,5,7,9,11,13,-1,-1,-1,-1,-1,-1,-1,-1],"loss_changes":[7.865091E1,2.0936108E1,6.523202E1,2.433499E1,6.176819E0,5.581626E1,4.7103035E1,0E0,0E0,0E0,0E0,0E0,0E0,0E0,0E0],"parents":[2147483647,0,0,1,1,2,2,3,3,4,4,5,5,6,6],"right_children":[2,4,6,8,10,12,14,-1,-1,-1,-1,-1,-1,-1,-1],"split_conditions":[3.8112853E-2,3.2949694E-2,-4.8954657E-1,3.5699725E-2,1.5687186E0,8.3333336E-2,2.3015872E-1,-2.5174478E-2,6.635403E-2,8.664014E-2,-0E0,-9.5404595E-2,-1.708881E-2,9.510138E-3,-9.715643E-2],"split_indices":[9,9,5,19,5,18,19,0,0,0,0,0,0,0,0],"split_type":[0,0,0,0,0,0,0,0,0,0,0,0,0,0,0],