{"learner":{"attributes":{"scikit_learn":"{\"_estimator_type\": \"classifier\"}"},"feature_names":["bias_week","bias_month","bias_quarter","bias_year","rsi","macd","macd_signal","vol_change","close_change","bb_width","return_5d","k_upper","k_lower","k_body","buy_power","rs_5d"],"feature_types":["float","float","float","float","float","float","float","float","float","float","float","float","float","float","float","float"],"gradient_booster":{"model":{"cats":{"enc":[],"feature_segments":[],"sorted_idx":[]},"gbtree_model_param":{"num_parallel_tree":"1","num_trees":"21"},"iteration_indptr":[0,1,2,3,4,5,6,7,8,9,10,11,12,13,14,15,16,17,18,19,20,21],"tree_info":[0,0,0,0,0,0,0,0,0,0,0,0,0,0,0,0,0,0,0,0,0],"trees":[{"base_weights":[-0E0,-1.9132283E-1,2.0706168E-1,6.6010666E-1,-3.324018E-2,2.8030008E-1,-5.4759447E-2,1.12063564E-1,-0E0,4.200457E-2,-4.349247E-3],"categories":[],"categories_nodes":[],"categories_segments":[],"categories_sizes":[],"default_left":[0,0,0,0,0,0,0,0,0,0,0],"id":0,"left_children":[1,3,5,7,-1,9,-1,-1,-1,-1,-1],"loss_changes":[1.3521777E1,2.1677694E1,8.249132E0,6.190921E0,0E0,7.7209454E0,0E0,0E0,0E0,0E0,0E0],"parents":[2147483647,0,0,1,1,2,2,3,3,5,5],"right_children":[2,4,6,8,-1,10,-1,-1,-1,-1,-1],"split_conditions":[7.819772E-2,-2.1876685E-1,5.4020464E-1,-2.4033105E0,-3.324018E-2,4.0000042E-1,-5.4759447E-2,1.12063564E-1,-0E0,4.200457E-2,-4.349247E-3],"split_indices":[3,3,3,6,0,12,0,0,0,0,0],"split_type":[0,0,0,0,0,0,0,0,0,0,0],"sum_hessian":[3.4197943E2,1.8287155E2,1.591079E2,2.4110817E1,1.5876073E2,1.4786087E2,1.1247014E1,1.303246E1,1.1078357E1,1.073773E2,4.0483578E1],"tree_param":{"num_deleted":"0","num_feature":"16","num_nodes":"11","size_leaf_vector":"1"}},{"base_weights":[1.7023599E-3,-1.6193104E-1,3.800274E-1,-2.5349017E-2,1.14246765E-2,5.217735E-1,-0E0,6.0206324E-2,-6.611916E-3,1.5735608E-2,7.6866716E-2],"categories":[],"categories_nodes":[],"categories_segments":[],"categories_sizes":[],"default_left":[0,0,0,0,0,0,0,0,0,0,0],"id":1,"left_children":[1,3,5,-1,7,9,-1,-1,-1,-1,-1],"loss_changes":[2.1511919E1,4.329257E0,6.8642645E0,0E0,4.628279E0,5.404497E0,0E0,0E0,0E0,0E0,0E0],"parents":[2147483647,0,0,1,1,2,2,4,4,5,5],"right_children":[2,4,6,-1,8,10,-1,-1,-1,-1,-1],"split_conditions":[8.50419E-2,1.0428315E-2,6.3636325E-2,-2.5349017E-2,6.5135164E-3,-1.6980441E-2,-0E0,6.0206324E-2,-6.611916E-3,1.5735608E-2,7.6866716E-2],"split_indices":[9,15,10,0,1,15,0,0,0,0,0],"split_type":[0,0,0,0,0,0,0,0,0,0,0],"sum_hessian":[3.3939194E2,2.327906E2,1.0660135E2,1.5958876E2,7.3201836E1,8.172619E1,2.4875158E1,1.1771122E1,6.143071E1,3.7275776E1,4.4450413E1],"tree_param":{"num_deleted":"0","num_feature":"16","num_nodes":"11","size_leaf_vector":"1"}},{"base_weights":[-1.1178194E-2,4.6135184E-1,-6.656257E-2,8.1259154E-2,-0E0,-3.1980628E-1,1.2161908E-1,-4.4436567E-2,2.339292E-2,6.838832E-2,1.4583041E-3],"categories":[],"categories_nodes":[],"categories_segments":[],"categories_sizes":[],"default_left":[0,0,0,0,0,0,0,0,0,0,0],"id":2,"left_children":[1,3,5,-1,-1,7,9,-1,-1,-1,-1],"loss_changes":[8.143957E0,4.723038E0,1.537738E1,0E0,0E0,1.0359151E1,9.014221E0,0E0,0E0,0E0,0E0],"parents":[2147483647,0,0,1,1,2,2,5,5,6,6],"right_children":[2,4,6,-1,-1,8,10,-1,-1,-1,-1],"split_conditions":[-2.0281176E-1,-9.945036E-3,5.941737E-2,8.1259154E-2,-0E0,4.2612553E-2,-1.5340519E-1,-4.4436567E-2,2.339292E-2,6.838832E-2,1.4583041E-3],"split_indices":[3,10,3,0,0,1,6,0,0,0,0],"split_type":[0,0,0,0,0,0,0,0,0,0,0],"sum_hessian":[3.4502518E2,3.1866682E1,3.1315848E2,1.7093983E1,1.4772699E1,1.3858499E2,1.745735E2,1.15922516E2,2.2662474E1,2.4255676E1,1.5031783E2],"tree_param":{"num_deleted":"0","num_feature":"16","num_nodes":"11","size_leaf_vector":"1"}},{"base_weights":[-1.2161168E-2,3.3186993E-1,-5.6044586E-2,7.164029E-2,-1.3116371E-2,-1.9114096E-1,6.693441E-2,-2.5640568E-2,4.08131E-2,2.1868113E-2,-8.350881E-3],"categories":[],"categories_nodes":[],"categories_segments":[],"categories_sizes":[],"default_left":[0,0,0,0,0,0,0,0,0,0,0],"id":3,"left_children":[1,3,5,-1,-1,7,9,-1,-1,-1,-1],"loss_changes":[4.604058E0,7.378004E0,5.4776187E0,0E0,0E0,6.065937E0,3.905654E0,0E0,0E0,0E0,0E0],"parents":[2147483647,0,0,1,1,2,2,5,5,6,6],"right_children":[2,4,6,-1,-1,8,10,-1,-1,-1,-1],"split_conditions":[-3.0737922E0,6.282781E-3,8.04156E-1,7.164029E-2,-1.3116371E-2,3.941264E-2,2.2544272E-2,-2.5640568E-2,4.08131E-2,2.1868113E-2,-8.350881E-3],"split_indices":[5,10,5,0,0,1,10,0,0,0,0],"split_type":[0,0,0,0,0,0,0,0,0,0,0],"sum_hessian":[3.459754E2,3.326931E1,3.127061E2,2.0686283E1,1.2583029E1,1.5772707E2,1.5497903E2,1.4527908E2,1.2447981E1,8.426376E1,7.071526E1],"tree_param":{"num_deleted":"0","num_feature":"16","num_nodes":"11","size_leaf_vector":"1"}},{"base_weights":[1.6549801E-2,-1.3203275E-1,3.342132E-2,-3.155898E-1,-0E0,-4.8365314E-2,-0E0,1.7692942E-2,-3.288654E-2],"categories":[],"categories_nodes":[],"categories_segments":[],"categories_sizes":[],"default_left":[0,0,0,0,0,0,0,0,0],"id":4,"left_children":[1,3,-1,5,7,-1,-1,-1,-1],"loss_changes":[1.6748135E1,6.130109E0,0E0,6.349312E0,7.2550516E0,0E0,0E0,0E0,0E0],"parents":[2147483647,0,0,1,1,3,3,4,4],"right_children":[2,4,-1,6,8,-1,-1,-1,-1],"split_conditions":[8.2771234E-2,5.941737E-2,3.342132E-2,2.6735305E-3,1.8246974E0,-4.8365314E-2,-0E0,1.7692942E-2,-3.288654E-2],"split_indices":[9,3,0,15,5,0,0,0,0],"split_type":[0,0,0,0,0,0,0,0,0],"sum_hessian":[3.419993E2,2.2886154E2,1.1313776E2,1.0154302E2,1.2731852E2,6.921051E1,3.2332508E1,8.641996E1,4.0898563E1],"tree_param":{"num_deleted":"0","num_feature":"16","num_nodes":"9","size_leaf_vector":"1"}},{"base_weights":[8.937245E-3,-1.24984816E-1,3.4310184E-2,-2.9276505E-1,2.1713267E-3,2.5387086E-2,-3.7656095E-2,1.3366317E-2,-2.1388222E-2],"categories":[],"categories_nodes":[],"categories_segments":[],"categories_sizes":[],"default_left":[0,0,0,0,0,0,0,0,0],"id":5,"left_children":[1,3,-1,5,7,-1,-1,-1,-1],"loss_changes":[1.5888462E1,5.7601805E0,0E0,5.565694E0,3.5314548E0,0E0,0E0,0E0,0E0],"parents":[2147483647,0,0,1,1,3,3,4,4],"right_children":[2,4,-1,6,8,-1,-1,-1,-1],"split_conditions":[8.665382E-2,6.144426E-2,3.4310184E-2,-9.12066E-2,1.8246974E0,2.5387086E-2,-3.7656095E-2,1.3366317E-2,-2.1388222E-2],"split_indices":[9,3,0,2,5,0,0,0,0],"split_type":[0,0,0,0,0,0,0,0,0],"sum_hessian":[3.409291E2,2.3920764E2,1.0172146E2,1.1073005E2,1.284776E2,1.1561176E1,9.916887E1,8.631589E1,4.216171E1],"tree_param":{"num_deleted":"0","num_feature":"16","num_nodes":"9","size_leaf_vector":"1"}},{"base_weights":[1.3113445E-2,5.7716604E-2,-2.7685015E-2,-1.659044E-1,9.8186575E-2,-0E0,-3.349742E-2,3.2949116E-2,-2.8536313E-3],"categories":[],"categories_nodes":[],"categories_segments":[],"categories_sizes":[],"default_left":[0,0,0,0,0,0,0,0,0],"id":6,"left_children":[1,-1,3,5,7,-1,-1,-1,-1],"loss_changes":[9.058691E0,0E0,5.553771E0,4.947873E0,5.257496E0,0E0,0E0,0E0,0E0],"parents":[2147483647,0,0,2,2,3,3,4,4],"right_children":[2,-1,4,6,8,-1,-1,-1,-1],"split_conditions":[-7.0035405E-2,5.7716604E-2,7.819772E-2,-7.842053E-2,-2.3076987E-1,-0E0,-3.349742E-2,3.2949116E-2,-2.8536313E-3],"split_indices":[1,0,3,3,13,0,0,0,0],"split_type":[0,0,0,0,0,0,0,0,0],"sum_hessian":[3.3644528E2,2.6150381E1,3.102949E2,1.5641843E2,1.5387648E2,7.532696E1,8.109146E1,6.0328915E1,9.354756E1],"tree_param":{"num_deleted":"0","num_feature":"16","num_nodes":"9","size_leaf_vector":"1"}},{"base_weights":[-1.5747175E-2,-1.9607383E-1,1.00083016E-1,2.0542113E-2,-3.364836E-2,4.2286474E-2,-3.1433616E-2,-1.9584538E-2,1.44519E-2],"categories":[],"categories_nodes":[],"categories_segments":[],"categories_sizes":[],"default_left":[0,0,0,0,0,0,0,0,0],"id":7,"left_children":[1,3,5,-1,-1,-1,7,-1,-1],"loss_changes":[7.5171576E0,8.630405E0,9.695083E0,0E0,0E0,0E0,4.2760434E0,0E0,0E0],"parents":[2147483647,0,0,1,1,2,2,6,6],"right_children":[2,4,6,-1,-1,-1,8,-1,-1],"split_conditions":[-6.4419284E-3,-4.682258E-2,3.962505E-1,2.0542113E-2,-3.364836E-2,4.2286474E-2,2.0956097E0,-1.9584538E-2,1.44519E-2],"split_indices":[15,10,6,0,0,0,6,0,0],"split_type":[0,0,0,0,0,0,0,0,0],