{"learner":{"attributes":{"scikit_learn":"{\"_estimator_type\": \"classifier\"}"},"feature_names":["bias_week","bias_month","bias_quarter","bias_year","rsi","macd","macd_signal","vol_change","close_change","bb_width","return_5d","return_10d","k_upper","k_lower","k_body","buy_power","rs_5d","rs_10d","dist_to_20d_high","dist_to_20d_low","kd_k","kd_d","kd_cross","gap_ratio","obv","atr_ratio","trend_strength"],"feature_types":["float","float","float","float","float","float","float","float","float","float","float","float","float","float","float","float","float","float","float","float","float","float","float","float","float","float","float"],"gradient_booster":{"model":{"gbtree_model_param":{"num_parallel_tree":"1","num_trees":"6"},"iteration_indptr":[0,1,2,3,4,5,6],"tree_info":[0,0,0,0,0,0],"trees":[{"base_weights":[-6.891301E-3,2.5051683E-1,-2.8892222E-1,4.443668E-1,-2.7391613E-1,-0E0,-5.934193E-1,5.5892065E-2,-7.206741E-3,-5.952166E-2,1.2846689E-2,-2.3484927E-2,5.084381E-2,-0E0,-7.721073E-2],"categories":[],"categories_nodes":[],"categories_segments":[],"categories_sizes":[],"default_left":[0,0,0,0,0,0,0,0,0,0,0,0,0,0,0],"id":0,"left_children":[1,3,5,7,9,11,13,-1,-1,-1,-1,-1,-1,-1,-1],"loss_changes":[1.02574295E2,7.5100464E1,5.8491978E1,3.4340233E1,2.6842201E1,4.227482E1,3.5698708E1,0E0,0E0,0E0,0E0,0E0,0E0,0E0,0E0],"parents":[2147483647,0,0,1,1,2,2,3,3,4,4,5,5,6,6],"right_children":[2,4,6,8,10,12,14,-1,-1,-1,-1,-1,-1,-1,-1],"split_conditions":[5.0348964E-2,5.0347224E-2,-6.985451E-1,4.6341732E-2,5.293618E-2,1.3427583E-3,3.7736505E-2,5.5892065E-2,-7.206741E-3,-5.952166E-2,1.2846689E-2,-2.3484927E-2,5.084381E-2,-0E0,-7.721073E-2],"split_indices":[25,18,22,10,26,24,26,0,0,0,0,0,0,0,0],"split_type":[0,0,0,0,0,0,0,0,0,0,0,0,0,0,0],"sum_hessian":[1.4100114E3,7.330568E2,6.769545E2,5.384545E2,1.9460228E2,3.5103976E2,3.2591476E2,4.4114774E2,9.7306816E1,1.1047159E2,8.4130684E1,2.4300568E2,1.0803409E2,7.789773E1,2.4801704E2],"tree_param":{"num_deleted":"0","num_feature":"27","num_nodes":"15","size_leaf_vector":"1"}},{"base_weights":[1.9388122E-2,5.1061106E-1,-9.133557E-2,1.1038675E-1,8.132957E-1,8.408837E-2,-3.0876973E-1,-6.5398E-2,4.570363E-2,9.432149E-2,-0E0,-3.098173E-3,4.8352405E-2,-4.5997452E-2,1.688092E-2],"categories":[],"categories_nodes":[],"categories_segments":[],"categories_sizes":[],"default_left":[0,0,0,0,0,0,0,0,0,0,0,0,0,0,0],"id":1,"left_children":[1,3,5,7,9,11,13,-1,-1,-1,-1,-1,-1,-1,-1],"loss_changes":[7.8962814E1,3.025637E1,4.5039837E1,3.2017628E1,1.875174E1,3.0847069E1,3.9830482E1,0E0,0E0,0E0,0E0,0E0,0E0,0E0,0E0],"parents":[2147483647,0,0,1,1,2,2,3,3,4,4,5,5,6,6],"right_children":[2,4,6,8,10,12,14,-1,-1,-1,-1,-1,-1,-1,-1],"split_conditions":[4.1886635E-2,7.571986E-5,8.591694E-1,3.181543E-2,1.1752143E1,7.110908E1,2.7463785E-1,-6.5398E-2,4.570363E-2,9.432149E-2,-0E0,-3.098173E-3,4.8352405E-2,-4.5997452E-2,1.688092E-2],"split_indices":[9,24,22,3,22,21,3,0,0,0,0,0,0,0,0],"split_type":[0,0,0,0,0,0,0,0,0,0,0,0,0,0,0],"sum_hessian":[1.4328074E3,2.6672687E2,1.1660806E3,1.1857141E2,1.4815546E2,6.3994165E2,5.261389E2,3.483897E1,8.3732445E1,1.2890706E2,1.9248396E1,4.9392627E2,1.4601537E2,4.0112796E2,1.25010956E2],"tree_param":{"num_deleted":"0","num_feature":"27","num_nodes":"15","size_leaf_vector":"1"}},{"base_weights":[-2.4281196E-2,4.8165637E-1,-1.1236056E-1,-0E0,1.0665437E0,-2.0632882E-1,4.2352584E-1,8.427036E-2,-2.1141602E-2,1.1266614E-1,-1.3992593E-2,-5.3078337E-3,-5.490156E-2,5.579946E-2,-1.12359E-1],"categories":[],"categories_nodes":[],"categories_segments":[],"categories_sizes":[],"default_left":[0,0,0,0,0,0,0,0,0,0,0,0,0,0,0],"id":2,"left_children":[1,3,5,7,9,11,13,-1,-1,-1,-1,-1,-1,-1,-1],"loss_changes":[6.2107906E1,5.7909195E1,6.0344566E1,2.074642E1,1.0140053E1,5.3282974E1,3.748005E1,0E0,0E0,0E0,0E0,0E0,0E0,0E0,0E0],"parents":[2147483647,0,0,1,1,2,2,3,3,4,4,5,5,6,6],"right_children":[2,4,6,8,10,12,14,-1,-1,-1,-1,-1,-1,-1,-1],"split_conditions":[3.827745E-2,4.136947E-2,7.7411865E1,-1.3019759E-2,1.4880952E-2,8.916078E-3,2.760181E-1,8.427036E-2,-2.1141602E-2,1.1266614E-1,-1.3992593E-2,-5.3078337E-3,-5.490156E-2,5.579946E-2,-1.12359E-1],"split_indices":[9,19,21,17,23,0,19,0,0,0,0,0,0,0,0],"split_type":[0,0,0,0,0,0,0,0,0,0,0,0,0,0,0],"sum_hessian":[1.4104943E3,2.0477779E2,1.2057164E3,1.12792076E2,9.198571E1,1.0298658E3,1.7585063E2,2.2125267E1,9.066681E1,8.881429E1,3.1714234E0,7.202535E2,3.096123E2,1.632699E2,1.2580735E1],"tree_param":{"num_deleted":"0","num_feature":"27","num_nodes":"15","size_leaf_vector":"1"}},{"base_weights":[-2.5361855E-2,1.8710993E-1,-2.767154E-1,4.75884E-1,-1.7653385E-1,-1.58456E-1,-9.475337E-1,1.4790562E-1,4.1277424E-2,-3.8859723E-3,-5.8031946E-2,4.3461543E-2,-2.8120846E-2,-3.1261962E-2,-1.1866294E-1],"categories":[],"categories_nodes":[],"categories_segments":[],"categories_sizes":[],"default_left":[0,0,0,0,0,0,0,0,0,0,0,0,0,0,0],"id":3,"left_children":[1,3,5,7,9,11,13,-1,-1,-1,-1,-1,-1,-1,-1],"loss_changes":[7.60482E1,8.106215E1,4.9369972E1,2.1258446E1,1.7408249E1,4.160498E1,1.1237221E1,0E0,0E0,0E0,0E0,0E0,0E0,0E0,0E0],"parents":[2147483647,0,0,1,1,2,2,3,3,4,4,5,5,6,6],"right_children":[2,4,6,8,10,12,14,-1,-1,-1,-1,-1,-1,-1,-1],"split_conditions":[5.0348964E-2,2.9411774E-2,2.4535881E-2,2.0911172E-2,4.5343973E-3,-2.2541128E-1,6.498057E-2,1.4790562E-1,4.1277424E-2,-3.8859723E-3,-5.8031946E-2,4.3461543E-2,-2.8120846E-2,-3.1261962E-2,-1.1866294E-1],"split_indices":[25,18,0,25,0,3,25,0,0,0,0,0,0,0,0],"split_type":[0,0,0,0,0,0,0,0,0,0,0,0,0,0,0],"sum_hessian":[1.4184946E3,7.6396124E2,6.5453345E2,4.2912292E2,3.3483832E2,5.6020184E2,9.433162E1,2.0620375E1,4.0850253E2,2.5541187E2,7.942645E1,9.355924E1,4.666426E2,2.9734446E1,6.459717E1],"tree_param":{"num_deleted":"0","num_feature":"27","num_nodes":"15","size_leaf_vector":"1"}},{"base_weights":[1.7433189E-2,2.322718E-1,-2.3150115E-1,1.703731E-1,1.0641713E0,4.2379898E-1,-3.3544946E-1,6.1725746E-3,6.217874E-2,1.2792893E-1,-7.00956E-3,-1.3379066E-1,5.9544086E-2,-8.1681184E-2,-2.534001E-3],"categories":[],"categories_nodes":[],"categories_segments":[],"categories_sizes":[],"default_left":[0,0,0,0,0,0,0,0,0,0,0,0,0,0,0],"id":4,"left_children":[1,3,5,7,9,11,13,-1,-1,-1,-1,-1,-1,-1,-1],"loss_changes":[7.684106E1,3.7020535E1,4.4931175E1,3.424183E1,1.58883095E1,2.6492765E1,8.482593E1,0E0,0E0,0E0,0E0,0E0,0E0,0E0,0E0],"parents":[2147483647,0,0,1,1,2,2,3,3,4,4,5,5,6,6],"right_children":[2,4,6,8,10,12,14,-1,-1,-1,-1,-1,-1,-1,-1],"split_conditions":[5.1406033E-2,8.925464E-4,-2.4229743E-1,2.8080383E-1,1.8845695E-1,-5.357813E-2,-1.4202714E-2,6.1725746E-3,6.217874E-2,1.2792893E-1,-7.00956E-3,-1.3379066E-1,5.9544086E-2,-8.1681184E-2,-2.534001E-3],"split_indices":[25,24,3,3,2,17,3,0,0,0,0,0,0,0,0],"split_type":[0,0,0,0,0,0,0,0,0,0,0,0,0,0,0],"sum_hessian":[1.4350374E3,7.751615E2,6.5987585E2,7.249684E2,5.0193127E1,8.701052E1,5.728653E2,5.908804E2,1.3408803E2,4.343396E1,6.7591643E0,6.201786E0,8.080873E1,2.1913327E2,3.5373206E2],"tree_param":{"num_deleted":"0","num_feature":"27","num_nodes":"15","size_leaf_vector":"1"}},{"base_weights":[-2.1127794E-2,1.58874E-1,-3.1599268E-1,2.8387615E-1,-3.013559E-1,6.15539E-1,-3.9524698E-1,-1.3553139E-2,3.9939832E-2,-7.177263E-3,-1.0667208E-1,9.656694E-2,-8.483181E-2,5.255602E-2,-4.502142E-2],"categories":[],"categories_nodes":[],"categories_segments":[],"categories_sizes":[],"default_left":[0,0,0,0,0,0,0,0,0,0,0,0,0,0,0],"id":5,"left_children":[1,3,5,7,9,11,13,-1,-1,-1,-1,-1,-1,-1,-1],"loss_changes":[7.59336E1,5.0633396E1,3.9912235E1,3.5397625E1,3.0033873E1,2.2461412E1,2.738617E1,0E0,0E0,0E0,0E0,0E0,0E0,0E0,0E0],"parents":[2147483647,0,0,1,1,2,2,3,3,4,4,5,5,6,6],"right_children":[2,4,6,8,10,12,14,-1,-1,-1,-1,-1,-1,-1,-1],"split_conditions":[5.070755E-2,4.945914E-2,-3.009786E-1,3.639553E-2,7.63575E-2,6.635071E-2,2.9142745E-2,-1.3553139E-2,3.9939832E-2,-7.177263E-3,-1.0667208E-1,9.656694E-2,-8.483181E-2,5.255602E-2,-4.502142E-2],"split_indices":[18,10,3,6,25,19,25,0,0,0,0,0,0,0,0],"split_type":[0,0,0,0,0,0,0,0,0,0,0,0,0,0,0],