{"learner":{"attributes":{"scikit_learn":"{\"_estimator_type\": \"classifier\"}"},"feature_names":["bias_week","bias_month","bias_quarter","bias_year","rsi","macd","macd_signal","vol_change","close_change","bb_width","return_5d","return_10d","k_upper","k_lower","k_body","buy_power","rs_5d","rs_10d","dist_to_20d_high","dist_to_20d_low","kd_k","kd_d","kd_cross","gap_ratio","obv","atr_ratio","trend_strength"],"feature_types":["float","float","float","float","float","float","float","float","float","float","float","float","float","float","float","float","float","float","float","float","float","float","float","float","float","float","float"],"gradient_booster":{"model":{"gbtree_model_param":{"num_parallel_tree":"1","num_trees":"6"},"iteration_indptr":[0,1,2,3,4,5,6],"tree_info":[0,0,0,0,0,0],"trees":[{"base_weights":[-6.76502E-3,2.5105995E-1,-2.8914398E-1,4.4415066E-1,-2.7192608E-1,-0E0,-5.936248E-1,5.6015216E-2,-7.7144387E-3,-6.5806605E-2,7.1257637E-3,-2.3506949E-2,5.0822705E-2,-0E0,-7.722961E-2],"categories":[],"categories_nodes":[],"categories_segments":[],"categories_sizes":[],"default_left":[0,0,0,0,0,0,0,0,0,0,0,0,0,0,0],"id":0,"left_children":[1,3,5,7,9,11,13,-1,-1,-1,-1,-1,-1,-1,-1],"loss_changes":[1.028364E2,7.457164E1,5.848118E1,3.5054382E1,2.7640898E1,4.2271275E1,3.569152E1,0E0,0E0,0E0,0E0,0E0,0E0,0E0,0E0],"parents":[2147483647,0,0,1,1,2,2,3,3,4,4,5,5,6,6],"right_children":[2,4,6,8,10,12,14,-1,-1,-1,-1,-1,-1,-1,-1],"split_conditions":[5.0348952E-2,5.0347224E-2,-6.984912E-1,4.632602E-2,4.518917E-2,1.3427583E-3,3.773658E-2,5.6015216E-2,-7.7144387E-3,-6.5806605E-2,7.1257637E-3,-2.3506949E-2,5.0822705E-2,-0E0,-7.722961E-2],"split_indices":[25,18,22,10,26,24,26,0,0,0,0,0,0,0,0],"split_type":[0,0,0,0,0,0,0,0,0,0,0,0,0,0,0],"sum_hessian":[1.4096018E3,7.3271295E2,6.7688885E2,5.3837964E2,1.9433333E2,3.51E2,3.258889E2,4.4083334E2,9.7546295E1,9.355556E1,1.0077778E2,2.4298148E2,1.0801852E2,7.7888885E1,2.48E2],"tree_param":{"num_deleted":"0","num_feature":"27","num_nodes":"15","size_leaf_vector":"1"}},{"base_weights":[1.9493654E-2,5.0816184E-1,-9.0790346E-2,1.2429275E-1,8.0147153E-1,8.279104E-2,-3.051333E-1,-6.5347396E-2,4.7249887E-2,9.304747E-2,-0E0,-3.293858E-3,4.833989E-2,-4.5493275E-2,1.689509E-2],"categories":[],"categories_nodes":[],"categories_segments":[],"categories_sizes":[],"default_left":[0,0,0,0,0,0,0,0,0,0,0,0,0,0,0],"id":1,"left_children":[1,3,5,7,9,11,13,-1,-1,-1,-1,-1,-1,-1,-1],"loss_changes":[7.822201E1,2.797889E1,4.391702E1,3.3030685E1,1.8284668E1,3.1034256E1,3.9234486E1,0E0,0E0,0E0,0E0,0E0,0E0,0E0,0E0],"parents":[2147483647,0,0,1,1,2,2,3,3,4,4,5,5,6,6],"right_children":[2,4,6,8,10,12,14,-1,-1,-1,-1,-1,-1,-1,-1],"split_conditions":[4.1909553E-2,7.5995566E-5,8.4159213E-1,3.16095E-2,1.1752143E1,7.110908E1,2.7440014E-1,-6.5347396E-2,4.7249887E-2,9.304747E-2,-0E0,-3.293858E-3,4.833989E-2,-4.5493275E-2,1.689509E-2],"split_indices":[9,24,22,3,22,21,3,0,0,0,0,0,0,0,0],"split_type":[0,0,0,0,0,0,0,0,0,0,0,0,0,0,0],"sum_hessian":[1.4323898E3,2.669345E2,1.1654553E3,1.1947975E2,1.4745474E2,6.384392E2,5.270161E2,3.4835194E1,8.4644554E1,1.282086E2,1.9246141E1,4.9244504E2,1.4599414E2,4.0202115E2,1.2499499E2],"tree_param":{"num_deleted":"0","num_feature":"27","num_nodes":"15","size_leaf_vector":"1"}},{"base_weights":[-2.4210548E-2,4.814887E-1,-1.1226472E-1,-0E0,1.0670083E0,-2.0431085E-1,4.1553733E-1,8.402712E-2,-2.1161083E-2,1.1271419E-1,-1.398355E-2,-5.081293E-3,-5.5459384E-2,5.5026706E-2,-1.1237219E-1],"categories":[],"categories_nodes":[],"categories_segments":[],"categories_sizes":[],"default_left":[0,0,0,0,0,0,0,0,0,0,0,0,0,0,0],"id":2,"left_children":[1,3,5,7,9,11,13,-1,-1,-1,-1,-1,-1,-1,-1],"loss_changes":[6.204244E1,5.8026146E1,5.8196968E1,2.0653711E1,1.0144836E1,5.4608162E1,3.7111958E1,0E0,0E0,0E0,0E0,0E0,0E0,0E0,0E0],"parents":[2147483647,0,0,1,1,2,2,3,3,4,4,5,5,6,6],"right_children":[2,4,6,8,10,12,14,-1,-1,-1,-1,-1,-1,-1,-1],"split_conditions":[3.8277473E-2,4.136947E-2,7.742487E1,-1.3019799E-2,1.4880952E-2,9.197815E-3,2.760181E-1,8.402712E-2,-2.1161083E-2,1.1271419E-1,-1.398355E-2,-5.081293E-3,-5.5459384E-2,5.5026706E-2,-1.1237219E-1],"split_indices":[9,19,21,17,23,0,19,0,0,0,0,0,0,0,0],"split_type":[0,0,0,0,0,0,0,0,0,0,0,0,0,0,0],"sum_hessian":[1.4100906E3,2.0474916E2,1.2053414E3,1.1277656E2,9.19726E1,1.0304381E3,1.749033E2,2.211925E1,9.065731E1,8.880137E1,3.171231E0,7.2494403E2,3.0549402E2,1.6232288E2,1.2580427E1],"tree_param":{"num_deleted":"0","num_feature":"27","num_nodes":"15","size_leaf_vector":"1"}},{"base_weights":[-2.5612922E-2,1.8696858E-1,-2.7708814E-1,4.7177655E-1,-1.7576838E-1,-1.5891956E-1,-9.47348E-1,1.4791027E-1,4.088094E-2,1.1010125E-3,-4.4008072E-2,4.342785E-2,-2.816883E-2,-3.1225836E-2,-1.1865108E-1],"categories":[],"categories_nodes":[],"categories_segments":[],"categories_sizes":[],"default_left":[0,0,0,0,0,0,0,0,0,0,0,0,0,0,0],"id":3,"left_children":[1,3,5,7,9,11,13,-1,-1,-1,-1,-1,-1,-1,-1],"loss_changes":[7.611762E1,7.974423E1,4.9281322E1,2.1459442E1,1.7672543E1,4.161858E1,1.1245964E1,0E0,0E0,0E0,0E0,0E0,0E0,0E0,0E0],"parents":[2147483647,0,0,1,1,2,2,3,3,4,4,5,5,6,6],"right_children":[2,4,6,8,10,12,14,-1,-1,-1,-1,-1,-1,-1,-1],"split_conditions":[5.0348952E-2,2.9748283E-2,2.4573987E-2,2.091117E-2,-3.048925E-3,-2.2541137E-1,6.498055E-2,1.4791027E-1,4.088094E-2,1.1010125E-3,-4.4008072E-2,4.342785E-2,-2.816883E-2,-3.1225836E-2,-1.1865108E-1],"split_indices":[25,18,0,25,0,3,25,0,0,0,0,0,0,0,0],"split_type":[0,0,0,0,0,0,0,0,0,0,0,0,0,0,0],"sum_hessian":[1.418352E3,7.638754E2,6.544766E2,4.312385E2,3.326369E2,5.6015106E2,9.432551E1,2.0615969E1,4.1062253E2,1.914714E2,1.411655E2,9.3547844E1,4.6660324E2,2.973126E1,6.459425E1],"tree_param":{"num_deleted":"0","num_feature":"27","num_nodes":"15","size_leaf_vector":"1"}},{"base_weights":[1.7422896E-2,2.3790108E-1,-2.2486265E-1,3.6254382E-1,-9.319451E-2,-1.0397765E-1,-8.2758033E-1,6.4946845E-2,1.857967E-2,1.3247694E-2,-9.458987E-2,5.7292882E-2,-2.1854898E-2,-0E0,-9.4184466E-2],"categories":[],"categories_nodes":[],"categories_segments":[],"categories_sizes":[],"default_left":[0,0,0,0,0,0,0,0,0,0,0,0,0,0,0],"id":4,"left_children":[1,3,5,7,9,11,13,-1,-1,-1,-1,-1,-1,-1,-1],"loss_changes":[7.677373E1,3.1877506E1,4.7343693E1,2.6417648E1,4.1515263E1,4.4512432E1,1.1597816E1,0E0,0E0,0E0,0E0,0E0,0E0,0E0,0E0],"parents":[2147483647,0,0,1,1,2,2,3,3,4,4,5,5,6,6],"right_children":[2,4,6,8,10,12,14,-1,-1,-1,-1,-1,-1,-1,-1],"split_conditions":[5.0348952E-2,5.0347224E-2,5.038781E-2,-2.9349763E0,7.477483E-1,-2.4254405E-1,3.0303031E-2,6.4946845E-2,1.857967E-2,1.3247694E-2,-9.458987E-2,5.7292882E-2,-2.1854898E-2,-0E0,-9.4184466E-2],"split_indices":[25,18,10,22,6,3,15,0,0,0,0,0,0,0,0],"split_type":[0,0,0,0,0,0,0,0,0,0,0,0,0,0,0],"sum_hessian":[1.4349312E3,7.561555E2,6.787756E2,5.542372E2,2.0191835E2,5.693374E2,1.0943818E2,2.0209483E2,3.5214233E2,1.5830525E2,4.3613087E1,7.968922E1,4.896482E2,1.3631041E1,9.580714E1],"tree_param":{"num_deleted":"0","num_feature":"27","num_nodes":"15","size_leaf_vector":"1"}},{"base_weights":[-2.006083E-2,-3.2116848E-1,1.6168745E-1,6.3310397E-1,-4.0479106E-1,2.2364916E-1,-8.5097945E-1,9.522034E-2,-5.392584E-2,-4.339056E-3,-6.815847E-2,2.7360814E-2,-8.315916E-2,-1.6819294E-1,-2.0653412E-2],"categories":[],"categories_nodes":[],"categories_segments":[],"categories_sizes":[],"default_left":[0,0,0,0,0,0,0,0,0,0,0,0,0,0,0],"id":5,"left_children":[1,3,5,7,9,11,13,-1,-1,-1,-1,-1,-1,-1,-1],"loss_changes":[7.825664E1,4.283147E1,5.415675E1,1.7425446E1,4.924427E1,4.5181908E1,2.2000355E1,0E0,0E0,0E0,0E0,0E0,0E0,0E0,0E0],"parents":[2147483647,0,0,1,1,2,2,3,3,4,4,5,5,6,6],"right_children":[2,4,6,8,10,12,14,-1,-1,-1,-1,-1,-1,-1,-1],"split_conditions":[3.4872264E-2,-3.0097863E-1,7.71892E-2,6.635071E-2,4.924118E-2,2.31891E-1,3.6254997E1,9.522034E-2,-5.392584E-2,-4.339056E-3,-6.815847E-2,2.7360814E-2,-8.315916E-2,-1.6819294E-1,-2.0653412E-2],"split_indices":[5,3,18,19,25,19,21,0,0,0,0,0,0,0,0],"split_type":[0,0,0,0,0,0,0,0,0,0,0,0,0,0,0],