{"learner":{"attributes":{"scikit_learn":"{\"_estimator_type\": \"classifier\"}"},"feature_names":["bias_week","bias_month","bias_quarter","bias_year","rsi","macd","macd_signal","vol_change","close_change","bb_width","return_5d","k_upper","k_lower","k_body","buy_power","rs_5d","obv","atr_ratio","trend_strength"],"feature_types":["float","float","float","float","float","float","float","float","float","float","float","float","float","float","float","float","float","float","float"],"gradient_booster":{"model":{"cats":{"enc":[],"feature_segments":[],"sorted_idx":[]},"gbtree_model_param":{"num_parallel_tree":"1","num_trees":"18"},"iteration_indptr":[0,1,2,3,4,5,6,7,8,9,10,11,12,13,14,15,16,17,18],"tree_info":[0,0,0,0,0,0,0,0,0,0,0,0,0,0,0,0,0,0],"trees":[{"base_weights":[-0E0,-1.2285851E-1,4.6793246E-1,-3.8422668E-1,1.3077284E-1,9.7206995E-2,1.697066E-2,-9.56455E-2,-2.2131203E-2,7.6996855E-2,2.5736378E-3],"categories":[],"categories_nodes":[],"categories_segments":[],"categories_sizes":[],"default_left":[0,0,0,0,0,0,0,0,0,0,0],"id":0,"left_children":[1,3,5,7,9,-1,-1,-1,-1,-1,-1],"loss_changes":[1.892386E1,1.8777765E1,7.650547E0,1.0354086E1,7.3260965E0,0E0,0E0,0E0,0E0,0E0,0E0],"parents":[2147483647,0,0,1,1,2,2,3,3,4,4],"right_children":[2,4,6,8,10,-1,-1,-1,-1,-1,-1],"split_conditions":[7.87011E-2,7.8227766E-2,-1.9379754E-2,2.2545358E-2,-1.5336455E-1,9.7206995E-2,1.697066E-2,-9.56455E-2,-2.2131203E-2,7.6996855E-2,2.5736378E-3],"split_indices":[17,3,10,18,6,0,0,0,0,0,0],"split_type":[0,0,0,0,0,0,0,0,0,0,0],"sum_hessian":[3.4192462E2,2.745053E2,6.741932E1,1.3954863E2,1.3495668E2,2.1891026E1,4.5528294E1,2.7215185E1,1.1233344E2,1.5782494E1,1.1917419E2],"tree_param":{"num_deleted":"0","num_feature":"19","num_nodes":"11","size_leaf_vector":"1"}},{"base_weights":[2.8825533E-3,-1.5096924E-1,3.7571773E-1,-4.0216303E-1,8.582589E-2,5.3295183E-1,-0E0,8.9649595E-3,-5.1900476E-2,2.0800296E-2,-4.172833E-2,2.6206894E-2,9.3765326E-2],"categories":[],"categories_nodes":[],"categories_segments":[],"categories_sizes":[],"default_left":[0,0,0,0,0,0,0,0,0,0,0,0,0],"id":1,"left_children":[1,3,5,7,9,11,-1,-1,-1,-1,-1,-1,-1],"loss_changes":[1.9983397E1,1.4758221E1,6.848754E0,8.084444E0,6.868472E0,5.6233387E0,0E0,0E0,0E0,0E0,0E0,0E0,0E0],"parents":[2147483647,0,0,1,1,2,2,3,3,4,4,5,5],"right_children":[2,4,6,8,10,12,-1,-1,-1,-1,-1,-1,-1],"split_conditions":[8.6562455E-2,7.578604E-2,2.3245504E-2,-7.022728E-2,3.8362408E-1,3.9162865E-4,-0E0,8.9649595E-3,-5.1900476E-2,2.0800296E-2,-4.172833E-2,2.6206894E-2,9.3765326E-2],"split_indices":[9,3,0,2,3,16,0,0,0,0,0,0,0],"split_type":[0,0,0,0,0,0,0,0,0,0,0,0,0],"sum_hessian":[3.39389E2,2.3600157E2,1.0338745E2,1.1911262E2,1.1688895E2,7.545546E1,2.7931997E1,1.98248E1,9.928782E1,9.75346E1,1.9354347E1,4.9064754E1,2.6390701E1],"tree_param":{"num_deleted":"0","num_feature":"19","num_nodes":"13","size_leaf_vector":"1"}},{"base_weights":[-8.651538E-3,-1.6218531E-1,3.181843E-1,-2.0719156E-1,2.6912525E-2,4.755275E-2,-4.007229E-3,-1.2112573E-2,-4.9679175E-2],"categories":[],"categories_nodes":[],"categories_segments":[],"categories_sizes":[],"default_left":[0,0,0,0,0,0,0,0,0],"id":2,"left_children":[1,3,5,7,-1,-1,-1,-1,-1],"loss_changes":[1.6958584E1,4.5303288E0,7.0921745E0,4.127947E0,0E0,0E0,0E0,0E0,0E0],"parents":[2147483647,0,0,1,1,2,2,3,3],"right_children":[2,4,6,8,-1,-1,-1,-1,-1],"split_conditions":[8.4991716E-2,8.066536E-2,2.3245504E-2,4.999975E-1,2.6912525E-2,4.755275E-2,-4.007229E-3,-1.2112573E-2,-4.9679175E-2],"split_indices":[9,17,0,12,0,0,0,0,0],"split_type":[0,0,0,0,0,0,0,0,0],"sum_hessian":[3.448035E2,2.3931877E2,1.0548473E2,2.2155714E2,1.7761625E1,7.709317E1,2.8391567E1,1.7781436E2,4.3742775E1],"tree_param":{"num_deleted":"0","num_feature":"19","num_nodes":"9","size_leaf_vector":"1"}},{"base_weights":[-1.4425288E-2,-9.2258945E-2,4.6731678E-1,-2.8041744E-1,8.620229E-2,1.1206242E-1,-0E0,1.0368797E-2,-3.554296E-2,2.1747384E-2,-1.6011868E-2,-3.3208627E-2,4.4581465E-2],"categories":[],"categories_nodes":[],"categories_segments":[],"categories_sizes":[],"default_left":[0,0,0,0,0,0,0,0,0,0,0,0,0],"id":3,"left_children":[1,3,5,7,9,-1,11,-1,-1,-1,-1,-1,-1],"loss_changes":[1.2127232E1,1.0576353E1,1.1171583E1,5.165148E0,5.0356812E0,0E0,4.456483E0,0E0,0E0,0E0,0E0,0E0,0E0],"parents":[2147483647,0,0,1,1,2,2,3,3,4,4,6,6],"right_children":[2,4,6,8,10,-1,12,-1,-1,-1,-1,-1,-1],"split_conditions":[9.1160335E-2,7.8227766E-2,-1.193955E-1,-2.7667584E0,3.4090847E-2,1.1206242E-1,7.092012E-2,1.0368797E-2,-3.554296E-2,2.1747384E-2,-1.6011868E-2,-3.3208627E-2,4.4581465E-2],"split_indices":[17,3,3,6,10,0,3,0,0,0,0,0,0],"split_type":[0,0,0,0,0,0,0,0,0,0,0,0,0],"sum_hessian":[3.4581308E2,3.017957E2,4.4017376E1,1.530343E2,1.487614E2,1.6222359E1,2.779502E1,2.0875305E1,1.32159E2,1.0270098E2,4.606042E1,1.31445265E1,1.4650493E1],"tree_param":{"num_deleted":"0","num_feature":"19","num_nodes":"13","size_leaf_vector":"1"}},{"base_weights":[1.5109306E-2,-4.2749494E-2,6.625945E-2,-1.6734311E-1,2.0188825E-1,-1.02804145E-2,-6.2730335E-2,7.1676336E-2,7.6255444E-3],"categories":[],"categories_nodes":[],"categories_segments":[],"categories_sizes":[],"default_left":[0,0,0,0,0,0,0,0,0],"id":4,"left_children":[1,3,-1,5,7,-1,-1,-1,-1],"loss_changes":[1.4314775E1,9.394826E0,0E0,4.6164455E0,4.6224833E0,0E0,0E0,0E0,0E0],"parents":[2147483647,0,0,1,1,3,3,4,4],"right_children":[2,4,-1,6,8,-1,-1,-1,-1],"split_conditions":[6.9527575E-3,8.131955E-2,6.625945E-2,1.15832835E-1,-2.1876684E-1,-1.02804145E-2,-6.2730335E-2,7.1676336E-2,7.6255444E-3],"split_indices":[16,9,0,2,3,0,0,0,0],"split_type":[0,0,0,0,0,0,0,0,0],"sum_hessian":[3.4152707E2,3.106171E2,3.0909958E1,2.1192455E2,9.869255E1,1.907362E2,2.1188343E1,1.5545451E1,8.31471E1],"tree_param":{"num_deleted":"0","num_feature":"19","num_nodes":"9","size_leaf_vector":"1"}},{"base_weights":[7.2413967E-3,-6.542236E-2,3.2933837E-1,7.4438125E-2,-1.2494837E-1,6.398719E-2,2.30838E-3,-2.910556E-2,1.2893464E-2],"categories":[],"categories_nodes":[],"categories_segments":[],"categories_sizes":[],"default_left":[0,0,0,0,0,0,0,0,0],"id":5,"left_children":[1,3,5,-1,7,-1,-1,-1,-1],"loss_changes":[8.568206E0,1.1818415E1,5.1028852E0,0E0,1.1381233E1,0E0,0E0,0E0,0E0],"parents":[2147483647,0,0,1,1,2,2,4,4],"right_children":[2,4,6,-1,8,-1,-1,-1,-1],"split_conditions":[7.8158975E-2,-1.0237609E-1,-1.9999832E-1,7.4438125E-2,1.0449772E-2,6.398719E-2,2.30838E-3,-2.910556E-2,1.2893464E-2],"split_indices":[17,2,13,0,15,0,0,0,0],"split_type":[0,0,0,0,0,0,0,0,0],"sum_hessian":[3.405162E2,2.7217685E2,6.8339355E1,1.5872004E1,2.5630484E2,2.9972252E1,3.83671E1,1.5964357E2,9.6661285E1],"tree_param":{"num_deleted":"0","num_feature":"19","num_nodes":"9","size_leaf_vector":"1"}},{"base_weights":[1.3938779E-2,-7.322332E-2,2.9706168E-1,-1.1387608E-1,4.8336007E-2,6.126395E-2,7.896549E-2,-4.0064044E-3,-3.7307795E-2,-2.1963922E-2,3.698325E-2],"categories":[],"categories_nodes":[],"categories_segments":[],"categories_sizes":[],"default_left":[0,0,0,0,0,0,0,0,0,0,0],"id":6,"left_children":[1,3,5,7,-1,-1,9,-1,-1,-1,-1],"loss_changes":[8.803639E0,4.8828917E0,4.3850994E0,3.6439583E0,0E0,0E0,5.2028246E0,0E0,0E0,0E0,0E0],"parents":[2147483647,0,0,1,1,2,2,3,3,6,6],"right_children":[2,4,6,8,-1,-1,10,-1,-1,-1,-1],"split_conditions":[9.399175E-2,7.7670775E-3,-8.169947E-3,2.0289743E0,4.8336007E-2,6.126395E-2,3.8063835E-4,-4.0064044E-3,-3.7307795E-2,-2.1963922E-2,3.698325E-2],"split_indices":[9,16,10,5,0,0,16,0,0,0,0],"split_type":[0,0,0,0,0,0,0,0,0,0,0],"sum_hessian":[3.3615033E2,2.5097887E2,8.517147E1,2.3781427E2,1.3164605E1,3.0244171E1,5.4927296E1,1.925397E2,4.527456E1,2.3377495E1,3.1549803E1],"tree_param":{"num_deleted":"0","num_feature":"19","num_nodes":"11","size_leaf_vector":"1"}},{"base_weights":[-1.4852864E-2,-1.3760024E-1,3.4592238E-1,-3.2390466E-1,1.3512823E-2,-0E0,5.6461092E-2,4.7535796E-2,-4.230987E-2,5.8545146E-2,-6.3784067E-3,5.147948E-2,-3.755519E-2],"categories":[],"categories_nodes":[],"categories_segments":[],"categories_sizes":[],"default_left":[0,0,0,0,0,0,0,0,0,0,0,0,0],"id":7,