{"learner":{"attributes":{"scikit_learn":"{\"_estimator_type\": \"classifier\"}"},"feature_names":["bias_week","bias_month","bias_quarter","bias_year","rsi","macd","macd_signal","vol_change","close_change","bb_width","return_5d","k_upper","k_lower","k_body","buy_power","rs_5d"],"feature_types":["float","float","float","float","float","float","float","float","float","float","float","float","float","float","float","float"],"gradient_booster":{"model":{"cats":{"enc":[],"feature_segments":[],"sorted_idx":[]},"gbtree_model_param":{"num_parallel_tree":"1","num_trees":"15"},"iteration_indptr":[0,1,2,3,4,5,6,7,8,9,10,11,12,13,14,15],"tree_info":[0,0,0,0,0,0,0,0,0,0,0,0,0,0,0],"trees":[{"base_weights":[-0E0,6.6998833E-1,-4.4697575E-2,1.1358061E-1,-0E0,-2.8906379E-2,1.9309881E-1,3.399075E-2,-1.103697E-2],"categories":[],"categories_nodes":[],"categories_segments":[],"categories_sizes":[],"default_left":[0,0,0,0,0,0,0,0,0],"id":0,"left_children":[1,3,5,-1,-1,-1,7,-1,-1],"loss_changes":[1.1606849E1,6.5557737E0,1.9847578E1,0E0,0E0,0E0,8.0669365E0,0E0,0E0],"parents":[2147483647,0,0,1,1,2,2,6,6],"right_children":[2,4,6,-1,-1,-1,8,-1,-1],"split_conditions":[-2.1891233E-1,-2.3772757E0,7.8227594E-2,1.1358061E-1,-0E0,-2.8906379E-2,3.8775513E-1,3.399075E-2,-1.103697E-2],"split_indices":[3,6,3,0,0,0,12,0,0],"split_type":[0,0,0,0,0,0,0,0,0],"sum_hessian":[3.5868817E2,2.4290533E1,3.343976E2,1.3266946E1,1.1023587E1,1.6877177E2,1.6562585E2,1.1601716E2,4.9608692E1],"tree_param":{"num_deleted":"0","num_feature":"16","num_nodes":"9","size_leaf_vector":"1"}},{"base_weights":[-0E0,-1.058364E-1,5.5770564E-1,5.588528E-2,-1.4822082E-1,7.132537E-2,-0E0,-3.2584704E-2,-0E0],"categories":[],"categories_nodes":[],"categories_segments":[],"categories_sizes":[],"default_left":[0,0,0,0,0,0,0,0,0],"id":1,"left_children":[1,3,5,-1,7,-1,-1,-1,-1],"loss_changes":[2.0941444E1,7.664717E0,5.535206E0,0E0,8.35034E0,0E0,0E0,0E0,0E0],"parents":[2147483647,0,0,1,1,2,2,4,4],"right_children":[2,4,6,-1,8,-1,-1,-1,-1],"split_conditions":[1.1466981E-1,-6.639732E-2,3.3112466E-2,5.588528E-2,-1.5365429E-3,7.132537E-2,-0E0,-3.2584704E-2,-0E0],"split_indices":[9,1,0,0,15,0,0,0,0],"split_type":[0,0,0,0,0,0,0,0,0],"sum_hessian":[3.5926062E2,3.0292236E2,5.6338264E1,1.4817866E1,2.881045E2,4.4572033E1,1.1766231E1,1.3599362E2,1.5211087E2],"tree_param":{"num_deleted":"0","num_feature":"16","num_nodes":"9","size_leaf_vector":"1"}},{"base_weights":[-1.0760912E-2,4.3115473E-1,-6.1508402E-2,8.107774E-2,-0E0,-2.883275E-1,1.1031811E-1,-4.022222E-2,2.3715315E-2,6.400971E-2,1.378858E-3],"categories":[],"categories_nodes":[],"categories_segments":[],"categories_sizes":[],"default_left":[0,0,0,0,0,0,0,0,0,0,0],"id":2,"left_children":[1,3,5,-1,-1,7,9,-1,-1,-1,-1],"loss_changes":[7.2830944E0,5.5129695E0,1.3233955E1,0E0,0E0,9.499368E0,7.885401E0,0E0,0E0,0E0,0E0],"parents":[2147483647,0,0,1,1,2,2,5,5,6,6],"right_children":[2,4,6,-1,-1,8,10,-1,-1,-1,-1],"split_conditions":[-2.0219116E-1,-1.0033299E-2,6.101579E-2,8.107774E-2,-0E0,4.26647E-2,-2.3988056E-1,-4.022222E-2,2.3715315E-2,6.400971E-2,1.378858E-3],"split_indices":[3,10,3,0,0,1,6,0,0,0,0],"split_type":[0,0,0,0,0,0,0,0,0,0,0],"sum_hessian":[3.6175015E2,3.262631E1,3.2912384E2,1.7276001E1,1.5350307E1,1.4749348E2,1.8163037E2,1.2420035E2,2.329313E1,2.4099176E1,1.5753119E2],"tree_param":{"num_deleted":"0","num_feature":"16","num_nodes":"11","size_leaf_vector":"1"}},{"base_weights":[-8.123918E-3,-5.5390015E-2,2.8171563E-1,7.244792E-2,-2.0416247E-2,6.0945187E-2,-0E0,6.942464E-2,-2.6832268E-4],"categories":[],"categories_nodes":[],"categories_segments":[],"categories_sizes":[],"default_left":[0,0,0,0,0,0,0,0,0],"id":3,"left_children":[1,3,5,7,-1,-1,-1,-1,-1],"loss_changes":[4.4616327E0,6.4304338E0,4.8176136E0,9.316055E0,0E0,0E0,0E0,0E0,0E0],"parents":[2147483647,0,0,1,1,2,2,3,3],"right_children":[2,4,6,8,-1,-1,-1,-1,-1],"split_conditions":[6.4771615E-2,1.5315035E-3,2.7777823E-2,-3.0889392E0,-2.0416247E-2,6.0945187E-2,-0E0,6.942464E-2,-2.6832268E-4],"split_indices":[1,10,0,5,0,0,0,0,0],"split_type":[0,0,0,0,0,0,0,0,0],"sum_hessian":[3.627556E2,3.1863507E2,4.412053E1,1.6416602E2,1.5446907E2,2.1979166E1,2.2141361E1,2.0700834E1,1.4346518E2],"tree_param":{"num_deleted":"0","num_feature":"16","num_nodes":"9","size_leaf_vector":"1"}},{"base_weights":[3.2661144E-2,-1.0053654E-1,3.334375E-1,-2.626573E-1,1.718886E-2,8.062681E-2,2.2751376E-1,-4.0253308E-2,5.890144E-3,1.885759E-2,-2.7041374E-2,-6.9321045E-3,4.2551123E-2],"categories":[],"categories_nodes":[],"categories_segments":[],"categories_sizes":[],"default_left":[0,0,0,0,0,0,0,0,0,0,0,0,0],"id":4,"left_children":[1,3,5,7,9,-1,11,-1,-1,-1,-1,-1,-1],"loss_changes":[1.4906657E1,5.203376E0,3.4980335E0,5.877904E0,6.4896107E0,0E0,6.7094646E0,0E0,0E0,0E0,0E0,0E0,0E0],"parents":[2147483647,0,0,1,1,2,2,3,3,4,4,6,6],"right_children":[2,4,6,8,10,-1,12,-1,-1,-1,-1,-1,-1],"split_conditions":[8.429713E-2,6.101579E-2,-2.1891233E-1,6.2299725E-3,1.7986069E0,8.062681E-2,-1.3914952E0,-4.0253308E-2,5.890144E-3,1.885759E-2,-2.7041374E-2,-6.9321045E-3,4.2551123E-2],"split_indices":[9,3,3,15,5,0,6,0,0,0,0,0,0],"split_type":[0,0,0,0,0,0,0,0,0,0,0,0,0],"sum_hessian":[3.5883368E2,2.4353941E2,1.15294266E2,1.10467766E2,1.3307164E2,1.6920504E1,9.837376E1,8.131111E1,2.915666E1,8.823209E1,4.4839546E1,3.522508E1,6.314868E1],"tree_param":{"num_deleted":"0","num_feature":"16","num_nodes":"13","size_leaf_vector":"1"}},{"base_weights":[5.295371E-4,-1.1220931E-1,2.776016E-1,-2.5634095E-1,-0E0,5.2049797E-2,4.755639E-1,1.4388674E-2,-3.6465794E-2,1.329849E-2,-3.0175358E-2,4.7686104E-2,-3.3126462E-2,1.1020515E-1,1.8454714E-2],"categories":[],"categories_nodes":[],"categories_segments":[],"categories_sizes":[],"default_left":[0,0,0,0,0,0,0,0,0,0,0,0,0,0,0],"id":5,"left_children":[1,3,5,7,9,11,13,-1,-1,-1,-1,-1,-1,-1,-1],"loss_changes":[1.1643502E1,4.511258E0,3.7262077E0,5.7168045E0,5.166957E0,9.756372E0,6.8689957E0,0E0,0E0,0E0,0E0,0E0,0E0,0E0,0E0],"parents":[2147483647,0,0,1,1,2,2,3,3,4,4,5,5,6,6],"right_children":[2,4,6,8,10,12,14,-1,-1,-1,-1,-1,-1,-1,-1],"split_conditions":[8.66178E-2,6.101579E-2,-7.6852895E-2,-7.266434E-2,2.008889E0,-1.0070793E-1,8.3222255E-2,1.4388674E-2,-3.6465794E-2,1.329849E-2,-3.0175358E-2,4.7686104E-2,-3.3126462E-2,1.1020515E-1,1.8454714E-2],"split_indices":[9,3,5,2,5,3,2,0,0,0,0,0,0,0,0],"split_type":[0,0,0,0,0,0,0,0,0,0,0,0,0,0,0],"sum_hessian":[3.60657E2,2.5059924E2,1.10057755E2,1.1660809E2,1.3399115E2,5.6813366E1,5.3244385E1,2.0904144E1,9.570395E1,9.71027E1,3.6888454E1,2.9677153E1,2.7136211E1,1.4160696E1,3.908369E1],"tree_param":{"num_deleted":"0","num_feature":"16","num_nodes":"15","size_leaf_vector":"1"}},{"base_weights":[2.2800451E-2,5.7592392E-2,-1.6420389E-2,-1.4480065E-1,1.02229446E-1,2.0970842E-2,-2.1371586E-2,1.7009921E-2,-6.103956E-2],"categories":[],"categories_nodes":[],"categories_segments":[],"categories_sizes":[],"default_left":[0,0,0,0,0,0,0,0,0],"id":6,"left_children":[1,-1,3,5,7,-1,-1,-1,-1],"loss_changes":[8.991902E0,0E0,5.0625615E0,4.1826468E0,6.973397E0,0E0,0E0,0E0,0E0],"parents":[2147483647,0,0,2,2,3,3,4,4],"right_children":[2,-1,4,6,8,-1,-1,-1,-1],"split_conditions":[-6.961656E-2,5.7592392E-2,7.8227594E-2,-2.7612278E0,5.386748E-1,2.0970842E-2,-2.1371586E-2,1.7009921E-2,-6.103956E-2],"split_indices":[1,0,3,6,3,0,0,0,0],"split_type":[0,0,0,0,0,0,0,0,0],"sum_hessian":[3.5278568E2,2.6883047E1,3.2590262E2,1.656509E2,1.6025172E2,2.2106472E1,1.4354442E2,1.4906825E2,1.1183475E1],"tree_param":{"num_deleted":"0","num_feature":"16","num_nodes":"9","size_leaf_vector":"1"}},{"base_weights":[-1.4668504E-2,-1.906167E-1,1.03162505E-1,1.7537452E-2,-3.1552006E-2,3.5128348E-2,-0E0,-1.28198555E-2,2.2711227E-2],"categories":[],"categories_nodes":[],"categories_segments":[],"categories_sizes":[],"default_left":[0,0,0,0,0,0,0,0,0],"id":7,"left_children":[1,3,5,-1,-1,-1,7,-1,-1],"loss_changes":[7.8151975E0,7.5831714E0,6.1821866E0,0E0,0E0,0E0,4.104568E0,0E0,0E0],"parents":[2147483647,0,0,1,1,2,2,6,6],"right_children":[2,4,6,-1,-1,-1,8,-1,-1],