{"learner":{"attributes":{"scikit_learn":"{\"_estimator_type\": \"classifier\"}"},"feature_names":["bias_week","bias_month","bias_quarter","bias_year","rsi","macd","macd_signal","vol_change","close_change","bb_width","return_5d","return_10d","k_upper","k_lower","k_body","buy_power","rs_5d","rs_10d","dist_to_20d_high","dist_to_20d_low","kd_k","kd_d","kd_cross","gap_ratio","obv","atr_ratio","trend_strength"],"feature_types":["float","float","float","float","float","float","float","float","float","float","float","float","float","float","float","float","float","float","float","float","float","float","float","float","float","float","float"],"gradient_booster":{"model":{"gbtree_model_param":{"num_parallel_tree":"1","num_trees":"14"},"iteration_indptr":[0,1,2,3,4,5,6,7,8,9,10,11,12,13,14],"tree_info":[0,0,0,0,0,0,0,0,0,0,0,0,0,0],"trees":[{"base_weights":[2.8265636E-2,-6.0083747E-1,1.9442265E-1,-7.061923E-1,3.8315126E-1,6.675343E-1,8.9921296E-2,5.156146E-3,-7.788778E-2,7.243129E-2,-6.688862E-2,7.858234E-2,-1.1240572E-1,3.4880076E-2,-9.257562E-3],"categories":[],"categories_nodes":[],"categories_segments":[],"categories_sizes":[],"default_left":[0,0,0,0,0,0,0,0,0,0,0,0,0,0,0],"id":0,"left_children":[1,3,5,7,9,11,13,-1,-1,-1,-1,-1,-1,-1,-1],"loss_changes":[1.4582063E2,3.107431E1,5.3278336E1,1.7538925E1,1.030448E1,4.4295578E1,4.4569786E1,0E0,0E0,0E0,0E0,0E0,0E0,0E0,0E0],"parents":[2147483647,0,0,1,1,2,2,3,3,4,4,5,5,6,6],"right_children":[2,4,6,8,10,12,14,-1,-1,-1,-1,-1,-1,-1,-1],"split_conditions":[-4.1448776E-2,6.196684E-5,-1.5193138E-1,-4.318043E-2,1.8418111E-1,8.741499E-2,2.4390243E-2,5.156146E-3,-7.788778E-2,7.243129E-2,-6.688862E-2,7.858234E-2,-1.1240572E-1,3.4880076E-2,-9.257562E-3],"split_indices":[1,24,3,24,26,25,18,0,0,0,0,0,0,0,0],"split_type":[0,0,0,0,0,0,0,0,0,0,0,0,0,0,0],"sum_hessian":[1.401953E3,2.8960953E2,1.1123435E3,2.6388974E2,2.5719765E1,1.9650055E2,9.158429E2,2.2227324E1,2.4166243E2,2.1171276E1,4.548488E0,1.8540358E2,1.1096976E1,3.8192368E2,5.3391925E2],"tree_param":{"num_deleted":"0","num_feature":"27","num_nodes":"15","size_leaf_vector":"1"}},{"base_weights":[-9.000629E-3,-6.633665E-1,1.7145872E-1,2.6035753E-1,-7.467821E-1,7.004335E-1,8.936729E-2,7.495619E-2,-1.2154014E-1,-8.0958344E-2,5.022786E-2,1.0273279E-1,-1.395383E-2,-3.7927333E-2,1.8041922E-2],"categories":[],"categories_nodes":[],"categories_segments":[],"categories_sizes":[],"default_left":[0,0,0,0,0,0,0,0,0,0,0,0,0,0,0],"id":1,"left_children":[1,3,5,7,9,11,13,-1,-1,-1,-1,-1,-1,-1,-1],"loss_changes":[1.6639476E2,2.4785843E1,4.569198E1,1.7164827E1,2.5592896E1,4.2518776E1,4.1154026E1,0E0,0E0,0E0,0E0,0E0,0E0,0E0,0E0],"parents":[2147483647,0,0,1,1,2,2,3,3,4,4,5,5,6,6],"right_children":[2,4,6,8,10,12,14,-1,-1,-1,-1,-1,-1,-1,-1],"split_conditions":[-2.9308267E-2,-4.318043E-2,2.4183353E-2,-1.3395736E-1,4.1403785E-2,5.6603502E-2,-2.4355134E-2,7.495619E-2,-1.2154014E-1,-8.0958344E-2,5.022786E-2,1.0273279E-1,-1.395383E-2,-3.7927333E-2,1.8041922E-2],"split_indices":[16,24,26,3,24,9,11,0,0,0,0,0,0,0,0],"split_type":[0,0,0,0,0,0,0,0,0,0,0,0,0,0,0],"sum_hessian":[1.3980083E3,3.0440103E2,1.0936072E3,2.2821766E1,2.8157928E2,1.423544E2,9.512528E2,1.8571798E1,4.249968E0,2.6880704E2,1.2772222E1,1.03564606E2,3.8789795E1,1.5152794E2,7.9972485E2],"tree_param":{"num_deleted":"0","num_feature":"27","num_nodes":"15","size_leaf_vector":"1"}},{"base_weights":[3.8286157E-2,-4.9888355E-1,1.9433698E-1,-8.020112E-1,-2.3789963E-1,5.616047E-1,8.2723E-2,-1.0110524E-1,4.2753104E-2,7.1438305E-2,-3.9798383E-2,1.2306736E-1,2.2006867E-2,2.4611305E-3,7.516066E-2],"categories":[],"categories_nodes":[],"categories_segments":[],"categories_sizes":[],"default_left":[0,0,0,0,0,0,0,0,0,0,0,0,0,0,0],"id":2,"left_children":[1,3,5,7,9,11,13,-1,-1,-1,-1,-1,-1,-1,-1],"loss_changes":[1.1803598E2,2.2457626E1,4.3622414E1,3.9637558E1,2.6877148E1,5.4521797E1,3.1436218E1,0E0,0E0,0E0,0E0,0E0,0E0,0E0,0E0],"parents":[2147483647,0,0,1,1,2,2,3,3,4,4,5,5,6,6],"right_children":[2,4,6,8,10,12,14,-1,-1,-1,-1,-1,-1,-1,-1],"split_conditions":[-2.9859057E-2,-5.501857E-2,5.412969E-2,-1.6708111E-2,-3.9760135E-3,-7.0083626E-2,8.8460594E-1,-1.0110524E-1,4.2753104E-2,7.1438305E-2,-3.9798383E-2,1.2306736E-1,2.2006867E-2,2.4611305E-3,7.516066E-2],"split_indices":[16,16,9,2,24,3,3,0,0,0,0,0,0,0,0],"split_type":[0,0,0,0,0,0,0,0,0,0,0,0,0,0,0],"sum_hessian":[1.4144415E3,3.1472607E2,1.0997155E3,1.4078299E2,1.7394307E2,2.5079472E2,8.489208E2,1.2137963E2,1.9403357E1,2.2891441E1,1.5105164E2,8.066598E1,1.7012875E2,7.8573566E2,6.3185074E1],"tree_param":{"num_deleted":"0","num_feature":"27","num_nodes":"15","size_leaf_vector":"1"}},{"base_weights":[1.1838327E-2,-4.9245703E-1,1.5448724E-1,-7.622235E-1,-1.3275664E-1,7.3104745E-1,5.2012753E-2,-3.308181E-3,-9.448414E-2,2.0315267E-2,-5.6701683E-2,7.8559E-2,-1.1181896E-1,4.4689648E-2,-3.5996719E-3],"categories":[],"categories_nodes":[],"categories_segments":[],"categories_sizes":[],"default_left":[0,0,0,0,0,0,0,0,0,0,0,0,0,0,0],"id":3,"left_children":[1,3,5,7,9,11,13,-1,-1,-1,-1,-1,-1,-1,-1],"loss_changes":[1.0082221E2,2.7770958E1,6.3440063E1,2.1623787E1,2.1158442E1,1.8481796E1,3.4086445E1,0E0,0E0,0E0,0E0,0E0,0E0,0E0,0E0],"parents":[2147483647,0,0,1,1,2,2,3,3,4,4,5,5,6,6],"right_children":[2,4,6,8,10,12,14,-1,-1,-1,-1,-1,-1,-1,-1],"split_conditions":[-3.645418E-2,-4.1475454E-5,3.3390578E-2,-2.1743242E-1,-1.7986478E-2,2.4923744E-2,-1.4624596E-1,-3.308181E-3,-9.448414E-2,2.0315267E-2,-5.6701683E-2,7.8559E-2,-1.1181896E-1,4.4689648E-2,-3.5996719E-3],"split_indices":[1,24,25,2,0,17,3,0,0,0,0,0,0,0,0],"split_type":[0,0,0,0,0,0,0,0,0,0,0,0,0,0,0],"sum_hessian":[1.4103486E3,3.0702563E2,1.103323E3,1.7131255E2,1.3571309E2,1.6238611E2,9.409369E2,3.8120953E1,1.331916E2,7.406513E1,6.1647953E1,1.5888895E2,3.4971604E0,1.7466885E2,7.66268E2],"tree_param":{"num_deleted":"0","num_feature":"27","num_nodes":"15","size_leaf_vector":"1"}},{"base_weights":[3.5287011E-3,-5.348372E-1,1.393376E-1,-6.4490503E-1,4.2499015E-1,6.44121E-1,7.1571045E-2,2.762451E-2,-7.126006E-2,8.2723014E-2,-3.3365525E-2,9.436022E-2,1.3089561E-2,4.9727965E-2,-1.3990148E-3],"categories":[],"categories_nodes":[],"categories_segments":[],"categories_sizes":[],"default_left":[0,0,0,0,0,0,0,0,0,0,0,0,0,0,0],"id":4,"left_children":[1,3,5,7,9,11,13,-1,-1,-1,-1,-1,-1,-1,-1],"loss_changes":[1.02309845E2,3.0418327E1,3.701772E1,1.842569E1,9.86912E0,1.7858421E1,3.7978752E1,0E0,0E0,0E0,0E0,0E0,0E0,0E0,0E0],"parents":[2147483647,0,0,1,1,2,2,3,3,4,4,5,5,6,6],"right_children":[2,4,6,8,10,12,14,-1,-1,-1,-1,-1,-1,-1,-1],"split_conditions":[-4.0577717E-2,6.196684E-5,3.2701325E-2,-5.8006495E-2,2.1495178E-2,3.6092136E-2,-1.6856265E-1,2.762451E-2,-7.126006E-2,8.2723014E-2,-3.3365525E-2,9.436022E-2,1.3089561E-2,4.9727965E-2,-1.3990148E-3],"split_indices":[1,24,25,24,24,26,3,0,0,0,0,0,0,0,0],"split_type":[0,0,0,0,0,0,0,0,0,0,0,0,0,0,0],"sum_hessian":[1.4097563E3,2.801333E2,1.129623E3,2.5367506E2,2.6458252E1,1.2889543E2,1.00072766E3,1.6250818E1,2.3742424E2,1.9086166E1,7.372085E0,7.73663E1,5.1529125E1,1.7003024E2,8.3069745E2],"tree_param":{"num_deleted":"0","num_feature":"27","num_nodes":"15","size_leaf_vector":"1"}},{"base_weights":[-2.3803953E-2,-4.4226196E-1,9.732088E-2,-5.3164184E-1,2.8887352E-1,1.2110735E-1,-1.1183943E0,-2.0311467E-2,-8.5774794E-2,-2.4318814E-2,6.1338626E-2,5.948653E-3,7.392494E-2,-1.4868255E-1,-0E0],"categories":[],"categories_nodes":[],"categories_segments":[],"categories_sizes":[],"default_left":[0,0,0,0,0,0,0,0,0,0,0,0,0,0,0],"id":5,"left_children":[1,3,5,7,9,11,13,-1,-1,-1,-1,-1,-1,-1,-1],"loss_changes":[7.179058E1,2.1504753E1,2.9171755E1,2.86809E1,6.694459E0,3.8759094E1,9.653807E0,0E0,0E0,0E0,0E0,0E0,0E0,0E0,0E0],"parents":[2147483647,0,0,1,1,2,2,3,3,4,4,5,5,6,6],"right_children":[2,4,6,8,10,12,14,-1,-1,-1,-1,-1,-1,-1,-1],"split_conditions":[-3.5915527E-2,3.150188E-1,9.631448E-2,-1.0357045E-1,-2.9558998E-1,2.7011567E-1,6.83444E-1,-2.0311467E-2,-8.5774794E-2,-2.4318814E-2,6.1338626E-2,5.948653E-3,7.392494E-2,-1.4868255E-1,-0E0],