{"learner":{"attributes":{"scikit_learn":"{\"_estimator_type\": \"classifier\"}"},"feature_names":["bias_week","bias_month","bias_quarter","bias_year","rsi","macd","macd_signal","vol_change","close_change","bb_width","return_5d","k_upper","k_lower","k_body","buy_power","rs_5d","obv","atr_ratio","trend_strength"],"feature_types":["float","float","float","float","float","float","float","float","float","float","float","float","float","float","float","float","float","float","float"],"gradient_booster":{"model":{"cats":{"enc":[],"feature_segments":[],"sorted_idx":[]},"gbtree_model_param":{"num_parallel_tree":"1","num_trees":"11"},"iteration_indptr":[0,1,2,3,4,5,6,7,8,9,10,11],"tree_info":[0,0,0,0,0,0,0,0,0,0,0],"trees":[{"base_weights":[2.6560514E-3,-1.7393604E-1,4.352447E-1,8.76491E-2,-2.5778034E-1,-1.4755789E-3,5.268658E-2,-3.280244E-2,3.769462E-2],"categories":[],"categories_nodes":[],"categories_segments":[],"categories_sizes":[],"default_left":[0,0,0,0,0,0,0,0,0],"id":0,"left_children":[1,3,5,-1,7,-1,-1,-1,-1],"loss_changes":[2.2755526E1,1.6548502E1,4.953993E0,0E0,8.708848E0,0E0,0E0,0E0,0E0],"parents":[2147483647,0,0,1,1,2,2,4,4],"right_children":[2,4,6,-1,8,-1,-1,-1,-1],"split_conditions":[9.392729E-2,-2.408764E-1,-7.916668E-1,8.76491E-2,4.433731E-1,-1.4755789E-3,5.268658E-2,-3.280244E-2,3.769462E-2],"split_indices":[18,3,13,0,3,0,0,0,0],"split_type":[0,0,0,0,0,0,0,0,0],"sum_hessian":[2.900125E2,2.0227455E2,8.773794E1,1.282946E1,1.894451E2,1.1288216E1,7.644972E1,1.7322049E2,1.6224615E1],"tree_param":{"num_deleted":"0","num_feature":"19","num_nodes":"9","size_leaf_vector":"1"}},{"base_weights":[2.1842735E-2,-1.2633465E-1,3.511836E-1,2.2741501E-1,-2.455166E-1,-0E0,5.4502934E-2,-2.2044249E-2,7.2008476E-2,-3.456772E-2,4.366581E-2],"categories":[],"categories_nodes":[],"categories_segments":[],"categories_sizes":[],"default_left":[0,0,0,0,0,0,0,0,0,0,0],"id":1,"left_children":[1,3,5,7,9,-1,-1,-1,-1,-1,-1],"loss_changes":[1.44899E1,8.178177E0,6.866745E0,1.098459E1,1.0330109E1,0E0,0E0,0E0,0E0,0E0,0E0],"parents":[2147483647,0,0,1,1,2,2,3,3,4,4],"right_children":[2,4,6,8,10,-1,-1,-1,-1,-1,-1],"split_conditions":[1.08257994E-1,-9.387176E-2,-4.62684E-5,-2.048407E-2,4.2561266E-1,-0E0,5.4502934E-2,-2.2044249E-2,7.2008476E-2,-3.456772E-2,4.366581E-2],"split_indices":[9,3,16,1,3,0,0,0,0,0,0],"split_type":[0,0,0,0,0,0,0,0,0,0,0],"sum_hessian":[2.8638263E2,1.9282785E2,9.355478E1,4.3809013E1,1.4901883E2,3.2630894E1,6.0923885E1,2.0677725E1,2.313129E1,1.3245818E2,1.6560656E1],"tree_param":{"num_deleted":"0","num_feature":"19","num_nodes":"11","size_leaf_vector":"1"}},{"base_weights":[-1.1757617E-2,-3.2868245E-1,2.1397415E-1,-5.2753936E-2,-9.1875724E-2,-2.0500932E-2,3.0760562E-2,2.876951E-2,-2.9874362E-2],"categories":[],"categories_nodes":[],"categories_segments":[],"categories_sizes":[],"default_left":[0,0,0,0,0,0,0,0,0],"id":2,"left_children":[1,3,5,-1,7,-1,-1,-1,-1],"loss_changes":[2.1263601E1,4.664379E0,7.0028048E0,0E0,5.1090417E0,0E0,0E0,0E0,0E0],"parents":[2147483647,0,0,1,1,2,2,4,4],"right_children":[2,4,6,-1,8,-1,-1,-1,-1],"split_conditions":[4.5753997E-2,5.152323E-3,6.387237E-2,-5.2753936E-2,2.7190173E-2,-2.0500932E-2,3.0760562E-2,2.876951E-2,-2.9874362E-2],"split_indices":[17,1,9,0,2,0,0,0,0],"split_type":[0,0,0,0,0,0,0,0,0],"sum_hessian":[2.9345734E2,1.2621081E2,1.6724654E2,6.2761894E1,6.344891E1,2.6727324E1,1.4051921E2,1.8637026E1,4.4811886E1],"tree_param":{"num_deleted":"0","num_feature":"19","num_nodes":"9","size_leaf_vector":"1"}},{"base_weights":[-4.6170265E-3,-1.5932988E-1,3.2185458E-2,-2.824188E-2,8.54469E-3],"categories":[],"categories_nodes":[],"categories_segments":[],"categories_sizes":[],"default_left":[0,0,0,0,0],"id":3,"left_children":[1,3,-1,-1,-1],"loss_changes":[1.4546633E1,6.7267995E0,0E0,0E0,0E0],"parents":[2147483647,0,0,1,1],"right_children":[2,4,-1,-1,-1],"split_conditions":[6.310212E-2,2.4020184E-2,3.2185458E-2,-2.824188E-2,8.54469E-3],"split_indices":[17,10,0,0,0],"split_type":[0,0,0,0,0],"sum_hessian":[2.9288217E2,2.0390596E2,8.8976204E1,1.4104324E2,6.286272E1],"tree_param":{"num_deleted":"0","num_feature":"19","num_nodes":"5","size_leaf_vector":"1"}},{"base_weights":[-4.1283574E-2,-2.504256E-1,1.8865977E-1,1.1677551E-1,-3.8917506E-1,-1.0161927E-3,3.503582E-1,-3.0635824E-2,6.1575416E-2,-4.6297234E-2,1.5621134E-2,1.0131775E-1,1.5285343E-2],"categories":[],"categories_nodes":[],"categories_segments":[],"categories_sizes":[],"default_left":[0,0,0,0,0,0,0,0,0,0,0,0,0],"id":4,"left_children":[1,3,5,7,9,-1,11,-1,-1,-1,-1,-1,-1],"loss_changes":[1.4457637E1,8.822923E0,5.163318E0,9.247814E0,5.846262E0,0E0,8.090789E0,0E0,0E0,0E0,0E0,0E0,0E0],"parents":[2147483647,0,0,1,1,2,2,3,3,4,4,6,6],"right_children":[2,4,6,8,10,-1,12,-1,-1,-1,-1,-1,-1],"split_conditions":[5.12017E-2,-5.5652224E-2,-1.261638E-5,-2.3462132E-2,1.1315954E-1,-1.0161927E-3,-1.3799128E-1,-3.0635824E-2,6.1575416E-2,-4.6297234E-2,1.5621134E-2,1.0131775E-1,1.5285343E-2],"split_indices":[17,3,16,1,9,0,3,0,0,0,0,0,0],"split_type":[0,0,0,0,0,0,0,0,0,0,0,0,0],"sum_hessian":[2.975819E2,1.609707E2,1.366112E2,3.9691242E1,1.21279465E2,5.5038826E1,8.157238E1,1.910914E1,2.0582102E1,1.0983691E2,1.1442556E1,1.5787163E1,6.578522E1],"tree_param":{"num_deleted":"0","num_feature":"19","num_nodes":"13","size_leaf_vector":"1"}},{"base_weights":[1.7159633E-2,-2.0686151E-1,1.6528894E-1,-4.323807E-1,-0E0,1.0503588E-2,8.4640995E-2,-0E0,-6.008147E-2,3.86815E-2,-1.7224457E-2],"categories":[],"categories_nodes":[],"categories_segments":[],"categories_sizes":[],"default_left":[0,0,0,0,0,0,0,0,0,0,0],"id":5,"left_children":[1,3,5,7,9,-1,-1,-1,-1,-1,-1],"loss_changes":[9.499706E0,4.140273E0,5.1901355E0,4.11847E0,3.7297258E0,0E0,0E0,0E0,0E0,0E0,0E0],"parents":[2147483647,0,0,1,1,2,2,3,3,4,4],"right_children":[2,4,6,8,10,-1,-1,-1,-1,-1,-1],"split_conditions":[4.446657E-2,-2.985231E-2,1.1224516E-1,-2.1923685E0,4.1813213E-1,1.0503588E-2,8.4640995E-2,-0E0,-6.008147E-2,3.86815E-2,-1.7224457E-2],"split_indices":[17,4,10,5,5,0,0,0,0,0,0],"split_type":[0,0,0,0,0,0,0,0,0,0,0],"sum_hessian":[2.8893912E2,1.0893787E2,1.8000125E2,4.702077E1,6.1917095E1,1.6879262E2,1.1208647E1,1.1867297E1,3.5153477E1,1.5166634E1,4.675046E1],"tree_param":{"num_deleted":"0","num_feature":"19","num_nodes":"11","size_leaf_vector":"1"}},{"base_weights":[-1.3814216E-2,3.4791255E-1,-1.16173014E-1,-1.8318722E-1,8.588492E-2,-6.1896723E-2,-1.5860325E-2,-6.985096E-2,5.342285E-3,-7.998589E-3,6.893649E-2],"categories":[],"categories_nodes":[],"categories_segments":[],"categories_sizes":[],"default_left":[0,0,0,0,0,0,0,0,0,0,0],"id":6,"left_children":[1,3,5,7,-1,-1,9,-1,-1,-1,-1],"loss_changes":[1.0216831E1,1.7810276E1,1.0319462E1,4.8155413E0,0E0,0E0,7.6713595E0,0E0,0E0,0E0,0E0],"parents":[2147483647,0,0,1,1,2,2,3,3,6,6],"right_children":[2,4,6,8,-1,-1,10,-1,-1,-1,-1],"split_conditions":[-2.0590065E0,-5.5704648E-5,-1.2727821E0,1.2914923E-1,8.588492E-2,-6.1896723E-2,4.9865947E0,-6.985096E-2,5.342285E-3,-7.998589E-3,6.893649E-2],"split_indices":[6,16,5,9,0,0,6,0,0,0,0],"split_type":[0,0,0,0,0,0,0,0,0,0,0],"sum_hessian":[2.898849E2,5.9037907E1,2.3084698E2,2.7022041E1,3.2015865E1,3.4306263E1,1.9654073E2,1.1376626E1,1.5645415E1,1.8309683E2,1.3443884E1],"tree_param":{"num_deleted":"0","num_feature":"19","num_nodes":"11","size_leaf_vector":"1"}},{"base_weights":[-3.6117418E-3,-4.788494E-2,6.6871874E-2,-9.640408E-2,2.6456714E-1,1.4277736E-2,-1.837198E-2,-0E0,6.8501376E-2],"categories":[],"categories_nodes":[],"categories_segments":[],"categories_sizes":[],"default_left":[0,0,0,0,0,0,0,0,0],"id":7,"left_children":[1,3,-1,5,7,-1,-1,-1,-1],"loss_changes":[7.4605713E0,3.8779743E0,0E0,5.414506E0,3.826043E0,0E0,0E0,0E0,0E0],"parents":[2147483647,0,0,1,1,3,3,4,4],"right_children":[2,4,-1,6,8,-1,-1,-1,-1],"split_conditions":[1.1224516E-1,4.0887415E-1,6.6871874E-2,-7.659027E-2,2.3529308E-1,1.4277736E-2,-1.837198E-2,-0E0,6.8501376E-2],"split_indices":[10,3,0,2,11,0,0,0,0],"split_type":[0,0,0,0,0,0,0,0,0],