{"learner":{"attributes":{"scikit_learn":"{\"_estimator_type\": \"classifier\"}"},"feature_names":["bias_week","bias_month","bias_quarter","bias_year","rsi","macd","macd_signal","vol_change","close_change","bb_width","return_5d","k_upper","k_lower","k_body","buy_power","rs_5d","obv","atr_ratio","trend_strength"],"feature_types":["float","float","float","float","float","float","float","float","float","float","float","float","float","float","float","float","float","float","float"],"gradient_booster":{"model":{"cats":{"enc":[],"feature_segments":[],"sorted_idx":[]},"gbtree_model_param":{"num_parallel_tree":"1","num_trees":"4"},"iteration_indptr":[0,1,2,3,4],"tree_info":[0,0,0,0],"trees":[{"base_weights":[4.1619246E-3,-1.845368E-1,4.630782E-1,9.060782E-2,-2.7189925E-1,-0E0,5.53789E-2,-3.4016795E-2,3.8084965E-2],"categories":[],"categories_nodes":[],"categories_segments":[],"categories_sizes":[],"default_left":[0,0,0,0,0,0,0,0,0],"id":0,"left_children":[1,3,5,-1,7,-1,-1,-1,-1],"loss_changes":[2.6165014E1,1.8283169E1,5.1263103E0,0E0,8.873736E0,0E0,0E0,0E0,0E0],"parents":[2147483647,0,0,1,1,2,2,4,4],"right_children":[2,4,6,-1,8,-1,-1,-1,-1],"split_conditions":[9.365609E-2,-2.3679313E-1,-7.916693E-1,9.060782E-2,4.449188E-1,-0E0,5.53789E-2,-3.4016795E-2,3.8084965E-2],"split_indices":[18,3,13,0,3,0,0,0,0],"split_type":[0,0,0,0,0,0,0,0,0],"sum_hessian":[2.9474075E2,2.0541248E2,8.932828E1,1.3183746E1,1.9222873E2,1.1437946E1,7.789033E1,1.765832E2,1.5645527E1],"tree_param":{"num_deleted":"0","num_feature":"19","num_nodes":"9","size_leaf_vector":"1"}},{"base_weights":[1.5199392E-2,-7.434431E-2,6.157945E-2,-1.9355781E-1,1.9523308E-1,1.5736694E-2,-3.125024E-2,-0E0,5.0321106E-2],"categories":[],"categories_nodes":[],"categories_segments":[],"categories_sizes":[],"default_left":[0,0,0,0,0,0,0,0,0],"id":1,"left_children":[1,3,-1,5,7,-1,-1,-1,-1],"loss_changes":[1.71533E1,8.115939E0,0E0,8.097792E0,5.252883E0,0E0,0E0,0E0,0E0],"parents":[2147483647,0,0,1,1,3,3,4,4],"right_children":[2,4,-1,6,8,-1,-1,-1,-1],"split_conditions":[7.325072E-2,1.0340136E-1,6.157945E-2,-8.9960486E-2,-1.8603525E-5,1.5736694E-2,-3.125024E-2,-0E0,5.0321106E-2],"split_indices":[1,9,0,3,16,0,0,0,0],"split_type":[0,0,0,0,0,0,0,0,0],"sum_hessian":[2.934776E2,2.5248784E2,4.098977E1,1.808824E2,7.160543E1,4.1619514E1,1.392629E2,4.0651546E1,3.0953884E1],"tree_param":{"num_deleted":"0","num_feature":"19","num_nodes":"9","size_leaf_vector":"1"}},{"base_weights":[-5.823202E-3,-2.246037E-1,2.6900483E-2,-3.4169427E-1,-0E0,8.097443E-3,-4.1872907E-2],"categories":[],"categories_nodes":[],"categories_segments":[],"categories_sizes":[],"default_left":[0,0,0,0,0,0,0],"id":2,"left_children":[1,3,-1,5,-1,-1,-1],"loss_changes":[1.7997225E1,4.954935E0,0E0,4.736394E0,0E0,0E0,0E0],"parents":[2147483647,0,0,1,1,3,3],"right_children":[2,4,-1,6,-1,-1,-1],"split_conditions":[9.1873914E-2,4.8044708E-2,2.6900483E-2,-7.047749E-2,-0E0,8.097443E-3,-4.1872907E-2],"split_indices":[9,17,0,2,0,0,0],"split_type":[0,0,0,0,0,0,0],"sum_hessian":[2.9855222E2,1.7136055E2,1.2719166E2,1.16435E2,5.4925545E1,1.4110911E1,1.0232409E2],"tree_param":{"num_deleted":"0","num_feature":"19","num_nodes":"7","size_leaf_vector":"1"}},{"base_weights":[-1.3394919E-2,-1.62752E-1,3.0128384E-1,-2.7283907E-2,4.857914E-3,4.3379977E-2,-0E0],"categories":[],"categories_nodes":[],"categories_segments":[],"categories_sizes":[],"default_left":[0,0,0,0,0,0,0],"id":3,"left_children":[1,3,5,-1,-1,-1,-1],"loss_changes":[1.3786303E1,5.4622493E0,3.6609411E0,0E0,0E0,0E0,0E0],"parents":[2147483647,0,0,1,1,2,2],"right_children":[2,4,6,-1,-1,-1,-1],"split_conditions":[6.261393E-2,2.4417292E-2,8.528896E-2,-2.7283907E-2,4.857914E-3,4.3379977E-2,-0E0],"split_indices":[17,10,17,0,0,0,0],"split_type":[0,0,0,0,0,0,0],"sum_hessian":[2.998147E2,2.0819868E2,9.161602E1,1.4298929E2,6.5209404E1,6.2591125E1,2.9024895E1],"tree_param":{"num_deleted":"0","num_feature":"19","num_nodes":"7","size_leaf_vector":"1"}}]},"name":"gbtree"},"learner_model_param":{"base_score":"[5E-1]","boost_from_average":"1","num_class":"0","num_feature":"19","num_target":"1"},"objective":{"name":"binary:logistic","reg_loss_param":{"scale_pos_weight":"0.192146152"}}},"version":[3,2,0]}