{"learner":{"attributes":{"scikit_learn":"{\"_estimator_type\": \"classifier\"}"},"feature_names":["bias_week","bias_month","bias_quarter","bias_year","rsi","macd","macd_signal","vol_change","close_change","bb_width","return_5d","k_upper","k_lower","k_body","buy_power","rs_5d"],"feature_types":["float","float","float","float","float","float","float","float","float","float","float","float","float","float","float","float"],"gradient_booster":{"model":{"cats":{"enc":[],"feature_segments":[],"sorted_idx":[]},"gbtree_model_param":{"num_parallel_tree":"1","num_trees":"8"},"iteration_indptr":[0,1,2,3,4,5,6,7,8],"tree_info":[0,0,0,0,0,0,0,0],"trees":[{"base_weights":[2.4929907E-2,6.7672145E-1,-5.9691016E-2,1.6686739E-1,1.2995994E0,-1.2224029E-1,8.691954E-1,4.571642E-1,-8.7877756E-1,-1.4532672E-2,1.4245605E0,-1.6151825E-1,9.186998E-1,9.637831E-1,-2.263786E-2,-2.179419E-2,3.7118744E-2,-1.2063888E-2,-5.0218012E-2,2.8774986E-2,7.882256E-2,-1.1696687E-2,1.9491846E-2,6.277438E-2,9.603131E-4,5.3456426E-2,-2.263786E-2],"categories":[],"categories_nodes":[],"categories_segments":[],"categories_sizes":[],"default_left":[0,0,0,0,0,0,0,0,0,0,0,0,0,0,0,0,0,0,0,0,0,0,0,0,0,0,0],"id":0,"left_children":[1,3,5,7,9,11,13,15,17,-1,19,21,23,25,-1,-1,-1,-1,-1,-1,-1,-1,-1,-1,-1,-1,-1],"loss_changes":[1.9951412E1,1.2982723E1,1.8723982E1,7.6876802E0,4.102457E0,1.2459036E1,2.97962E0,5.2762914E0,2.0263052E-1,0E0,1.3338966E0,1.1709817E1,3.337822E0,3.3642654E0,0E0,0E0,0E0,0E0,0E0,0E0,0E0,0E0,0E0,0E0,0E0,0E0,0E0],"parents":[2147483647,0,0,1,1,2,2,3,3,4,4,5,5,6,6,7,7,8,8,10,10,11,11,12,12,13,13],"right_children":[2,4,6,8,10,12,14,16,18,-1,20,22,24,26,-1,-1,-1,-1,-1,-1,-1,-1,-1,-1,-1,-1,-1],"split_conditions":[-2.3679307E-1,-3.0239511E-2,4.766479E0,-2.5766258E0,-7.668777E0,1.2839867E-1,6.965169E-2,-5.333327E-2,-3.4366226E-1,-1.4532672E-2,5.8825154E-2,3.84871E-1,5.311927E-1,3.4615393E0,-2.263786E-2,-2.179419E-2,3.7118744E-2,-1.2063888E-2,-5.0218012E-2,2.8774986E-2,7.882256E-2,-1.1696687E-2,1.9491846E-2,6.277438E-2,9.603131E-4,5.3456426E-2,-2.263786E-2],"split_indices":[3,1,6,6,5,10,8,8,3,0,14,3,3,7,0,0,0,0,0,0,0,0,0,0,0,0,0],"split_type":[0,0,0,0,0,0,0,0,0,0,0,0,0,0,0,0,0,0,0,0,0,0,0,0,0,0,0],"sum_hessian":[3.5999985E2,4.0563435E1,3.194364E2,2.3002628E1,1.7560806E1,3.0009692E2,1.93395E1,1.8444714E1,4.5579147E0,1.1827832E0,1.6378021E1,2.8999918E2,1.0097751E1,1.8300978E1,1.0385222E0,4.336872E0,1.41078415E1,1.2308702E0,3.3270445E0,3.2120035E0,1.31660185E1,2.5684113E2,3.315803E1,7.0589657E0,3.038785E0,1.7262455E1,1.0385222E0],"tree_param":{"num_deleted":"0","num_feature":"16","num_nodes":"27","size_leaf_vector":"1"}},{"base_weights":[2.632231E-2,-1.4535278E-1,3.6700472E-1,-2.0439647E-1,4.1241804E-1,-3.3980582E-2,5.0486696E-1,4.1703546E-1,-2.5603303E-1,-1.5648474E-1,1.0756444E0,6.3806254E-1,-3.4160012E-1,1.3146358E0,3.2138366E-1,-3.0019183E-2,2.9851547E-2,-1.3725701E-2,6.114762E-2,2.4405157E-2,-2.5794566E-2,1.1534742E-2,6.427927E-2,6.8284474E-2,-2.2051303E-2,7.6336804E-4,-6.120306E-2,4.6656365E-3,7.740749E-2,-7.867719E-3,2.3748899E-2],"categories":[],"categories_nodes":[],"categories_segments":[],"categories_sizes":[],"default_left":[0,0,0,0,0,0,0,0,0,0,0,0,0,0,0,0,0,0,0,0,0,0,0,0,0,0,0,0,0,0,0],"id":1,"left_children":[1,3,5,7,9,11,13,15,17,19,21,23,25,27,29,-1,-1,-1,-1,-1,-1,-1,-1,-1,-1,-1,-1,-1,-1,-1,-1],"loss_changes":[2.1188782E1,8.021232E0,6.726475E0,7.1214247E0,8.997822E0,6.8310685E0,1.3006008E1,3.4993563E0,5.869343E0,3.3722205E0,1.6426163E0,8.762831E0,7.134428E0,4.5248337E0,5.590139E0,0E0,0E0,0E0,0E0,0E0,0E0,0E0,0E0,0E0,0E0,0E0,0E0,0E0,0E0,0E0,0E0],"parents":[2147483647,0,0,1,1,2,2,3,3,4,4,5,5,6,6,7,7,8,8,9,9,10,10,11,11,12,12,13,13,14,14],"right_children":[2,4,6,8,10,12,14,16,18,20,22,24,26,28,30,-1,-1,-1,-1,-1,-1,-1,-1,-1,-1,-1,-1,-1,-1,-1,-1],"split_conditions":[1.0696693E-1,6.451609E-2,-2.734486E-1,-2.967288E0,8.908314E-1,-6.503608E0,-2.3001091E0,-9.309309E-2,4.962876E0,7.4870572E-3,6.405668E-2,-6.798891E-2,-1.1864537E-2,-7.19507E-2,1.5718216E0,-3.0019183E-2,2.9851547E-2,-1.3725701E-2,6.114762E-2,2.4405157E-2,-2.5794566E-2,1.1534742E-2,6.427927E-2,6.8284474E-2,-2.2051303E-2,7.6336804E-4,-6.120306E-2,4.6656365E-3,7.740749E-2,-7.867719E-3,2.3748899E-2],"split_indices":[9,10,4,6,5,6,6,10,6,15,9,15,10,15,5,0,0,0,0,0,0,0,0,0,0,0,0,0,0,0,0],"split_type":[0,0,0,0,0,0,0,0,0,0,0,0,0,0,0,0,0,0,0,0,0,0,0,0,0,0,0,0,0,0,0],"sum_hessian":[3.6037173E2,2.400036E2,1.2036815E2,2.176025E2,2.2401098E1,3.0988543E1,8.93796E1,1.6151175E1,2.0145132E2,1.2469262E1,9.931837E0,9.393272E0,2.159527E1,1.537224E1,7.400736E1,2.0767663E0,1.4074408E1,1.9976945E2,1.6818725E0,4.3355203E0,8.133741E0,2.3943105E0,7.5375266E0,5.451646E0,3.9416265E0,1.6076591E1,5.518679E0,2.6920261E0,1.2680214E1,1.7970531E1,5.603683E1],"tree_param":{"num_deleted":"0","num_feature":"16","num_nodes":"31","size_leaf_vector":"1"}},{"base_weights":[-9.508701E-3,-9.256952E-2,4.733595E-1,4.3298468E-1,-2.0177907E-1,6.19984E-1,-3.0298263E-1,2.4176006E-1,8.630382E-1,-2.3385483E-1,1.1659507E0,4.2239773E-1,1.131863E0,3.629152E-2,-5.7762843E-1,-1.3030039E-3,2.8192421E-2,5.236512E-2,-1.2067272E-2,-1.3064861E-2,4.708773E-2,6.968021E-2,6.97413E-4,3.573931E-2,-9.2987E-3,1.4856507E-2,6.3298784E-2,-4.882923E-2,1.7853811E-2],"categories":[],"categories_nodes":[],"categories_segments":[],"categories_sizes":[],"default_left":[0,0,0,0,0,0,0,0,0,0,0,0,0,0,0,0,0,0,0,0,0,0,0,0,0,0,0,0,0],"id":2,"left_children":[1,3,5,7,9,11,13,15,17,19,21,23,25,-1,27,-1,-1,-1,-1,-1,-1,-1,-1,-1,-1,-1,-1,-1,-1],"loss_changes":[1.4842834E1,1.8205145E1,6.3710213E0,4.2837286E0,1.176853E1,4.17618E0,3.0473344E0,3.3963778E0,3.595169E0,8.532986E0,1.5990896E0,6.3227205E0,9.919224E-1,0E0,3.2939484E0,0E0,0E0,0E0,0E0,0E0,0E0,0E0,0E0,0E0,0E0,0E0,0E0,0E0,0E0],"parents":[2147483647,0,0,1,1,2,2,3,3,4,4,5,5,6,6,7,7,8,8,9,9,10,10,11,11,12,12,14,14],"right_children":[2,4,6,8,10,12,14,16,18,20,22,24,26,-1,28,-1,-1,-1,-1,-1,-1,-1,-1,-1,-1,-1,-1,-1,-1],"split_conditions":[4.8060007E-2,-2.967288E0,7.443593E-1,2.6315913E-1,8.263887E-1,9.141743E-2,7.715554E-2,-4.3396518E-2,7.6000196E-1,4.852708E0,3.657655E-2,4.412804E0,-2.2058824E-2,3.629152E-2,3.5375275E-2,-1.3030039E-3,2.8192421E-2,5.236512E-2,-1.2067272E-2,-1.3064861E-2,4.708773E-2,6.968021E-2,6.97413E-4,3.573931E-2,-9.2987E-3,1.4856507E-2,6.3298784E-2,-4.882923E-2,1.7853811E-2],"split_indices":[15,6,3,12,3,15,15,15,12,6,15,5,0,0,0,0,0,0,0,0,0,0,0,0,0,0,0,0,0],"split_type":[0,0,0,0,0,0,0,0,0,0,0,0,0,0,0,0,0,0,0,0,0,0,0,0,0,0,0,0,0],"sum_hessian":[3.6798438E2,3.1466534E2,5.3319027E1,5.3627327E1,2.6103802E2,4.501806E1,8.300968E0,3.820259E1,1.5424735E1,2.558665E2,5.1715198E0,3.3797394E1,1.1220667E1,1.4029146E0,6.898054E0,2.1360327E1,1.6842264E1,1.3263443E1,2.1612928E0,2.5079001E2,5.0764885E0,4.1430626E0,1.028457E0,2.2708557E1,1.1088835E1,1.9983335E0,9.222334E0,4.8031425E0,2.094911E0],"tree_param":{"num_deleted":"0","num_feature":"16","num_nodes":"29","size_leaf_vector":"1"}},{"base_weights":[8.354729E-3,-1.8756466E-1,3.682957E-1,5.0403184E-1,-2.4936506E-1,6.2311344E-2,5.246423E-1,-3.8109547E-1,1.0126195E0,2.4499895E-1,-3.0555218E-1,-1.5448299E-1,5.606386E-1,1.1678649E0,3.5675356E-1,-3.139301E-2,2.0394245E-2,7.110113E-2,-5.470487E-3,-4.252962E-2,1.9905804E-2,-1.7850973E-2,1.0441928E-2,2.997653E-2,-2.4459582E-2,-1.3986099E-2,4.793765E-2,-3.137296E-2,6.757247E-2,5.3571355E-2,1.2355911E-2],"categories":[],"categories_nodes":[],"categories_segments":[],"categories_sizes":[],"default_left":[0,0,0,0,0,0,0,0,0,0,0,0,0,0,0,0,0,0,0,0,0,0,0,0,0,0,0,0,0,0,0],"id":3,"left_children":[1,3,5,7,9,11,13,15,17,19,21,23,25,27,29,-1,-1,-1,-1,-1,-1,-1,-1,-1,-1,-1,-1,-1,-1,-1,-1],"loss_changes":[2.5957756E1,1.0314405E1,6.1735935E0,9.337574E0,6.1718273E0,4.9488087E0,8.840797E0,1.8103278E0,6.0824156E0,4.189606E0,5.3043346E0,8.406142E0,4.905152E0,6.5512886E0,5.174611E0,0E0,0E0,0E0,0E0,0E0,0E0,0E0,0E0,0E0,0E0,0E0,0E0,0E0,0E0,0E0,0E0],"parents":[2147483647,0,0,1,1,2,2,3,3,4,4,5,5,6,6,7,7,8,8,9,9,10,10,11,11,12,12,13,13,14,14],