{"learner":{"attributes":{"scikit_learn":"{\"_estimator_type\": \"classifier\"}"},"feature_names":["bias_week","bias_month","bias_quarter","bias_year","rsi","macd","macd_signal","vol_change","close_change","bb_width","return_5d","return_10d","k_upper","k_lower","k_body","buy_power","rs_5d","rs_10d","dist_to_20d_high","dist_to_20d_low","kd_k","kd_d","kd_cross","gap_ratio","obv","atr_ratio","trend_strength"],"feature_types":["float","float","float","float","float","float","float","float","float","float","float","float","float","float","float","float","float","float","float","float","float","float","float","float","float","float","float"],"gradient_booster":{"model":{"gbtree_model_param":{"num_parallel_tree":"1","num_trees":"15"},"iteration_indptr":[0,1,2,3,4,5,6,7,8,9,10,11,12,13,14,15],"tree_info":[0,0,0,0,0,0,0,0,0,0,0,0,0,0,0],"trees":[{"base_weights":[-0E0,4.203404E-1,-4.2081487E-1,-1.0905177E-1,5.059774E-1,-1.2969084E-1,-9.879054E-1,8.269631E-2,-0E0,-5.3834256E-2,4.4900347E-2,1.19438365E-1,-1.1434832E-1],"categories":[],"categories_nodes":[],"categories_segments":[],"categories_sizes":[],"default_left":[0,0,0,0,0,0,0,0,0,0,0,0,0],"id":0,"left_children":[1,3,5,-1,7,9,11,-1,-1,-1,-1,-1,-1],"loss_changes":[8.547931E1,3.0611042E1,3.722934E1,0E0,3.977841E1,3.96525E1,2.966983E1,0E0,0E0,0E0,0E0,0E0,0E0],"parents":[2147483647,0,0,1,1,2,2,4,4,5,5,6,6],"right_children":[2,4,6,-1,8,10,12,-1,-1,-1,-1,-1,-1],"split_conditions":[4.6153825E-2,-2.2222279E-2,8.783886E-2,-1.0905177E-1,2.087068E-1,4.9835492E-2,-4.426457E-1,8.269631E-2,-0E0,-5.3834256E-2,4.4900347E-2,1.19438365E-1,-1.1434832E-1],"split_indices":[18,10,26,0,4,25,3,0,0,0,0,0,0],"split_type":[0,0,0,0,0,0,0,0,0,0,0,0,0],"sum_hessian":[4.815217E2,2.4094878E2,2.4057294E2,1.0904788E1,2.3004398E2,1.6229288E2,7.828007E1,1.414421E2,8.860189E1,9.725056E1,6.504231E1,4.136971E0,7.41431E1],"tree_param":{"num_deleted":"0","num_feature":"27","num_nodes":"13","size_leaf_vector":"1"}},{"base_weights":[-2.1155838E-2,-6.1499E-1,1.6523735E-1,-7.3968977E-1,4.883342E-1,3.9083332E-1,-2.1008712E-1,-3.3231493E-2,-1.3018103E-1,1.003459E-1,-0E0,4.481197E-2,-5.7279278E-2,-5.6598872E-2,5.5005763E-2],"categories":[],"categories_nodes":[],"categories_segments":[],"categories_sizes":[],"default_left":[0,0,0,0,0,0,0,0,0,0,0,0,0,0,0],"id":1,"left_children":[1,3,5,7,9,11,13,-1,-1,-1,-1,-1,-1,-1,-1],"loss_changes":[5.4501213E1,1.7157902E1,3.138152E1,2.1047695E1,4.1589756E0,1.3622505E1,3.719275E1,0E0,0E0,0E0,0E0,0E0,0E0,0E0,0E0],"parents":[2147483647,0,0,1,1,2,2,3,3,4,4,5,5,6,6],"right_children":[2,4,6,8,10,12,14,-1,-1,-1,-1,-1,-1,-1,-1],"split_conditions":[3.0057293E1,1.9502501E-1,7.4917085E-2,8.995984E-2,2.500006E-1,8.935372E-2,1.1187298E-1,-3.3231493E-2,-1.3018103E-1,1.003459E-1,-0E0,4.481197E-2,-5.7279278E-2,-5.6598872E-2,5.5005763E-2],"split_indices":[20,26,26,9,15,10,1,0,0,0,0,0,0,0,0],"split_type":[0,0,0,0,0,0,0,0,0,0,0,0,0,0,0],"sum_hessian":[4.8157693E2,1.17462555E2,3.6411438E2,1.0762608E2,9.8364725E0,2.31149E2,1.3296538E2,6.616713E1,4.145895E1,5.6954813E0,4.140991E0,2.2009416E2,1.105484E1,9.251581E1,4.0449566E1],"tree_param":{"num_deleted":"0","num_feature":"27","num_nodes":"15","size_leaf_vector":"1"}},{"base_weights":[-0E0,-6.8616295E-1,1.4344613E-1,-9.2472875E-1,5.948636E-1,-8.2476005E-2,4.62375E-1,-0E0,-1.1122122E-1,-8.050019E-3,1.0609719E-1,2.1040892E-2,-6.238186E-2,7.9602554E-2,-2.8537676E-2],"categories":[],"categories_nodes":[],"categories_segments":[],"categories_sizes":[],"default_left":[0,0,0,0,0,0,0,0,0,0,0,0,0,0,0],"id":2,"left_children":[1,3,5,7,9,11,13,-1,-1,-1,-1,-1,-1,-1,-1],"loss_changes":[4.8061005E1,2.7099213E1,2.9563707E1,1.4714291E1,6.26169E0,3.7999584E1,4.4538708E1,0E0,0E0,0E0,0E0,0E0,0E0,0E0,0E0],"parents":[2147483647,0,0,1,1,2,2,3,3,4,4,5,5,6,6],"right_children":[2,4,6,8,10,12,14,-1,-1,-1,-1,-1,-1,-1,-1],"split_conditions":[2.8285429E1,1.9752352E-1,1.5140991E-1,-1.5517267E-2,-8.161883E-2,5.557367E-2,6.527101E-2,-0E0,-1.1122122E-1,-8.050019E-3,1.0609719E-1,2.1040892E-2,-6.238186E-2,7.9602554E-2,-2.8537676E-2],"split_indices":[21,26,3,23,17,26,25,0,0,0,0,0,0,0,0],"split_type":[0,0,0,0,0,0,0,0,0,0,0,0,0,0,0],"sum_hessian":[4.809231E2,8.382438E1,3.970987E2,7.2350365E1,1.1474015E1,2.2867844E2,1.6842026E2,1.1703439E1,6.0646927E1,3.0688136E0,8.405201E0,1.4623564E2,8.2442795E1,1.1790728E2,5.051298E1],"tree_param":{"num_deleted":"0","num_feature":"27","num_nodes":"15","size_leaf_vector":"1"}},{"base_weights":[-6.133232E-4,2.7079546E-1,-4.4429854E-1,6.0357332E-2,5.763055E-1,-5.595587E-1,5.7849642E-2,3.686352E-2,-7.527667E-2,8.240431E-2,-1.9277448E-2,5.240093E-2,-6.621147E-2],"categories":[],"categories_nodes":[],"categories_segments":[],"categories_sizes":[],"default_left":[0,0,0,0,0,0,0,0,0,0,0,0,0],"id":3,"left_children":[1,3,5,7,9,11,-1,-1,-1,-1,-1,-1,-1],"loss_changes":[5.598712E1,1.674849E1,2.1353046E1,4.350289E1,2.334953E1,1.9725697E1,0E0,0E0,0E0,0E0,0E0,0E0,0E0],"parents":[2147483647,0,0,1,1,2,2,3,3,4,4,5,5],"right_children":[2,4,6,8,10,12,-1,-1,-1,-1,-1,-1,-1],"split_conditions":[6.410257E-2,4.695638E-2,2.2312E-1,9.4527966E-1,6.5425895E-2,-5.1696733E-2,5.7849642E-2,3.686352E-2,-7.527667E-2,8.240431E-2,-1.9277448E-2,5.240093E-2,-6.621147E-2],"split_indices":[18,25,9,6,25,24,0,0,0,0,0,0,0],"split_type":[0,0,0,0,0,0,0,0,0,0,0,0,0],"sum_hessian":[4.599593E2,2.8244086E2,1.7751845E2,1.7222385E2,1.10216995E2,1.6193918E2,1.5579265E1,1.2714051E2,4.5083336E1,8.501291E1,2.5204088E1,1.2424199E1,1.4951498E2],"tree_param":{"num_deleted":"0","num_feature":"27","num_nodes":"13","size_leaf_vector":"1"}},{"base_weights":[-3.1284727E-2,2.3739788E-1,-3.5760775E-1,-6.74801E-1,3.4808236E-1,-1.6115317E-1,-2.4430294E-1,-1.6927841E-1,-0E0,7.80561E-2,6.7220265E-3,2.0437348E-3,-8.1831776E-2],"categories":[],"categories_nodes":[],"categories_segments":[],"categories_sizes":[],"default_left":[0,0,0,0,0,0,0,0,0,0,0,0,0],"id":4,"left_children":[1,3,5,7,9,-1,11,-1,-1,-1,-1,-1,-1],"loss_changes":[4.213654E1,2.5530182E1,2.6935345E1,1.8941864E1,2.6683947E1,0E0,3.3207073E1,0E0,0E0,0E0,0E0,0E0,0E0],"parents":[2147483647,0,0,1,1,2,2,3,3,4,4,6,6],"right_children":[2,4,6,8,10,-1,12,-1,-1,-1,-1,-1,-1],"split_conditions":[5.4545444E-2,-4.3970935E-2,2.7402142E-2,3.4868788E-2,4.7472095E-1,-1.6115317E-1,9.945824E-2,-1.6927841E-1,-0E0,7.80561E-2,6.7220265E-3,2.0437348E-3,-8.1831776E-2],"split_indices":[18,2,25,26,6,0,26,0,0,0,0,0,0],"split_type":[0,0,0,0,0,0,0,0,0,0,0,0,0],"sum_hessian":[4.7579785E2,2.5728494E2,2.1851291E2,2.516064E1,2.321243E2,1.5360273E1,2.0315263E2,9.711844E0,1.5448796E1,8.67449E1,1.453794E2,1.3740881E2,6.574381E1],"tree_param":{"num_deleted":"0","num_feature":"27","num_nodes":"13","size_leaf_vector":"1"}},{"base_weights":[5.7012733E-2,-7.8852195E-1,1.547443E-1,-1.0630596E0,4.4936184E-2,9.513082E-1,8.901144E-2,-1.2316034E-1,-0E0,-1.14350475E-1,1.4017674E-1,-1.3547562E-2,3.888183E-2],"categories":[],"categories_nodes":[],"categories_segments":[],"categories_sizes":[],"default_left":[0,0,0,0,0,0,0,0,0,0,0,0,0],"id":5,"left_children":[1,3,5,7,-1,9,11,-1,-1,-1,-1,-1,-1],"loss_changes":[3.8515076E1,1.8049461E1,2.0372087E1,9.965797E0,0E0,3.1601803E1,2.8342995E1,0E0,0E0,0E0,0E0,0E0,0E0],"parents":[2147483647,0,0,1,1,2,2,3,3,5,5,6,6],"right_children":[2,4,6,8,-1,10,12,-1,-1,-1,-1,-1,-1],"split_conditions":[-4.517557E-2,2.6173896E-1,2.9481111E-2,9.443193E-4,4.4936184E-2,-3.8853556E-2,1.2411418E-1,-1.2316034E-1,-0E0,-1.14350475E-1,1.4017674E-1,-1.3547562E-2,3.888183E-2],"split_indices":[16,9,9,2,0,2,3,0,0,0,0,0,0],"split_type":[0,0,0,0,0,0,0,0,0,0,0,0,0],"sum_hessian":[4.8123926E2,4.683933E1,4.3439993E2,3.9945904E1,6.8934245E0,2.961398E1,4.0478595E2,3.5521824E1,4.42408E0,4.218651E0,2.5395329E1,2.2802426E2,1.7676169E2],"tree_param":{"num_deleted":"0","num_feature":"27","num_nodes":"13","size_leaf_vector":"1"}},{"base_weights":[-1.7151957E-2,-3.7199533E-1,1.5152124E-1,-1.8964241E-1,-1.0476254E0,4.0111884E-1,-2.4384384E-1,-2.642397E-2,1.09532185E-1,-1.279202E-1,1.8413676E-2,5.8197107E-2,-2.4143218E-3,-1.3473172E-1,3.853213E-3],