{"learner":{"attributes":{"scikit_learn":"{\"_estimator_type\": \"classifier\"}"},"feature_names":["bias_week","bias_month","bias_quarter","bias_year","rsi","macd","macd_signal","vol_change","close_change","bb_width","return_5d","k_upper","k_lower","k_body","buy_power","rs_5d"],"feature_types":["float","float","float","float","float","float","float","float","float","float","float","float","float","float","float","float"],"gradient_booster":{"model":{"cats":{"enc":[],"feature_segments":[],"sorted_idx":[]},"gbtree_model_param":{"num_parallel_tree":"1","num_trees":"9"},"iteration_indptr":[0,1,2,3,4,5,6,7,8,9],"tree_info":[0,0,0,0,0,0,0,0,0],"trees":[{"base_weights":[-1.7935682E-2,-2.8071386E-1,8.2614374E-1,7.602508E-1,-5.500313E-1,2.8456676E-1,1.0788959E0,1.0397055E0,4.4253234E-2,-6.018392E-1,5.0653916E-2,5.6229526E-1,-3.6933836E-2,2.8841913E-1,1.2887001E0,2.2939643E-2,7.556584E-2,6.2748775E-2,-2.7879206E-2,3.504797E-2,-3.2249548E-2,-2.9052317E-2,5.172937E-2,-3.3070024E-2,5.6658346E-2,7.2113715E-2,1.4931159E-2],"categories":[],"categories_nodes":[],"categories_segments":[],"categories_sizes":[],"default_left":[0,0,0,0,0,0,0,0,0,0,0,0,0,0,0,0,0,0,0,0,0,0,0,0,0,0,0],"id":0,"left_children":[1,3,5,7,9,11,13,15,17,19,-1,21,-1,23,25,-1,-1,-1,-1,-1,-1,-1,-1,-1,-1,-1,-1],"loss_changes":[3.0239279E1,2.9550676E1,4.1242065E0,4.3116426E0,7.342205E0,3.7286153E0,3.2293282E0,3.58601E0,5.915772E0,5.0111923E0,0E0,5.8594394E0,0E0,5.437295E0,2.1344662E0,0E0,0E0,0E0,0E0,0E0,0E0,0E0,0E0,0E0,0E0,0E0,0E0],"parents":[2147483647,0,0,1,1,2,2,3,3,4,4,5,5,6,6,7,7,8,8,9,9,11,11,13,13,14,14],"right_children":[2,4,6,8,10,12,14,16,18,20,-1,22,-1,24,26,-1,-1,-1,-1,-1,-1,-1,-1,-1,-1,-1,-1],"split_conditions":[2.303976E-1,-1.7185886E0,1.3333385E-1,-9.300757E-2,2.8974943E0,8.9235693E-1,7.9482746E-1,-4.44176E0,-2.1867587E-1,-2.8498E-1,5.0653916E-2,-7.176565E-2,-3.6933836E-2,1.9342414E-3,4.615382E-1,2.2939643E-2,7.556584E-2,6.2748775E-2,-2.7879206E-2,3.504797E-2,-3.2249548E-2,-2.9052317E-2,5.172937E-2,-3.3070024E-2,5.6658346E-2,7.2113715E-2,1.4931159E-2],"split_indices":[3,6,11,3,6,3,6,5,4,3,0,4,0,0,12,0,0,0,0,0,0,0,0,0,0,0,0],"split_type":[0,0,0,0,0,0,0,0,0,0,0,0,0,0,0,0,0,0,0,0,0,0,0,0,0,0,0],"sum_hessian":[1.3428677E2,1.0291483E2,3.1371937E1,2.0778599E1,8.213624E1,1.0658862E1,2.0713074E1,1.4620208E1,6.158391E0,8.009648E1,2.0397549E0,8.737743E0,1.9211187E0,4.8425517E0,1.5870522E1,7.4349465E0,7.185261E0,1.6844752E0,4.4739156E0,2.0791955E0,7.801729E1,2.4869578E0,6.250786E0,2.381678E0,2.4608736E0,1.33439665E1,2.5265555E0],"tree_param":{"num_deleted":"0","num_feature":"16","num_nodes":"27","size_leaf_vector":"1"}},{"base_weights":[2.8727198E-2,-5.5648834E-1,5.81142E-1,-6.580225E-1,7.029506E-2,6.910445E-2,7.4975806E-1,6.399109E-2,-7.394781E-1,-4.0136814E-1,8.554165E-1,-2.4375938E-2,9.002838E-1,-4.0282752E-2,1.2730623E-2,-4.263633E-2,1.588996E-2,6.447819E-2,-3.240643E-2,-4.9941305E-2,1.8804006E-2,4.9294192E-2,-6.3525946E-3],"categories":[],"categories_nodes":[],"categories_segments":[],"categories_sizes":[],"default_left":[0,0,0,0,0,0,0,0,0,0,0,0,0,0,0,0,0,0,0,0,0,0,0],"id":1,"left_children":[1,3,5,7,-1,9,11,-1,13,15,17,19,21,-1,-1,-1,-1,-1,-1,-1,-1,-1,-1],"loss_changes":[4.336747E1,1.3909214E1,5.903965E0,1.0834072E1,0E0,7.072616E0,6.0571136E0,0E0,4.2014465E0,4.186171E0,5.489213E0,4.045653E0,3.9407234E0,0E0,0E0,0E0,0E0,0E0,0E0,0E0,0E0,0E0,0E0],"parents":[2147483647,0,0,1,1,2,2,3,3,5,5,6,6,8,8,9,9,10,10,11,11,12,12],"right_children":[2,4,6,8,-1,10,12,-1,14,16,18,20,22,-1,-1,-1,-1,-1,-1,-1,-1,-1,-1],"split_conditions":[6.9085084E-2,2.192881E0,-2.2944584E-2,-1.9282764E0,7.029506E-2,1.2365097E-1,-4.603172E-1,6.399109E-2,6.249999E-1,-3.3446245E-2,3.5135108E-1,-3.9818354E0,6.4285713E-1,-4.0282752E-2,1.2730623E-2,-4.263633E-2,1.588996E-2,6.447819E-2,-3.240643E-2,-4.9941305E-2,1.8804006E-2,4.9294192E-2,-6.3525946E-3],"split_indices":[9,6,8,5,0,9,7,0,11,0,12,5,12,0,0,0,0,0,0,0,0,0,0],"split_type":[0,0,0,0,0,0,0,0,0,0,0,0,0,0,0,0,0,0,0,0,0,0,0],"sum_hessian":[1.3214725E2,6.416497E1,6.798227E1,6.1640377E1,2.5245955E0,1.7190277E1,5.0791992E1,1.8930259E0,5.9747353E1,1.1061455E1,6.1288233E0,8.404879E0,4.2387115E1,5.6195927E1,3.5514274E0,6.6820207E0,4.3794336E0,4.8660684E0,1.2627549E0,2.0128024E0,6.392076E0,3.916421E1,3.2229037E0],"tree_param":{"num_deleted":"0","num_feature":"16","num_nodes":"23","size_leaf_vector":"1"}},{"base_weights":[-2.6900742E-2,-2.9705706E-1,8.222214E-1,6.0161483E-1,-5.4413396E-1,5.307446E-1,1.1811078E0,9.5355093E-1,-1.4749698E-1,5.86325E-1,-6.006026E-1,7.498103E-1,-3.968149E-2,1.3428478E0,-7.5009773E-3,-1.7578572E-2,5.8704626E-2,4.5738243E-2,-3.1772137E-2,4.964069E-2,-1.0717228E-2,-3.2066125E-2,3.992107E-2,3.5210548E-3,6.514579E-2,8.165255E-2,3.9658424E-2],"categories":[],"categories_nodes":[],"categories_segments":[],"categories_sizes":[],"default_left":[0,0,0,0,0,0,0,0,0,0,0,0,0,0,0,0,0,0,0,0,0,0,0,0,0,0,0],"id":2,"left_children":[1,3,5,7,9,11,13,15,17,19,21,23,-1,25,-1,-1,-1,-1,-1,-1,-1,-1,-1,-1,-1,-1,-1],"loss_changes":[3.0668766E1,2.283153E1,2.7495956E0,6.02798E0,5.460291E0,6.289541E0,3.1402416E0,4.8244467E0,4.7298927E0,1.6165347E0,4.88192E0,6.430188E0,0E0,6.622658E-1,0E0,0E0,0E0,0E0,0E0,0E0,0E0,0E0,0E0,0E0,0E0,0E0,0E0],"parents":[2147483647,0,0,1,1,2,2,3,3,4,4,5,5,6,6,7,7,8,8,9,9,10,10,11,11,13,13],"right_children":[2,4,6,8,10,12,14,16,18,20,22,24,-1,26,-1,-1,-1,-1,-1,-1,-1,-1,-1,-1,-1,-1,-1],"split_conditions":[1.8668036E-1,-1.7185886E0,2.7443955E0,-9.764488E-2,-2.6517165E-1,6.9469607E-1,1.0435581E0,-4.603172E-1,-5.2041672E-2,1.5105101E0,2.9701755E0,-2.97065E-3,-3.968149E-2,5.8559547E-3,-7.5009773E-3,-1.7578572E-2,5.8704626E-2,4.5738243E-2,-3.1772137E-2,4.964069E-2,-1.0717228E-2,-3.2066125E-2,3.992107E-2,3.5210548E-3,6.514579E-2,8.165255E-2,3.9658424E-2],"split_indices":[3,6,6,3,3,3,7,7,1,6,6,0,0,0,0,0,0,0,0,0,0,0,0,0,0,0,0],"split_type":[0,0,0,0,0,0,0,0,0,0,0,0,0,0,0,0,0,0,0,0,0,0,0,0,0,0,0],"sum_hessian":[1.31629E2,1.00351395E2,3.1277596E1,2.1331005E1,7.902039E1,1.8627645E1,1.264995E1,1.4327142E1,7.003864E0,3.3130229E0,7.570737E1,1.6356024E1,2.2716222E0,1.127158E1,1.3783704E0,1.985169E0,1.2341973E1,1.9292169E0,5.074647E0,2.0382516E0,1.2747713E0,7.409243E1,1.6149373E0,7.8459835E0,8.510039E0,6.0870214E0,5.184558E0],"tree_param":{"num_deleted":"0","num_feature":"16","num_nodes":"27","size_leaf_vector":"1"}},{"base_weights":[-4.3274243E-3,-4.3733424E-1,5.1243794E-1,-6.0240024E-1,8.324513E-1,-8.1294104E-2,7.115671E-1,5.779629E-2,-7.015124E-1,-3.684097E-1,7.1827896E-2,-6.256528E-1,2.7350795E-1,2.93126E-1,9.713386E-1,-3.6945667E-2,3.3935625E-2,-3.2731764E-2,7.196051E-3,-4.905836E-3,-6.140122E-2,2.7819073E-2,-2.9504543E-2,-1.584126E-2,2.4367975E-2,2.8331531E-2,7.177149E-2],"categories":[],"categories_nodes":[],"categories_segments":[],"categories_sizes":[],"default_left":[0,0,0,0,0,0,0,0,0,0,0,0,0,0,0,0,0,0,0,0,0,0,0,0,0,0,0],"id":3,"left_children":[1,3,5,7,9,11,13,-1,15,17,-1,19,21,23,25,-1,-1,-1,-1,-1,-1,-1,-1,-1,-1,-1,-1],"loss_changes":[3.0573645E1,1.6082258E1,7.4230804E0,1.2376406E1,7.03762E0,3.3662887E0,4.797268E0,0E0,3.776699E0,6.512481E-1,0E0,2.0505478E0,2.9449613E0,2.445634E0,4.523247E0,0E0,0E0,0E0,0E0,0E0,0E0,0E0,0E0,0E0,0E0,0E0,0E0],"parents":[2147483647,0,0,1,1,2,2,3,3,4,4,5,5,6,6,8,8,9,9,11,11,12,12,13,13,14,14],"right_children":[2,4,6,8,10,12,14,-1,16,18,-1,20,22,24,26,-1,-1,-1,-1,-1,-1,-1,-1,-1,-1,-1,-1],"split_conditions":[7.726615E-2,1.5015559E-1,6.666565E-2,-1.8960798E0,7.114686E-1,9.940898E-2,-2.2097994E-1,5.779629E-2,2.9070334E0,1.9342414E-3,7.1827896E-2,9.537417E-2,9.333023E-2,-3.4610865E0,1.1904822E-2,-3.6945667E-2,3.3935625E-2,-3.2731764E-2,7.196051E-3,-4.905836E-3,-6.140122E-2,2.7819073E-2,-2.9504543E-2,-1.584126E-2,2.4367975E-2,2.8331531E-2,7.177149E-2],"split_indices":[9,3,11,5,5,9,7,0,7,0,0,9,15,5,10,0,0,0,0,0,0,0,0,0,0,0,0],"split_type":[0,0,0,0,0,0,0,0,0,0,0,0,0,0,0,0,0,0,0,0,0,0,0,0,0,0,0],