{"learner":{"attributes":{"scikit_learn":"{\"_estimator_type\": \"classifier\"}"},"feature_names":["bias_week","bias_month","bias_quarter","bias_year","rsi","macd","macd_signal","vol_change","close_change","bb_width","return_5d","return_10d","k_upper","k_lower","k_body","buy_power","rs_5d","rs_10d","dist_to_20d_high","dist_to_20d_low","kd_k","kd_d","kd_cross","gap_ratio","obv","atr_ratio","trend_strength"],"feature_types":["float","float","float","float","float","float","float","float","float","float","float","float","float","float","float","float","float","float","float","float","float","float","float","float","float","float","float"],"gradient_booster":{"model":{"gbtree_model_param":{"num_parallel_tree":"1","num_trees":"11"},"iteration_indptr":[0,1,2,3,4,5,6,7,8,9,10,11],"tree_info":[0,0,0,0,0,0,0,0,0,0,0],"trees":[{"base_weights":[-7.517766E-3,4.0649208E-1,-4.1875517E-1,7.6604676E-1,-9.5913507E-4,-1.3476719E-1,-9.696645E-1,-4.386379E-2,9.7448155E-2,-3.9054673E-2,7.552883E-2,-4.8581157E-2,4.0126763E-2,1.2746228E-1,-1.1261307E-1],"categories":[],"categories_nodes":[],"categories_segments":[],"categories_sizes":[],"default_left":[0,0,0,0,0,0,0,0,0,0,0,0,0,0,0],"id":0,"left_children":[1,3,5,7,9,11,13,-1,-1,-1,-1,-1,-1,-1,-1],"loss_changes":[9.079078E1,4.0244892E1,3.9665585E1,3.886194E1,3.5709866E1,3.5196453E1,3.4160225E1,0E0,0E0,0E0,0E0,0E0,0E0,0E0,0E0],"parents":[2147483647,0,0,1,1,2,2,3,3,4,4,5,5,6,6],"right_children":[2,4,6,8,10,12,14,-1,-1,-1,-1,-1,-1,-1,-1],"split_conditions":[4.5801528E-2,5.9878122E-2,8.763975E-2,-5.0012436E-2,2.6145038E-1,4.994173E-2,-4.4040385E-1,-4.386379E-2,9.7448155E-2,-3.9054673E-2,7.552883E-2,-4.8581157E-2,4.0126763E-2,1.2746228E-1,-1.1261307E-1],"split_indices":[18,2,26,4,19,25,3,0,0,0,0,0,0,0,0],"split_type":[0,0,0,0,0,0,0,0,0,0,0,0,0,0,0],"sum_hessian":[5.3137213E2,2.6206653E2,2.693056E2,1.4175189E2,1.2031464E2,1.8111073E2,8.819487E1,1.9803707E1,1.2194819E2,8.163355E1,3.8681084E1,1.117885E2,6.932224E1,4.7024713E0,8.349239E1],"tree_param":{"num_deleted":"0","num_feature":"27","num_nodes":"15","size_leaf_vector":"1"}},{"base_weights":[-2.2416953E-2,-5.2612287E-1,1.886393E-1,-3.6550647E-1,-1.376254E-1,6.13186E-1,-6.902303E-2,-5.4729033E-2,3.6862776E-2,-6.6688084E-3,7.417076E-2,-2.6764318E-2,5.1442396E-2],"categories":[],"categories_nodes":[],"categories_segments":[],"categories_sizes":[],"default_left":[0,0,0,0,0,0,0,0,0,0,0,0,0],"id":1,"left_children":[1,3,5,7,-1,9,11,-1,-1,-1,-1,-1,-1],"loss_changes":[5.7905354E1,1.80013E1,4.236292E1,1.9770123E1,0E0,1.487458E1,2.6845896E1,0E0,0E0,0E0,0E0,0E0,0E0],"parents":[2147483647,0,0,1,1,2,2,3,3,5,5,6,6],"right_children":[2,4,6,8,-1,10,12,-1,-1,-1,-1,-1,-1],"split_conditions":[3.5585533E1,3.9297754E-1,6.301772E-2,2.3582008E-1,-1.376254E-1,-5.0012436E-2,1.1207138E-1,-5.4729033E-2,3.6862776E-2,-6.6688084E-3,7.417076E-2,-2.6764318E-2,5.1442396E-2],"split_indices":[20,3,9,3,0,4,1,0,0,0,0,0,0],"split_type":[0,0,0,0,0,0,0,0,0,0,0,0,0],"sum_hessian":[5.358579E2,1.610031E2,3.7485483E2,1.3893796E2,2.2065138E1,1.4443349E2,2.3042134E2,1.1353411E2,2.5403845E1,2.1143648E1,1.2328984E2,1.7494632E2,5.5475018E1],"tree_param":{"num_deleted":"0","num_feature":"27","num_nodes":"13","size_leaf_vector":"1"}},{"base_weights":[-0E0,-6.466785E-1,1.4058179E-1,1.3013592E-1,-8.03971E-1,3.7873608E-1,-1.01073265E-1,-0E0,-9.654838E-2,-6.5984046E-3,6.1147362E-2,-6.0322385E-2,2.617396E-2],"categories":[],"categories_nodes":[],"categories_segments":[],"categories_sizes":[],"default_left":[0,0,0,0,0,0,0,0,0,0,0,0,0],"id":2,"left_children":[1,3,5,-1,7,9,11,-1,-1,-1,-1,-1,-1],"loss_changes":[4.8454956E1,2.9100544E1,2.579461E1,0E0,1.3527763E1,2.5069267E1,4.028061E1,0E0,0E0,0E0,0E0,0E0,0E0],"parents":[2147483647,0,0,1,1,2,2,4,4,5,5,6,6],"right_children":[2,4,6,-1,8,10,12,-1,-1,-1,-1,-1,-1],"split_conditions":[2.838964E1,-4.4040385E-1,5.536264E-2,1.3013592E-1,-1.5665757E-2,-2.9469898E-3,1.695346E-1,-0E0,-9.654838E-2,-6.5984046E-3,6.1147362E-2,-6.0322385E-2,2.617396E-2],"split_indices":[21,3,26,0,23,0,3,0,0,0,0,0,0],"split_type":[0,0,0,0,0,0,0,0,0,0,0,0,0],"sum_hessian":[5.302542E2,9.436462E1,4.358896E2,5.478967E0,8.888565E1,2.2398726E2,2.1190231E2,1.4226504E1,7.465915E1,7.486648E1,1.4912079E2,9.103039E1,1.2087193E2],"tree_param":{"num_deleted":"0","num_feature":"27","num_nodes":"13","size_leaf_vector":"1"}},{"base_weights":[1.1488017E-2,2.816209E-1,-3.78579E-1,5.784828E-1,5.1372662E-2,-6.8180156E-1,-0E0,-0E0,8.316341E-2,-2.0294953E-2,6.451019E-2,4.937343E-2,-8.801483E-2,5.153246E-2,-5.9152033E-2],"categories":[],"categories_nodes":[],"categories_segments":[],"categories_sizes":[],"default_left":[0,0,0,0,0,0,0,0,0,0,0,0,0,0,0],"id":3,"left_children":[1,3,5,7,9,11,13,-1,-1,-1,-1,-1,-1,-1,-1],"loss_changes":[5.436834E1,1.9707531E1,2.4086107E1,2.0340534E1,2.8639736E1,2.9397629E1,2.9154621E1,0E0,0E0,0E0,0E0,0E0,0E0,0E0,0E0],"parents":[2147483647,0,0,1,1,2,2,3,3,4,4,5,5,6,6],"right_children":[2,4,6,8,10,12,14,-1,-1,-1,-1,-1,-1,-1,-1],"split_conditions":[6.404956E-2,3.5008274E-3,6.489558E-2,4.199484E-2,1.1207138E-1,-3.67324E-1,3.8491413E-1,-0E0,8.316341E-2,-2.0294953E-2,6.451019E-2,4.937343E-2,-8.801483E-2,5.153246E-2,-5.9152033E-2],"split_indices":[18,24,3,9,1,3,3,0,0,0,0,0,0,0,0],"split_type":[0,0,0,0,0,0,0,0,0,0,0,0,0,0,0],"sum_hessian":[5.163152E2,3.086119E2,2.0770326E2,1.299586E2,1.786533E2,1.15256226E2,9.244704E1,3.958973E1,9.036887E1,1.2292421E2,5.5729095E1,1.5287207E1,9.996902E1,4.965433E1,4.2792706E1],"tree_param":{"num_deleted":"0","num_feature":"27","num_nodes":"15","size_leaf_vector":"1"}},{"base_weights":[-3.6748603E-2,2.3521936E-1,-3.5449493E-1,-9.5969546E-1,3.1704706E-1,-1.1523589E-1,-9.2570543E-1,-1.3618805E-1,-0E0,6.830072E-2,1.3977407E-2,-4.948539E-2,2.8985377E-2,-1.3883601E-1,1.8214963E-2],"categories":[],"categories_nodes":[],"categories_segments":[],"categories_sizes":[],"default_left":[0,0,0,0,0,0,0,0,0,0,0,0,0,0,0],"id":4,"left_children":[1,3,5,7,9,11,13,-1,-1,-1,-1,-1,-1,-1,-1],"loss_changes":[4.591238E1,2.6272997E1,3.1368792E1,8.145737E0,1.54025135E1,2.8429174E1,3.9823074E1,0E0,0E0,0E0,0E0,0E0,0E0,0E0,0E0],"parents":[2147483647,0,0,1,1,2,2,3,3,4,4,5,5,6,6],"right_children":[2,4,6,8,10,12,14,-1,-1,-1,-1,-1,-1,-1,-1],"split_conditions":[5.479452E-2,-2.456139E-2,1.0259472E-1,2.8736088E-2,-3.6775628E-3,3.411131E1,1.9542271E-1,-1.3618805E-1,-0E0,6.830072E-2,1.3977407E-2,-4.948539E-2,2.8985377E-2,-1.3883601E-1,1.8214963E-2],"split_indices":[18,10,26,17,17,20,26,0,0,0,0,0,0,0,0],"split_type":[0,0,0,0,0,0,0,0,0,0,0,0,0,0,0],"sum_hessian":[5.264834E2,2.799743E2,2.465091E2,1.55849695E1,2.643893E2,1.7724928E2,6.925981E1,1.1496732E1,4.088238E0,8.0119675E1,1.8426965E2,9.404355E1,8.3205734E1,4.979598E1,1.9463835E1],"tree_param":{"num_deleted":"0","num_feature":"27","num_nodes":"15","size_leaf_vector":"1"}},{"base_weights":[6.405191E-2,-7.035674E-1,1.6011249E-1,-9.0269214E-1,3.0889523E-1,4.1353095E-1,-0E0,-1.43746E-1,-9.941095E-3,-1.6109845E-2,1.0904328E-1,-2.4952648E-2,6.754071E-2,-1.41422115E-2,6.5135434E-2],"categories":[],"categories_nodes":[],"categories_segments":[],"categories_sizes":[],"default_left":[0,0,0,0,0,0,0,0,0,0,0,0,0,0,0],"id":5,"left_children":[1,3,5,7,9,11,13,-1,-1,-1,-1,-1,-1,-1,-1],"loss_changes":[3.8298916E1,1.3074633E1,1.983992E1,1.8185127E1,5.302831E0,3.4496304E1,2.6854517E1,0E0,0E0,0E0,0E0,0E0,0E0,0E0,0E0],"parents":[2147483647,0,0,1,1,2,2,3,3,4,4,5,5,6,6],"right_children":[2,4,6,8,10,12,14,-1,-1,-1,-1,-1,-1,-1,-1],"split_conditions":[-4.517557E-2,2.6265E-1,6.301772E-2,-6.4814724E-2,2.941175E-1,-5.0012436E-2,2.6145038E-1,-1.43746E-1,-9.941095E-3,-1.6109845E-2,1.0904328E-1,-2.4952648E-2,6.754071E-2,-1.41422115E-2,6.5135434E-2],"split_indices":[16,9,9,2,12,4,19,0,0,0,0,0,0,0,0],"split_type":[0,0,0,0,0,0,0,0,0,0,0,0,0,0,0],"sum_hessian":[5.3382794E2,5.615662E1,4.776713E2,4.8866188E1,7.290432E0,1.8689273E2,2.907786E2,2.6987597E1,2.1878592E1,3.2093155E0,4.0811167E0,5.117997E1,1.3571275E2,2.4074237E2,5.0036213E1],"tree_param":{"num_deleted":"0","num_feature":"27","num_nodes":"15",