{"learner":{"attributes":{"scikit_learn":"{\"_estimator_type\": \"classifier\"}"},"feature_names":["bias_week","bias_month","bias_quarter","bias_year","rsi","macd","macd_signal","vol_change","close_change","bb_width","return_5d","k_upper","k_lower","k_body","buy_power","rs_5d"],"feature_types":["float","float","float","float","float","float","float","float","float","float","float","float","float","float","float","float"],"gradient_booster":{"model":{"cats":{"enc":[],"feature_segments":[],"sorted_idx":[]},"gbtree_model_param":{"num_parallel_tree":"1","num_trees":"19"},"iteration_indptr":[0,1,2,3,4,5,6,7,8,9,10,11,12,13,14,15,16,17,18,19],"tree_info":[0,0,0,0,0,0,0,0,0,0,0,0,0,0,0,0,0,0,0],"trees":[{"base_weights":[3.6150746E-2,-7.8360274E-2,4.383858E-2,2.0480551E-1,-2.6754695E-1,5.8529258E-2,2.5006905E-3,-3.5115726E-2,3.9984602E-2],"categories":[],"categories_nodes":[],"categories_segments":[],"categories_sizes":[],"default_left":[0,0,0,0,0,0,0,0,0],"id":0,"left_children":[1,3,-1,5,7,-1,-1,-1,-1],"loss_changes":[2.136916E1,1.8392372E1,0E0,7.72245E0,1.2015713E1,0E0,0E0,0E0,0E0],"parents":[2147483647,0,0,1,1,3,3,4,4],"right_children":[2,4,-1,6,8,-1,-1,-1,-1],"split_conditions":[1.6857988E-1,-7.564294E-1,4.383858E-2,-1.8774289E-1,2.2445629E0,5.8529258E-2,2.5006905E-3,-3.5115726E-2,3.9984602E-2],"split_indices":[3,6,0,3,6,0,0,0,0],"split_type":[0,0,0,0,0,0,0,0,0],"sum_hessian":[4.4212015E2,3.4052777E2,1.0159237E2,1.3161273E2,2.0891504E2,3.7802086E1,9.3810646E1,1.8807135E2,2.0843689E1],"tree_param":{"num_deleted":"0","num_feature":"16","num_nodes":"9","size_leaf_vector":"1"}},{"base_weights":[2.1213664E-2,-1.3925219E-1,6.00294E-1,-2.3158428E-1,2.0927051E-2,4.402114E-2,1.0904506E-1,-1.8433564E-3,-3.2074306E-2],"categories":[],"categories_nodes":[],"categories_segments":[],"categories_sizes":[],"default_left":[0,0,0,0,0,0,0,0,0],"id":1,"left_children":[1,3,5,7,-1,-1,-1,-1,-1],"loss_changes":[4.2296165E1,1.1193618E1,4.245411E0,4.658328E0,0E0,0E0,0E0,0E0,0E0],"parents":[2147483647,0,0,1,1,2,2,3,3],"right_children":[2,4,6,8,-1,-1,-1,-1,-1],"split_conditions":[1.0396922E-1,1.4184357E-2,1.8473572E-1,-2.0730564E-2,2.0927051E-2,4.402114E-2,1.0904506E-1,-1.8433564E-3,-3.2074306E-2],"split_indices":[9,0,9,1,0,0,0,0,0],"split_type":[0,0,0,0,0,0,0,0,0],"sum_hessian":[4.4384235E2,3.445358E2,9.930656E1,2.7776715E2,6.676867E1,7.914316E1,2.0163397E1,9.1049E1,1.8671814E2],"tree_param":{"num_deleted":"0","num_feature":"16","num_nodes":"9","size_leaf_vector":"1"}},{"base_weights":[-1.7534778E-3,-1.4976123E-1,5.0297912E-2,1.2669928E-1,-3.382482E-1,5.894569E-2,5.290863E-4,-4.2880435E-2,-2.8309487E-3],"categories":[],"categories_nodes":[],"categories_segments":[],"categories_sizes":[],"default_left":[0,0,0,0,0,0,0,0,0],"id":2,"left_children":[1,3,-1,5,7,-1,-1,-1,-1],"loss_changes":[3.2856956E1,1.8703592E1,0E0,6.420291E0,5.1566544E0,0E0,0E0,0E0,0E0],"parents":[2147483647,0,0,1,1,3,3,4,4],"right_children":[2,4,-1,6,8,-1,-1,-1,-1],"split_conditions":[1.6271073E-1,-7.564294E-1,5.0297912E-2,-3.821869E0,3.222889E-1,5.894569E-2,5.290863E-4,-4.2880435E-2,-2.8309487E-3],"split_indices":[3,6,0,6,7,0,0,0,0],"split_type":[0,0,0,0,0,0,0,0,0],"sum_hessian":[4.4685986E2,3.4963608E2,9.722379E1,1.3690182E2,2.1273425E2,2.4324022E1,1.125778E2,1.5758752E2,5.514673E1],"tree_param":{"num_deleted":"0","num_feature":"16","num_nodes":"9","size_leaf_vector":"1"}},{"base_weights":[-0E0,-6.799616E-2,5.47333E-2,8.3276734E-2,-1.0506963E-1,-0E0,-3.149723E-2],"categories":[],"categories_nodes":[],"categories_segments":[],"categories_sizes":[],"default_left":[0,0,0,0,0,0,0],"id":3,"left_children":[1,3,-1,-1,5,-1,-1],"loss_changes":[1.78022E1,1.1685167E1,0E0,0E0,8.489195E0,0E0,0E0],"parents":[2147483647,0,0,1,1,4,4],"right_children":[2,4,-1,-1,6,-1,-1],"split_conditions":[2.4390254E-2,-9.108548E-2,5.47333E-2,8.3276734E-2,5.7894427E-1,-0E0,-3.149723E-2],"split_indices":[8,10,0,0,14,0,0],"split_type":[0,0,0,0,0,0,0],"sum_hessian":[4.4863715E2,3.9625623E2,5.2380917E1,1.309994E1,3.8315628E2,2.570618E2,1.2609448E2],"tree_param":{"num_deleted":"0","num_feature":"16","num_nodes":"7","size_leaf_vector":"1"}},{"base_weights":[-3.3714272E-2,-1.6954093E-1,6.3555324E-1,2.8438428E-2,-2.677058E-1,8.563944E-2,2.7219694E-2,-4.9485876E-3,6.0617734E-2,-3.816502E-2,-0E0],"categories":[],"categories_nodes":[],"categories_segments":[],"categories_sizes":[],"default_left":[0,0,0,0,0,0,0,0,0,0,0],"id":4,"left_children":[1,3,5,7,9,-1,-1,-1,-1,-1,-1],"loss_changes":[4.0278725E1,7.939337E0,3.4954433E0,6.682418E0,8.860571E0,0E0,0E0,0E0,0E0,0E0,0E0],"parents":[2147483647,0,0,1,1,2,2,3,3,4,4],"right_children":[2,4,6,8,10,-1,-1,-1,-1,-1,-1],"split_conditions":[1.1558425E-1,-7.564294E-1,2.6086956E-1,6.792902E-2,1.2705342E-1,8.563944E-2,2.7219694E-2,-4.9485876E-3,6.0617734E-2,-3.816502E-2,-0E0],"split_indices":[9,6,12,3,3,0,0,0,0,0,0],"split_type":[0,0,0,0,0,0,0,0,0,0,0],"sum_hessian":[4.5447623E2,3.8065063E2,7.382559E1,1.18582275E2,2.6206836E2,4.1380474E1,3.2445114E1,1.01181946E2,1.7400333E1,1.8671075E2,7.53576E1],"tree_param":{"num_deleted":"0","num_feature":"16","num_nodes":"11","size_leaf_vector":"1"}},{"base_weights":[7.8296027E-4,-1.24991536E-1,6.965462E-2,-2.1499713E-1,1.18577644E-1,4.9171954E-2,-2.5624689E-2,4.406588E-2,-0E0],"categories":[],"categories_nodes":[],"categories_segments":[],"categories_sizes":[],"default_left":[0,0,0,0,0,0,0,0,0],"id":5,"left_children":[1,3,-1,5,7,-1,-1,-1,-1],"loss_changes":[4.074628E1,8.471605E0,0E0,8.145005E0,3.8630085E0,0E0,0E0,0E0,0E0],"parents":[2147483647,0,0,1,1,3,3,4,4],"right_children":[2,4,-1,6,8,-1,-1,-1,-1],"split_conditions":[1.1558425E-1,1.18244E-1,6.965462E-2,-2.7123788E-1,2.8010994E-2,4.9171954E-2,-2.5624689E-2,4.406588E-2,-0E0],"split_indices":[9,3,0,3,2,0,0,0,0],"split_type":[0,0,0,0,0,0,0,0,0],"sum_hessian":[4.469873E2,3.7634857E2,7.0638756E1,2.8156696E2,9.478159E1,1.3138875E1,2.684281E2,2.6258354E1,6.852324E1],"tree_param":{"num_deleted":"0","num_feature":"16","num_nodes":"9","size_leaf_vector":"1"}},{"base_weights":[-2.0123158E-2,-7.78253E-2,3.1254385E-2,3.4007043E-1,-1.2132047E-2,-0E0,1.00255825E-1],"categories":[],"categories_nodes":[],"categories_segments":[],"categories_sizes":[],"default_left":[0,0,0,0,0,0,0],"id":6,"left_children":[1,3,-1,5,-1,-1,-1],"loss_changes":[8.056373E0,6.6615934E0,0E0,7.8078017E0,0E0,0E0,0E0],"parents":[2147483647,0,0,1,1,3,3],"right_children":[2,4,-1,6,-1,-1,-1],"split_conditions":[6.1784886E-2,-7.5449124E-2,3.1254385E-2,-3.4234963E-2,-1.2132047E-2,-0E0,1.00255825E-1],"split_indices":[1,1,0,3,0,0,0],"split_type":[0,0,0,0,0,0,0],"sum_hessian":[4.4402017E2,3.8459796E2,5.94222E1,3.2067245E1,3.5253073E2,2.08613E1,1.1205945E1],"tree_param":{"num_deleted":"0","num_feature":"16","num_nodes":"7","size_leaf_vector":"1"}},{"base_weights":[-0E0,-4.4213306E-2,5.7214882E-2,5.2741136E-2,-7.671401E-3],"categories":[],"categories_nodes":[],"categories_segments":[],"categories_sizes":[],"default_left":[0,0,0,0,0],"id":7,"left_children":[1,3,-1,-1,-1],"loss_changes":[1.1392821E1,7.0137935E0,0E0,0E0,0E0],"parents":[2147483647,0,0,1,1],"right_children":[2,4,-1,-1,-1],"split_conditions":[3.4129675E-2,-4.3803412E-2,5.7214882E-2,5.2741136E-2,-7.671401E-3],"split_indices":[8,0,0,0,0],"split_type":[0,0,0,0,0],"sum_hessian":[4.5289316E2,4.2119852E2,3.1694622E1,1.914046E1,4.0205807E2],"tree_param":{"num_deleted":"0","num_feature":"16","num_nodes":"5","size_leaf_vector":"1"}},{"base_weights":[1.3220845E-2,-6.0112752E-2,2.8516216E-2,1.7665775E-1,-1.4466321E-1,-8.93406E-3,5.6499626E-2,-2.1766068E-2,1.8923612E-2],"categories":[],"categories_nodes":[],"categories_segments":[],"categories_sizes":[],"default_left":[0,0,0,0,0,0,0,0,0],"id":8,"left_children":[1,3,-1,5,7,-1,-1,-1,-1],"loss_changes":[9.343291E0,6.735925E0,0E0,9.728171E0,6.526378E0,0E0,0E0,0E0,0E0],"parents":[2147483647,0,0,1,1,3,3,4,4],"right_children":[2,4,-1,6,8,-1,-1,-1,-1],"split_conditions":[1.6271073E-1,-1.6209637E0,2.8516216E-2,-3.044748E0,3.8461484E-2,-8.93406E-3,5.6499626E-2,-2.1766068E-2,1.8923612E-2],