{"learner":{"attributes":{"scikit_learn":"{\"_estimator_type\": \"classifier\"}"},"feature_names":["bias_week","bias_month","bias_quarter","bias_year","rsi","macd","macd_signal","vol_change","close_change","bb_width","return_5d","k_upper","k_lower","k_body","buy_power","rs_5d","obv","atr_ratio","trend_strength"],"feature_types":["float","float","float","float","float","float","float","float","float","float","float","float","float","float","float","float","float","float","float"],"gradient_booster":{"model":{"cats":{"enc":[],"feature_segments":[],"sorted_idx":[]},"gbtree_model_param":{"num_parallel_tree":"1","num_trees":"6"},"iteration_indptr":[0,1,2,3,4,5,6],"tree_info":[0,0,0,0,0,0],"trees":[{"base_weights":[3.675165E-2,-1.8437892E-1,5.532275E-1,-2.6645944E-1,1.9057426E-1,2.4684186E-1,1.044841E-1,3.3452383E-3,-4.305009E-2,6.673715E-2,-6.6639283E-3,4.727459E-3,8.2911916E-2],"categories":[],"categories_nodes":[],"categories_segments":[],"categories_sizes":[],"default_left":[0,0,0,0,0,0,0,0,0,0,0,0,0],"id":0,"left_children":[1,3,5,7,9,11,-1,-1,-1,-1,-1,-1,-1],"loss_changes":[5.1648663E1,9.66983E0,1.7953278E1,1.3880312E1,7.647399E0,8.270651E0,0E0,0E0,0E0,0E0,0E0,0E0,0E0],"parents":[2147483647,0,0,1,1,2,2,3,3,4,4,5,5],"right_children":[2,4,6,8,10,12,-1,-1,-1,-1,-1,-1,-1],"split_conditions":[1.0716656E-1,1.6545036E-1,1.07032105E-1,-7.490714E-1,2.5150552E-1,1.6440791E-1,1.044841E-1,3.3452383E-3,-4.305009E-2,6.673715E-2,-6.6639283E-3,4.727459E-3,8.2911916E-2],"split_indices":[17,3,18,6,3,17,0,0,0,0,0,0,0],"split_type":[0,0,0,0,0,0,0,0,0,0,0,0,0],"sum_hessian":[4.4480228E2,3.0843143E2,1.3637085E2,2.579904E2,5.0441055E1,8.7427216E1,4.8943638E1,8.760569E1,1.7038469E2,2.0574104E1,2.9866953E1,6.825549E1,1.917172E1],"tree_param":{"num_deleted":"0","num_feature":"19","num_nodes":"13","size_leaf_vector":"1"}},{"base_weights":[2.2000488E-2,-1.3317154E-1,5.837164E-1,-2.291415E-1,2.1794863E-2,2.782078E-1,9.631596E-2,-2.905602E-2,1.0010399E-2,7.105653E-2,1.5575694E-3],"categories":[],"categories_nodes":[],"categories_segments":[],"categories_sizes":[],"default_left":[0,0,0,0,0,0,0,0,0,0,0],"id":1,"left_children":[1,3,5,7,-1,9,-1,-1,-1,-1,-1],"loss_changes":[3.9937374E1,1.1768108E1,8.9686165E0,6.278674E0,0E0,5.150977E0,0E0,0E0,0E0,0E0,0E0],"parents":[2147483647,0,0,1,1,2,2,3,3,5,5],"right_children":[2,4,6,8,-1,10,-1,-1,-1,-1,-1],"split_conditions":[1.0395289E-1,1.3654228E-2,1.7910884E-1,1.6859557E-1,2.1794863E-2,-6.445999E-4,9.631596E-2,-2.905602E-2,1.0010399E-2,7.105653E-2,1.5575694E-3],"split_indices":[9,0,3,3,0,16,0,0,0,0,0],"split_type":[0,0,0,0,0,0,0,0,0,0,0],"sum_hessian":[4.4639304E2,3.4667197E2,9.972107E1,2.77593E2,6.9078995E1,5.907068E1,4.0650394E1,2.3838045E2,3.9212517E1,1.886482E1,4.0205856E1],"tree_param":{"num_deleted":"0","num_feature":"19","num_nodes":"11","size_leaf_vector":"1"}},{"base_weights":[-3.6141165E-3,-2.0153974E-1,4.6064657E-1,5.1535644E-2,-2.4206012E-1,-3.390954E-2,6.371542E-2,-2.983476E-2,4.3392205E-3,5.6627117E-2,-4.8942517E-2],"categories":[],"categories_nodes":[],"categories_segments":[],"categories_sizes":[],"default_left":[0,0,0,0,0,0,0,0,0,0,0],"id":2,"left_children":[1,3,5,-1,7,9,-1,-1,-1,-1,-1],"loss_changes":[4.076715E1,8.701954E0,1.3150845E1,0E0,5.6959915E0,8.727039E0,0E0,0E0,0E0,0E0,0E0],"parents":[2147483647,0,0,1,1,2,2,4,4,5,5],"right_children":[2,4,6,-1,8,10,-1,-1,-1,-1,-1],"split_conditions":[9.031119E-2,2.2617381E-2,8.961162E-2,5.1535644E-2,1.12953804E-1,6.806868E-2,6.371542E-2,-2.983476E-2,4.3392205E-3,5.6627117E-2,-4.8942517E-2],"split_indices":[9,9,17,0,17,17,0,0,0,0,0],"split_type":[0,0,0,0,0,0,0,0,0,0,0],"sum_hessian":[4.4985672E2,3.1883136E2,1.3102536E2,1.395449E1,3.0487686E2,3.1879866E1,9.91455E1,2.5947443E2,4.5402447E1,1.1637205E1,2.024266E1],"tree_param":{"num_deleted":"0","num_feature":"19","num_nodes":"11","size_leaf_vector":"1"}},{"base_weights":[1.2765725E-3,-1.7564136E-1,4.4326323E-1,1.0512789E-1,-2.95643E-1,-0E0,5.597788E-1,2.6070217E-2,-4.4653848E-2,-4.28015E-2,1.6643653E-2,3.1271975E-2,-4.447107E-2,6.3618936E-2,-0E0],"categories":[],"categories_nodes":[],"categories_segments":[],"categories_sizes":[],"default_left":[0,0,0,0,0,0,0,0,0,0,0,0,0,0,0],"id":3,"left_children":[1,3,5,7,9,11,13,-1,-1,-1,-1,-1,-1,-1,-1],"loss_changes":[3.590905E1,1.1173123E1,7.433378E0,7.4568777E0,1.5013405E1,3.8021355E0,5.467743E0,0E0,0E0,0E0,0E0,0E0,0E0,0E0,0E0],"parents":[2147483647,0,0,1,1,2,2,3,3,4,4,5,5,6,6],"right_children":[2,4,6,8,10,12,14,-1,-1,-1,-1,-1,-1,-1,-1],"split_conditions":[1.0716656E-1,-7.822896E-1,-1.5757416E-1,9.384903E-2,1.6064782E-1,-3.8185859E0,5.833333E-1,2.6070217E-2,-4.4653848E-2,-4.28015E-2,1.6643653E-2,3.1271975E-2,-4.447107E-2,6.3618936E-2,-0E0],"split_indices":[17,6,3,17,3,6,12,0,0,0,0,0,0,0,0],"split_type":[0,0,0,0,0,0,0,0,0,0,0,0,0,0,0],"sum_hessian":[4.513508E2,3.1872E2,1.3263078E2,8.981088E1,2.2890913E2,2.5773834E1,1.0685695E2,7.314225E1,1.6668629E1,1.8079146E2,4.8117672E1,1.3790678E1,1.1983156E1,9.468714E1,1.2169801E1],"tree_param":{"num_deleted":"0","num_feature":"19","num_nodes":"15","size_leaf_vector":"1"}},{"base_weights":[-2.7850833E-2,-1.5212303E-1,5.843778E-1,-2.2445008E-1,5.1788304E-2,8.001045E-2,2.1266181E-2,3.4415174E-2,-2.6743932E-2,5.5780757E-2,-9.1886185E-3],"categories":[],"categories_nodes":[],"categories_segments":[],"categories_sizes":[],"default_left":[0,0,0,0,0,0,0,0,0,0,0],"id":4,"left_children":[1,3,5,7,9,-1,-1,-1,-1,-1,-1],"loss_changes":[3.368749E1,6.0204363E0,3.7526112E0,7.3130445E0,7.835233E0,0E0,0E0,0E0,0E0,0E0,0E0],"parents":[2147483647,0,0,1,1,2,2,3,3,4,4],"right_children":[2,4,6,8,10,-1,-1,-1,-1,-1,-1],"split_conditions":[1.1556151E-1,1.2122486E-1,2.7272797E-1,-2.5846747E-1,6.853217E-2,8.001045E-2,2.1266181E-2,3.4415174E-2,-2.6743932E-2,5.5780757E-2,-9.1886185E-3],"split_indices":[9,3,12,3,17,0,0,0,0,0,0],"split_type":[0,0,0,0,0,0,0,0,0,0,0],"sum_hessian":[4.554125E2,3.8167902E2,7.373348E1,2.8990027E2,9.1778755E1,4.220499E1,3.1528492E1,1.7533522E1,2.7236676E2,2.363023E1,6.814853E1],"tree_param":{"num_deleted":"0","num_feature":"19","num_nodes":"11","size_leaf_vector":"1"}},{"base_weights":[2.868862E-3,-1.2320149E-1,3.3580938E-1,2.0087919E-1,-1.8982694E-1,2.0838962E-1,8.886059E-2,7.939862E-2,-0E0,-8.097306E-2,-1.1738073E-2,-5.821419E-3,3.2752905E-2],"categories":[],"categories_nodes":[],"categories_segments":[],"categories_sizes":[],"default_left":[0,0,0,0,0,0,0,0,0,0,0,0,0],"id":5,"left_children":[1,3,5,7,9,11,-1,-1,-1,-1,-1,-1,-1],"loss_changes":[1.932718E1,6.904683E0,6.646265E0,5.6439924E0,1.0063885E1,4.121383E0,0E0,0E0,0E0,0E0,0E0,0E0,0E0],"parents":[2147483647,0,0,1,1,2,2,3,3,4,4,5,5],"right_children":[2,4,6,8,10,12,-1,-1,-1,-1,-1,-1,-1],"split_conditions":[1.09753564E-1,-1.6191626E0,1.9633166E-1,6.299966E-2,-1.2143325E0,-8.599898E-2,8.886059E-2,7.939862E-2,-0E0,-8.097306E-2,-1.1738073E-2,-5.821419E-3,3.2752905E-2],"split_indices":[17,5,17,17,5,2,0,0,0,0,0,0,0],"split_type":[0,0,0,0,0,0,0,0,0,0,0,0,0],"sum_hessian":[4.4888254E2,3.2071796E2,1.281646E2,4.889357E1,2.7182437E2,1.0777369E2,2.0390903E1,1.1816947E1,3.7076626E1,2.4533598E1,2.4729077E2,2.7967249E1,7.980644E1],"tree_param":{"num_deleted":"0","num_feature":"19","num_nodes":"13","size_leaf_vector":"1"}}]},"name":"gbtree"},"learner_model_param":{"base_score":"[5E-1]","boost_from_average":"1","num_class":"0","num_feature":"19","num_target":"1"},"objective":{"name":"binary:logistic","reg_loss_param":{"scale_pos_weight":"0.304768175"}}},"version":[3,2,0]}