{"learner":{"attributes":{"scikit_learn":"{\"_estimator_type\": \"classifier\"}"},"feature_names":["bias_week","bias_month","bias_quarter","bias_year","rsi","macd","macd_signal","vol_change","close_change","bb_width","return_5d","k_upper","k_lower","k_body","buy_power","rs_5d","obv","atr_ratio","trend_strength"],"feature_types":["float","float","float","float","float","float","float","float","float","float","float","float","float","float","float","float","float","float","float"],"gradient_booster":{"model":{"cats":{"enc":[],"feature_segments":[],"sorted_idx":[]},"gbtree_model_param":{"num_parallel_tree":"1","num_trees":"5"},"iteration_indptr":[0,1,2,3,4,5],"tree_info":[0,0,0,0,0],"trees":[{"base_weights":[4.0859714E-2,-1.7266813E-1,5.75269E-1,7.649444E-2,-2.8216115E-1,2.697536E-1,1.0581438E-1,2.279074E-2,-4.4030696E-2,-4.082113E-2,1.4186052E-2,6.036825E-3,8.226131E-2],"categories":[],"categories_nodes":[],"categories_segments":[],"categories_sizes":[],"default_left":[0,0,0,0,0,0,0,0,0,0,0,0,0],"id":0,"left_children":[1,3,5,7,9,11,-1,-1,-1,-1,-1,-1,-1],"loss_changes":[5.4525227E1,9.542621E0,1.7556202E1,7.1290293E0,1.3667784E1,8.2170315E0,0E0,0E0,0E0,0E0,0E0,0E0,0E0],"parents":[2147483647,0,0,1,1,2,2,3,3,4,4,5,5],"right_children":[2,4,6,8,10,12,-1,-1,-1,-1,-1,-1,-1],"split_conditions":[1.0781324E-1,-7.7522916E-1,1.06918395E-1,9.3726575E-2,1.6372797E-1,1.6267975E-1,1.0581438E-1,2.279074E-2,-4.4030696E-2,-4.082113E-2,1.4186052E-2,6.036825E-3,8.226131E-2],"split_indices":[17,6,18,17,3,17,0,0,0,0,0,0,0],"split_type":[0,0,0,0,0,0,0,0,0,0,0,0,0],"sum_hessian":[4.6972525E2,3.3264725E2,1.3707802E2,9.52742E1,2.3737303E2,8.743004E1,4.9647984E1,7.697898E1,1.8295223E1,1.8607208E2,5.1300957E1,6.665785E1,2.0772186E1],"tree_param":{"num_deleted":"0","num_feature":"19","num_nodes":"13","size_leaf_vector":"1"}},{"base_weights":[1.4345623E-2,-1.4508471E-1,6.054092E-1,-2.3446862E-1,2.742492E-1,3.478989E-1,9.122623E-2,6.566643E-2,-2.8187584E-2,-0E0,4.3224696E-2,8.184445E-2,7.7948524E-3],"categories":[],"categories_nodes":[],"categories_segments":[],"categories_sizes":[],"default_left":[0,0,0,0,0,0,0,0,0,0,0,0,0],"id":1,"left_children":[1,3,5,7,9,11,-1,-1,-1,-1,-1,-1,-1],"loss_changes":[4.566353E1,1.3782274E1,5.5003777E0,1.29435425E1,3.4744992E0,5.797696E0,0E0,0E0,0E0,0E0,0E0,0E0,0E0],"parents":[2147483647,0,0,1,1,2,2,3,3,4,4,5,5],"right_children":[2,4,6,8,10,12,-1,-1,-1,-1,-1,-1,-1],"split_conditions":[1.04097724E-1,1.6603757E-1,1.798527E-1,-2.6192614E-1,-4.6821977E-5,-6.5738E-4,9.122623E-2,6.566643E-2,-2.8187584E-2,-0E0,4.3224696E-2,8.184445E-2,7.7948524E-3],"split_indices":[9,3,3,3,16,16,0,0,0,0,0,0,0],"split_type":[0,0,0,0,0,0,0,0,0,0,0,0,0],"sum_hessian":[4.7341504E2,3.6988794E2,1.0352712E2,3.0935706E2,6.053086E1,6.093073E1,4.2596394E1,1.3811079E1,2.95546E2,1.8299099E1,4.2231762E1,1.8905281E1,4.2025448E1],"tree_param":{"num_deleted":"0","num_feature":"19","num_nodes":"13","size_leaf_vector":"1"}},{"base_weights":[-2.9475924E-3,-1.9947067E-1,4.665293E-1,6.1343167E-2,-2.4234799E-1,-1.0148052E-2,6.461973E-2,-3.4568977E-2,-0E0,5.9239123E-2,-5.306781E-2],"categories":[],"categories_nodes":[],"categories_segments":[],"categories_sizes":[],"default_left":[0,0,0,0,0,0,0,0,0,0,0],"id":2,"left_children":[1,3,5,-1,7,9,-1,-1,-1,-1,-1],"loss_changes":[4.336517E1,1.1062517E1,1.3540276E1,0E0,7.6722107E0,1.1046439E1,0E0,0E0,0E0,0E0,0E0],"parents":[2147483647,0,0,1,1,2,2,4,4,5,5],"right_children":[2,4,6,-1,8,10,-1,-1,-1,-1,-1],"split_conditions":[9.018694E-2,2.2380292E-2,8.8191524E-2,6.1343167E-2,5.693952E-3,6.7465834E-2,6.461973E-2,-3.4568977E-2,-0E0,5.9239123E-2,-5.306781E-2],"split_indices":[9,9,17,0,15,17,0,0,0,0,0],"split_type":[0,0,0,0,0,0,0,0,0,0,0],"sum_hessian":[4.7638596E2,3.3923083E2,1.371551E2,1.4227489E1,3.2500336E2,3.4942207E1,1.02212906E2,2.2032564E2,1.0467773E2,1.4201483E1,2.0740723E1],"tree_param":{"num_deleted":"0","num_feature":"19","num_nodes":"11","size_leaf_vector":"1"}},{"base_weights":[-0E0,-1.8273477E-1,4.7416553E-1,9.837806E-2,-3.027459E-1,-0E0,5.942145E-1,2.077391E-2,-5.4878097E-2,-4.184468E-2,1.254395E-2,3.056161E-2,-4.3846842E-2,6.737788E-2,-0E0],"categories":[],"categories_nodes":[],"categories_segments":[],"categories_sizes":[],"default_left":[0,0,0,0,0,0,0,0,0,0,0,0,0,0,0],"id":3,"left_children":[1,3,5,7,9,11,13,-1,-1,-1,-1,-1,-1,-1,-1],"loss_changes":[4.1679688E1,1.2003028E1,8.062647E0,6.235811E0,1.3209621E1,3.6591597E0,6.1744003E0,0E0,0E0,0E0,0E0,0E0,0E0,0E0,0E0],"parents":[2147483647,0,0,1,1,2,2,3,3,4,4,5,5,6,6],"right_children":[2,4,6,8,10,12,14,-1,-1,-1,-1,-1,-1,-1,-1],"split_conditions":[1.069975E-1,-7.7522916E-1,-1.5887879E-1,9.8153666E-2,1.6372797E-1,-3.5218985E0,5.8333176E-1,2.077391E-2,-5.4878097E-2,-4.184468E-2,1.254395E-2,3.056161E-2,-4.3846842E-2,6.737788E-2,-0E0],"split_indices":[17,6,3,17,3,6,12,0,0,0,0,0,0,0,0],"split_type":[0,0,0,0,0,0,0,0,0,0,0,0,0,0,0],"sum_hessian":[4.7648236E2,3.4198203E2,1.3450035E2,9.6700356E1,2.4528166E2,2.6050192E1,1.0845015E2,8.562237E1,1.10779915E1,1.961237E2,4.9157955E1,1.4462563E1,1.1587628E1,9.637086E1,1.2079297E1],"tree_param":{"num_deleted":"0","num_feature":"19","num_nodes":"15","size_leaf_vector":"1"}},{"base_weights":[-2.7573213E-2,-1.4608097E-1,5.490475E-1,-2.026255E-1,1.2118653E-2,-0E0,6.6617876E-1,-9.292745E-3,-3.919862E-2,9.0430714E-2,2.4178684E-2],"categories":[],"categories_nodes":[],"categories_segments":[],"categories_sizes":[],"default_left":[0,0,0,0,0,0,0,0,0,0,0],"id":4,"left_children":[1,3,5,7,-1,-1,9,-1,-1,-1,-1],"loss_changes":[3.204174E1,6.2992277E0,6.0443153E0,6.026328E0,0E0,0E0,4.350897E0,0E0,0E0,0E0,0E0],"parents":[2147483647,0,0,1,1,2,2,3,3,6,6],"right_children":[2,4,6,8,-1,-1,10,-1,-1,-1,-1],"split_conditions":[1.1508728E-1,1.7924009E-2,8.614079E-2,2.0602224E-2,1.2118653E-2,-0E0,2.7273193E-1,-9.292745E-3,-3.919862E-2,9.0430714E-2,2.4178684E-2],"split_indices":[9,0,17,2,0,0,12,0,0,0,0],"split_type":[0,0,0,0,0,0,0,0,0,0,0],"sum_hessian":[4.8202426E2,4.0313873E2,7.888552E1,3.3991104E2,6.3227684E1,1.1706815E1,6.717871E1,2.2462265E2,1.1528839E2,3.9059654E1,2.8119055E1],"tree_param":{"num_deleted":"0","num_feature":"19","num_nodes":"11","size_leaf_vector":"1"}}]},"name":"gbtree"},"learner_model_param":{"base_score":"[5E-1]","boost_from_average":"1","num_class":"0","num_feature":"19","num_target":"1"},"objective":{"name":"binary:logistic","reg_loss_param":{"scale_pos_weight":"0.311677277"}}},"version":[3,2,0]}