{"learner":{"attributes":{"scikit_learn":"{\"_estimator_type\": \"classifier\"}"},"feature_names":["bias_week","bias_month","bias_quarter","bias_year","rsi","macd","macd_signal","vol_change","close_change","bb_width","return_5d","return_10d","k_upper","k_lower","k_body","buy_power","rs_5d","rs_10d","dist_to_20d_high","dist_to_20d_low","kd_k","kd_d","kd_cross","gap_ratio","obv","atr_ratio","trend_strength"],"feature_types":["float","float","float","float","float","float","float","float","float","float","float","float","float","float","float","float","float","float","float","float","float","float","float","float","float","float","float"],"gradient_booster":{"model":{"gbtree_model_param":{"num_parallel_tree":"1","num_trees":"12"},"iteration_indptr":[0,1,2,3,4,5,6,7,8,9,10,11,12],"tree_info":[0,0,0,0,0,0,0,0,0,0,0,0],"trees":[{"base_weights":[1.9417046E-2,2.9548427E-1,-4.463671E-1,2.5161433E-1,1.0455372E0,-6.209608E-1,1.603499E-1,3.0717613E-2,-4.2167746E-2,1.2661405E-1,-3.3954103E-2,-5.4048516E-2,-1.5326877E-1,-1.5623537E-1,3.125471E-2],"categories":[],"categories_nodes":[],"categories_segments":[],"categories_sizes":[],"default_left":[0,0,0,0,0,0,0,0,0,0,0,0,0,0,0],"id":0,"left_children":[1,3,5,7,9,11,13,-1,-1,-1,-1,-1,-1,-1,-1],"loss_changes":[2.0077757E2,2.926049E1,6.245822E1,3.655792E1,1.8920696E1,2.640355E1,3.1735003E1,0E0,0E0,0E0,0E0,0E0,0E0,0E0,0E0],"parents":[2147483647,0,0,1,1,2,2,3,3,4,4,5,5,6,6],"right_children":[2,4,6,8,10,12,14,-1,-1,-1,-1,-1,-1,-1,-1],"split_conditions":[5.6410298E-2,2.8038344E-1,7.874016E-2,1.4013584E-1,8.817595E1,2.0725749E0,2.943941E1,3.0717613E-2,-4.2167746E-2,1.2661405E-1,-3.3954103E-2,-5.4048516E-2,-1.5326877E-1,-1.5623537E-1,3.125471E-2],"split_indices":[18,2,19,25,21,6,21,0,0,0,0,0,0,0,0],"split_type":[0,0,0,0,0,0,0,0,0,0,0,0,0,0,0],"sum_hessian":[1.5623032E3,9.84156E2,5.781473E2,9.337022E2,5.0453804E1,4.518228E2,1.26324455E2,8.634451E2,7.0257065E1,4.4711414E1,5.7423916E0,4.2095923E2,3.0863586E1,8.5E0,1.17824455E2],"tree_param":{"num_deleted":"0","num_feature":"27","num_nodes":"15","size_leaf_vector":"1"}},{"base_weights":[1.4717896E-2,-3.4035003E-1,2.9611117E-1,2.9820678E-1,-6.714352E-1,2.3012675E-1,1.1768211E0,6.395614E-2,-5.7794494E-3,4.7802955E-2,-7.746524E-2,5.4235697E-2,9.342315E-3,-1.0459091E-1,1.3647717E-1],"categories":[],"categories_nodes":[],"categories_segments":[],"categories_sizes":[],"default_left":[0,0,0,0,0,0,0,0,0,0,0,0,0,0,0],"id":1,"left_children":[1,3,5,7,9,11,13,-1,-1,-1,-1,-1,-1,-1,-1],"loss_changes":[1.565885E2,1.468547E2,4.7641197E1,3.0235312E1,5.8677917E1,3.383262E1,2.8003456E1,0E0,0E0,0E0,0E0,0E0,0E0,0E0,0E0],"parents":[2147483647,0,0,1,1,2,2,3,3,4,4,5,5,6,6],"right_children":[2,4,6,8,10,12,14,-1,-1,-1,-1,-1,-1,-1,-1],"split_conditions":[-3.4953022E-4,4.5831364E-2,7.9059416E-1,-2.3327695E-2,-6.126649E0,5.5706017E-3,2.1825814E0,6.395614E-2,-5.7794494E-3,4.7802955E-2,-7.746524E-2,5.4235697E-2,9.342315E-3,-1.0459091E-1,1.3647717E-1],"split_indices":[1,9,3,3,6,2,6,0,0,0,0,0,0,0,0],"split_type":[0,0,0,0,0,0,0,0,0,0,0,0,0,0,0],"sum_hessian":[1.566503E3,6.8896277E2,8.775403E2,2.3295116E2,4.5601163E2,8.1976935E2,5.7770897E1,1.2097839E2,1.11972755E2,3.7489655E1,4.1852197E2,2.4049934E2,5.7927E2,3.4984446E0,5.4272453E1],"tree_param":{"num_deleted":"0","num_feature":"27","num_nodes":"15","size_leaf_vector":"1"}},{"base_weights":[-0E0,-6.5104E-1,1.5712316E-1,2.3253952E-1,-7.96687E-1,1.0834349E-1,1.0958012E0,-6.82751E-2,9.5292166E-2,-9.032225E-2,3.4521256E-2,3.933823E-2,-5.982238E-3,-1.11171104E-1,1.2903066E-1],"categories":[],"categories_nodes":[],"categories_segments":[],"categories_sizes":[],"default_left":[0,0,0,0,0,0,0,0,0,0,0,0,0,0,0],"id":2,"left_children":[1,3,5,7,9,11,13,-1,-1,-1,-1,-1,-1,-1,-1],"loss_changes":[1.5961166E2,4.045572E1,5.4832283E1,2.8931414E1,3.5769623E1,5.9110405E1,2.8831238E1,0E0,0E0,0E0,0E0,0E0,0E0,0E0,0E0],"parents":[2147483647,0,0,1,1,2,2,3,3,4,4,5,5,6,6],"right_children":[2,4,6,8,10,12,14,-1,-1,-1,-1,-1,-1,-1,-1],"split_conditions":[-4.0685188E-2,5.3144876E-2,7.9059416E-1,4.044093E-2,2.3456042E-1,4.6964243E-2,4.161662E-3,-6.82751E-2,9.5292166E-2,-9.032225E-2,3.4521256E-2,3.933823E-2,-5.982238E-3,-1.11171104E-1,1.2903066E-1],"split_indices":[11,25,3,25,25,9,24,0,0,0,0,0,0,0,0],"split_type":[0,0,0,0,0,0,0,0,0,0,0,0,0,0,0],"sum_hessian":[1.560554E3,3.023767E2,1.2581772E3,4.0526375E1,2.6185034E2,1.1992219E3,5.895534E1,1.6548216E1,2.3978159E1,2.401204E2,2.1729944E1,4.4719363E2,7.5202826E2,3.7318454E0,5.5223495E1],"tree_param":{"num_deleted":"0","num_feature":"27","num_nodes":"15","size_leaf_vector":"1"}},{"base_weights":[2.0089572E-2,2.572931E-1,-3.9348775E-1,7.484515E-1,1.857442E-1,9.6288747E-1,-4.8474425E-1,1.3722964E-3,1.1676845E-1,-1.7027627E-1,2.1413118E-2,-5.6220167E-3,1.2028096E-1,-5.56238E-2,7.208584E-2],"categories":[],"categories_nodes":[],"categories_segments":[],"categories_sizes":[],"default_left":[0,0,0,0,0,0,0,0,0,0,0,0,0,0,0],"id":3,"left_children":[1,3,5,7,9,11,13,-1,-1,-1,-1,-1,-1,-1,-1],"loss_changes":[1.5335855E2,3.2876205E1,6.956682E1,3.5943703E1,4.717526E1,1.1446753E1,4.911371E1,0E0,0E0,0E0,0E0,0E0,0E0,0E0,0E0],"parents":[2147483647,0,0,1,1,2,2,3,3,4,4,5,5,6,6],"right_children":[2,4,6,8,10,12,14,-1,-1,-1,-1,-1,-1,-1,-1],"split_conditions":[5.6410298E-2,3.6073223E-2,-3.4701777E-1,-4.0842578E-1,-2.3542171E-2,-9.059242E-2,4.0145986E-2,1.3722964E-3,1.1676845E-1,-1.7027627E-1,2.1413118E-2,-5.6220167E-3,1.2028096E-1,-5.56238E-2,7.208584E-2],"split_indices":[18,25,3,22,17,10,1,0,0,0,0,0,0,0,0],"split_type":[0,0,0,0,0,0,0,0,0,0,0,0,0,0,0],"sum_hessian":[1.5646335E3,9.9801074E2,5.6662286E2,1.2185419E2,8.7615656E2,3.364235E1,5.3298047E2,4.716792E1,7.4686264E1,1.1734616E1,8.6442194E2,4.9715385E0,2.8670809E1,5.037122E2,2.92683E1],"tree_param":{"num_deleted":"0","num_feature":"27","num_nodes":"15","size_leaf_vector":"1"}},{"base_weights":[-3.4959175E-2,2.616125E-1,-2.3609453E-1,2.0018892E-1,1.1774879E0,-1.6179201E-1,-9.038639E-1,5.0138265E-2,-2.6411898E-3,1.320108E-1,-0E0,-2.7100839E-2,2.8998699E-2,-2.4473546E-3,-1.2114349E-1],"categories":[],"categories_nodes":[],"categories_segments":[],"categories_sizes":[],"default_left":[0,0,0,0,0,0,0,0,0,0,0,0,0,0,0],"id":4,"left_children":[1,3,5,7,9,11,13,-1,-1,-1,-1,-1,-1,-1,-1],"loss_changes":[9.194909E1,3.150467E1,4.329451E1,4.147384E1,7.96616E0,4.2275856E1,2.2065247E1,0E0,0E0,0E0,0E0,0E0,0E0,0E0,0E0],"parents":[2147483647,0,0,1,1,2,2,3,3,4,4,5,5,6,6],"right_children":[2,4,6,8,10,12,14,-1,-1,-1,-1,-1,-1,-1,-1],"split_conditions":[2.6935896E-2,7.9059416E-1,1.0722312E1,2.7934033E-3,2.4350667E-1,1.5452484E-2,5.9581023E-2,5.0138265E-2,-2.6411898E-3,1.320108E-1,-0E0,-2.7100839E-2,2.8998699E-2,-2.4473546E-3,-1.2114349E-1],"split_indices":[18,3,22,17,10,1,25,0,0,0,0,0,0,0,0],"split_type":[0,0,0,0,0,0,0,0,0,0,0,0,0,0,0],"sum_hessian":[1.5406583E3,6.179824E2,9.226759E2,5.824339E2,3.554858E1,8.3429205E2,8.8383835E1,2.5207782E2,3.3035605E2,3.214281E1,3.4057708E0,6.742071E2,1.6008499E2,2.5571592E1,6.2812244E1],"tree_param":{"num_deleted":"0","num_feature":"27","num_nodes":"15","size_leaf_vector":"1"}},{"base_weights":[1.1796693E-2,2.0044726E-1,-3.393244E-1,7.068807E-1,1.5673897E-1,6.5012324E-1,-4.0988263E-1,-1.4138613E-3,8.535484E-2,4.282172E-3,3.997034E-2,1.12581834E-1,-0E0,-4.950891E-2,1.667275E-2],"categories":[],"categories_nodes":[],"categories_segments":[],"categories_sizes":[],"default_left":[0,0,0,0,0,0,0,0,0,0,0,0,0,0,0],"id":5,"left_children":[1,3,5,7,9,11,13,-1,-1,-1,-1,-1,-1,-1,-1],"loss_changes":[1.03514824E2,2.0619137E1,3.7643494E1,1.0443981E1,2.5475554E1,1.29454565E1,2.7117516E1,0E0,0E0,0E0,0E0,0E0,0E0,0E0,0E0],"parents":[2147483647,0,0,1,1,2,2,3,3,4,4,5,5,6,6],"right_children":[2,4,6,8,10,12,14,-1,-1,-1,-1,-1,-1,-1,-1],"split_conditions":[5.954824E-2,2.2380307E-2,-6.9707346E0,3.039571E-3,2.527912E-1,4.000006E-1,7.1942452E-3,-1.4138613E-3,8.535484E-2,4.282172E-3,3.997034E-2,1.12581834E-1,-0E0,-4.950891E-2,1.667275E-2],"split_indices":[18,9,6,19,4,15,1,0,0,0,0,0,0,0,0],"split_type":[0,0,0,0,0,0,0,0,0,0,0,0,0,0,0],