{"learner":{"attributes":{"scikit_learn":"{\"_estimator_type\": \"classifier\"}"},"feature_names":["bias_week","bias_month","bias_quarter","bias_year","rsi","macd","macd_signal","vol_change","close_change","bb_width","return_5d","k_upper","k_lower","k_body","buy_power","rs_5d"],"feature_types":["float","float","float","float","float","float","float","float","float","float","float","float","float","float","float","float"],"gradient_booster":{"model":{"cats":{"enc":[],"feature_segments":[],"sorted_idx":[]},"gbtree_model_param":{"num_parallel_tree":"1","num_trees":"13"},"iteration_indptr":[0,1,2,3,4,5,6,7,8,9,10,11,12,13],"tree_info":[0,0,0,0,0,0,0,0,0,0,0,0,0],"trees":[{"base_weights":[3.4342725E-2,-7.761569E-2,4.2719394E-2,2.0373428E-1,-2.6575616E-1,5.881736E-2,2.2796441E-3,-3.4941427E-2,4.0293414E-2],"categories":[],"categories_nodes":[],"categories_segments":[],"categories_sizes":[],"default_left":[0,0,0,0,0,0,0,0,0],"id":0,"left_children":[1,3,-1,5,7,-1,-1,-1,-1],"loss_changes":[2.0490492E1,1.823085E1,0E0,7.907987E0,1.206863E1,0E0,0E0,0E0,0E0],"parents":[2147483647,0,0,1,1,3,3,4,4],"right_children":[2,4,-1,6,8,-1,-1,-1,-1],"split_conditions":[1.6903767E-1,-7.5377613E-1,4.2719394E-2,-1.8774289E-1,2.2417927E0,5.881736E-2,2.2796441E-3,-3.4941427E-2,4.0293414E-2],"split_indices":[3,6,0,3,6,0,0,0,0],"split_type":[0,0,0,0,0,0,0,0,0],"sum_hessian":[4.4374835E2,3.416125E2,1.0213587E2,1.3209091E2,2.0952158E2,3.788027E1,9.421064E1,1.8863702E2,2.0884552E1],"tree_param":{"num_deleted":"0","num_feature":"16","num_nodes":"9","size_leaf_vector":"1"}},{"base_weights":[2.115064E-2,-1.4095385E-1,6.0559654E-1,-2.2597475E-1,2.4160892E-2,4.4637606E-2,1.093235E-1,-2.2304617E-3,-3.0728696E-2],"categories":[],"categories_nodes":[],"categories_segments":[],"categories_sizes":[],"default_left":[0,0,0,0,0,0,0,0,0],"id":1,"left_children":[1,3,5,7,-1,-1,-1,-1,-1],"loss_changes":[4.3249615E1,1.1266443E1,4.168297E0,4.160143E0,0E0,0E0,0E0,0E0,0E0],"parents":[2147483647,0,0,1,1,2,2,3,3],"right_children":[2,4,6,8,-1,-1,-1,-1,-1],"split_conditions":[1.0392335E-1,1.6794888E-2,1.8473569E-1,-2.0766104E-2,2.4160892E-2,4.4637606E-2,1.093235E-1,-2.2304617E-3,-3.0728696E-2],"split_indices":[9,0,9,1,0,0,0,0,0],"split_type":[0,0,0,0,0,0,0,0,0],"sum_hessian":[4.452973E2,3.456327E2,9.9664604E1,2.8787488E2,5.7757828E1,7.94497E1,2.0214905E1,9.18402E1,1.9603467E2],"tree_param":{"num_deleted":"0","num_feature":"16","num_nodes":"9","size_leaf_vector":"1"}},{"base_weights":[-2.4472568E-3,-1.5183719E-1,4.928111E-2,1.3351022E-1,-3.4301287E-1,5.95925E-2,9.6090155E-4,-4.383547E-2,-1.94825E-3],"categories":[],"categories_nodes":[],"categories_segments":[],"categories_sizes":[],"default_left":[0,0,0,0,0,0,0,0,0],"id":2,"left_children":[1,3,-1,5,7,-1,-1,-1,-1],"loss_changes":[3.2693333E1,1.9508976E1,0E0,6.450881E0,5.79101E0,0E0,0E0,0E0,0E0],"parents":[2147483647,0,0,1,1,3,3,4,4],"right_children":[2,4,-1,6,8,-1,-1,-1,-1],"split_conditions":[1.6061231E-1,-7.862314E-1,4.928111E-2,-3.8185856E0,3.2182205E-1,5.95925E-2,9.6090155E-4,-4.383547E-2,-1.94825E-3],"split_indices":[3,6,0,6,7,0,0,0,0],"split_type":[0,0,0,0,0,0,0,0,0],"sum_hessian":[4.4863483E2,3.488234E2,9.981146E1,1.3522229E2,2.1360109E2,2.445176E1,1.1077053E2,1.5822171E2,5.5379375E1],"tree_param":{"num_deleted":"0","num_feature":"16","num_nodes":"9","size_leaf_vector":"1"}},{"base_weights":[2.1641827E-4,-6.770815E-2,5.5170886E-2,8.355266E-2,-1.0481532E-1,-0E0,-3.150276E-2],"categories":[],"categories_nodes":[],"categories_segments":[],"categories_sizes":[],"default_left":[0,0,0,0,0,0,0],"id":3,"left_children":[1,3,-1,-1,5,-1,-1],"loss_changes":[1.8106281E1,1.1772501E1,0E0,0E0,8.5333805E0,0E0,0E0],"parents":[2147483647,0,0,1,1,4,4],"right_children":[2,4,-1,-1,6,-1,-1],"split_conditions":[2.4390396E-2,-9.104706E-2,5.5170886E-2,8.355266E-2,5.8E-1,-0E0,-3.150276E-2],"split_indices":[8,10,0,0,14,0,0],"split_type":[0,0,0,0,0,0,0],"sum_hessian":[4.5016553E2,3.9760016E2,5.2565372E1,1.3131516E1,3.8446863E2,2.580402E2,1.2642844E2],"tree_param":{"num_deleted":"0","num_feature":"16","num_nodes":"7","size_leaf_vector":"1"}},{"base_weights":[-3.354429E-2,-1.7028697E-1,6.396211E-1,2.5241137E-2,-2.6739308E-1,8.573343E-2,2.6414998E-2,-5.3496095E-3,6.077439E-2,-3.794817E-2,-0E0],"categories":[],"categories_nodes":[],"categories_segments":[],"categories_sizes":[],"default_left":[0,0,0,0,0,0,0,0,0,0,0],"id":4,"left_children":[1,3,5,7,9,-1,-1,-1,-1,-1,-1],"loss_changes":[4.0881454E1,7.7892056E0,3.6510239E0,6.7937665E0,8.580299E0,0E0,0E0,0E0,0E0,0E0,0E0],"parents":[2147483647,0,0,1,1,2,2,3,3,4,4],"right_children":[2,4,6,8,10,-1,-1,-1,-1,-1,-1],"split_conditions":[1.15561426E-1,-7.5377613E-1,2.7272797E-1,6.859515E-2,1.271321E-1,8.573343E-2,2.6414998E-2,-5.3496095E-3,6.077439E-2,-3.794817E-2,-0E0],"split_indices":[9,6,12,3,3,0,0,0,0,0,0],"split_type":[0,0,0,0,0,0,0,0,0,0,0],"sum_hessian":[4.5544498E2,3.8138092E2,7.406407E1,1.188703E2,2.6251062E2,4.2407627E1,3.1656445E1,1.0143222E2,1.7438076E1,1.8685275E2,7.565785E1],"tree_param":{"num_deleted":"0","num_feature":"16","num_nodes":"11","size_leaf_vector":"1"}},{"base_weights":[-0E0,-1.280969E-1,6.99736E-2,-2.154109E-1,1.0147545E-1,4.8708282E-2,-2.5640296E-2,4.4939607E-2,-0E0],"categories":[],"categories_nodes":[],"categories_segments":[],"categories_sizes":[],"default_left":[0,0,0,0,0,0,0,0,0],"id":5,"left_children":[1,3,-1,5,7,-1,-1,-1,-1],"loss_changes":[4.150689E1,7.838166E0,0E0,8.035673E0,4.302336E0,0E0,0E0,0E0,0E0],"parents":[2147483647,0,0,1,1,3,3,4,4],"right_children":[2,4,-1,6,8,-1,-1,-1,-1],"split_conditions":[1.15561426E-1,1.15681075E-1,6.99736E-2,-2.7123788E-1,2.6218196E-2,4.8708282E-2,-2.5640296E-2,4.4939607E-2,-0E0],"split_indices":[9,3,0,3,2,0,0,0,0],"split_type":[0,0,0,0,0,0,0,0,0],"sum_hessian":[4.4892624E2,3.780534E2,7.087281E1,2.8100363E2,9.704979E1,1.3089806E1,2.6791382E2,2.5759235E1,7.129055E1],"tree_param":{"num_deleted":"0","num_feature":"16","num_nodes":"9","size_leaf_vector":"1"}},{"base_weights":[-1.9016434E-2,-7.746917E-2,3.1783838E-2,3.4641564E-1,-1.21626025E-2,-0E0,1.0047301E-1],"categories":[],"categories_nodes":[],"categories_segments":[],"categories_sizes":[],"default_left":[0,0,0,0,0,0,0],"id":6,"left_children":[1,3,-1,5,-1,-1,-1],"loss_changes":[8.278944E0,6.8684134E0,0E0,7.7320385E0,0E0,0E0,0E0],"parents":[2147483647,0,0,1,1,3,3],"right_children":[2,4,-1,6,-1,-1,-1],"split_conditions":[6.178202E-2,-7.544912E-2,3.1783838E-2,-3.4169853E-2,-1.21626025E-2,-0E0,1.0047301E-1],"split_indices":[1,1,0,3,0,0,0],"split_type":[0,0,0,0,0,0,0],"sum_hessian":[4.4471747E2,3.851E2,5.961747E1,3.2204346E1,3.5289566E2,2.096845E1,1.1235893E1],"tree_param":{"num_deleted":"0","num_feature":"16","num_nodes":"7","size_leaf_vector":"1"}},{"base_weights":[-0E0,-4.3415084E-2,5.9486255E-2,5.357018E-2,-7.636617E-3],"categories":[],"categories_nodes":[],"categories_segments":[],"categories_sizes":[],"default_left":[0,0,0,0,0],"id":7,"left_children":[1,3,-1,-1,-1],"loss_changes":[1.2156397E1,7.231748E0,0E0,0E0,0E0],"parents":[2147483647,0,0,1,1],"right_children":[2,4,-1,-1,-1],"split_conditions":[3.412968E-2,-4.380346E-2,5.9486255E-2,5.357018E-2,-7.636617E-3],"split_indices":[8,0,0,0,0],"split_type":[0,0,0,0,0],"sum_hessian":[4.538397E2,4.223256E2,3.1514088E1,1.925794E1,4.0306766E2],"tree_param":{"num_deleted":"0","num_feature":"16","num_nodes":"5","size_leaf_vector":"1"}},{"base_weights":[1.5919505E-2,-5.2701287E-2,3.1493932E-2,2.5079885E-1,-1.4715502E-1,-0E0,5.990562E-2,-2.2056902E-2,7.977065E-3],"categories":[],"categories_nodes":[],"categories_segments":[],"categories_sizes":[],"default_left":[0,0,0,0,0,0,0,0,0],"id":8,"left_children":[1,3,-1,5,7,-1,-1,-1,-1],"loss_changes":[9.695294E0,9.862731E0,0E0,8.160289E0,5.014105E0,0E0,0E0,0E0,0E0],"parents":[2147483647,0,0,1,1,3,3,4,4],"right_children":[2,4,-1,6,8,-1,-1,-1,-1],"split_conditions":[3.8338915E-2,-1.618957E0,3.1493932E-2,-3.0324051E0,1.5473722E-1,-0E0,5.990562E-2,-2.2056902E-2,7.977065E-3],"split_indices":[10,5,0,5,3,0,0,0,0],"split_type":[0,0,0,0,0,0,0,0,0],