{"learner":{"attributes":{"scikit_learn":"{\"_estimator_type\": \"classifier\"}"},"feature_names":["bias_week","bias_month","bias_quarter","bias_year","rsi","macd","macd_signal","vol_change","close_change","bb_width","return_5d","k_upper","k_lower","k_body","buy_power","rs_5d"],"feature_types":["float","float","float","float","float","float","float","float","float","float","float","float","float","float","float","float"],"gradient_booster":{"model":{"cats":{"enc":[],"feature_segments":[],"sorted_idx":[]},"gbtree_model_param":{"num_parallel_tree":"1","num_trees":"7"},"iteration_indptr":[0,1,2,3,4,5,6,7],"tree_info":[0,0,0,0,0,0,0],"trees":[{"base_weights":[3.793274E-2,-7.07536E-2,4.2696755E-2,2.128488E-1,-2.5508118E-1,5.9876923E-2,4.384257E-3,-3.3489075E-2,4.4051364E-2],"categories":[],"categories_nodes":[],"categories_segments":[],"categories_sizes":[],"default_left":[0,0,0,0,0,0,0,0,0],"id":0,"left_children":[1,3,-1,5,7,-1,-1,-1,-1],"loss_changes":[2.0780237E1,1.9030544E1,0E0,7.6238065E0,1.2713009E1,0E0,0E0,0E0,0E0],"parents":[2147483647,0,0,1,1,3,3,4,4],"right_children":[2,4,-1,6,8,-1,-1,-1,-1],"split_conditions":[1.6605148E-1,-7.7396613E-1,4.2696755E-2,-1.902851E-1,2.2377434E0,5.9876923E-2,4.384257E-3,-3.3489075E-2,4.4051364E-2],"split_indices":[3,6,0,3,6,0,0,0,0],"split_type":[0,0,0,0,0,0,0,0,0],"sum_hessian":[4.680051E2,3.6206143E2,1.05943665E2,1.3780092E2,2.242605E2,3.7454487E1,1.00346436E2,2.0350827E2,2.0752228E1],"tree_param":{"num_deleted":"0","num_feature":"16","num_nodes":"9","size_leaf_vector":"1"}},{"base_weights":[1.6070127E-2,-1.513932E-1,6.320428E-2,-2.0976412E-1,3.139102E-2,-2.873971E-2,-2.0867167E-3],"categories":[],"categories_nodes":[],"categories_segments":[],"categories_sizes":[],"default_left":[0,0,0,0,0,0,0],"id":1,"left_children":[1,3,-1,5,-1,-1,-1],"loss_changes":[5.009606E1,9.8201275E0,0E0,4.304096E0,0E0,0E0,0E0],"parents":[2147483647,0,0,1,1,3,3],"right_children":[2,4,-1,6,-1,-1,-1],"split_conditions":[1.04030676E-1,2.1428475E-2,6.320428E-2,5.597988E-3,3.139102E-2,-2.873971E-2,-2.0867167E-3],"split_indices":[9,8,0,15,0,0,0],"split_type":[0,0,0,0,0,0,0],"sum_hessian":[4.7098373E2,3.681467E2,1.0283706E2,3.316316E2,3.6515095E1,2.2452795E2,1.0710364E2],"tree_param":{"num_deleted":"0","num_feature":"16","num_nodes":"7","size_leaf_vector":"1"}},{"base_weights":[-3.991995E-3,-1.3905886E-1,4.5724746E-2,1.6170116E-1,-3.3750376E-1,5.893408E-2,5.336365E-3,-4.3396242E-2,-1.2756832E-3],"categories":[],"categories_nodes":[],"categories_segments":[],"categories_sizes":[],"default_left":[0,0,0,0,0,0,0,0,0],"id":2,"left_children":[1,3,-1,5,7,-1,-1,-1,-1],"loss_changes":[2.9075073E1,2.257259E1,0E0,5.2188244E0,6.394623E0,0E0,0E0,0E0,0E0],"parents":[2147483647,0,0,1,1,3,3,4,4],"right_children":[2,4,-1,6,8,-1,-1,-1,-1],"split_conditions":[1.6083467E-1,-7.7396613E-1,4.5724746E-2,-3.8664527E0,3.2534882E-1,5.893408E-2,5.336365E-3,-4.3396242E-2,-1.2756832E-3],"split_indices":[3,6,0,6,7,0,0,0,0],"split_type":[0,0,0,0,0,0,0,0,0],"sum_hessian":[4.7440533E2,3.7141E2,1.0299533E2,1.4313316E2,2.2827682E2,2.4343384E1,1.1878979E2,1.6920636E2,5.9070465E1],"tree_param":{"num_deleted":"0","num_feature":"16","num_nodes":"9","size_leaf_vector":"1"}},{"base_weights":[-0E0,1.0335526E-1,-3.2440417E-2,-1.0264713E-1,4.5503978E-2,-0E0,-3.0720007E-2],"categories":[],"categories_nodes":[],"categories_segments":[],"categories_sizes":[],"default_left":[0,0,0,0,0,0,0],"id":3,"left_children":[1,-1,3,5,-1,-1,-1],"loss_changes":[1.6793003E1,0E0,1.5052519E1,8.429962E0,0E0,0E0,0E0],"parents":[2147483647,0,0,2,2,3,3],"right_children":[2,-1,4,6,-1,-1,-1],"split_conditions":[-9.059243E-2,1.0335526E-1,2.4691235E-2,5.714373E-1,4.5503978E-2,-0E0,-3.0720007E-2],"split_indices":[10,0,8,14,0,0,0],"split_type":[0,0,0,0,0,0,0],"sum_hessian":[4.7457446E2,1.49463005E1,4.5962817E2,4.062143E2,5.3413857E1,2.7374982E2,1.3246451E2],"tree_param":{"num_deleted":"0","num_feature":"16","num_nodes":"7","size_leaf_vector":"1"}},{"base_weights":[-2.9675968E-2,-1.6046269E-1,5.9966702E-2,3.8140092E-2,-2.5955707E-1,-2.0134936E-3,6.036245E-2,-3.3649176E-2,-0E0],"categories":[],"categories_nodes":[],"categories_segments":[],"categories_sizes":[],"default_left":[0,0,0,0,0,0,0,0,0],"id":4,"left_children":[1,3,-1,5,7,-1,-1,-1,-1],"loss_changes":[3.888487E1,8.403688E0,0E0,5.5325027E0,6.360258E0,0E0,0E0,0E0,0E0],"parents":[2147483647,0,0,1,1,3,3,4,4],"right_children":[2,4,-1,6,8,-1,-1,-1,-1],"split_conditions":[1.1506604E-1,-7.205404E-1,5.9966702E-2,9.2794955E-2,1.6971008E-1,-2.0134936E-3,6.036245E-2,-3.3649176E-2,-0E0],"split_indices":[9,6,0,3,3,0,0,0,0],"split_type":[0,0,0,0,0,0,0,0,0],"sum_hessian":[4.8071957E2,4.0152606E2,7.919353E1,1.2609869E2,2.7542737E2,1.1086223E2,1.5236462E1,2.1651302E2,5.891435E1],"tree_param":{"num_deleted":"0","num_feature":"16","num_nodes":"9","size_leaf_vector":"1"}},{"base_weights":[1.3548161E-3,-1.2797275E-1,7.087521E-2,-2.0310009E-1,2.2671495E-2,-3.160713E-2,-4.234616E-3],"categories":[],"categories_nodes":[],"categories_segments":[],"categories_sizes":[],"default_left":[0,0,0,0,0,0,0],"id":5,"left_children":[1,3,-1,5,-1,-1,-1],"loss_changes":[4.4947273E1,1.059922E1,0E0,5.369486E0,0E0,0E0,0E0],"parents":[2147483647,0,0,1,1,3,3],"right_children":[2,4,-1,6,-1,-1,-1],"split_conditions":[1.1506604E-1,1.7335825E-2,7.087521E-2,5.7924006E-2,2.2671495E-2,-3.160713E-2,-4.234616E-3],"split_indices":[9,0,0,9,0,0,0],"split_type":[0,0,0,0,0,0,0],"sum_hessian":[4.7287207E2,3.976569E2,7.5215164E1,3.3369565E2,6.3961246E1,1.8577763E2,1.4791801E2],"tree_param":{"num_deleted":"0","num_feature":"16","num_nodes":"7","size_leaf_vector":"1"}},{"base_weights":[-1.8582515E-2,-7.90862E-2,3.4753125E-2,4.0175685E-1,-1.20564744E-1,-0E0,8.860971E-2,-1.7308995E-2,4.877644E-3],"categories":[],"categories_nodes":[],"categories_segments":[],"categories_sizes":[],"default_left":[0,0,0,0,0,0,0,0,0],"id":6,"left_children":[1,3,-1,5,7,-1,-1,-1,-1],"loss_changes":[9.908542E0,7.5498676E0,0E0,4.9000373E0,3.7788415E0,0E0,0E0,0E0,0E0],"parents":[2147483647,0,0,1,1,3,3,4,4],"right_children":[2,4,-1,6,8,-1,-1,-1,-1],"split_conditions":[6.254822E-2,-8.050217E-2,3.4753125E-2,-7.463418E-2,1.2888248E-1,-0E0,8.860971E-2,-1.7308995E-2,4.877644E-3],"split_indices":[1,1,0,3,3,0,0,0,0],"split_type":[0,0,0,0,0,0,0,0,0],"sum_hessian":[4.7113773E2,4.1005887E2,6.1078865E1,2.8193506E1,3.8186536E2,1.6410915E1,1.178259E1,2.998801E2,8.198527E1],"tree_param":{"num_deleted":"0","num_feature":"16","num_nodes":"9","size_leaf_vector":"1"}}]},"name":"gbtree"},"learner_model_param":{"base_score":"[5E-1]","boost_from_average":"1","num_class":"0","num_feature":"16","num_target":"1"},"objective":{"name":"binary:logistic","reg_loss_param":{"scale_pos_weight":"0.309993625"}}},"version":[3,2,0]}