{"learner":{"attributes":{"scikit_learn":"{\"_estimator_type\": \"classifier\"}"},"feature_names":["bias_week","bias_month","bias_quarter","bias_year","rsi","macd","macd_signal","vol_change","close_change","bb_width","return_5d","k_upper","k_lower","k_body","buy_power","rs_5d","obv","atr_ratio","trend_strength"],"feature_types":["float","float","float","float","float","float","float","float","float","float","float","float","float","float","float","float","float","float","float"],"gradient_booster":{"model":{"cats":{"enc":[],"feature_segments":[],"sorted_idx":[]},"gbtree_model_param":{"num_parallel_tree":"1","num_trees":"14"},"iteration_indptr":[0,1,2,3,4,5,6,7,8,9,10,11,12,13,14],"tree_info":[0,0,0,0,0,0,0,0,0,0,0,0,0,0],"trees":[{"base_weights":[-5.864379E-3,-4.481027E-1,2.6844403E-1,-0E0,-5.775633E-1,1.7541128E-1,1.2797223E-1,-3.1141236E-2,3.5072584E-2,-6.722631E-2,-0E0,4.3001056E-2,3.812236E-3],"categories":[],"categories_nodes":[],"categories_segments":[],"categories_sizes":[],"default_left":[0,0,0,0,0,0,0,0,0,0,0,0,0],"id":0,"left_children":[1,3,5,7,9,11,-1,-1,-1,-1,-1,-1,-1],"loss_changes":[7.019949E1,1.1684811E1,3.0127993E1,5.91172E0,9.644653E0,1.0412412E1,0E0,0E0,0E0,0E0,0E0,0E0,0E0],"parents":[2147483647,0,0,1,1,2,2,3,3,4,4,5,5],"right_children":[2,4,6,8,10,12,-1,-1,-1,-1,-1,-1,-1],"split_conditions":[2.4056122E-2,7.3987036E-3,7.941429E-2,1.7687656E-2,1.7571017E-1,-3.9545426E-1,1.2797223E-1,-3.1141236E-2,3.5072584E-2,-6.722631E-2,-0E0,4.3001056E-2,3.812236E-3],"split_indices":[17,3,17,17,3,6,0,0,0,0,0,0,0],"split_type":[0,0,0,0,0,0,0,0,0,0,0,0,0],"sum_hessian":[5.75186E2,2.2332011E2,3.5186584E2,5.389634E1,1.6942378E2,3.2460367E2,2.7262194E1,3.1859756E1,2.2036585E1,1.4403963E2,2.5384146E1,1.06789635E2,2.1781403E2],"tree_param":{"num_deleted":"0","num_feature":"19","num_nodes":"13","size_leaf_vector":"1"}},{"base_weights":[-1.01386905E-2,-1.8328877E-1,5.9915864E-1,2.0219602E-1,-3.266226E-1,7.571432E-1,2.2691177E-2,-9.166318E-3,4.1345987E-2,5.3185816E-3,-4.9458615E-2,3.0825429E-2,9.313407E-2],"categories":[],"categories_nodes":[],"categories_segments":[],"categories_sizes":[],"default_left":[0,0,0,0,0,0,0,0,0,0,0,0,0],"id":1,"left_children":[1,3,5,7,9,11,-1,-1,-1,-1,-1,-1,-1],"loss_changes":[5.9909878E1,2.5260029E1,5.064251E0,8.213135E0,2.2828693E1,3.904911E0,0E0,0E0,0E0,0E0,0E0,0E0,0E0],"parents":[2147483647,0,0,1,1,2,2,3,3,4,4,5,5],"right_children":[2,4,6,8,10,12,-1,-1,-1,-1,-1,-1,-1],"split_conditions":[6.3352E-2,-5.8226407E-5,6.82927E-1,-1.1075993E-2,2.2113103E-2,7.50462E-2,2.2691177E-2,-9.166318E-3,4.1345987E-2,5.3185816E-3,-4.9458615E-2,3.0825429E-2,9.313407E-2],"split_indices":[9,16,14,3,3,9,0,0,0,0,0,0,0],"split_type":[0,0,0,0,0,0,0,0,0,0,0,0,0],"sum_hessian":[5.765948E2,4.519222E2,1.2467259E2,1.1821947E2,3.3370273E2,8.307359E1,4.1599E1,4.5414097E1,7.280537E1,9.984909E1,2.3385365E2,2.7683025E1,5.539057E1],"tree_param":{"num_deleted":"0","num_feature":"19","num_nodes":"13","size_leaf_vector":"1"}},{"base_weights":[-6.898997E-3,-1.8147443E-1,6.8977356E-1,-4.2912555E-1,-0E0,5.707706E-1,1.4610659E-1,1.648343E-2,-4.8151046E-2,3.7505347E-2,-9.247633E-3,-0E0,6.770603E-2],"categories":[],"categories_nodes":[],"categories_segments":[],"categories_sizes":[],"default_left":[0,0,0,0,0,0,0,0,0,0,0,0,0],"id":2,"left_children":[1,3,5,7,9,11,-1,-1,-1,-1,-1,-1,-1],"loss_changes":[6.929071E1,2.0918005E1,5.9001236E0,7.320488E0,9.472459E0,6.9669914E0,0E0,0E0,0E0,0E0,0E0,0E0,0E0],"parents":[2147483647,0,0,1,1,2,2,3,3,4,4,5,5],"right_children":[2,4,6,8,10,12,-1,-1,-1,-1,-1,-1,-1],"split_conditions":[6.600825E-2,2.2604965E-2,1.0733192E-1,-1.295134E-2,-2.2649268E-2,-2.6802834E-2,1.4610659E-1,1.648343E-2,-4.8151046E-2,3.7505347E-2,-9.247633E-3,-0E0,6.770603E-2],"split_indices":[9,17,17,0,1,15,0,0,0,0,0,0,0],"split_type":[0,0,0,0,0,0,0,0,0,0,0,0,0],"sum_hessian":[5.789865E2,4.656064E2,1.1338011E2,1.9679759E2,2.6880884E2,1.0103905E2,1.2341062E1,1.3522008E1,1.8327557E2,5.306859E1,2.1574023E2,1.5445303E1,8.559374E1],"tree_param":{"num_deleted":"0","num_feature":"19","num_nodes":"13","size_leaf_vector":"1"}},{"base_weights":[-7.6789837E-3,-3.6320046E-1,1.6035128E-1,-5.3297555E-1,-0E0,8.9069955E-2,1.12476125E-1,-6.064492E-2,6.746395E-3,5.719859E-2,-1.2698036E-2,6.903301E-2,3.4675456E-3],"categories":[],"categories_nodes":[],"categories_segments":[],"categories_sizes":[],"default_left":[0,0,0,0,0,0,0,0,0,0,0,0,0],"id":3,"left_children":[1,3,5,7,9,11,-1,-1,-1,-1,-1,-1,-1],"loss_changes":[3.506522E1,1.2057713E1,2.4234482E1,7.387825E0,4.674525E0,1.0329393E1,0E0,0E0,0E0,0E0,0E0,0E0,0E0],"parents":[2147483647,0,0,1,1,2,2,3,3,4,4,5,5],"right_children":[2,4,6,8,10,12,-1,-1,-1,-1,-1,-1,-1],"split_conditions":[2.2241956E-2,3.3333242E-1,8.149733E-2,1.4140937E0,-1.0527839E-1,-1.3869631E-1,1.12476125E-1,-6.064492E-2,6.746395E-3,5.719859E-2,-1.2698036E-2,6.903301E-2,3.4675456E-3],"split_indices":[17,11,17,6,4,3,0,0,0,0,0,0,0],"split_type":[0,0,0,0,0,0,0,0,0,0,0,0,0],"sum_hessian":[5.791706E2,1.9015787E2,3.8901273E2,1.3071207E2,5.944579E1,3.6470856E2,2.4304165E1,1.1895156E2,1.1760511E1,1.1621463E1,4.7824326E1,2.6373951E1,3.383346E2],"tree_param":{"num_deleted":"0","num_feature":"19","num_nodes":"13","size_leaf_vector":"1"}},{"base_weights":[1.13056E-2,-1.416111E-1,4.656383E-1,3.3317176E-1,-2.6610267E-1,7.4005705E-1,1.2722392E-2,-0E0,6.2414605E-2,-4.7372732E-2,-5.7653706E-3,1.901984E-2,9.544514E-2],"categories":[],"categories_nodes":[],"categories_segments":[],"categories_sizes":[],"default_left":[0,0,0,0,0,0,0,0,0,0,0,0,0],"id":4,"left_children":[1,3,5,7,9,11,-1,-1,-1,-1,-1,-1,-1],"loss_changes":[4.092951E1,2.5224035E1,1.18688965E1,8.055247E0,1.3911406E1,6.9677353E0,0E0,0E0,0E0,0E0,0E0,0E0,0E0],"parents":[2147483647,0,0,1,1,2,2,3,3,4,4,5,5],"right_children":[2,4,6,8,10,12,-1,-1,-1,-1,-1,-1,-1],"split_conditions":[5.8813933E-2,-8.240382E-5,2.5001082E-1,-2.4498222E-2,2.2241956E-2,3.8234506E-2,1.2722392E-2,-0E0,6.2414605E-2,-4.7372732E-2,-5.7653706E-3,1.901984E-2,9.544514E-2],"split_indices":[9,16,12,2,17,17,0,0,0,0,0,0,0],"split_type":[0,0,0,0,0,0,0,0,0,0,0,0,0],"sum_hessian":[5.784586E2,4.2911945E2,1.4933917E2,8.535488E1,3.4376456E2,7.861862E1,7.072054E1,4.112854E1,4.4226337E1,1.6503873E2,1.7872583E2,2.5631943E1,5.298668E1],"tree_param":{"num_deleted":"0","num_feature":"19","num_nodes":"13","size_leaf_vector":"1"}},{"base_weights":[-1.37011E-2,-1.920781E-1,3.513406E-1,-2.6287234E-1,6.869308E-2,1.00211404E-1,9.799168E-2,-1.8838387E-2,-6.636746E-2,4.8150495E-2,-6.423197E-4,3.6914504E-4,9.496743E-2],"categories":[],"categories_nodes":[],"categories_segments":[],"categories_sizes":[],"default_left":[0,0,0,0,0,0,0,0,0,0,0,0,0],"id":5,"left_children":[1,3,5,7,9,-1,11,-1,-1,-1,-1,-1,-1],"loss_changes":[3.7270905E1,7.682379E0,2.846553E1,7.40086E0,3.4928467E0,0E0,8.896852E0,0E0,0E0,0E0,0E0,0E0,0E0],"parents":[2147483647,0,0,1,1,2,2,3,3,4,4,6,6],"right_children":[2,4,6,8,10,-1,12,-1,-1,-1,-1,-1,-1],"split_conditions":[3.8803242E-2,5.2564804E-2,-3.7488166E-2,1.9952565E-1,2.6350247E-3,1.00211404E-1,8.624903E-2,-1.8838387E-2,-6.636746E-2,4.8150495E-2,-6.423197E-4,3.6914504E-4,9.496743E-2],"split_indices":[17,2,2,4,10,0,17,0,0,0,0,0,0],"split_type":[0,0,0,0,0,0,0,0,0,0,0,0,0],"sum_hessian":[5.77741E2,3.9227127E2,1.8546976E2,3.1531448E2,7.695678E1,4.897491E1,1.3649484E2,2.7209534E2,4.321916E1,1.6279404E1,6.067738E1,1.2543616E2,1.1058694E1],"tree_param":{"num_deleted":"0","num_feature":"19","num_nodes":"13","size_leaf_vector":"1"}},{"base_weights":[1.105624E-2,-1.18276455E-1,4.961935E-1,4.8850828E-1,-1.755245E-1,5.7482857E-1,-0E0,-0E0,7.336698E-2,1.8375756E-2,-2.4863686E-2,6.998623E-2,1.2245003E-2],"categories":[],"categories_nodes":[],"categories_segments":[],"categories_sizes":[],"default_left":[0,0,0,0,0,0,0,0,0,0,0,0,0],"id":6,"left_children":[1,3,5,7,9,11,-1,-1,-1,-1,-1,-1,-1],"loss_changes":[3.6406033E1,1.4714652E1,4.916424E0,4.1741257E0,1.1232613E1,4.4053497E0,0E0,0E0,0E0,0E0,0E0,0E0,0E0],"parents":[2147483647,0,0,1,1,2,2,3,3,4,4,5,5],"right_children":[2,4,6,8,10,12,-1,-1,-1,-1,-1,-1,-1],