{"learner":{"attributes":{"scikit_learn":"{\"_estimator_type\": \"classifier\"}"},"feature_names":["bias_week","bias_month","bias_quarter","bias_year","rsi","macd","macd_signal","vol_change","close_change","bb_width","return_5d","k_upper","k_lower","k_body","buy_power","rs_5d"],"feature_types":["float","float","float","float","float","float","float","float","float","float","float","float","float","float","float","float"],"gradient_booster":{"model":{"cats":{"enc":[],"feature_segments":[],"sorted_idx":[]},"gbtree_model_param":{"num_parallel_tree":"1","num_trees":"2"},"iteration_indptr":[0,1,2],"tree_info":[0,0],"trees":[{"base_weights":[-3.0090408E-3,1.06375515E-1,-7.2286434E-2,-1.7473955E-1,4.9575657E-1,1.1275095E-2,-3.3740155E-2,6.110643E-2,-0E0],"categories":[],"categories_nodes":[],"categories_segments":[],"categories_sizes":[],"default_left":[0,0,0,0,0,0,0,0,0],"id":0,"left_children":[1,-1,3,5,7,-1,-1,-1,-1],"loss_changes":[4.0519154E1,0E0,3.0790321E1,2.2553078E1,5.82551E0,0E0,0E0,0E0,0E0],"parents":[2147483647,0,0,2,2,3,3,4,4],"right_children":[2,-1,4,6,8,-1,-1,-1,-1],"split_conditions":[-1.5290287E-1,1.06375515E-1,1.6176064E0,-2.1807508E-1,5.3333133E-1,1.1275095E-2,-3.3740155E-2,6.110643E-2,-0E0],"split_indices":[3,0,6,6,12,0,0,0,0],"split_type":[0,0,0,0,0,0,0,0,0],"sum_hessian":[5.7400903E2,3.270361E1,5.413054E2,4.62001E2,7.93044E1,1.634188E2,2.9858224E2,6.669217E1,1.26122265E1],"tree_param":{"num_deleted":"0","num_feature":"16","num_nodes":"9","size_leaf_vector":"1"}},{"base_weights":[-9.632437E-3,-1.810575E-1,6.046063E-1,1.8950213E-1,-2.9848525E-1,6.92097E-1,-0E0,4.2957596E-2,-0E0,-0E0,-3.843612E-2,9.0180494E-2,3.9339006E-2],"categories":[],"categories_nodes":[],"categories_segments":[],"categories_sizes":[],"default_left":[0,0,0,0,0,0,0,0,0,0,0,0,0],"id":1,"left_children":[1,3,5,7,9,11,-1,-1,-1,-1,-1,-1,-1],"loss_changes":[5.971311E1,1.9975796E1,6.44878E0,4.668709E0,9.783667E0,3.903389E0,0E0,0E0,0E0,0E0,0E0,0E0,0E0],"parents":[2147483647,0,0,1,1,2,2,3,3,4,4,5,5],"right_children":[2,4,6,8,10,12,-1,-1,-1,-1,-1,-1,-1],"split_conditions":[6.375901E-2,-1.4184604E-2,5.7143164E-1,-1.1655028E-2,6.2498763E-2,3.268383E-2,-0E0,4.2957596E-2,-0E0,-0E0,-3.843612E-2,9.0180494E-2,3.9339006E-2],"split_indices":[9,1,12,15,12,1,0,0,0,0,0,0,0],"split_type":[0,0,0,0,0,0,0,0,0,0,0,0,0],"sum_hessian":[5.760079E2,4.532404E2,1.22767456E2,1.04434845E2,3.4880554E2,1.07134895E2,1.5632565E1,4.4833042E1,5.9601807E1,7.666597E1,2.721396E2,5.7285656E1,4.984924E1],"tree_param":{"num_deleted":"0","num_feature":"16","num_nodes":"13","size_leaf_vector":"1"}}]},"name":"gbtree"},"learner_model_param":{"base_score":"[5E-1]","boost_from_average":"1","num_class":"0","num_feature":"16","num_target":"1"},"objective":{"name":"binary:logistic","reg_loss_param":{"scale_pos_weight":"0.45094052"}}},"version":[3,2,0]}