{"learner":{"attributes":{"scikit_learn":"{\"_estimator_type\": \"classifier\"}"},"feature_names":["bias_week","bias_month","bias_quarter","bias_year","rsi","macd","macd_signal","vol_change","close_change","bb_width","return_5d","return_10d","k_upper","k_lower","k_body","buy_power","rs_5d","rs_10d","dist_to_20d_high","dist_to_20d_low","kd_k","kd_d","kd_cross","gap_ratio","obv","atr_ratio","trend_strength"],"feature_types":["float","float","float","float","float","float","float","float","float","float","float","float","float","float","float","float","float","float","float","float","float","float","float","float","float","float","float"],"gradient_booster":{"model":{"gbtree_model_param":{"num_parallel_tree":"1","num_trees":"11"},"iteration_indptr":[0,1,2,3,4,5,6,7,8,9,10,11],"tree_info":[0,0,0,0,0,0,0,0,0,0,0],"trees":[{"base_weights":[-2.4009442E-2,2.2659244E-1,-3.2573587E-1,4.3106925E-1,-6.801771E-2,5.4380935E-2,-4.9405193E-1,3.6798947E-2,1.459017E-1,-1.8569276E-2,7.275354E-2,5.833431E-2,-4.3977953E-2,7.2243E-2,-5.4947253E-2],"categories":[],"categories_nodes":[],"categories_segments":[],"categories_sizes":[],"default_left":[0,0,0,0,0,0,0,0,0,0,0,0,0,0,0],"id":0,"left_children":[1,3,5,7,9,11,13,-1,-1,-1,-1,-1,-1,-1,-1],"loss_changes":[1.0685014E2,4.7007008E1,4.2209023E1,2.3938599E1,2.8512024E1,5.215166E1,3.2909294E1,0E0,0E0,0E0,0E0,0E0,0E0,0E0,0E0],"parents":[2147483647,0,0,1,1,2,2,3,3,4,4,5,5,6,6],"right_children":[2,4,6,8,10,12,14,-1,-1,-1,-1,-1,-1,-1,-1],"split_conditions":[2.8235245E-2,2.8745074E-2,2.1657875E1,4.0663227E-1,1.135049E-1,3.4123678E-2,1.3901214E-2,3.6798947E-2,1.459017E-1,-1.8569276E-2,7.275354E-2,5.833431E-2,-4.3977953E-2,7.2243E-2,-5.4947253E-2],"split_indices":[18,25,20,3,24,26,25,0,0,0,0,0,0,0,0],"split_type":[0,0,0,0,0,0,0,0,0,0,0,0,0,0,0],"sum_hessian":[1.4084543E3,7.6544727E2,6.43007E2,4.5612357E2,3.0932367E2,1.934096E2,4.4959744E2,4.343498E2,2.1773775E1,2.7230554E2,3.7018124E1,9.54435E1,9.79661E1,1.8779425E1,4.3081802E2],"tree_param":{"num_deleted":"0","num_feature":"27","num_nodes":"15","size_leaf_vector":"1"}},{"base_weights":[-2.3358755E-2,3.8599636E-2,-9.6167535E-1,-1.0391037E-1,3.8592732E-1,-1.355466E0,1.7264624E-1,-7.0851096E-3,-1.3792627E-1,-8.575068E-2,4.352501E-2,-1.4841267E-1,-0E0,1.2557513E-1,-6.529904E-2],"categories":[],"categories_nodes":[],"categories_segments":[],"categories_sizes":[],"default_left":[0,0,0,0,0,0,0,0,0,0,0,0,0,0,0],"id":1,"left_children":[1,3,5,7,9,11,13,-1,-1,-1,-1,-1,-1,-1,-1],"loss_changes":[8.482712E1,6.666077E1,4.325531E1,3.596466E1,2.5306263E1,1.3848602E1,2.260799E1,0E0,0E0,0E0,0E0,0E0,0E0,0E0,0E0],"parents":[2147483647,0,0,1,1,2,2,3,3,4,4,5,5,6,6],"right_children":[2,4,6,8,10,12,14,-1,-1,-1,-1,-1,-1,-1,-1],"split_conditions":[9.696903E-2,1.8834007E-1,8.033426E1,6.980749E-2,-5.4954654E-1,3.2974845E-1,1.2862289E-1,-7.0851096E-3,-1.3792627E-1,-8.575068E-2,4.352501E-2,-1.4841267E-1,-0E0,1.2557513E-1,-6.529904E-2],"split_indices":[9,4,20,2,7,3,2,0,0,0,0,0,0,0,0],"split_type":[0,0,0,0,0,0,0,0,0,0,0,0,0,0,0],"sum_hessian":[1.4218909E3,1.332339E3,8.955195E1,9.4054346E2,3.9179547E2,6.7825165E1,2.1726782E1,9.199738E2,2.0569641E1,1.36168E1,3.7817868E2,6.1706215E1,6.1189475E0,1.0359034E1,1.1367749E1],"tree_param":{"num_deleted":"0","num_feature":"27","num_nodes":"15","size_leaf_vector":"1"}},{"base_weights":[3.4833204E-2,2.5621453E-1,-1.8799424E-1,1.305436E-1,6.0866946E-1,-2.6619413E-1,4.915345E-1,9.13112E-2,2.4374453E-3,7.425363E-2,-0E0,-8.624774E-3,-7.4198864E-2,-9.991778E-2,8.448779E-2],"categories":[],"categories_nodes":[],"categories_segments":[],"categories_sizes":[],"default_left":[0,0,0,0,0,0,0,0,0,0,0,0,0,0,0],"id":2,"left_children":[1,3,5,7,9,11,13,-1,-1,-1,-1,-1,-1,-1,-1],"loss_changes":[7.1244095E1,3.050711E1,3.750454E1,4.325561E1,1.713369E1,5.360314E1,3.8678795E1,0E0,0E0,0E0,0E0,0E0,0E0,0E0,0E0],"parents":[2147483647,0,0,1,1,2,2,3,3,4,4,5,5,6,6],"right_children":[2,4,6,8,10,12,14,-1,-1,-1,-1,-1,-1,-1,-1],"split_conditions":[2.9926527E-2,4.9835015E-2,6.812401E-2,1.1705408E-2,2.2267459E-4,5.5974603E-2,4.7353707E-2,9.13112E-2,2.4374453E-3,7.425363E-2,-0E0,-8.624774E-3,-7.4198864E-2,-9.991778E-2,8.448779E-2],"split_indices":[25,2,24,25,24,25,19,0,0,0,0,0,0,0,0],"split_type":[0,0,0,0,0,0,0,0,0,0,0,0,0,0,0],"sum_hessian":[1.4394169E3,7.270619E2,7.123549E2,5.41547E2,1.8551486E2,6.4228357E2,7.0071365E1,6.0756607E1,4.807904E2,1.5295549E2,3.255938E1,4.7226862E2,1.7001497E2,1.2062917E1,5.8008446E1],"tree_param":{"num_deleted":"0","num_feature":"27","num_nodes":"15","size_leaf_vector":"1"}},{"base_weights":[-1.1275952E-2,2.1358599E-1,-2.7327254E-1,1.7540498E-1,1.1499454E0,-0E0,-4.4868213E-1,2.0023173E-2,-1.5208098E-1,1.4064957E-1,-0E0,3.1337246E-2,-3.8084295E-2,-2.4066994E-2,-9.631171E-2],"categories":[],"categories_nodes":[],"categories_segments":[],"categories_sizes":[],"default_left":[0,0,0,0,0,0,0,0,0,0,0,0,0,0,0],"id":3,"left_children":[1,3,5,7,9,11,13,-1,-1,-1,-1,-1,-1,-1,-1],"loss_changes":[8.446321E1,2.4212223E1,3.2101856E1,3.0650711E1,9.759159E0,3.1629883E1,4.0795357E1,0E0,0E0,0E0,0E0,0E0,0E0,0E0,0E0],"parents":[2147483647,0,0,1,1,2,2,3,3,4,4,5,5,6,6],"right_children":[2,4,6,8,10,12,14,-1,-1,-1,-1,-1,-1,-1,-1],"split_conditions":[2.5396846E-2,4.2870063E-1,-6.3105216E0,3.461048E-2,3.7569395E-4,4.457048E-1,5.2871644E-2,2.0023173E-2,-1.5208098E-1,1.4064957E-1,-0E0,3.1337246E-2,-3.8084295E-2,-2.4066994E-2,-9.631171E-2],"split_indices":[18,3,22,17,24,6,25,0,0,0,0,0,0,0,0],"split_type":[0,0,0,0,0,0,0,0,0,0,0,0,0,0,0],"sum_hessian":[1.4296913E3,7.648248E2,6.6486646E2,7.3815753E2,2.6667328E1,2.5931696E2,4.0554947E2,7.2895593E2,9.201591E0,2.2101574E1,4.5657544E0,1.4295013E2,1.1636684E2,2.9479715E2,1.1075232E2],"tree_param":{"num_deleted":"0","num_feature":"27","num_nodes":"15","size_leaf_vector":"1"}},{"base_weights":[-1.9265318E-2,3.234954E-1,-1.2959053E-1,6.696064E-1,1.354786E-2,-8.630373E-2,-1.0567428E0,7.7635005E-2,-3.1689953E-2,-3.0925734E-2,4.9540076E-2,5.801451E-2,-1.658994E-2,2.1054406E-2,-1.25452E-1],"categories":[],"categories_nodes":[],"categories_segments":[],"categories_sizes":[],"default_left":[0,0,0,0,0,0,0,0,0,0,0,0,0,0,0],"id":4,"left_children":[1,3,5,7,9,11,13,-1,-1,-1,-1,-1,-1,-1,-1],"loss_changes":[5.3487747E1,3.5169292E1,4.0835E1,1.8946785E1,2.9777548E1,5.555501E1,1.4722927E1,0E0,0E0,0E0,0E0,0E0,0E0,0E0,0E0],"parents":[2147483647,0,0,1,1,2,2,3,3,4,4,5,5,6,6],"right_children":[2,4,6,8,10,12,14,-1,-1,-1,-1,-1,-1,-1,-1],"split_conditions":[5.847922E-3,1.4648087E-4,1.1764703E-1,2.8745074E-2,1.2280806E-2,-1.7181817E-2,-2.7619323E-2,7.7635005E-2,-3.1689953E-2,-3.0925734E-2,4.9540076E-2,5.801451E-2,-1.658994E-2,2.1054406E-2,-1.25452E-1],"split_indices":[18,24,18,25,8,17,24,0,0,0,0,0,0,0,0],"split_type":[0,0,0,0,0,0,0,0,0,0,0,0,0,0,0],"sum_hessian":[1.424195E3,3.4140598E2,1.082789E3,1.5738417E2,1.840218E2,1.0377147E3,4.5074295E1,1.4345348E2,1.39307E1,1.07628174E2,7.639364E1,1.0809871E2,9.2961597E2,4.815857E0,4.025844E1],"tree_param":{"num_deleted":"0","num_feature":"27","num_nodes":"15","size_leaf_vector":"1"}},{"base_weights":[3.8604233E-2,2.4986827E-1,-9.378383E-2,1.3910227E-1,1.029986E0,-3.112106E-1,9.9370904E-2,1.2708467E-1,6.4036595E-3,1.3420294E-1,-2.2259433E-2,-2.8905617E-3,-5.226944E-2,7.4836835E-2,-4.4299875E-4],"categories":[],"categories_nodes":[],"categories_segments":[],"categories_sizes":[],"default_left":[0,0,0,0,0,0,0,0,0,0,0,0,0,0,0],"id":5,"left_children":[1,3,5,7,9,11,13,-1,-1,-1,-1,-1,-1,-1,-1],"loss_changes":[4.106328E1,4.6258812E1,3.7817253E1,3.9485054E1,3.0290924E1,2.4510475E1,3.3366016E1,0E0,0E0,0E0,0E0,0E0,0E0,0E0,0E0],"parents":[2147483647,0,0,1,1,2,2,3,3,4,4,5,5,6,6],"right_children":[2,4,6,8,10,12,14,-1,-1,-1,-1,-1,-1,-1,-1],"split_conditions":[3.548716E-2,5.2631438E-2,5.503772E1,-2.6764898E-2,6.980749E-2,1.5723323E-2,-8.267408E-2,1.2708467E-1,6.4036595E-3,1.3420294E-1,-2.2259433E-2,-2.8905617E-3,-5.226944E-2,7.4836835E-2,-4.4299875E-4],"split_indices":[9,2,21,16,2,19,3,0,0,0,0,0,0,0,0],"split_type":[0,0,0,0,0,0,0,0,0,0,0,0,0,0,0],