{"learner":{"attributes":{"scikit_learn":"{\"_estimator_type\": \"classifier\"}"},"feature_names":["bias_week","bias_month","bias_quarter","bias_year","rsi","macd","macd_signal","vol_change","close_change","bb_width","return_5d","k_upper","k_lower","k_body","buy_power","rs_5d","obv","atr_ratio","trend_strength"],"feature_types":["float","float","float","float","float","float","float","float","float","float","float","float","float","float","float","float","float","float","float"],"gradient_booster":{"model":{"cats":{"enc":[],"feature_segments":[],"sorted_idx":[]},"gbtree_model_param":{"num_parallel_tree":"1","num_trees":"7"},"iteration_indptr":[0,1,2,3,4,5,6,7],"tree_info":[0,0,0,0,0,0,0],"trees":[{"base_weights":[-2.281868E-2,-3.7551227E-1,2.976294E-1,-3.2177445E-2,-6.03431E-1,1.08223744E-1,8.3864585E-2,-1.8774278E-2,3.7678733E-2,-7.710111E-2,-8.327158E-3,-1.1627273E-2,3.8446095E-2],"categories":[],"categories_nodes":[],"categories_segments":[],"categories_sizes":[],"default_left":[0,0,0,0,0,0,0,0,0,0,0,0,0],"id":0,"left_children":[1,3,5,7,9,11,-1,-1,-1,-1,-1,-1,-1],"loss_changes":[3.7948597E1,1.12775955E1,1.5664127E1,4.0312943E0,6.5118027E0,8.848682E0,0E0,0E0,0E0,0E0,0E0,0E0,0E0],"parents":[2147483647,0,0,1,1,2,2,3,3,4,4,5,5],"right_children":[2,4,6,8,10,12,-1,-1,-1,-1,-1,-1,-1],"split_conditions":[5.9072472E-2,-2.3565191E-1,1.4606065E-1,-5.852772E-1,1.0919552E0,-5.386416E-2,8.3864585E-2,-1.8774278E-2,3.7678733E-2,-7.710111E-2,-8.327158E-3,-1.1627273E-2,3.8446095E-2],"split_indices":[18,6,18,5,5,3,0,0,0,0,0,0,0],"split_type":[0,0,0,0,0,0,0,0,0,0,0,0,0],"sum_hessian":[3.3406046E2,1.6237183E2,1.7168863E2,6.876515E1,9.360667E1,1.3070412E2,4.0984524E1,5.3776585E1,1.4988567E1,6.6859795E1,2.6746872E1,6.78895E1,6.28146E1],"tree_param":{"num_deleted":"0","num_feature":"19","num_nodes":"13","size_leaf_vector":"1"}},{"base_weights":[-0E0,-3.0801356E-1,2.742262E-1,-5.51312E-1,-0E0,9.212903E-2,1.7726275E-1,-0E0,-6.311738E-2,1.7917136E-2,-4.872614E-2,-2.4479887E-2,4.2152863E-2],"categories":[],"categories_nodes":[],"categories_segments":[],"categories_sizes":[],"default_left":[0,0,0,0,0,0,0,0,0,0,0,0,0],"id":1,"left_children":[1,3,5,7,9,-1,11,-1,-1,-1,-1,-1,-1],"loss_changes":[2.792209E1,1.2453333E1,8.682308E0,4.497429E0,5.3210716E0,0E0,1.6861124E1,0E0,0E0,0E0,0E0,0E0,0E0],"parents":[2147483647,0,0,1,1,2,2,3,3,4,4,6,6],"right_children":[2,4,6,8,10,-1,12,-1,-1,-1,-1,-1,-1],"split_conditions":[7.773667E-2,1.8143016E-3,-1.6599837E-1,-2.0565423E-1,1.7886631E0,9.212903E-2,-2.0744517E0,-0E0,-6.311738E-2,1.7917136E-2,-4.872614E-2,-2.4479887E-2,4.2152863E-2],"split_indices":[9,1,2,3,5,0,5,0,0,0,0,0,0],"split_type":[0,0,0,0,0,0,0,0,0,0,0,0,0],"sum_hessian":[3.30714E2,1.5448837E2,1.7622562E2,8.914022E1,6.534815E1,1.9652678E1,1.5657295E2,1.1124371E1,7.8015854E1,5.0164886E1,1.5183268E1,5.4374264E1,1.0219868E2],"tree_param":{"num_deleted":"0","num_feature":"19","num_nodes":"13","size_leaf_vector":"1"}},{"base_weights":[-3.547809E-2,-1.7476743E-1,4.7678035E-2,-3.3613628E-1,3.6236183E-3,8.157232E-3,-4.7562722E-2],"categories":[],"categories_nodes":[],"categories_segments":[],"categories_sizes":[],"default_left":[0,0,0,0,0,0,0],"id":2,"left_children":[1,3,-1,5,-1,-1,-1],"loss_changes":[2.3555965E1,9.848927E0,0E0,1.0407906E1,0E0,0E0,0E0],"parents":[2147483647,0,0,1,1,3,3],"right_children":[2,4,-1,6,-1,-1,-1],"split_conditions":[1.3015053E-1,4.283945E-3,4.7678035E-2,-9.466824E-2,3.6236183E-3,8.157232E-3,-4.7562722E-2],"split_indices":[9,1,0,2,0,0,0],"split_type":[0,0,0,0,0,0,0],"sum_hessian":[3.3710043E2,2.6893762E2,6.816281E1,1.5850758E2,1.10430046E2,3.6440933E1,1.2206666E2],"tree_param":{"num_deleted":"0","num_feature":"19","num_nodes":"7","size_leaf_vector":"1"}},{"base_weights":[-0E0,-1.0064693E-1,2.2939412E-1,-2.3120981E-1,5.2719034E-2,7.899711E-2,9.710649E-2,1.5920337E-3,-4.7275342E-2,6.506982E-2,-3.122472E-3,-5.255978E-3,4.0754795E-2],"categories":[],"categories_nodes":[],"categories_segments":[],"categories_sizes":[],"default_left":[0,0,0,0,0,0,0,0,0,0,0,0,0],"id":3,"left_children":[1,3,5,7,9,-1,11,-1,-1,-1,-1,-1,-1],"loss_changes":[7.913377E0,4.925738E0,5.997661E0,8.922349E0,6.28412E0,0E0,5.0460386E0,0E0,0E0,0E0,0E0,0E0,0E0],"parents":[2147483647,0,0,1,1,2,2,3,3,4,4,6,6],"right_children":[2,4,6,8,10,-1,12,-1,-1,-1,-1,-1,-1],"split_conditions":[6.39123E-2,2.2154683E-2,-4.7031717E0,-1.2452363E-1,-7.349737E-1,7.899711E-2,1.0019072E-1,1.5920337E-3,-4.7275342E-2,6.506982E-2,-3.122472E-3,-5.255978E-3,4.0754795E-2],"split_indices":[17,3,6,3,6,0,4,0,0,0,0,0,0],"split_type":[0,0,0,0,0,0,0,0,0,0,0,0,0],"sum_hessian":[3.325993E2,2.2577126E2,1.0682805E2,1.2987077E2,9.590047E1,1.6912474E1,8.991557E1,6.014428E1,6.97265E1,1.4960753E1,8.093972E1,5.6002228E1,3.391334E1],"tree_param":{"num_deleted":"0","num_feature":"19","num_nodes":"13","size_leaf_vector":"1"}},{"base_weights":[1.8461147E-2,-2.713961E-1,3.1935367E-1,-4.8015475E-1,-0E0,1.508389E-1,6.511058E-2,-0E0,-5.6808267E-2,-2.392102E-3,2.8935542E-2],"categories":[],"categories_nodes":[],"categories_segments":[],"categories_sizes":[],"default_left":[0,0,0,0,0,0,0,0,0,0,0],"id":4,"left_children":[1,3,5,7,-1,9,-1,-1,-1,-1,-1],"loss_changes":[2.9041325E1,8.748678E0,7.6329308E0,4.7720203E0,0E0,3.4528158E0,0E0,0E0,0E0,0E0,0E0],"parents":[2147483647,0,0,1,1,2,2,3,3,5,5],"right_children":[2,4,6,8,-1,10,-1,-1,-1,-1,-1],"split_conditions":[7.971138E-2,-2.2858109E-4,1.4561722E-1,-2.0565423E-1,-0E0,-2.2753441E0,6.511058E-2,-0E0,-5.6808267E-2,-2.392102E-3,2.8935542E-2],"split_indices":[9,1,9,3,0,5,0,0,0,0,0],"split_type":[0,0,0,0,0,0,0,0,0,0,0],"sum_hessian":[3.3158707E2,1.6507812E2,1.6650894E2,9.063351E1,7.444462E1,1.15538E2,5.0970936E1,1.2388876E1,7.824463E1,4.4420513E1,7.111749E1],"tree_param":{"num_deleted":"0","num_feature":"19","num_nodes":"11","size_leaf_vector":"1"}},{"base_weights":[1.9050435E-3,9.486468E-2,-2.6285421E-2,-1.8582693E-1,2.687361E-1,3.136689E-2,-2.8103663E-2,-0E0,4.95499E-2],"categories":[],"categories_nodes":[],"categories_segments":[],"categories_sizes":[],"default_left":[0,0,0,0,0,0,0,0,0],"id":5,"left_children":[1,-1,3,5,7,-1,-1,-1,-1],"loss_changes":[1.1004835E1,0E0,1.4846304E1,1.0319124E1,6.450871E0,0E0,0E0,0E0,0E0],"parents":[2147483647,0,0,2,2,3,3,4,4],"right_children":[2,-1,4,6,8,-1,-1,-1,-1],"split_conditions":[-7.595077E-2,9.486468E-2,1.0175174E-2,-1.2708518E-1,5.4487348E-2,3.136689E-2,-2.8103663E-2,-0E0,4.95499E-2],"split_indices":[15,0,15,2,17,0,0,0,0],"split_type":[0,0,0,0,0,0,0,0,0],"sum_hessian":[3.3094778E2,1.1715832E1,3.1923196E2,2.1216705E2,1.07064896E2,3.0708315E1,1.8145874E2,5.027346E1,5.6791435E1],"tree_param":{"num_deleted":"0","num_feature":"19","num_nodes":"9","size_leaf_vector":"1"}},{"base_weights":[-4.479102E-3,-1.4902046E-1,3.2507837E-2,-2.6143706E-1,9.925962E-3,-0E0,-3.4862366E-2],"categories":[],"categories_nodes":[],"categories_segments":[],"categories_sizes":[],"default_left":[0,0,0,0,0,0,0],"id":6,"left_children":[1,3,-1,5,-1,-1,-1],"loss_changes":[1.5391343E1,6.9164095E0,0E0,3.9564743E0,0E0,0E0,0E0],"parents":[2147483647,0,0,1,1,3,3],"right_children":[2,4,-1,6,-1,-1,-1],"split_conditions":[1.0939919E-1,7.158991E-3,3.2507837E-2,-9.37277E-4,9.925962E-3,-0E0,-3.4862366E-2],"split_indices":[9,15,0,16,0,0,0],"split_type":[0,0,0,0,0,0,0],"sum_hessian":[3.287949E2,2.3386359E2,9.4931305E1,1.6737175E2,6.649184E1,4.2747475E1,1.24624275E2],"tree_param":{"num_deleted":"0","num_feature":"19","num_nodes":"7","size_leaf_vector":"1"}}]},"name":"gbtree"},"learner_model_param":{"base_score":"[5E-1]","boost_from_average":"1","num_class":"0","num_feature":"19","num_target":"1"},"objective":{"name":"binary:logistic","reg_loss_param":{"scale_pos_weight":"0.220664367"}}},"version":[3,2,0]}