{"learner":{"attributes":{"scikit_learn":"{\"_estimator_type\": \"classifier\"}"},"feature_names":["bias_week","bias_month","bias_quarter","bias_year","rsi","macd","macd_signal","vol_change","close_change","bb_width","return_5d","k_upper","k_lower","k_body","buy_power","rs_5d"],"feature_types":["float","float","float","float","float","float","float","float","float","float","float","float","float","float","float","float"],"gradient_booster":{"model":{"cats":{"enc":[],"feature_segments":[],"sorted_idx":[]},"gbtree_model_param":{"num_parallel_tree":"1","num_trees":"15"},"iteration_indptr":[0,1,2,3,4,5,6,7,8,9,10,11,12,13,14,15],"tree_info":[0,0,0,0,0,0,0,0,0,0,0,0,0,0,0],"trees":[{"base_weights":[-2.5851838E-2,7.885214E-2,-9.1911934E-2,-2.1910743E-1,4.0396154E-2,-4.015612E-3,-3.9459616E-2],"categories":[],"categories_nodes":[],"categories_segments":[],"categories_sizes":[],"default_left":[0,0,0,0,0,0,0],"id":0,"left_children":[1,-1,3,5,-1,-1,-1],"loss_changes":[1.621553E1,0E0,1.9033506E1,6.9194574E0,0E0,0E0,0E0],"parents":[2147483647,0,0,2,2,3,3],"right_children":[2,-1,4,6,-1,-1,-1],"split_conditions":[-4.9838247E0,7.885214E-2,2.3030117E0,-2.199825E-1,4.0396154E-2,-4.015612E-3,-3.9459616E-2],"split_indices":[5,0,5,6,0,0,0],"split_type":[0,0,0,0,0,0,0],"sum_hessian":[3.2813037E2,2.1837187E1,3.0629318E2,2.4772502E2,5.8568153E1,1.3023521E2,1.1748981E2],"tree_param":{"num_deleted":"0","num_feature":"16","num_nodes":"7","size_leaf_vector":"1"}},{"base_weights":[4.9452395E-3,-2.992584E-1,2.9036236E-1,-5.313744E-2,-0E0,1.6352022E-1,6.343637E-2,-5.6658687E-6,3.8926266E-2],"categories":[],"categories_nodes":[],"categories_segments":[],"categories_sizes":[],"default_left":[0,0,0,0,0,0,0,0,0],"id":1,"left_children":[1,3,5,-1,-1,7,-1,-1,-1],"loss_changes":[2.795462E1,1.0492693E1,5.711955E0,0E0,0E0,5.7358656E0,0E0,0E0,0E0],"parents":[2147483647,0,0,1,1,2,2,5,5],"right_children":[2,4,6,-1,-1,8,-1,-1,-1],"split_conditions":[7.75036E-2,-5.099808E-4,1.5716252E-1,-5.313744E-2,-0E0,2.5216493E-4,6.343637E-2,-5.6658687E-6,3.8926266E-2],"split_indices":[9,1,9,0,0,1,0,0,0],"split_type":[0,0,0,0,0,0,0,0,0],"sum_hessian":[3.2204053E2,1.5206435E2,1.6997617E2,8.397666E1,6.8087685E1,1.2949854E2,4.047764E1,6.982428E1,5.9674255E1],"tree_param":{"num_deleted":"0","num_feature":"16","num_nodes":"9","size_leaf_vector":"1"}},{"base_weights":[-3.2799803E-2,-1.8153785E-1,2.8995322E-2,5.3668756E-2,-2.6818416E-1,-4.697459E-2,3.235262E-3],"categories":[],"categories_nodes":[],"categories_segments":[],"categories_sizes":[],"default_left":[0,0,0,0,0,0,0],"id":2,"left_children":[1,3,-1,-1,5,-1,-1],"loss_changes":[1.5752427E1,1.3908648E1,0E0,0E0,1.3955655E1,0E0,0E0],"parents":[2147483647,0,0,1,1,4,4],"right_children":[2,4,-1,-1,6,-1,-1],"split_conditions":[2.537542E-2,-4.5863323E0,2.8995322E-2,5.3668756E-2,2.3435246E-2,-4.697459E-2,3.235262E-3],"split_indices":[1,6,0,0,3,0,0],"split_type":[0,0,0,0,0,0,0],"sum_hessian":[3.3077722E2,2.3172581E2,9.905143E1,2.198257E1,2.0974324E2,1.2907562E2,8.066761E1],"tree_param":{"num_deleted":"0","num_feature":"16","num_nodes":"7","size_leaf_vector":"1"}},{"base_weights":[-0E0,-9.135711E-2,3.39803E-2,6.0095023E-2,-1.7655425E-1,2.3204036E-2,-2.4189807E-2],"categories":[],"categories_nodes":[],"categories_segments":[],"categories_sizes":[],"default_left":[0,0,0,0,0,0,0],"id":3,"left_children":[1,3,-1,-1,5,-1,-1],"loss_changes":[1.0138286E1,1.4446321E1,0E0,0E0,6.4924016E0,0E0,0E0],"parents":[2147483647,0,0,1,1,4,4],"right_children":[2,4,-1,-1,6,-1,-1],"split_conditions":[4.5921296E-2,-4.6530924E0,3.39803E-2,6.0095023E-2,-6.6051215E-2,2.3204036E-2,-2.4189807E-2],"split_indices":[1,5,0,0,10,0,0],"split_type":[0,0,0,0,0,0,0],"sum_hessian":[3.2717386E2,2.5929724E2,6.787663E1,2.5303644E1,2.3399359E2,2.8212938E1,2.0578065E2],"tree_param":{"num_deleted":"0","num_feature":"16","num_nodes":"7","size_leaf_vector":"1"}},{"base_weights":[2.7111286E-2,-2.693513E-1,3.3641726E-1,-3.8337904E-1,9.053689E-2,1.8697031E-1,6.3586794E-2,1.3040073E-2,-4.5708694E-2,-3.0049438E-2,4.5151222E-2,8.396826E-2,3.842919E-3],"categories":[],"categories_nodes":[],"categories_segments":[],"categories_sizes":[],"default_left":[0,0,0,0,0,0,0,0,0,0,0,0,0],"id":4,"left_children":[1,3,5,7,9,11,-1,-1,-1,-1,-1,-1,-1],"loss_changes":[2.9891247E1,7.3061886E0,5.5182056E0,5.8355885E0,5.2683754E0,9.150826E0,0E0,0E0,0E0,0E0,0E0,0E0,0E0],"parents":[2147483647,0,0,1,1,2,2,3,3,4,4,5,5],"right_children":[2,4,6,8,10,12,-1,-1,-1,-1,-1,-1,-1],"split_conditions":[7.949932E-2,8.289448E-3,3.3260323E-2,-2.0739153E-1,-7.369324E-2,-5.249145E0,6.3586794E-2,1.3040073E-2,-4.5708694E-2,-3.0049438E-2,4.5151222E-2,8.396826E-2,3.842919E-3],"split_indices":[9,15,15,3,3,5,0,0,0,0,0,0,0],"split_type":[0,0,0,0,0,0,0,0,0,0,0,0,0],"sum_hessian":[3.241724E2,1.6180614E2,1.6236627E2,1.2762767E2,3.417846E1,1.1397175E2,4.8394516E1,1.2864884E1,1.1476279E2,1.3471477E1,2.0706984E1,1.8057453E1,9.59143E1],"tree_param":{"num_deleted":"0","num_feature":"16","num_nodes":"13","size_leaf_vector":"1"}},{"base_weights":[1.3961118E-2,-2.2745147E-1,2.879314E-1,-2.9843837E-1,4.8735853E-2,5.2240513E-2,4.4281262E-1,-4.5291986E-2,-1.0256397E-2,4.163927E-2,-2.2088837E-2,9.391469E-2,2.822003E-2],"categories":[],"categories_nodes":[],"categories_segments":[],"categories_sizes":[],"default_left":[0,0,0,0,0,0,0,0,0,0,0,0,0],"id":5,"left_children":[1,3,5,7,-1,9,11,-1,-1,-1,-1,-1,-1],"loss_changes":[2.1527033E1,8.125302E0,4.5718184E0,3.5267935E0,0E0,7.2883444E0,4.246422E0,0E0,0E0,0E0,0E0,0E0,0E0],"parents":[2147483647,0,0,1,1,2,2,3,3,5,5,6,6],"right_children":[2,4,6,8,-1,10,12,-1,-1,-1,-1,-1,-1],"split_conditions":[8.149183E-2,1.2327607E0,-2.0574884E0,-2.8470455E-2,4.8735853E-2,-1.3031268E-1,1.788964E-2,-4.5291986E-2,-1.0256397E-2,4.163927E-2,-2.2088837E-2,9.391469E-2,2.822003E-2],"split_indices":[9,7,5,3,0,2,2,0,0,0,0,0,0],"split_type":[0,0,0,0,0,0,0,0,0,0,0,0,0],"sum_hessian":[3.2326077E2,1.6747348E2,1.5578728E2,1.5531589E2,1.2157592E1,6.7591E1,8.819628E1,7.933338E1,7.598251E1,3.2415962E1,3.5175037E1,1.7589844E1,7.060644E1],"tree_param":{"num_deleted":"0","num_feature":"16","num_nodes":"13","size_leaf_vector":"1"}},{"base_weights":[-1.1636376E-2,7.141356E-2,-4.8503544E-2,-2.624995E-1,9.405385E-2,-3.4538293E-3,-8.3963044E-2,4.2179503E-2,-4.935178E-3],"categories":[],"categories_nodes":[],"categories_segments":[],"categories_sizes":[],"default_left":[0,0,0,0,0,0,0,0,0],"id":6,"left_children":[1,-1,3,5,7,-1,-1,-1,-1],"loss_changes":[7.202024E0,0E0,9.856266E0,1.5362551E1,9.426001E0,0E0,0E0,0E0,0E0],"parents":[2147483647,0,0,2,2,3,3,4,4],"right_children":[2,-1,4,6,8,-1,-1,-1,-1],"split_conditions":[-6.1082745E0,7.141356E-2,-7.369324E-2,-1.19762935E-1,-8.56508E-2,-3.4538293E-3,-8.3963044E-2,4.2179503E-2,-4.935178E-3],"split_indices":[5,0,3,3,6,0,0,0,0],"split_type":[0,0,0,0,0,0,0,0,0],"sum_hessian":[3.2298935E2,1.2493513E1,3.1049582E2,1.3043947E2,1.8005635E2,9.668316E1,3.3756313E1,5.9217922E1,1.2083843E2],"tree_param":{"num_deleted":"0","num_feature":"16","num_nodes":"9","size_leaf_vector":"1"}},{"base_weights":[-0E0,7.187342E-2,-4.9911216E-2,-2.0734116E-1,2.2962341E-2,1.5789932E-2,-2.6338553E-2],"categories":[],"categories_nodes":[],"categories_segments":[],"categories_sizes":[],"default_left":[0,0,0,0,0,0,0],"id":7,"left_children":[1,-1,3,5,-1,-1,-1],"loss_changes":[1.1860273E1,0E0,1.3584383E1,4.56133E0,0E0,0E0,0E0],"parents":[2147483647,0,0,2,2,3,3],"right_children":[2,-1,4,6,-1,-1,-1],"split_conditions":[-1.677733E-1,7.187342E-2,8.289448E-3,-6.6051215E-2,2.2962341E-2,1.5789932E-2,-2.6338553E-2],"split_indices":[2,0,15,10,0,0,0],"split_type":[0,0,0,0,0,0,0],"sum_hessian":[3.2877536E2,2.1054834E1,3.0772052E2,2.024734E2,1.05247116E2,2.2405437E1,1.8006796E2],"tree_param":{"num_deleted":"0","num_feature":"16","num_nodes":"7","size_leaf_vector":"1"}},{"base_weights":[9.326424E-3,-1.2407183E-1,2.1268767E-1,1.4558975E-1,-3.6484712E-1,4.7995296E-1,2.1810634E-2,4.8375886E-2,-0E0,-5.602616E-2,-7.454098E-3,1.3779512E-2,8.033646E-2,-2.4331426E-2,3.6194086E-2],"categories":[],