{"learner":{"attributes":{"scikit_learn":"{\"_estimator_type\": \"classifier\"}"},"feature_names":["bias_week","bias_month","bias_quarter","bias_year","rsi","macd","macd_signal","vol_change","close_change","bb_width","return_5d","return_10d","k_upper","k_lower","k_body","buy_power","rs_5d","rs_10d","dist_to_20d_high","dist_to_20d_low","kd_k","kd_d","kd_cross","gap_ratio","obv","atr_ratio","trend_strength"],"feature_types":["float","float","float","float","float","float","float","float","float","float","float","float","float","float","float","float","float","float","float","float","float","float","float","float","float","float","float"],"gradient_booster":{"model":{"gbtree_model_param":{"num_parallel_tree":"1","num_trees":"8"},"iteration_indptr":[0,1,2,3,4,5,6,7,8],"tree_info":[0,0,0,0,0,0,0,0],"trees":[{"base_weights":[9.830296E-4,3.3898288E-1,-4.224362E-1,1.3763907E0,2.8725803E-1,-4.966878E-1,5.6124777E-1,1.4954041E-1,-0E0,7.43131E-5,4.312616E-2,-5.2824993E-2,6.401749E-2,-0E0,8.925055E-2],"categories":[],"categories_nodes":[],"categories_segments":[],"categories_sizes":[],"default_left":[0,0,0,0,0,0,0,0,0,0,0,0,0,0,0],"id":0,"left_children":[1,3,5,7,9,11,13,-1,-1,-1,-1,-1,-1,-1,-1],"loss_changes":[1.9380775E2,3.651545E1,4.382876E1,5.378685E0,2.9609222E1,2.2924118E1,9.36132E0,0E0,0E0,0E0,0E0,0E0,0E0,0E0,0E0],"parents":[2147483647,0,0,1,1,2,2,3,3,4,4,5,5,6,6],"right_children":[2,4,6,8,10,12,14,-1,-1,-1,-1,-1,-1,-1,-1],"split_conditions":[6.451613E-2,2.289379E-2,2.9497635E-2,3.809524E-1,-3.021057E-3,2.0900473E-2,8.1080966E-2,1.4954041E-1,-0E0,7.43131E-5,4.312616E-2,-5.2824993E-2,6.401749E-2,-0E0,8.925055E-2],"split_indices":[18,25,1,13,8,24,18,0,0,0,0,0,0,0,0],"split_type":[0,0,0,0,0,0,0,0,0,0,0,0,0,0,0],"sum_hessian":[1.3537931E3,7.558904E2,5.979027E2,3.2779556E1,7.2311084E2,5.5846674E2,3.943596E1,2.9550491E1,3.229064E0,2.5122166E2,4.7188916E2,5.4384235E2,1.4624384E1,1.30517235E1,2.6384235E1],"tree_param":{"num_deleted":"0","num_feature":"27","num_nodes":"15","size_leaf_vector":"1"}},{"base_weights":[-1.730869E-2,-6.5646976E-1,1.6094433E-1,-1.3763377E-1,-7.7796555E-1,-7.183469E-2,2.5183412E-1,2.1684732E-2,-6.148947E-2,-1.42905E-1,-5.897784E-2,-0E0,-9.154779E-2,1.2072472E-1,2.180811E-2],"categories":[],"categories_nodes":[],"categories_segments":[],"categories_sizes":[],"default_left":[0,0,0,0,0,0,0,0,0,0,0,0,0,0,0],"id":1,"left_children":[1,3,5,7,9,11,13,-1,-1,-1,-1,-1,-1,-1,-1],"loss_changes":[1.5608707E2,1.671463E1,2.28668E1,1.1563838E1,2.3705048E1,1.5887765E1,2.0311089E1,0E0,0E0,0E0,0E0,0E0,0E0,0E0,0E0],"parents":[2147483647,0,0,1,1,2,2,3,3,4,4,5,5,6,6],"right_children":[2,4,6,8,10,12,14,-1,-1,-1,-1,-1,-1,-1,-1],"split_conditions":[-5.186389E-2,1.4482847E1,-5.673572E-3,-1.3070342E-3,-8.75E-2,2.3339197E-2,-4.3836217E-2,2.1684732E-2,-6.148947E-2,-1.42905E-1,-5.897784E-2,-0E0,-9.154779E-2,1.2072472E-1,2.180811E-2],"split_indices":[11,21,1,8,10,8,24,0,0,0,0,0,0,0,0],"split_type":[0,0,0,0,0,0,0,0,0,0,0,0,0,0,0],"sum_hessian":[1.3585295E3,2.9850723E2,1.0600222E3,6.050827E1,2.3799896E2,2.9075134E2,7.6927094E2,3.2382576E1,2.8125694E1,4.765446E1,1.903445E2,2.7119217E2,1.9559162E1,2.139686E1,7.478741E2],"tree_param":{"num_deleted":"0","num_feature":"27","num_nodes":"15","size_leaf_vector":"1"}},{"base_weights":[4.691856E-2,-4.8464748E-1,2.0238255E-1,1.239421E-2,-6.16179E-1,-0E0,3.3725455E-1,-2.2801984E-2,1.0314112E-1,-8.20923E-2,-1.9514326E-2,5.4161726E-3,-9.7986035E-2,5.3571705E-2,9.599651E-3],"categories":[],"categories_nodes":[],"categories_segments":[],"categories_sizes":[],"default_left":[0,0,0,0,0,0,0,0,0,0,0,0,0,0,0],"id":2,"left_children":[1,3,5,7,9,11,13,-1,-1,-1,-1,-1,-1,-1,-1],"loss_changes":[1.1315982E2,2.1525986E1,2.9818577E1,1.7407467E1,1.9486626E1,2.4634274E1,3.00681E1,0E0,0E0,0E0,0E0,0E0,0E0,0E0,0E0],"parents":[2147483647,0,0,1,1,2,2,3,3,4,4,5,5,6,6],"right_children":[2,4,6,8,10,12,14,-1,-1,-1,-1,-1,-1,-1,-1],"split_conditions":[-4.7970556E-2,1.4002215E1,3.7758544E-2,-2.2029316E-2,2.9735968E1,7.10879E1,1.5513214E-2,-2.2801984E-2,1.0314112E-1,-8.20923E-2,-1.9514326E-2,5.4161726E-3,-9.7986035E-2,5.3571705E-2,9.599651E-3],"split_indices":[11,21,4,17,21,20,17,0,0,0,0,0,0,0,0],"split_type":[0,0,0,0,0,0,0,0,0,0,0,0,0,0,0],"sum_hessian":[1.3751353E3,3.074765E2,1.0676587E3,6.0917492E1,2.46559E2,4.215773E2,6.460814E2,4.8059685E1,1.285781E1,1.5981525E2,8.674377E1,3.9841125E2,2.3166042E1,3.4484726E2,3.0123413E2],"tree_param":{"num_deleted":"0","num_feature":"27","num_nodes":"15","size_leaf_vector":"1"}},{"base_weights":[1.3118752E-2,-7.776994E-1,1.24878615E-1,-0E0,-9.220577E-1,-8.511599E-2,3.0482134E-1,4.475418E-2,-1.234802E-1,-1.0394061E-1,3.1709235E-2,8.2364716E-2,-1.513778E-2,5.7255473E-2,1.15994355E-2],"categories":[],"categories_nodes":[],"categories_segments":[],"categories_sizes":[],"default_left":[0,0,0,0,0,0,0,0,0,0,0,0,0,0,0],"id":3,"left_children":[1,3,5,7,9,11,13,-1,-1,-1,-1,-1,-1,-1,-1],"loss_changes":[1.2004724E2,2.0510727E1,4.613024E1,1.3165627E1,2.4327896E1,3.2676075E1,3.1947697E1,0E0,0E0,0E0,0E0,0E0,0E0,0E0,0E0],"parents":[2147483647,0,0,1,1,2,2,3,3,4,4,5,5,6,6],"right_children":[2,4,6,8,10,12,14,-1,-1,-1,-1,-1,-1,-1,-1],"split_conditions":[-6.711049E-2,1.1118352E1,3.9634544E-2,-2.5740874E0,6.5054436E-4,3.182055E-2,1.0616969E0,4.475418E-2,-1.234802E-1,-1.0394061E-1,3.1709235E-2,8.2364716E-2,-1.513778E-2,5.7255473E-2,1.15994355E-2],"split_indices":[1,21,4,6,24,9,6,0,0,0,0,0,0,0,0],"split_type":[0,0,0,0,0,0,0,0,0,0,0,0,0,0,0],"sum_hessian":[1.3731237E3,1.6688998E2,1.2062336E3,2.4290287E1,1.425997E2,5.5106354E2,6.551701E2,1.930495E1,4.985337E0,1.3125922E2,1.1340479E1,3.48715E1,5.161921E2,2.6184177E2,3.933283E2],"tree_param":{"num_deleted":"0","num_feature":"27","num_nodes":"15","size_leaf_vector":"1"}},{"base_weights":[-1.0139301E-2,-3.114097E-1,1.7576876E-1,-7.627333E-1,-1.830027E-1,1.0416669E0,1.3669062E-1,6.1353347E-3,-9.099836E-2,4.6523646E-2,-3.0258197E-2,-8.0227345E-2,1.4229462E-1,4.4588745E-3,5.111921E-2],"categories":[],"categories_nodes":[],"categories_segments":[],"categories_sizes":[],"default_left":[0,0,0,0,0,0,0,0,0,0,0,0,0,0,0],"id":4,"left_children":[1,3,5,7,9,11,13,-1,-1,-1,-1,-1,-1,-1,-1],"loss_changes":[7.669304E1,2.8176525E1,2.5603785E1,1.6271889E1,3.267293E1,2.6829662E1,2.6716324E1,0E0,0E0,0E0,0E0,0E0,0E0,0E0,0E0],"parents":[2147483647,0,0,1,1,2,2,3,3,4,4,5,5,6,6],"right_children":[2,4,6,8,10,12,14,-1,-1,-1,-1,-1,-1,-1,-1],"split_conditions":[-1.0482709E-2,3.860496E-2,2.289379E-2,2.5720805E-2,3.617168E-2,-1.0455118E-2,3.5219774E-1,6.1353347E-3,-9.099836E-2,4.6523646E-2,-3.0258197E-2,-8.0227345E-2,1.4229462E-1,4.4588745E-3,5.111921E-2],"split_indices":[1,26,25,25,25,17,3,0,0,0,0,0,0,0,0],"split_type":[0,0,0,0,0,0,0,0,0,0,0,0,0,0,0],"sum_hessian":[1.3621428E3,5.242013E2,8.379415E2,1.11275E2,4.129263E2,3.2736748E1,8.052048E2,1.5347041E1,9.592796E1,6.179668E1,3.5112964E2,4.566861E0,2.8169886E1,6.5372394E2,1.5148088E2],"tree_param":{"num_deleted":"0","num_feature":"27","num_nodes":"15","size_leaf_vector":"1"}},{"base_weights":[9.321418E-3,1.8100591E-1,-2.5428593E-1,2.3271981E-1,-4.7971445E-1,-3.009644E-1,7.1799326E-1,8.911381E-2,1.8674202E-2,1.6005602E-2,-9.706495E-2,3.9659943E-2,-3.5841584E-2,1.0323099E-1,-3.707683E-2],"categories":[],"categories_nodes":[],"categories_segments":[],"categories_sizes":[],"default_left":[0,0,0,0,0,0,0,0,0,0,0,0,0,0,0],"id":5,"left_children":[1,3,5,7,9,11,13,-1,-1,-1,-1,-1,-1,-1,-1],"loss_changes":[6.2002857E1,2.8139187E1,2.3600475E1,2.0493286E1,2.04831E1,2.1808784E1,9.808414E0,0E0,0E0,0E0,0E0,0E0,0E0,0E0,0E0],"parents":[2147483647,0,0,1,1,2,2,3,3,4,4,5,5,6,6],"right_children":[2,4,6,8,10,12,14,-1,-1,-1,-1,-1,-1,-1,-1],"split_conditions":[7.449863E-2,8.514596E-2,3.711317E-2,-2.9190135E-1,6.3828856E-2,-4.326065E-1,3.615478E-1,8.911381E-2,1.8674202E-2,1.6005602E-2,-9.706495E-2,3.9659943E-2,-3.5841584E-2,1.0323099E-1,-3.707683E-2],"split_indices":[18,25,1,3,12,3,19,0,0,0,0,0,0,0,0],"split_type":[0,0,0,0,0,0,0,0,0,0,0,0,0,0,0],