{"learner":{"attributes":{"scikit_learn":"{\"_estimator_type\": \"classifier\"}"},"feature_names":["bias_week","bias_month","bias_quarter","bias_year","rsi","macd","macd_signal","vol_change","close_change","bb_width","return_5d","return_10d","k_upper","k_lower","k_body","buy_power","rs_5d","rs_10d","dist_to_20d_high","dist_to_20d_low","kd_k","kd_d","kd_cross","gap_ratio","obv","atr_ratio","trend_strength"],"feature_types":["float","float","float","float","float","float","float","float","float","float","float","float","float","float","float","float","float","float","float","float","float","float","float","float","float","float","float"],"gradient_booster":{"model":{"gbtree_model_param":{"num_parallel_tree":"1","num_trees":"8"},"iteration_indptr":[0,1,2,3,4,5,6,7,8],"tree_info":[0,0,0,0,0,0,0,0],"trees":[{"base_weights":[9.830296E-4,3.3898288E-1,-4.224362E-1,1.3763907E0,2.8725803E-1,-4.966878E-1,5.6124777E-1,1.4954041E-1,-0E0,-0E0,4.325395E-2,-5.2824993E-2,6.401749E-2,-0E0,8.925055E-2],"categories":[],"categories_nodes":[],"categories_segments":[],"categories_sizes":[],"default_left":[0,0,0,0,0,0,0,0,0,0,0,0,0,0,0],"id":0,"left_children":[1,3,5,7,9,11,13,-1,-1,-1,-1,-1,-1,-1,-1],"loss_changes":[1.9380775E2,3.651545E1,4.382876E1,5.378685E0,3.009185E1,2.2924118E1,9.36132E0,0E0,0E0,0E0,0E0,0E0,0E0,0E0,0E0],"parents":[2147483647,0,0,1,1,2,2,3,3,4,4,5,5,6,6],"right_children":[2,4,6,8,10,12,14,-1,-1,-1,-1,-1,-1,-1,-1],"split_conditions":[6.451613E-2,2.2893792E-2,2.9497663E-2,3.809524E-1,-3.0210572E-3,2.0900473E-2,8.1080966E-2,1.4954041E-1,-0E0,-0E0,4.325395E-2,-5.2824993E-2,6.401749E-2,-0E0,8.925055E-2],"split_indices":[18,25,1,13,8,24,18,0,0,0,0,0,0,0,0],"split_type":[0,0,0,0,0,0,0,0,0,0,0,0,0,0,0],"sum_hessian":[1.3537931E3,7.558904E2,5.979027E2,3.2779556E1,7.2311084E2,5.5846674E2,3.943596E1,2.9550491E1,3.229064E0,2.5147166E2,4.7163916E2,5.4384235E2,1.4624384E1,1.30517235E1,2.6384235E1],"tree_param":{"num_deleted":"0","num_feature":"27","num_nodes":"15","size_leaf_vector":"1"}},{"base_weights":[-1.732964E-2,-6.564689E-1,1.6091742E-1,-1.3763377E-1,-7.779645E-1,-7.183217E-2,2.5179622E-1,2.1684732E-2,-6.148947E-2,-1.4290488E-1,-5.8977738E-2,-0E0,-9.1548964E-2,1.2071856E-1,2.1804426E-2],"categories":[],"categories_nodes":[],"categories_segments":[],"categories_sizes":[],"default_left":[0,0,0,0,0,0,0,0,0,0,0,0,0,0,0],"id":1,"left_children":[1,3,5,7,9,11,13,-1,-1,-1,-1,-1,-1,-1,-1],"loss_changes":[1.5607652E2,1.6714554E1,2.2861147E1,1.1563838E1,2.3705078E1,1.5888315E1,2.0310154E1,0E0,0E0,0E0,0E0,0E0,0E0,0E0,0E0],"parents":[2147483647,0,0,1,1,2,2,3,3,4,4,5,5,6,6],"right_children":[2,4,6,8,10,12,14,-1,-1,-1,-1,-1,-1,-1,-1],"split_conditions":[-5.186389E-2,1.4482847E1,-5.6738583E-3,-1.3069718E-3,-8.75E-2,2.333929E-2,-4.3836217E-2,2.1684732E-2,-6.148947E-2,-1.4290488E-1,-5.8977738E-2,-0E0,-9.1548964E-2,1.2071856E-1,2.1804426E-2],"split_indices":[11,21,1,8,10,8,24,0,0,0,0,0,0,0,0],"split_type":[0,0,0,0,0,0,0,0,0,0,0,0,0,0,0],"sum_hessian":[1.3585283E3,2.9850723E2,1.0600211E3,6.050827E1,2.3799895E2,2.9075128E2,7.6926984E2,3.2382576E1,2.8125694E1,4.765446E1,1.9034448E2,2.711921E2,1.9559158E1,2.1396822E1,7.47873E2],"tree_param":{"num_deleted":"0","num_feature":"27","num_nodes":"15","size_leaf_vector":"1"}},{"base_weights":[4.6892036E-2,-4.846466E-1,2.0234837E-1,1.239421E-2,-6.161779E-1,-0E0,3.3720127E-1,-2.2801984E-2,1.0314112E-1,-8.2092255E-2,-1.9514102E-2,5.4157204E-3,-9.798635E-2,5.356537E-2,9.5955925E-3],"categories":[],"categories_nodes":[],"categories_segments":[],"categories_sizes":[],"default_left":[0,0,0,0,0,0,0,0,0,0,0,0,0,0,0],"id":2,"left_children":[1,3,5,7,9,11,13,-1,-1,-1,-1,-1,-1,-1,-1],"loss_changes":[1.13148125E2,2.1525925E1,2.9810017E1,1.7407467E1,1.948674E1,2.4634212E1,3.0065018E1,0E0,0E0,0E0,0E0,0E0,0E0,0E0,0E0],"parents":[2147483647,0,0,1,1,2,2,3,3,4,4,5,5,6,6],"right_children":[2,4,6,8,10,12,14,-1,-1,-1,-1,-1,-1,-1,-1],"split_conditions":[-4.7970492E-2,1.4002215E1,3.77585E-2,-2.202928E-2,2.9735968E1,7.10879E1,1.5513201E-2,-2.2801984E-2,1.0314112E-1,-8.2092255E-2,-1.9514102E-2,5.4157204E-3,-9.798635E-2,5.356537E-2,9.5955925E-3],"split_indices":[11,21,4,17,21,20,17,0,0,0,0,0,0,0,0],"split_type":[0,0,0,0,0,0,0,0,0,0,0,0,0,0,0],"sum_hessian":[1.3751335E3,3.0747647E2,1.0676571E3,6.0917492E1,2.4655899E2,4.215771E2,6.4607996E2,4.8059685E1,1.285781E1,1.5981523E2,8.674375E1,3.9841107E2,2.3166033E1,3.448464E2,3.0123358E2],"tree_param":{"num_deleted":"0","num_feature":"27","num_nodes":"15","size_leaf_vector":"1"}},{"base_weights":[1.3102779E-2,-7.7769905E-1,1.2486056E-1,-0E0,-9.220573E-1,-8.509905E-2,3.047744E-1,4.475418E-2,-1.234802E-1,-1.0394058E-1,3.1709395E-2,8.2364336E-2,-1.5135953E-2,5.7249296E-2,1.1595829E-2],"categories":[],"categories_nodes":[],"categories_segments":[],"categories_sizes":[],"default_left":[0,0,0,0,0,0,0,0,0,0,0,0,0,0,0],"id":3,"left_children":[1,3,5,7,9,11,13,-1,-1,-1,-1,-1,-1,-1,-1],"loss_changes":[1.2004225E2,2.0510727E1,4.6115173E1,1.3165627E1,2.4327896E1,3.2674503E1,3.1944073E1,0E0,0E0,0E0,0E0,0E0,0E0,0E0,0E0],"parents":[2147483647,0,0,1,1,2,2,3,3,4,4,5,5,6,6],"right_children":[2,4,6,8,10,12,14,-1,-1,-1,-1,-1,-1,-1,-1],"split_conditions":[-6.7110404E-2,1.1118352E1,3.9634854E-2,-2.5740862E0,6.5054436E-4,3.1820554E-2,1.0616969E0,4.475418E-2,-1.234802E-1,-1.0394058E-1,3.1709395E-2,8.2364336E-2,-1.5135953E-2,5.7249296E-2,1.1595829E-2],"split_indices":[1,21,4,6,24,9,6,0,0,0,0,0,0,0,0],"split_type":[0,0,0,0,0,0,0,0,0,0,0,0,0,0,0],"sum_hessian":[1.3731217E3,1.6688998E2,1.2062317E3,2.4290287E1,1.425997E2,5.510636E2,6.5516815E2,1.930495E1,4.985337E0,1.3125922E2,1.1340478E1,3.4871464E1,5.1619214E2,2.6184076E2,3.9332736E2],"tree_param":{"num_deleted":"0","num_feature":"27","num_nodes":"15","size_leaf_vector":"1"}},{"base_weights":[-1.015342E-2,-3.114082E-1,1.7574538E-1,-7.627254E-1,-1.8300292E-1,1.0416771E0,1.3666569E-1,6.136293E-3,-9.099762E-2,4.6523467E-2,-3.0258192E-2,-8.0226794E-2,1.4229566E-1,4.456652E-3,5.111566E-2],"categories":[],"categories_nodes":[],"categories_segments":[],"categories_sizes":[],"default_left":[0,0,0,0,0,0,0,0,0,0,0,0,0,0,0],"id":4,"left_children":[1,3,5,7,9,11,13,-1,-1,-1,-1,-1,-1,-1,-1],"loss_changes":[7.668518E1,2.8175716E1,2.560598E1,1.6271935E1,3.2672775E1,2.6829807E1,2.6714819E1,0E0,0E0,0E0,0E0,0E0,0E0,0E0,0E0],"parents":[2147483647,0,0,1,1,2,2,3,3,4,4,5,5,6,6],"right_children":[2,4,6,8,10,12,14,-1,-1,-1,-1,-1,-1,-1,-1],"split_conditions":[-1.0482709E-2,3.8605E-2,2.2893792E-2,2.5720805E-2,3.617168E-2,-1.0455155E-2,3.521979E-1,6.136293E-3,-9.099762E-2,4.6523467E-2,-3.0258192E-2,-8.0226794E-2,1.4229566E-1,4.456652E-3,5.111566E-2],"split_indices":[1,26,25,25,25,17,3,0,0,0,0,0,0,0,0],"split_type":[0,0,0,0,0,0,0,0,0,0,0,0,0,0,0],"sum_hessian":[1.3621406E3,5.2420135E2,8.3793933E2,1.11275E2,4.1292633E2,3.273679E1,8.052025E2,1.5347046E1,9.5927956E1,6.1796684E1,3.5112964E2,4.5668635E0,2.8169928E1,6.5372205E2,1.5148048E2],"tree_param":{"num_deleted":"0","num_feature":"27","num_nodes":"15","size_leaf_vector":"1"}},{"base_weights":[9.301089E-3,1.8097271E-1,-2.5428522E-1,2.3268664E-1,-4.7974727E-1,-3.0096424E-1,7.180055E-1,8.911014E-2,1.8670933E-2,1.6002672E-2,-9.706833E-2,3.965989E-2,-3.5841566E-2,1.0323214E-1,-3.7075657E-2],"categories":[],"categories_nodes":[],"categories_segments":[],"categories_sizes":[],"default_left":[0,0,0,0,0,0,0,0,0,0,0,0,0,0,0],"id":5,"left_children":[1,3,5,7,9,11,13,-1,-1,-1,-1,-1,-1,-1,-1],"loss_changes":[6.1993042E1,2.8138933E1,2.3601032E1,2.0493141E1,2.048331E1,2.1808746E1,9.808455E0,0E0,0E0,0E0,0E0,0E0,0E0,0E0,0E0],"parents":[2147483647,0,0,1,1,2,2,3,3,4,4,5,5,6,6],"right_children":[2,4,6,8,10,12,14,-1,-1,-1,-1,-1,-1,-1,-1],"split_conditions":[7.449863E-2,8.514594E-2,3.711356E-2,-2.919012E-1,6.3828856E-2,-4.3260643E-1,3.615478E-1,8.911014E-2,1.8670933E-2,1.6002672E-2,-9.706833E-2,3.965989E-2,-3.5841566E-2,1.0323214E-1,-3.7075657E-2],"split_indices":[18,25,1,3,12,3,19,0,0,0,0,0,0,0,0],"split_type":[0,0,0,0,0,0,0,0,0,0,0,0,0,0,0],