{"learner":{"attributes":{"scikit_learn":"{\"_estimator_type\": \"classifier\"}"},"feature_names":["bias_week","bias_month","bias_quarter","bias_year","rsi","macd","macd_signal","vol_change","close_change","bb_width","return_5d","k_upper","k_lower","k_body","buy_power","rs_5d","obv","atr_ratio","trend_strength"],"feature_types":["float","float","float","float","float","float","float","float","float","float","float","float","float","float","float","float","float","float","float"],"gradient_booster":{"model":{"cats":{"enc":[],"feature_segments":[],"sorted_idx":[]},"gbtree_model_param":{"num_parallel_tree":"1","num_trees":"8"},"iteration_indptr":[0,1,2,3,4,5,6,7,8],"tree_info":[0,0,0,0,0,0,0,0],"trees":[{"base_weights":[-2.511905E-2,-3.703278E-1,2.9129007E-1,-4.6238076E-2,-5.8828014E-1,1.1731537E-1,8.032718E-2,-2.0807007E-2,3.834278E-2,-7.6297E-2,-5.847854E-3,-1.18970005E-2,3.2979377E-2],"categories":[],"categories_nodes":[],"categories_segments":[],"categories_sizes":[],"default_left":[0,0,0,0,0,0,0,0,0,0,0,0,0],"id":0,"left_children":[1,3,5,7,9,11,-1,-1,-1,-1,-1,-1,-1],"loss_changes":[3.610277E1,9.918272E0,1.3074264E1,4.4802427E0,6.928173E0,7.0811977E0,0E0,0E0,0E0,0E0,0E0,0E0,0E0],"parents":[2147483647,0,0,1,1,2,2,3,3,4,4,5,5],"right_children":[2,4,6,8,10,12,-1,-1,-1,-1,-1,-1,-1],"split_conditions":[5.8737453E-2,-2.1691065E-1,1.4682092E-1,-5.870027E-1,1.0946021E0,-2.2350852E0,8.032718E-2,-2.0807007E-2,3.834278E-2,-7.6297E-2,-5.847854E-3,-1.18970005E-2,3.2979377E-2],"split_indices":[18,6,18,5,5,5,0,0,0,0,0,0,0],"split_type":[0,0,0,0,0,0,0,0,0,0,0,0,0],"sum_hessian":[3.2874292E2,1.6061772E2,1.681252E2,6.87808E1,9.183692E1,1.2921104E2,3.8914154E1,5.372973E1,1.5051076E1,6.5250114E1,2.6586805E1,5.64812E1,7.272984E1],"tree_param":{"num_deleted":"0","num_feature":"19","num_nodes":"13","size_leaf_vector":"1"}},{"base_weights":[5.1398384E-3,-2.9055908E-1,2.8644627E-1,-5.237547E-1,-0E0,8.9482665E-2,1.7830224E-1,-1.6815923E-2,-7.349648E-2,1.8227935E-2,-4.9562894E-2,-2.5595592E-2,4.3048028E-2],"categories":[],"categories_nodes":[],"categories_segments":[],"categories_sizes":[],"default_left":[0,0,0,0,0,0,0,0,0,0,0,0,0],"id":1,"left_children":[1,3,5,7,9,-1,11,-1,-1,-1,-1,-1,-1],"loss_changes":[2.6805687E1,1.0305653E1,8.809974E0,4.45533E0,6.352309E0,0E0,1.680844E1,0E0,0E0,0E0,0E0,0E0,0E0],"parents":[2147483647,0,0,1,1,2,2,3,3,4,4,6,6],"right_children":[2,4,6,8,10,-1,12,-1,-1,-1,-1,-1,-1],"split_conditions":[7.794891E-2,-5.098542E-4,-4.9163485E0,-4.4119082E-4,1.3563192E-1,8.9482665E-2,-2.0547743E0,-1.6815923E-2,-7.349648E-2,1.8227935E-2,-4.9562894E-2,-2.5595592E-2,4.3048028E-2],"split_indices":[9,1,5,16,3,0,5,0,0,0,0,0,0],"split_type":[0,0,0,0,0,0,0,0,0,0,0,0,0],"sum_hessian":[3.2220908E2,1.5317755E2,1.6903152E2,8.465621E1,6.852133E1,2.2056799E1,1.4697473E2,3.61699E1,4.8486313E1,4.9913677E1,1.8607656E1,5.104159E1,9.5933136E1],"tree_param":{"num_deleted":"0","num_feature":"19","num_nodes":"13","size_leaf_vector":"1"}},{"base_weights":[-3.461555E-2,-3.115757E-1,1.8410347E-1,-5.0120676E-1,-3.07371E-3,5.711046E-2,5.8636297E-2,-0E0,-6.0752902E-2,-1.7844362E-2,2.6350943E-2],"categories":[],"categories_nodes":[],"categories_segments":[],"categories_sizes":[],"default_left":[0,0,0,0,0,0,0,0,0,0,0],"id":2,"left_children":[1,3,5,7,-1,9,-1,-1,-1,-1,-1],"loss_changes":[2.035064E1,6.8169565E0,7.866118E0,5.8451176E0,0E0,7.209402E0,0E0,0E0,0E0,0E0,0E0],"parents":[2147483647,0,0,1,1,2,2,3,3,5,5],"right_children":[2,4,6,8,-1,10,-1,-1,-1,-1,-1],"split_conditions":[7.519413E-2,2.0184166E-4,1.5713358E-1,-8.471144E-2,-3.07371E-3,-2.0547743E0,5.8636297E-2,-0E0,-6.0752902E-2,-1.7844362E-2,2.6350943E-2],"split_indices":[9,1,9,2,0,5,0,0,0,0,0],"split_type":[0,0,0,0,0,0,0,0,0,0,0],"sum_hessian":[3.310538E2,1.5061159E2,1.804422E2,8.504185E1,6.556974E1,1.4181866E2,3.8623543E1,1.2525303E1,7.251655E1,6.1322735E1,8.0495926E1],"tree_param":{"num_deleted":"0","num_feature":"19","num_nodes":"11","size_leaf_vector":"1"}},{"base_weights":[-0E0,6.3960314E-2,-4.8953835E-2,-2.7803853E-1,8.382253E-2,-3.177177E-3,-7.239968E-2,5.342907E-2,-3.1493995E-3],"categories":[],"categories_nodes":[],"categories_segments":[],"categories_sizes":[],"default_left":[0,0,0,0,0,0,0,0,0],"id":3,"left_children":[1,-1,3,5,7,-1,-1,-1,-1],"loss_changes":[9.695791E0,0E0,9.735789E0,1.1439128E1,1.0988858E1,0E0,0E0,0E0,0E0],"parents":[2147483647,0,0,2,2,3,3,4,4],"right_children":[2,-1,4,6,8,-1,-1,-1,-1],"split_conditions":[-3.3628872E-1,6.3960314E-2,-7.232532E-2,-1.24948464E-1,-7.349737E-1,-3.177177E-3,-7.239968E-2,5.342907E-2,-3.1493995E-3],"split_indices":[3,0,3,3,6,0,0,0,0],"split_type":[0,0,0,0,0,0,0,0,0],"sum_hessian":[3.2702744E2,2.1483341E1,3.0554407E2,1.183112E2,1.8723288E2,7.988569E1,3.8425514E1,4.1834404E1,1.4539847E2],"tree_param":{"num_deleted":"0","num_feature":"19","num_nodes":"9","size_leaf_vector":"1"}},{"base_weights":[1.9668162E-2,-2.6797807E-1,3.2077E-1,3.2259732E-2,-3.6278123E-1,7.7988714E-2,2.0564656E-1,-5.322588E-2,-1.4482974E-2,-2.7597666E-2,4.207193E-2],"categories":[],"categories_nodes":[],"categories_segments":[],"categories_sizes":[],"default_left":[0,0,0,0,0,0,0,0,0,0,0],"id":4,"left_children":[1,3,5,-1,7,-1,9,-1,-1,-1,-1],"loss_changes":[2.8256725E1,9.2221985E0,6.4607563E0,0E0,3.8521137E0,0E0,1.453486E1,0E0,0E0,0E0,0E0],"parents":[2147483647,0,0,1,1,2,2,4,4,6,6],"right_children":[2,4,6,-1,8,-1,10,-1,-1,-1,-1],"split_conditions":[7.949934E-2,2.7133929E-2,-1.3753392E-1,3.2259732E-2,-5.475686E-3,7.7988714E-2,-2.2821677E0,-5.322588E-2,-1.4482974E-2,-2.7597666E-2,4.207193E-2],"split_indices":[9,17,2,0,1,0,5,0,0,0,0],"split_type":[0,0,0,0,0,0,0,0,0,0,0],"sum_hessian":[3.2472003E2,1.6224576E2,1.6247426E2,1.9054272E1,1.4319148E2,2.8246296E1,1.3422797E2,7.364456E1,6.954691E1,3.8536934E1,9.569103E1],"tree_param":{"num_deleted":"0","num_feature":"19","num_nodes":"11","size_leaf_vector":"1"}},{"base_weights":[4.8437123E-3,-1.085673E-1,2.9709188E-2,-2.2105382E-1,1.18497044E-1,5.7637603E-3,-3.7256803E-2,-0E0,5.662748E-2],"categories":[],"categories_nodes":[],"categories_segments":[],"categories_sizes":[],"default_left":[0,0,0,0,0,0,0,0,0],"id":5,"left_children":[1,3,-1,5,7,-1,-1,-1,-1],"loss_changes":[1.1255456E1,6.066738E0,0E0,7.5929737E0,4.824763E0,0E0,0E0,0E0,0E0],"parents":[2147483647,0,0,1,1,3,3,4,4],"right_children":[2,4,-1,6,8,-1,-1,-1,-1],"split_conditions":[6.573935E-2,8.310566E-3,2.9709188E-2,-1.6028528E-1,2.178709E-1,5.7637603E-3,-3.7256803E-2,-0E0,5.662748E-2],"split_indices":[17,15,0,4,7,0,0,0,0],"split_type":[0,0,0,0,0,0,0,0,0],"sum_hessian":[3.2379483E2,2.2831285E2,9.548197E1,1.5931833E2,6.899453E1,5.1583977E1,1.0773435E2,5.12898E1,1.7704727E1],"tree_param":{"num_deleted":"0","num_feature":"19","num_nodes":"9","size_leaf_vector":"1"}},{"base_weights":[-1.8365487E-2,-2.3191962E-1,1.5762104E-1,-3.1477842E-1,2.0736156E-3,4.0689358E-3,4.2196274E-2,7.824149E-3,-3.7490323E-2],"categories":[],"categories_nodes":[],"categories_segments":[],"categories_sizes":[],"default_left":[0,0,0,0,0,0,0,0,0],"id":6,"left_children":[1,3,5,7,-1,-1,-1,-1,-1],"loss_changes":[1.2329597E1,3.8469257E0,4.3053517E0,3.6891336E0,0E0,0E0,0E0,0E0,0E0],"parents":[2147483647,0,0,1,1,2,2,3,3],"right_children":[2,4,6,8,-1,-1,-1,-1,-1],"split_conditions":[7.734371E-2,9.777628E-3,1.4796032E-1,-2.3954299E-1,2.0736156E-3,4.0689358E-3,4.2196274E-2,7.824149E-3,-3.7490323E-2],"split_indices":[9,15,9,4,0,0,0,0,0],"split_type":[0,0,0,0,0,0,0,0,0],"sum_hessian":[3.234555E2,1.51907E2,1.7154851E2,1.2111249E2,3.0794514E1,1.2543248E2,4.6116028E1,1.1804563E1,1.0930793E2],"tree_param":{"num_deleted":"0","num_feature":"19","num_nodes":"9","size_leaf_vector":"1"}},{"base_weights":[-0E0,-2.2417097E-1,2.3312049E-1,-0E0,-3.8535157E-1,7.93267E-2,1.393761E-1,-2.2914216E-2,2.7778141E-2,-5.881688E-2,-6.798978E-4,-1.24754235E-2,3.3423968E-2],"categories":[],"categories_nodes":[],"categories_segments":[],"categories_sizes":[],"default_left":[0,0,0,0,0,0,0,0,0,0,0,0,0],"id":7,"left_children":[1,3,5,7,9,-1,11,-1,-1,-1,-1,-1,-1],