{"learner":{"attributes":{"scikit_learn":"{\"_estimator_type\": \"classifier\"}"},"feature_names":["bias_week","bias_month","bias_quarter","bias_year","rsi","macd","macd_signal","vol_change","close_change","bb_width","return_5d","k_upper","k_lower","k_body","buy_power","rs_5d"],"feature_types":["float","float","float","float","float","float","float","float","float","float","float","float","float","float","float","float"],"gradient_booster":{"model":{"gbtree_model_param":{"num_parallel_tree":"1","num_trees":"4"},"iteration_indptr":[0,1,2,3,4],"tree_info":[0,0,0,0],"trees":[{"base_weights":[-1.8685164E-2,-2.243366E-1,5.039744E-1,-3.7140167E-1,1.8972374E-1,3.4652355E-1,1.1625928E0,3.7829086E-1,-5.445616E-1,8.035253E-1,-7.3775784E-3,2.4494185E-1,1.2197217E0,1.5742117E0,4.3049923E-1,8.4919296E-2,8.466151E-3,2.9134825E-3,-3.18147E-2,5.345725E-2,-1.9160921E-3,9.232468E-3,-2.2922454E-2,5.372001E-2,6.7372955E-3,3.2373067E-2,8.299375E-2,8.687631E-2,-1.3611615E-2,5.6928582E-2,-1.6141003E-2],"categories":[],"categories_nodes":[],"categories_segments":[],"categories_sizes":[],"default_left":[0,0,0,0,0,0,0,0,0,0,0,0,0,0,0,0,0,0,0,0,0,0,0,0,0,0,0,0,0,0,0],"id":0,"left_children":[1,3,5,7,9,11,13,15,17,19,21,23,25,27,29,-1,-1,-1,-1,-1,-1,-1,-1,-1,-1,-1,-1,-1,-1,-1,-1],"loss_changes":[5.266626E1,2.147863E1,1.3945751E1,3.392746E1,1.12334E1,9.732876E0,7.2390747E0,1.3320657E1,1.1729042E1,5.0870457E0,6.2550693E0,9.229578E0,1.8305931E0,5.430542E0,6.145109E0,0E0,0E0,0E0,0E0,0E0,0E0,0E0,0E0,0E0,0E0,0E0,0E0,0E0,0E0,0E0,0E0],"parents":[2147483647,0,0,1,1,2,2,3,3,4,4,5,5,6,6,7,7,8,8,9,9,10,10,11,11,12,12,13,13,14,14],"right_children":[2,4,6,8,10,12,14,16,18,20,22,24,26,28,30,-1,-1,-1,-1,-1,-1,-1,-1,-1,-1,-1,-1,-1,-1,-1,-1],"split_conditions":[8.253557E-2,1.4334853E-1,4.030462E-1,-7.704892E-2,-7.765776E-3,1.7766616E-1,7.6860595E-1,-2.4747539E0,-1.3262222E0,7.085558E-2,6.432891E-2,-6.1085727E-2,1.1074157E-2,1.7766616E-1,2.3077115E-1,8.4919296E-2,8.466151E-3,2.9134825E-3,-3.18147E-2,5.345725E-2,-1.9160921E-3,9.232468E-3,-2.2922454E-2,5.372001E-2,6.7372955E-3,3.2373067E-2,8.299375E-2,8.687631E-2,-1.3611615E-2,5.6928582E-2,-1.6141003E-2],"split_indices":[9,3,3,3,1,9,3,6,6,9,9,10,10,9,13,0,0,0,0,0,0,0,0,0,0,0,0,0,0,0,0],"split_type":[0,0,0,0,0,0,0,0,0,0,0,0,0,0,0,0,0,0,0,0,0,0,0,0,0,0,0,0,0,0,0],"sum_hessian":[4.879321E2,3.505655E2,1.3736661E2,2.58762E2,9.180351E1,1.1209505E2,2.5271566E1,4.8330673E1,2.104313E2,2.1566294E1,7.023722E1,1.0156071E2,1.0534346E1,1.5440096E1,9.83147E0,5.6309905E0,4.269968E1,2.7840256E1,1.8259105E2,1.61885E1,5.3777957E0,4.9678913E1,2.0558308E1,1.0884186E1,9.067652E1,5.6541533E0,4.880192E0,1.4239616E1,1.2004793E0,4.804313E0,5.0271564E0],"tree_param":{"num_deleted":"0","num_feature":"16","num_nodes":"31","size_leaf_vector":"1"}},{"base_weights":[1.2026213E-2,-2.3106053E-1,4.3075234E-1,4.4882417E-1,-3.229653E-1,3.0744898E-1,1.0728312E0,-2.4586281E-1,8.718049E-1,-5.270725E-1,1.6686167E-1,1.1454868E0,1.9045411E-1,1.3932457E0,4.4337106E-1,7.502439E-2,-4.3805283E-2,6.5021776E-2,2.0360239E-2,4.55032E-2,-2.8269798E-2,4.8333373E-2,1.9274577E-3,6.316846E-2,-1.4724299E-2,4.092036E-2,3.4859614E-3,7.7985935E-2,1.0555821E-2,-1.8003898E-2,4.4623565E-2],"categories":[],"categories_nodes":[],"categories_segments":[],"categories_sizes":[],"default_left":[0,0,0,0,0,0,0,0,0,0,0,0,0,0,0,0,0,0,0,0,0,0,0,0,0,0,0,0,0,0,0],"id":1,"left_children":[1,3,5,7,9,11,13,15,17,19,21,23,25,27,29,-1,-1,-1,-1,-1,-1,-1,-1,-1,-1,-1,-1,-1,-1,-1,-1],"loss_changes":[4.9574158E1,1.9401463E1,1.3832294E1,1.1120643E1,2.7288078E1,1.463244E1,5.1134872E0,1.7633286E1,4.108427E0,1.1104656E1,8.252958E0,3.4878654E0,1.0110588E1,3.2846146E0,4.3093166E0,0E0,0E0,0E0,0E0,0E0,0E0,0E0,0E0,0E0,0E0,0E0,0E0,0E0,0E0,0E0,0E0],"parents":[2147483647,0,0,1,1,2,2,3,3,4,4,5,5,6,6,7,7,8,8,9,9,10,10,11,11,12,12,13,13,14,14],"right_children":[2,4,6,8,10,12,14,16,18,20,22,24,26,28,30,-1,-1,-1,-1,-1,-1,-1,-1,-1,-1,-1,-1,-1,-1,-1,-1],"split_conditions":[7.2392866E-2,-8.104076E-2,4.030462E-1,-1.4386056E-1,1.482941E-1,-6.1085727E-2,7.6860595E-1,-2.2454219E-1,-9.771197E-2,1.6009768E-2,-2.1047574E-2,8.5714823E-1,-8.4033035E-2,1.2530144E-1,1.2087593E-1,7.502439E-2,-4.3805283E-2,6.5021776E-2,2.0360239E-2,4.55032E-2,-2.8269798E-2,4.8333373E-2,1.9274577E-3,6.316846E-2,-1.4724299E-2,4.092036E-2,3.4859614E-3,7.7985935E-2,1.0555821E-2,-1.8003898E-2,4.4623565E-2],"split_indices":[9,3,3,3,3,10,3,3,3,9,1,11,2,1,9,0,0,0,0,0,0,0,0,0,0,0,0,0,0,0,0],"split_type":[0,0,0,0,0,0,0,0,0,0,0,0,0,0,0,0,0,0,0,0,0,0,0,0,0,0,0,0,0,0,0],"sum_hessian":[4.8506146E2,3.0717984E2,1.7788162E2,3.611655E1,2.710633E2,1.5046542E2,2.74162E1,1.382676E1,2.2289791E1,1.9128163E2,7.978165E1,1.7355629E1,1.3310979E2,1.7363995E1,1.0052206E1,3.3005106E0,1.052625E1,1.0657947E1,1.1631844E1,4.3775053E0,1.8690413E2,1.0126543E1,6.9655106E1,1.6155697E1,1.1999304E0,2.0533686E1,1.125761E2,1.49405775E1,2.423416E0,3.6752808E0,6.3769255E0],"tree_param":{"num_deleted":"0","num_feature":"16","num_nodes":"31","size_leaf_vector":"1"}},{"base_weights":[1.4890154E-2,-2.000772E-1,5.799996E-1,1.2335947E0,-2.405374E-1,1.0592823E0,4.321134E-1,1.4463272E0,9.157586E-3,6.058773E-1,-2.7127096E-1,1.1545274E0,-3.1240588E-2,3.1300074E-1,1.255536E0,8.0671154E-2,3.0161247E-2,1.8571413E-3,5.3701896E-2,-2.0597009E-2,-9.3641394E-4,-3.1073052E-3,6.594371E-2,4.9360923E-2,9.628126E-3,1.8460922E-4,6.820862E-2],"categories":[],"categories_nodes":[],"categories_segments":[],"categories_sizes":[],"default_left":[0,0,0,0,0,0,0,0,0,0,0,0,0,0,0,0,0,0,0,0,0,0,0,0,0,0,0],"id":2,"left_children":[1,3,5,7,9,11,13,15,-1,17,19,21,-1,23,25,-1,-1,-1,-1,-1,-1,-1,-1,-1,-1,-1,-1],"loss_changes":[5.8952248E1,2.0692106E1,9.020519E0,1.9280787E0,9.081486E0,5.6686325E0,9.795643E0,1.5600777E-1,0E0,3.2404132E0,1.1767778E1,5.989311E0,0E0,7.2873354E0,1.7351398E0,0E0,0E0,0E0,0E0,0E0,0E0,0E0,0E0,0E0,0E0,0E0,0E0],"parents":[2147483647,0,0,1,1,2,2,3,3,4,4,5,5,6,6,7,7,9,9,10,10,11,11,13,13,14,14],"right_children":[2,4,6,8,10,12,14,16,-1,18,20,22,-1,24,26,-1,-1,-1,-1,-1,-1,-1,-1,-1,-1,-1,-1],"split_conditions":[8.253557E-2,-2.4047458E0,-1.3586143E-2,6.9433975E-1,-6.584362E-2,1E0,1.0111099E-1,3.3333334E-1,9.157586E-3,4.4854067E-2,1.2110682E-2,-9.375008E-1,-3.1240588E-2,-8.920483E-2,-2.1568509E-2,8.0671154E-2,3.0161247E-2,1.8571413E-3,5.3701896E-2,-2.0597009E-2,-9.3641394E-4,-3.1073052E-3,6.594371E-2,4.9360923E-2,9.628126E-3,1.8460922E-4,6.820862E-2],"split_indices":[9,5,0,7,10,11,10,13,0,6,10,13,0,2,8,0,0,0,0,0,0,0,0,0,0,0,0],"split_type":[0,0,0,0,0,0,0,0,0,0,0,0,0,0,0,0,0,0,0,0,0,0,0,0,0,0,0],"sum_hessian":[4.8332794E2,3.5060422E2,1.3272372E2,8.81358E0,3.4179065E2,2.9843018E1,1.028807E2,7.015872E0,1.7977076E0,1.131998E1,3.3047067E2,2.854319E1,1.2998286E0,9.1084885E1,1.1795817E1,5.0928407E0,1.9230316E0,5.598321E0,5.721658E0,2.1184138E2,1.1862928E2,3.4707534E0,2.5072437E1,1.2714081E1,7.8370804E1,1.0244792E0,1.07713375E1],"tree_param":{"num_deleted":"0","num_feature":"16","num_nodes":"27","size_leaf_vector":"1"}},{"base_weights":[-1.42759625E-2,-1.8905352E-1,4.3151885E-1,3.6136526E-1,-2.779206E-1,3.056948E-1,1.0278872E0,7.439862E-2,1.543901E-1,-4.8678327E-1,7.374626E-2,8.454677E-1,1.24742515E-1,8.035871E-2,7.6730925E-1,-2.104862E-2,2.313844E-2,7.5662355E-3,-2.9454013E-2,-2.9384797E-3,1.9815158E-2,9.854462E-3,5.9573974E-2,-1.0010479E-4,3.994929E-2,-3.3214103E-2,5.136725E-2],"categories":[],"categories_nodes":[],"categories_segments":[],"categories_sizes":[],"default_left":[0,0,0,0,0,0,0,0,0,0,0,0,0,0,0,0,0,0,0,0,0,0,0,0,0,0,0],"id":3,"left_children":[1,3,5,7,9,11,13,-1,15,17,19,21,23,-1,25,-1,-1,-1,-1,-1,-1,-1,-1,-1,-1,-1,-1],"loss_changes":[3.839503E1,1.7412992E1,1.010071E1,1.1344294E1,2.2460384E1,1.12283125E1,2.3531342E0,0E0,7.8327694E0,1.2600903E1,4.9229903E0,6.2623615E0,7.5283976E0,0E0,7.49518E0,0E0,0E0,0E0,0E0,0E0,0E0,0E0,0E0,0E0,0E0,0E0,0E0],"parents":[2147483647,0,0,1,1,2,2,3,3,4,4,5,5,6,6,8,8,9,9,10,10,11,11,12,12,14,14],"right_children":[2,4,6,8,10,12,14,-1,16,18,20,22,24,-1,26,-1,-1,-1,-1,-1,-1,-1,-1,-1,-1,-1,-1],