{"learner":{"attributes":{"scikit_learn":"{\"_estimator_type\": \"classifier\"}"},"feature_names":["bias_week","bias_month","bias_quarter","bias_year","rsi","macd","macd_signal","vol_change","close_change","bb_width","return_5d","k_upper","k_lower","k_body","buy_power","rs_5d","obv","atr_ratio","trend_strength"],"feature_types":["float","float","float","float","float","float","float","float","float","float","float","float","float","float","float","float","float","float","float"],"gradient_booster":{"model":{"cats":{"enc":[],"feature_segments":[],"sorted_idx":[]},"gbtree_model_param":{"num_parallel_tree":"1","num_trees":"2"},"iteration_indptr":[0,1,2],"tree_info":[0,0],"trees":[{"base_weights":[-0E0,-2.5212312E-1,6.5729594E-1,9.5942356E-2,-3.238093E-1,4.3077815E-1,9.440347E-2,-4.774667E-2,1.1499353E-2,7.265496E-2,-7.597792E-3],"categories":[],"categories_nodes":[],"categories_segments":[],"categories_sizes":[],"default_left":[0,0,0,0,0,0,0,0,0,0,0],"id":0,"left_children":[1,3,5,-1,7,9,-1,-1,-1,-1,-1],"loss_changes":[6.3449463E1,2.3253542E1,3.8735275E0,0E0,1.9423477E1,1.1275406E1,0E0,0E0,0E0,0E0,0E0],"parents":[2147483647,0,0,1,1,2,2,4,4,5,5],"right_children":[2,4,6,-1,8,10,-1,-1,-1,-1,-1],"split_conditions":[6.567378E-2,-2.4203243E0,1.1693894E0,9.5942356E-2,1.5187737E-1,-3.8067598E-2,9.440347E-2,-4.774667E-2,1.1499353E-2,7.265496E-2,-7.597792E-3],"split_indices":[17,5,6,0,3,6,0,0,0,0,0],"split_type":[0,0,0,0,0,0,0,0,0,0,0],"sum_hessian":[3.8751813E2,2.8227847E2,1.0523965E2,1.3874224E1,2.6840424E2,6.390942E1,4.1330227E1,2.013882E2,6.7016045E1,4.284627E1,2.1063147E1],"tree_param":{"num_deleted":"0","num_feature":"19","num_nodes":"11","size_leaf_vector":"1"}},{"base_weights":[8.183937E-3,-1.7939472E-1,5.074319E-1,-3.2513347E-1,2.2992921E-1,9.536427E-2,3.5186535E-1,3.208547E-2,-4.671033E-2,5.9109803E-2,2.5026947E-3,2.1206422E-2,1.0319335E-1],"categories":[],"categories_nodes":[],"categories_segments":[],"categories_sizes":[],"default_left":[0,0,0,0,0,0,0,0,0,0,0,0,0],"id":1,"left_children":[1,3,5,7,9,-1,11,-1,-1,-1,-1,-1,-1],"loss_changes":[3.6622128E1,1.6639595E1,4.634012E0,1.9916265E1,3.7110722E0,0E0,5.1596537E0,0E0,0E0,0E0,0E0,0E0,0E0],"parents":[2147483647,0,0,1,1,2,2,3,3,4,4,6,6],"right_children":[2,4,6,8,10,-1,12,-1,-1,-1,-1,-1,-1],"split_conditions":[8.199462E-2,1.4858733E-1,-1.3499497E-2,-8.3863206E-2,-2.1043818E-3,9.536427E-2,8.676786E-3,3.208547E-2,-4.671033E-2,5.9109803E-2,2.5026947E-3,2.1206422E-2,1.0319335E-1],"split_indices":[9,3,0,3,1,0,16,0,0,0,0,0,0],"split_type":[0,0,0,0,0,0,0,0,0,0,0,0,0],"sum_hessian":[3.8300955E2,2.751599E2,1.07849625E2,2.0698671E2,6.81732E1,2.3726482E1,8.4123146E1,3.5121235E1,1.7186548E2,2.0451057E1,4.7722145E1,7.288046E1,1.1242684E1],"tree_param":{"num_deleted":"0","num_feature":"19","num_nodes":"13","size_leaf_vector":"1"}}]},"name":"gbtree"},"learner_model_param":{"base_score":"[5E-1]","boost_from_average":"1","num_class":"0","num_feature":"19","num_target":"1"},"objective":{"name":"binary:logistic","reg_loss_param":{"scale_pos_weight":"0.308488607"}}},"version":[3,2,0]}