{"learner":{"attributes":{"scikit_learn":"{\"_estimator_type\": \"classifier\"}"},"feature_names":["bias_week","bias_month","bias_quarter","bias_year","rsi","macd","macd_signal","vol_change","close_change","bb_width","return_5d","k_upper","k_lower","k_body","buy_power","rs_5d"],"feature_types":["float","float","float","float","float","float","float","float","float","float","float","float","float","float","float","float"],"gradient_booster":{"model":{"cats":{"enc":[],"feature_segments":[],"sorted_idx":[]},"gbtree_model_param":{"num_parallel_tree":"1","num_trees":"7"},"iteration_indptr":[0,1,2,3,4,5,6,7],"tree_info":[0,0,0,0,0,0,0],"trees":[{"base_weights":[-0E0,9.799956E-2,-7.625319E-2,-2.7552876E-1,3.4298477E-1,3.5616744E-2,-4.3631595E-2,1.786331E-2,7.7191785E-2],"categories":[],"categories_nodes":[],"categories_segments":[],"categories_sizes":[],"default_left":[0,0,0,0,0,0,0,0,0],"id":0,"left_children":[1,-1,3,5,7,-1,-1,-1,-1],"loss_changes":[3.1451996E1,0E0,3.0432045E1,2.6444433E1,5.9323273E0,0E0,0E0,0E0,0E0],"parents":[2147483647,0,0,2,2,3,3,4,4],"right_children":[2,-1,4,6,8,-1,-1,-1,-1],"split_conditions":[-2.7097416E0,9.799956E-2,1.4844668E-1,-8.121181E-2,4.1779435E-1,3.5616744E-2,-4.3631595E-2,1.786331E-2,7.7191785E-2],"split_indices":[5,0,3,3,3,0,0,0,0],"split_type":[0,0,0,0,0,0,0,0,0],"sum_hessian":[3.9588736E2,2.9968796E1,3.6591855E2,2.5168832E2,1.14230225E2,4.892408E1,2.0276425E2,8.696425E1,2.726597E1],"tree_param":{"num_deleted":"0","num_feature":"16","num_nodes":"9","size_leaf_vector":"1"}},{"base_weights":[1.2310085E-2,-1.7971818E-1,5.3619784E-1,5.0628696E-2,-2.3963863E-1,1.0017563E-1,3.7601706E-1,-3.885329E-2,-0E0,1.9813482E-2,9.9098586E-2],"categories":[],"categories_nodes":[],"categories_segments":[],"categories_sizes":[],"default_left":[0,0,0,0,0,0,0,0,0,0,0],"id":1,"left_children":[1,3,5,-1,7,-1,9,-1,-1,-1,-1],"loss_changes":[4.0308254E1,1.115138E1,5.0759296E0,0E0,9.9976845E0,0E0,6.5883713E0,0E0,0E0,0E0,0E0],"parents":[2147483647,0,0,1,1,2,2,4,4,6,6],"right_children":[2,4,6,-1,8,-1,10,-1,-1,-1,-1],"split_conditions":[8.247562E-2,-4.78118E-2,-1.3569954E-2,5.0628696E-2,1.2110682E-2,1.0017563E-1,5.648577E-2,-3.885329E-2,-0E0,1.9813482E-2,9.9098586E-2],"split_indices":[9,1,0,0,10,0,15,0,0,0,0],"split_type":[0,0,0,0,0,0,0,0,0,0,0],"sum_hessian":[3.9253214E2,2.841326E2,1.0839952E2,1.9647465E1,2.6448514E2,2.3733685E1,8.466583E1,1.6413503E2,1.0035013E2,6.88926E1,1.5773232E1],"tree_param":{"num_deleted":"0","num_feature":"16","num_nodes":"11","size_leaf_vector":"1"}},{"base_weights":[-1.6738644E-3,5.966313E-1,-1.10888675E-1,7.247886E-2,-0E0,-1.8557006E-1,9.196387E-2,4.687673E-2,-2.5924759E-2],"categories":[],"categories_nodes":[],"categories_segments":[],"categories_sizes":[],"default_left":[0,0,0,0,0,0,0,0,0],"id":2,"left_children":[1,3,5,-1,-1,7,-1,-1,-1],"loss_changes":[2.4997952E1,4.2293835E0,2.4763905E1,0E0,0E0,1.5493887E1,0E0,0E0,0E0],"parents":[2147483647,0,0,1,1,2,2,5,5],"right_children":[2,4,6,-1,-1,8,-1,-1,-1],"split_conditions":[-1.6275479E0,4.4444695E-1,3.7646163E0,7.247886E-2,-0E0,-4.4897947E-2,9.196387E-2,4.687673E-2,-2.5924759E-2],"split_indices":[6,12,6,0,0,10,0,0,0],"split_type":[0,0,0,0,0,0,0,0,0],"sum_hessian":[3.991629E2,5.837578E1,3.407871E2,4.682333E1,1.1552449E1,3.1999884E2,2.0788273E1,2.992336E1,2.9007547E2],"tree_param":{"num_deleted":"0","num_feature":"16","num_nodes":"9","size_leaf_vector":"1"}},{"base_weights":[-1.4512228E-2,8.528307E-2,-8.759187E-2,-2.3146902E-1,1.3929658E-2,5.3095017E-2,-2.8826788E-2],"categories":[],"categories_nodes":[],"categories_segments":[],"categories_sizes":[],"default_left":[0,0,0,0,0,0,0],"id":3,"left_children":[1,-1,3,5,-1,-1,-1],"loss_changes":[2.3918842E1,0E0,1.2444885E1,1.01038685E1,0E0,0E0,0E0],"parents":[2147483647,0,0,2,2,3,3],"right_children":[2,-1,4,6,-1,-1,-1],"split_conditions":[-2.7698448E0,8.528307E-2,2.0895574E-2,-6.818198E-2,1.3929658E-2,5.3095017E-2,-2.8826788E-2],"split_indices":[5,0,1,10,0,0,0],"split_type":[0,0,0,0,0,0,0],"sum_hessian":[4.0146576E2,2.8526537E1,3.729392E2,2.3471732E2,1.3822191E2,1.4029298E1,2.2068802E2],"tree_param":{"num_deleted":"0","num_feature":"16","num_nodes":"7","size_leaf_vector":"1"}},{"base_weights":[-0E0,-1.572412E-1,4.294556E-1,3.9147207E-1,-2.538198E-1,4.9975026E-2,-0E0,6.644387E-2,-1.1818599E-2,-4.1401938E-2,7.8351395E-3],"categories":[],"categories_nodes":[],"categories_segments":[],"categories_sizes":[],"default_left":[0,0,0,0,0,0,0,0,0,0,0],"id":4,"left_children":[1,3,5,7,9,-1,-1,-1,-1,-1,-1],"loss_changes":[2.6991901E1,1.5138161E1,3.9090347E0,6.9529085E0,1.4442781E1,0E0,0E0,0E0,0E0,0E0,0E0],"parents":[2147483647,0,0,1,1,2,2,3,3,4,4],"right_children":[2,4,6,8,10,-1,-1,-1,-1,-1,-1],"split_conditions":[8.409417E-2,-7.9017766E-2,4.736308E-1,3.2871727E-2,1.4049149E-1,4.9975026E-2,-0E0,6.644387E-2,-1.1818599E-2,-4.1401938E-2,7.8351395E-3],"split_indices":[9,3,4,4,3,0,0,0,0,0,0],"split_type":[0,0,0,0,0,0,0,0,0,0,0],"sum_hessian":[3.9850336E2,2.912904E2,1.0721295E2,4.0067055E1,2.5122334E2,9.329249E1,1.3920466E1,2.8773918E1,1.1293135E1,1.729773E2,7.824605E1],"tree_param":{"num_deleted":"0","num_feature":"16","num_nodes":"11","size_leaf_vector":"1"}},{"base_weights":[-1.741951E-2,-1.7907108E-1,3.823874E-1,3.2331097E-1,-2.6803184E-1,2.3466267E-1,9.984088E-2,-0E0,5.4799724E-2,-4.7719497E-2,6.5868357E-3,3.603716E-2,-1.0973938E-2],"categories":[],"categories_nodes":[],"categories_segments":[],"categories_sizes":[],"default_left":[0,0,0,0,0,0,0,0,0,0,0,0,0],"id":5,"left_children":[1,3,5,7,9,11,-1,-1,-1,-1,-1,-1,-1],"loss_changes":[2.53881E1,1.278863E1,7.4284554E0,3.5697646E0,1.8689497E1,4.697461E0,0E0,0E0,0E0,0E0,0E0,0E0,0E0],"parents":[2147483647,0,0,1,1,2,2,3,3,4,4,5,5],"right_children":[2,4,6,8,10,12,-1,-1,-1,-1,-1,-1,-1],"split_conditions":[8.247562E-2,-7.499285E-2,4.1779435E-1,-1.4386049E-1,1.0923037E-1,4.6153757E-1,9.984088E-2,-0E0,5.4799724E-2,-4.7719497E-2,6.5868357E-3,3.603716E-2,-1.0973938E-2],"split_indices":[9,3,3,3,3,12,0,0,0,0,0,0,0],"split_type":[0,0,0,0,0,0,0,0,0,0,0,0,0],"sum_hessian":[3.9975775E2,2.8870807E2,1.1104965E2,3.9589443E1,2.4911864E2,9.280215E1,1.8247509E1,1.4381955E1,2.5207487E1,1.5628328E2,9.283536E1,7.237037E1,2.0431774E1],"tree_param":{"num_deleted":"0","num_feature":"16","num_nodes":"13","size_leaf_vector":"1"}},{"base_weights":[2.4344712E-2,-9.640317E-2,3.2577673E-1,3.3220377E-2,-3.1740633E-1,1.866524E-1,6.925489E-2,1.6309874E-2,-4.021243E-2,3.6291845E-2,-1.3827639E-2],"categories":[],"categories_nodes":[],"categories_segments":[],"categories_sizes":[],"default_left":[0,0,0,0,0,0,0,0,0,0,0],"id":6,"left_children":[1,3,5,-1,7,9,-1,-1,-1,-1,-1],"loss_changes":[1.4656383E1,2.5898113E1,4.027424E0,0E0,8.319599E0,5.7310205E0,0E0,0E0,0E0,0E0,0E0],"parents":[2147483647,0,0,1,1,2,2,4,4,5,5],"right_children":[2,4,6,-1,8,10,-1,-1,-1,-1,-1],"split_conditions":[1.4334847E-1,-5.8012974E-2,4.1779435E-1,3.3220377E-2,-1.3271185E0,2.7457717E-1,6.925489E-2,1.6309874E-2,-4.021243E-2,3.6291845E-2,-1.3827639E-2],"split_indices":[3,3,3,0,6,3,0,0,0,0,0],"split_type":[0,0,0,0,0,0,0,0,0,0,0],"sum_hessian":[3.8832516E2,2.719578E2,1.1636738E2,8.867258E1,1.8328522E2,8.920807E1,2.715931E1,2.4327711E1,1.589575E2,6.202469E1,2.7183382E1],"tree_param":{"num_deleted":"0","num_feature":"16","num_nodes":"11","size_leaf_vector":"1"}}]},"name":"gbtree"},"learner_model_param":{"base_score":"[5E-1]","boost_from_average":"1","num_class":"0","num_feature":"16","num_target":"1"},"objective":{"name":"binary:logistic","reg_loss_param":{"scale_pos_weight":"0.300245702"}}},"version":[3,2,0]}