{"learner":{"attributes":{"scikit_learn":"{\"_estimator_type\": \"classifier\"}"},"feature_names":["bias_week","bias_month","bias_quarter","bias_year","rsi","macd","macd_signal","vol_change","close_change","bb_width","return_5d","k_upper","k_lower","k_body","buy_power","rs_5d","obv","atr_ratio","trend_strength"],"feature_types":["float","float","float","float","float","float","float","float","float","float","float","float","float","float","float","float","float","float","float"],"gradient_booster":{"model":{"cats":{"enc":[],"feature_segments":[],"sorted_idx":[]},"gbtree_model_param":{"num_parallel_tree":"1","num_trees":"2"},"iteration_indptr":[0,1,2],"tree_info":[0,0],"trees":[{"base_weights":[-0E0,-2.1689984E-1,6.3096154E-1,1.0214356E-1,-2.915595E-1,4.054673E-1,9.180304E-2,-4.642996E-2,8.896822E-3,7.018767E-2,-9.462775E-3],"categories":[],"categories_nodes":[],"categories_segments":[],"categories_sizes":[],"default_left":[0,0,0,0,0,0,0,0,0,0,0],"id":0,"left_children":[1,3,5,-1,7,9,-1,-1,-1,-1,-1],"loss_changes":[5.489225E1,2.5601135E1,3.8290138E0,0E0,1.9556717E1,1.0912576E1,0E0,0E0,0E0,0E0,0E0],"parents":[2147483647,0,0,1,1,2,2,4,4,5,5],"right_children":[2,4,6,-1,8,10,-1,-1,-1,-1,-1],"split_conditions":[6.577032E-2,-2.404747E0,1.1805034E0,1.0214356E-1,1.2225605E-1,-3.7501648E-2,9.180304E-2,-4.642996E-2,8.896822E-3,7.018767E-2,-9.462775E-3],"split_indices":[17,5,6,0,3,6,0,0,0,0,0],"split_type":[0,0,0,0,0,0,0,0,0,0,0],"sum_hessian":[3.9584253E2,2.9262875E2,1.0321379E2,1.4773073E1,2.7785565E2,6.2893715E1,4.0320076E1,1.9396294E2,8.389273E1,4.202025E1,2.0873466E1],"tree_param":{"num_deleted":"0","num_feature":"19","num_nodes":"11","size_leaf_vector":"1"}},{"base_weights":[1.22518875E-2,-1.7443995E-1,5.223949E-1,4.7266036E-2,-2.521168E-1,1.2754738E-1,4.093859E-1,-4.1224413E-2,1.4015978E-2,2.5973126E-2,1.12615444E-1],"categories":[],"categories_nodes":[],"categories_segments":[],"categories_sizes":[],"default_left":[0,0,0,0,0,0,0,0,0,0,0],"id":1,"left_children":[1,3,5,-1,7,-1,9,-1,-1,-1,-1],"loss_changes":[3.813646E1,1.3857017E1,5.4807167E0,0E0,1.7133703E1,0E0,7.219555E0,0E0,0E0,0E0,0E0],"parents":[2147483647,0,0,1,1,2,2,4,4,6,6],"right_children":[2,4,6,-1,8,-1,10,-1,-1,-1,-1],"split_conditions":[8.2475595E-2,-1.6277883E0,-3.999689E-3,4.7266036E-2,1.4795558E-1,1.2754738E-1,8.842158E-3,-4.1224413E-2,1.4015978E-2,2.5973126E-2,1.12615444E-1],"split_indices":[9,5,16,0,3,0,16,0,0,0,0],"split_type":[0,0,0,0,0,0,0,0,0,0,0],"sum_hessian":[3.920376E2,2.838074E2,1.0823019E2,2.7120504E1,2.566869E2,1.1279579E1,9.695061E1,1.8538843E2,7.129846E1,8.324045E1,1.3710157E1],"tree_param":{"num_deleted":"0","num_feature":"19","num_nodes":"11","size_leaf_vector":"1"}}]},"name":"gbtree"},"learner_model_param":{"base_score":"[5E-1]","boost_from_average":"1","num_class":"0","num_feature":"19","num_target":"1"},"objective":{"name":"binary:logistic","reg_loss_param":{"scale_pos_weight":"0.299950898"}}},"version":[3,2,0]}