{"learner":{"attributes":{"scikit_learn":"{\"_estimator_type\": \"classifier\"}"},"feature_names":["bias_week","bias_month","bias_quarter","bias_year","rsi","macd","macd_signal","vol_change","close_change","bb_width","return_5d","k_upper","k_lower","k_body","buy_power","rs_5d"],"feature_types":["float","float","float","float","float","float","float","float","float","float","float","float","float","float","float","float"],"gradient_booster":{"model":{"cats":{"enc":[],"feature_segments":[],"sorted_idx":[]},"gbtree_model_param":{"num_parallel_tree":"1","num_trees":"3"},"iteration_indptr":[0,1,2,3],"tree_info":[0,0,0],"trees":[{"base_weights":[-0E0,9.5766E-2,-8.499515E-2,-2.8914362E-1,3.6318097E-1,3.6742132E-2,-4.6727512E-2,1.703556E-2,8.0411494E-2],"categories":[],"categories_nodes":[],"categories_segments":[],"categories_sizes":[],"default_left":[0,0,0,0,0,0,0,0,0],"id":0,"left_children":[1,-1,3,5,7,-1,-1,-1,-1],"loss_changes":[2.9974018E1,0E0,3.2529278E1,3.0107561E1,7.058839E0,0E0,0E0,0E0,0E0],"parents":[2147483647,0,0,2,2,3,3,4,4],"right_children":[2,-1,4,6,8,-1,-1,-1,-1],"split_conditions":[-2.7325258E0,9.5766E-2,1.5187763E-1,-7.916592E-2,4.0325388E-1,3.6742132E-2,-4.6727512E-2,1.703556E-2,8.0411494E-2],"split_indices":[5,0,3,3,3,0,0,0,0],"split_type":[0,0,0,0,0,0,0,0,0],"sum_hessian":[3.8650464E2,2.9314909E1,3.5718973E2,2.488804E2,1.0830934E2,5.1106133E1,1.9777426E2,7.945644E1,2.8852898E1],"tree_param":{"num_deleted":"0","num_feature":"16","num_nodes":"9","size_leaf_vector":"1"}},{"base_weights":[8.67743E-3,-1.8948242E-1,5.139715E-1,4.3949857E-2,-2.4031618E-1,9.7471274E-2,3.572093E-1,-3.3974167E-2,1.0708142E-2,1.9238736E-2,9.327237E-2],"categories":[],"categories_nodes":[],"categories_segments":[],"categories_sizes":[],"default_left":[0,0,0,0,0,0,0,0,0,0,0],"id":1,"left_children":[1,3,5,-1,7,-1,9,-1,-1,-1,-1],"loss_changes":[3.900892E1,8.277467E0,5.0980835E0,0E0,9.58868E0,0E0,5.693516E0,0E0,0E0,0E0,0E0],"parents":[2147483647,0,0,1,1,2,2,4,4,6,6],"right_children":[2,4,6,-1,8,-1,10,-1,-1,-1,-1],"split_conditions":[8.05578E-2,-4.8633307E-2,-1.3499543E-2,4.3949857E-2,1.366317E-2,9.7471274E-2,5.649457E-2,-3.3974167E-2,1.0708142E-2,1.9238736E-2,9.327237E-2],"split_indices":[9,1,0,0,0,0,15,0,0,0,0],"split_type":[0,0,0,0,0,0,0,0,0,0,0],"sum_hessian":[3.8212674E2,2.7131342E2,1.1081334E2,1.6838629E1,2.5447478E2,2.4070005E1,8.674333E1,2.017613E2,5.271348E1,7.086837E1,1.5874964E1],"tree_param":{"num_deleted":"0","num_feature":"16","num_nodes":"11","size_leaf_vector":"1"}},{"base_weights":[-3.966783E-5,5.832238E-1,-1.0762281E-1,7.149274E-2,-0E0,-3.1458607E-1,2.81173E-1,3.109908E-2,-4.7222365E-2,1.1854907E-2,9.0840764E-2],"categories":[],"categories_nodes":[],"categories_segments":[],"categories_sizes":[],"default_left":[0,0,0,0,0,0,0,0,0,0,0],"id":2,"left_children":[1,3,5,-1,-1,7,9,-1,-1,-1,-1],"loss_changes":[2.326186E1,4.3202286E0,2.6690178E1,0E0,0E0,2.2647804E1,9.058165E0,0E0,0E0,0E0,0E0],"parents":[2147483647,0,0,1,1,2,2,5,5,6,6],"right_children":[2,4,6,-1,-1,8,10,-1,-1,-1,-1],"split_conditions":[-1.6372867E0,4.499993E-1,1.4334847E-1,7.149274E-2,-0E0,-7.5478956E-2,3.6871235E0,3.109908E-2,-4.7222365E-2,1.1854907E-2,9.0840764E-2],"split_indices":[6,12,3,0,0,3,6,0,0,0,0],"split_type":[0,0,0,0,0,0,0,0,0,0,0],"sum_hessian":[3.8764282E2,5.7049248E1,3.3059357E2,4.5651993E1,1.1397255E1,2.1954123E2,1.1105235E2,4.202201E1,1.7751921E2,9.1409294E1,1.9643053E1],"tree_param":{"num_deleted":"0","num_feature":"16","num_nodes":"11","size_leaf_vector":"1"}}]},"name":"gbtree"},"learner_model_param":{"base_score":"[5E-1]","boost_from_average":"1","num_class":"0","num_feature":"16","num_target":"1"},"objective":{"name":"binary:logistic","reg_loss_param":{"scale_pos_weight":"0.307791859"}}},"version":[3,2,0]}