{"learner":{"attributes":{"scikit_learn":"{\"_estimator_type\": \"classifier\"}"},"feature_names":["bias_week","bias_month","bias_quarter","bias_year","rsi","macd","macd_signal","vol_change","close_change","bb_width","return_5d","k_upper","k_lower","k_body","buy_power","rs_5d"],"feature_types":["float","float","float","float","float","float","float","float","float","float","float","float","float","float","float","float"],"gradient_booster":{"model":{"gbtree_model_param":{"num_parallel_tree":"1","num_trees":"4"},"iteration_indptr":[0,1,2,3,4],"tree_info":[0,0,0,0],"trees":[{"base_weights":[-1.6260916E-2,-2.3003803E-1,4.9806663E-1,-3.8658822E-1,2.3075233E-1,3.254068E-1,1.2153122E0,4.106582E-1,-5.680313E-1,7.7275866E-1,4.94121E-3,1.0858206E0,2.053927E-1,1.6440184E0,4.4142962E-1,7.975007E-2,9.273509E-3,4.439767E-3,-3.3015613E-2,5.1422607E-2,-1.4553647E-2,-1.3867681E-2,2.6657471E-2,6.407164E-2,7.6360665E-3,5.456471E-2,4.7232835E-3,8.980935E-2,2.026592E-2,5.767208E-2,-1.6644014E-2],"categories":[],"categories_nodes":[],"categories_segments":[],"categories_sizes":[],"default_left":[0,0,0,0,0,0,0,0,0,0,0,0,0,0,0,0,0,0,0,0,0,0,0,0,0,0,0,0,0,0,0],"id":0,"left_children":[1,3,5,7,9,11,13,15,17,19,21,23,25,27,29,-1,-1,-1,-1,-1,-1,-1,-1,-1,-1,-1,-1,-1,-1,-1,-1],"loss_changes":[5.2356575E1,2.4350058E1,1.6919739E1,3.6600212E1,1.0511068E1,1.0185915E1,8.153141E0,1.2289569E1,1.2497269E1,7.1704245E0,9.340876E0,2.5995464E0,9.698723E0,2.4489555E0,6.397419E0,0E0,0E0,0E0,0E0,0E0,0E0,0E0,0E0,0E0,0E0,0E0,0E0,0E0,0E0,0E0,0E0],"parents":[2147483647,0,0,1,1,2,2,3,3,4,4,5,5,6,6,7,7,8,8,9,9,10,10,11,11,12,12,13,13,14,14],"right_children":[2,4,6,8,10,12,14,16,18,20,22,24,26,28,30,-1,-1,-1,-1,-1,-1,-1,-1,-1,-1,-1,-1,-1,-1,-1,-1],"split_conditions":[8.055778E-2,1.4338173E-1,4.0325385E-1,-7.916599E-2,-3.4803734E-3,-6.0860492E-2,7.720876E-1,-2.2490547E0,-1.3305254E0,7.134924E-2,1.2569518E-2,5.7142466E-1,-3.4165034E0,1.2527487E-1,2.352975E-1,7.975007E-2,9.273509E-3,4.439767E-3,-3.3015613E-2,5.1422607E-2,-1.4553647E-2,-1.3867681E-2,2.6657471E-2,6.407164E-2,7.6360665E-3,5.456471E-2,4.7232835E-3,8.980935E-2,2.026592E-2,5.767208E-2,-1.6644014E-2],"split_indices":[9,3,3,3,1,10,3,6,6,9,15,11,6,1,13,0,0,0,0,0,0,0,0,0,0,0,0,0,0,0,0],"split_type":[0,0,0,0,0,0,0,0,0,0,0,0,0,0,0,0,0,0,0,0,0,0,0,0,0,0,0,0,0,0,0],"sum_hessian":[4.7413693E2,3.3531714E2,1.3881978E2,2.504049E2,8.4912224E1,1.1305755E2,2.5762236E1,4.6189346E1,2.0421556E2,2.4259905E1,6.0652317E1,1.43142805E1,9.874327E1,1.5854804E1,9.907432E0,6.4074316E0,3.9781914E1,2.516151E1,1.7905406E2,1.9585707E1,4.674197E0,3.9836872E1,2.0815445E1,1.1524922E1,2.789358E0,1.0004662E1,8.873861E1,1.3719381E1,2.1354222E0,4.906266E0,5.0011654E0],"tree_param":{"num_deleted":"0","num_feature":"16","num_nodes":"31","size_leaf_vector":"1"}},{"base_weights":[7.2365147E-3,-2.0507942E-1,5.0700957E-1,4.6603087E-1,-3.0859575E-1,3.7346065E-1,1.0586832E0,1.5094248E0,2.0031792E-1,-5.1299495E-1,1.7833582E-1,9.504968E-1,2.2903596E-1,1.4370933E0,4.4608694E-1,8.5106224E-2,1.0011904E-3,-2.4792882E-2,2.9268494E-2,4.5633506E-2,-2.7445838E-2,4.8853114E-2,1.7147571E-3,5.925692E-2,2.0671189E-3,4.455449E-3,4.574421E-2,8.151247E-2,1.2634954E-2,-1.4925561E-2,4.5479637E-2],"categories":[],"categories_nodes":[],"categories_segments":[],"categories_sizes":[],"default_left":[0,0,0,0,0,0,0,0,0,0,0,0,0,0,0,0,0,0,0,0,0,0,0,0,0,0,0,0,0,0,0],"id":1,"left_children":[1,3,5,7,9,11,13,15,17,19,21,23,25,27,29,-1,-1,-1,-1,-1,-1,-1,-1,-1,-1,-1,-1,-1,-1,-1,-1],"loss_changes":[5.0331276E1,2.3272743E1,1.0023979E1,1.2142832E1,2.8859257E1,9.3999E0,5.6220436E0,2.536993E0,1.0190079E1,1.0940163E1,9.883721E0,4.8115406E0,8.90304E0,3.3058739E0,4.3325486E0,0E0,0E0,0E0,0E0,0E0,0E0,0E0,0E0,0E0,0E0,0E0,0E0,0E0,0E0,0E0,0E0],"parents":[2147483647,0,0,1,1,2,2,3,3,4,4,5,5,6,6,7,7,8,8,9,9,10,10,11,11,12,12,13,13,14,14],"right_children":[2,4,6,8,10,12,14,16,18,20,22,24,26,28,30,-1,-1,-1,-1,-1,-1,-1,-1,-1,-1,-1,-1,-1,-1,-1,-1],"split_conditions":[8.055778E-2,-7.916599E-2,4.0325385E-1,-7.9562224E-2,1.4874256E-1,-1.07329555E-1,7.5001234E-1,-3.679736E-3,-1.4420766E-1,1.5953023E-2,-2.1493569E-2,5.9974706E-1,5.6494497E-2,1.2527487E-1,1.2169228E-1,8.5106224E-2,1.0011904E-3,-2.4792882E-2,2.9268494E-2,4.5633506E-2,-2.7445838E-2,4.8853114E-2,1.7147571E-3,5.925692E-2,2.0671189E-3,4.455449E-3,4.574421E-2,8.151247E-2,1.2634954E-2,-1.4925561E-2,4.5479637E-2],"split_indices":[9,3,3,2,3,2,3,15,3,9,1,7,15,1,9,0,0,0,0,0,0,0,0,0,0,0,0,0,0,0,0],"split_type":[0,0,0,0,0,0,0,0,0,0,0,0,0,0,0,0,0,0,0,0,0,0,0,0,0,0,0,0,0,0,0],"sum_hessian":[4.7235223E2,3.3192987E2,1.4042236E2,4.3889076E1,2.880408E2,1.1440436E2,2.6017998E1,7.9582376E0,3.5930836E1,2.0284082E2,8.519998E1,2.178461E1,9.261975E1,1.5251194E1,1.0766803E1,6.920088E0,1.03815E0,1.2693382E1,2.3237455E1,4.3854127E0,1.9845541E2,1.2133687E1,7.306629E1,1.7074366E1,4.7102456E0,7.786386E1,1.4755885E1,1.2789057E1,2.4621372E0,4.267406E0,6.4993963E0],"tree_param":{"num_deleted":"0","num_feature":"16","num_nodes":"31","size_leaf_vector":"1"}},{"base_weights":[1.5444475E-2,-2.0759666E-1,5.666738E-1,1.2389389E0,-2.451342E-1,1.2788514E0,4.601007E-1,7.509676E-2,4.2370018E-3,7.688872E-1,-2.7239075E-1,1.4208311E0,-2.2650566E-2,3.0946198E-1,1.0755596E0,-4.5442944E-3,7.111602E-2,-2.0505818E-2,-5.3512945E-4,3.5826904E-3,7.8605875E-2,5.516378E-2,9.026497E-3,7.234039E-2,2.9763957E-2],"categories":[],"categories_nodes":[],"categories_segments":[],"categories_sizes":[],"default_left":[0,0,0,0,0,0,0,0,0,0,0,0,0,0,0,0,0,0,0,0,0,0,0,0,0],"id":2,"left_children":[1,3,5,7,9,11,13,-1,-1,15,17,19,-1,21,23,-1,-1,-1,-1,-1,-1,-1,-1,-1,-1],"loss_changes":[5.8054962E1,1.8560402E1,9.735077E0,2.5043411E0,9.290234E0,4.8588505E0,1.0780857E1,0E0,0E0,5.107878E0,1.1553703E1,3.170597E0,0E0,9.800898E0,3.2694817E0,0E0,0E0,0E0,0E0,0E0,0E0,0E0,0E0,0E0,0E0],"parents":[2147483647,0,0,1,1,2,2,3,3,4,4,5,5,6,6,9,9,10,10,11,11,13,13,14,14],"right_children":[2,4,6,8,10,12,14,-1,-1,16,18,20,-1,22,24,-1,-1,-1,-1,-1,-1,-1,-1,-1,-1],"split_conditions":[8.055778E-2,-2.4222252E0,-6.0860492E-2,6.9433975E-1,-5.8866013E-2,8.181793E-1,5.6494497E-2,7.509676E-2,4.2370018E-3,-6.8064176E-2,1.2162195E-2,-9.400005E-1,-2.2650566E-2,-1.07329555E-1,5.555572E-2,-4.5442944E-3,7.111602E-2,-2.0505818E-2,-5.3512945E-4,3.5826904E-3,7.8605875E-2,5.516378E-2,9.026497E-3,7.234039E-2,2.9763957E-2],"split_indices":[9,5,10,7,1,11,15,0,0,2,10,13,0,2,13,0,0,0,0,0,0,0,0,0,0],"split_type":[0,0,0,0,0,0,0,0,0,0,0,0,0,0,0,0,0,0,0,0,0,0,0,0,0],"sum_hessian":[4.702389E2,3.3522278E2,1.350161E2,7.669461E0,3.275533E2,1.6142649E1,1.1887345E2,6.000829E0,1.6686314E0,7.861823E0,3.196915E2,1.5085519E1,1.057131E0,9.6706535E1,2.2166918E1,3.7666535E0,4.09517E0,2.0908406E2,1.1060744E2,1.6696002E0,1.3415918E1,1.2456554E1,8.424998E1,1.136757E1,1.0799348E1],"tree_param":{"num_deleted":"0","num_feature":"16","num_nodes":"25","size_leaf_vector":"1"}},{"base_weights":[-1.070526E-2,-1.9392516E-1,4.3449032E-1,3.7298125E-1,-2.897508E-1,3.1487414E-1,1.01213E0,7.315859E-2,1.7401299E-1,-4.8229805E-1,1.3744089E-1,7.0846695E-1,6.9077946E-2,8.032128E-2,7.4778813E-1,-2.2765776E-2,2.5312275E-2,7.640107E-3,-2.8491382E-2,3.730939E-2,6.3748116E-4,1.9704921E-2,5.6337055E-2,-5.1105488E-2,1.0941302E-2,-3.52066E-2,5.048558E-2],"categories":[],"categories_nodes":[],"categories_segments":[],"categories_sizes":[],"default_left":[0,0,0,0,0,0,0,0,0,0,0,0,0,0,0,0,0,0,0,0,0,0,0,0,0,0,0],"id":3,"left_children":[1,3,5,7,9,11,13,-1,15,17,19,21,23,-1,25,-1,-1,-1,-1,-1,-1,-1,-1,-1,-1,-1,-1],"loss_changes":[3.907149E1,1.8540478E1,9.331423E0,1.0482117E1,2.398642E1,1.1285166E1,2.491806E0,0E0,9.2196865E0,1.1242718E1,6.907674E0,5.463833E0,1.2189124E1,0E0,7.61016E0,0E0,0E0,0E0,0E0,0E0,0E0,0E0,0E0,0E0,0E0,0E0,0E0],"parents":[2147483647,0,0,1,1,2,2,3,3,4,4,5,5,6,6,8,8,9,9,10,10,11,11,12,12,14,14],"right_children":[2,4,6,8,10,12,14,-1,16,18,20,22,24,-1,26,-1,-1,-1,-1,-1,-1,-1,-1,-1,-1,-1,-1],