{"learner":{"attributes":{"scikit_learn":"{\"_estimator_type\": \"classifier\"}"},"feature_names":["bias_week","bias_month","bias_quarter","bias_year","rsi","macd","macd_signal","vol_change","close_change","bb_width","return_5d","k_upper","k_lower","k_body","buy_power","rs_5d"],"feature_types":["float","float","float","float","float","float","float","float","float","float","float","float","float","float","float","float"],"gradient_booster":{"model":{"cats":{"enc":[],"feature_segments":[],"sorted_idx":[]},"gbtree_model_param":{"num_parallel_tree":"1","num_trees":"15"},"iteration_indptr":[0,1,2,3,4,5,6,7,8,9,10,11,12,13,14,15],"tree_info":[0,0,0,0,0,0,0,0,0,0,0,0,0,0,0],"trees":[{"base_weights":[7.113042E-2,5.8551526E-1,-2.376028E-2,-0E0,9.316615E-2,-1.6740508E-1,1.2354597E-2,-3.604874E-4,-5.56407E-2],"categories":[],"categories_nodes":[],"categories_segments":[],"categories_sizes":[],"default_left":[0,0,0,0,0,0,0,0,0],"id":0,"left_children":[1,3,5,-1,-1,7,-1,-1,-1],"loss_changes":[1.6815306E1,1.0334141E1,5.749893E0,0E0,0E0,7.911488E0,0E0,0E0,0E0],"parents":[2147483647,0,0,1,1,2,2,5,5],"right_children":[2,4,6,-1,-1,8,-1,-1,-1],"split_conditions":[-2.224893E-1,-5.1041737E0,1.6925516E-2,-0E0,9.316615E-2,-5.2315317E-2,1.2354597E-2,-3.604874E-4,-5.56407E-2],"split_indices":[3,5,3,0,0,3,0,0,0],"split_type":[0,0,0,0,0,0,0,0,0],"sum_hessian":[3.1845596E2,5.3235012E1,2.6522095E2,2.0875612E1,3.2359398E1,1.4244336E2,1.227776E2,1.046824E2,3.7760956E1],"tree_param":{"num_deleted":"0","num_feature":"16","num_nodes":"9","size_leaf_vector":"1"}},{"base_weights":[-0E0,-1.6636214E-1,2.701693E-2,-5.479568E-1,-5.045852E-2,-8.812269E-2,-0E0,7.7196257E-3,-4.2856734E-2],"categories":[],"categories_nodes":[],"categories_segments":[],"categories_sizes":[],"default_left":[0,0,0,0,0,0,0,0,0],"id":1,"left_children":[1,3,-1,5,7,-1,-1,-1,-1],"loss_changes":[1.4656895E1,7.3793054E0,0E0,5.787136E0,8.438119E0,0E0,0E0,0E0,0E0],"parents":[2147483647,0,0,1,1,3,3,4,4],"right_children":[2,4,-1,6,8,-1,-1,-1,-1],"split_conditions":[8.532112E-2,3.8350426E-2,2.701693E-2,-8.880165E-4,1.1639534E-2,-8.812269E-2,-0E0,7.7196257E-3,-4.2856734E-2],"split_indices":[9,9,0,0,15,0,0,0,0],"split_type":[0,0,0,0,0,0,0,0,0],"sum_hessian":[3.211903E2,1.9732068E2,1.2386964E2,4.1371044E1,1.5594963E2,2.3026417E1,1.8344627E1,1.1233686E2,4.3612778E1],"tree_param":{"num_deleted":"0","num_feature":"16","num_nodes":"9","size_leaf_vector":"1"}},{"base_weights":[2.5853754E-3,-6.809637E-2,4.9045935E-1,4.8847377E-1,-1.4697137E-1,-0E0,6.777137E-2,1.1114335E-4,1.04916364E-1,-2.43277E-2,5.997806E-3],"categories":[],"categories_nodes":[],"categories_segments":[],"categories_sizes":[],"default_left":[0,0,0,0,0,0,0,0,0,0,0],"id":2,"left_children":[1,3,5,7,9,-1,-1,-1,-1,-1,-1],"loss_changes":[1.2191889E1,1.1556557E1,4.007945E0,6.2969236E0,5.502138E0,0E0,0E0,0E0,0E0,0E0,0E0],"parents":[2147483647,0,0,1,1,2,2,3,3,4,4],"right_children":[2,4,6,8,10,-1,-1,-1,-1,-1,-1],"split_conditions":[5.1724132E-2,-2.5926062E-1,4.5453202E-2,-2.5863779E0,9.262334E-2,-0E0,6.777137E-2,1.1114335E-4,1.04916364E-1,-2.43277E-2,5.997806E-3],"split_indices":[10,3,11,6,3,0,0,0,0,0,0],"split_type":[0,0,0,0,0,0,0,0,0,0,0],"sum_hessian":[3.2578745E2,2.805833E2,4.520413E1,3.1229454E1,2.4935387E2,1.3356852E1,3.1847277E1,1.8999634E1,1.2229821E1,1.7656425E2,7.278961E1],"tree_param":{"num_deleted":"0","num_feature":"16","num_nodes":"11","size_leaf_vector":"1"}},{"base_weights":[7.7073476E-3,-2.7073272E-2,7.506215E-2,5.4743316E-2,-7.069849E-2,-1.3745941E-2,1.3954155E-2],"categories":[],"categories_nodes":[],"categories_segments":[],"categories_sizes":[],"default_left":[0,0,0,0,0,0,0],"id":3,"left_children":[1,3,-1,-1,5,-1,-1],"loss_changes":[1.0134829E1,6.711951E0,0E0,0E0,4.1663446E0,0E0,0E0],"parents":[2147483647,0,0,1,1,4,4],"right_children":[2,4,-1,-1,6,-1,-1],"split_conditions":[4.463622E-2,-4.2885005E-2,7.506215E-2,5.4743316E-2,3.549822E-2,-1.3745941E-2,1.3954155E-2],"split_indices":[0,0,0,0,1,0,0],"split_type":[0,0,0,0,0,0,0],"sum_hessian":[3.2577588E2,3.0851404E2,1.7261862E1,1.7934248E1,2.9057977E2,2.2804704E2,6.253275E1],"tree_param":{"num_deleted":"0","num_feature":"16","num_nodes":"7","size_leaf_vector":"1"}},{"base_weights":[-4.0685594E-2,-2.7846506E-1,1.3080581E-2,3.901511E-2,-3.8786718E-1,-5.1065683E-2,-0E0],"categories":[],"categories_nodes":[],"categories_segments":[],"categories_sizes":[],"default_left":[0,0,0,0,0,0,0],"id":4,"left_children":[1,3,-1,-1,5,-1,-1],"loss_changes":[1.3948727E1,1.0661022E1,0E0,0E0,6.907406E0,0E0,0E0],"parents":[2147483647,0,0,1,1,4,4],"right_children":[2,4,-1,-1,6,-1,-1],"split_conditions":[6.5588705E-2,-1.7191323E0,1.3080581E-2,3.901511E-2,9.688242E-2,-5.1065683E-2,-0E0],"split_indices":[9,5,0,0,3,0,0],"split_type":[0,0,0,0,0,0,0],"sum_hessian":[3.3177737E2,1.4499019E2,1.867872E2,1.7391495E1,1.2759869E2,9.847249E1,2.9126198E1],"tree_param":{"num_deleted":"0","num_feature":"16","num_nodes":"7","size_leaf_vector":"1"}},{"base_weights":[5.539527E-3,3.2752663E-1,-1.1502544E-1,4.7666425E-1,-1.4393178E-3,-6.222401E-1,-0E0,6.371619E-2,-0E0,-8.423859E-2,-0E0,-5.854869E-3,7.632883E-2],"categories":[],"categories_nodes":[],"categories_segments":[],"categories_sizes":[],"default_left":[0,0,0,0,0,0,0,0,0,0,0,0,0],"id":5,"left_children":[1,3,5,7,-1,9,11,-1,-1,-1,-1,-1,-1],"loss_changes":[1.3207506E1,5.8588057E0,1.2587429E1,4.9744005E0,0E0,5.5324707E0,7.590809E0,0E0,0E0,0E0,0E0,0E0,0E0],"parents":[2147483647,0,0,1,1,2,2,3,3,5,5,6,6],"right_children":[2,4,6,8,-1,10,12,-1,-1,-1,-1,-1,-1],"split_conditions":[-1.4203839E-1,1.309226E-2,3.8919177E-2,1.2970676E-1,-1.4393178E-3,1.9854669E-2,1.7743196E-1,6.371619E-2,-0E0,-8.423859E-2,-0E0,-5.854869E-3,7.632883E-2],"split_indices":[3,0,9,9,0,3,9,0,0,0,0,0,0],"split_type":[0,0,0,0,0,0,0,0,0,0,0,0,0],"sum_hessian":[3.2772653E2,9.4340805E1,2.3338574E2,7.026428E1,2.407652E1,4.041035E1,1.9297539E2,5.072027E1,1.9544014E1,2.9333643E1,1.1076708E1,1.812991E2,1.167628E1],"tree_param":{"num_deleted":"0","num_feature":"16","num_nodes":"13","size_leaf_vector":"1"}},{"base_weights":[-2.7734712E-3,3.052708E-1,-8.354797E-2,-1.837542E-2,4.5848352E-1,-2.2055244E-1,4.0843412E-2,6.2051993E-2,-0E0,-3.272776E-2,4.3009516E-2,-0E0,6.485014E-2],"categories":[],"categories_nodes":[],"categories_segments":[],"categories_sizes":[],"default_left":[0,0,0,0,0,0,0,0,0,0,0,0,0],"id":6,"left_children":[1,3,5,-1,7,9,11,-1,-1,-1,-1,-1,-1],"loss_changes":[7.623442E0,5.283888E0,4.912588E0,0E0,4.3647223E0,9.397763E0,4.540385E0,0E0,0E0,0E0,0E0,0E0,0E0],"parents":[2147483647,0,0,1,1,2,2,4,4,5,5,6,6],"right_children":[2,4,6,-1,8,10,12,-1,-1,-1,-1,-1,-1],"split_conditions":[-2.0748807E-1,-1.3740548E-1,4.583622E-3,-1.837542E-2,-6.769766E-2,1.2927966E0,8.453587E-2,6.2051993E-2,-0E0,-3.272776E-2,4.3009516E-2,-0E0,6.485014E-2],"split_indices":[3,1,3,0,5,6,10,0,0,0,0,0,0],"split_type":[0,0,0,0,0,0,0,0,0,0,0,0,0],"sum_hessian":[3.2631424E2,6.1946297E1,2.6436795E2,1.1237761E1,5.0708538E1,1.3440192E2,1.2996603E2,3.8361015E1,1.2347524E1,1.18135574E2,1.6266348E1,1.1891217E2,1.1053867E1],"tree_param":{"num_deleted":"0","num_feature":"16","num_nodes":"13","size_leaf_vector":"1"}},{"base_weights":[-1.2166577E-2,-9.59453E-2,3.6061E-2,7.0647456E-2,-1.7866765E-1,-8.180855E-3,3.8260546E-2,5.387532E-2,-2.4358962E-2],"categories":[],"categories_nodes":[],"categories_segments":[],"categories_sizes":[],"default_left":[0,0,0,0,0,0,0,0,0],"id":7,"left_children":[1,3,-1,5,7,-1,-1,-1,-1],"loss_changes":[9.80297E0,4.037533E0,0E0,4.65783E0,8.655854E0,0E0,0E0,0E0,0E0],"parents":[2147483647,0,0,1,1,3,3,4,4],"right_children":[2,4,-1,6,8,-1,-1,-1,-1],"split_conditions":[4.3531008E-2,-6.3270755E-2,3.6061E-2,-2.852675E-2,-2.8648145E-2,-8.180855E-3,3.8260546E-2,5.387532E-2,-2.4358962E-2],"split_indices":[10,2,0,15,0,0,0,0,0],"split_type":[0,0,0,0,0,0,0,0,0],"sum_hessian":[3.304606E2,2.7515854E2,5.5302063E1,8.2258156E1,1.9290039E2,5.0577908E1,3.1680246E1,1.3454368E1,1.7944601E2],"tree_param":{"num_deleted":"0","num_feature":"16","num_nodes":"9",