{"learner":{"attributes":{"scikit_learn":"{\"_estimator_type\": \"classifier\"}"},"feature_names":["bias_week","bias_month","bias_quarter","bias_year","rsi","macd","macd_signal","vol_change","close_change","bb_width","return_5d","k_upper","k_lower","k_body","buy_power","rs_5d","obv","atr_ratio","trend_strength"],"feature_types":["float","float","float","float","float","float","float","float","float","float","float","float","float","float","float","float","float","float","float"],"gradient_booster":{"model":{"cats":{"enc":[],"feature_segments":[],"sorted_idx":[]},"gbtree_model_param":{"num_parallel_tree":"1","num_trees":"19"},"iteration_indptr":[0,1,2,3,4,5,6,7,8,9,10,11,12,13,14,15,16,17,18,19],"tree_info":[0,0,0,0,0,0,0,0,0,0,0,0,0,0,0,0,0,0,0],"trees":[{"base_weights":[7.092059E-2,6.922419E-1,-2.298722E-2,-0E0,1.2057137E-1,-3.3760878E-1,1.427616E-1,-4.5936633E-2,2.3500977E-2,2.2770617E-2,-1.7212907E-2],"categories":[],"categories_nodes":[],"categories_segments":[],"categories_sizes":[],"default_left":[0,0,0,0,0,0,0,0,0,0,0],"id":0,"left_children":[1,3,5,-1,-1,7,9,-1,-1,-1,-1],"loss_changes":[1.9276882E1,1.39952545E1,1.4076948E1,0E0,0E0,7.3607187E0,4.701993E0,0E0,0E0,0E0,0E0],"parents":[2147483647,0,0,1,1,2,2,5,5,6,6],"right_children":[2,4,6,-1,-1,8,10,-1,-1,-1,-1],"split_conditions":[-2.4909684E-1,-4.9630313E0,3.9695263E-2,-0E0,1.2057137E-1,1.614083E-2,2.495076E-1,-4.5936633E-2,2.3500977E-2,2.2770617E-2,-1.7212907E-2],"split_indices":[3,5,18,0,0,0,3,0,0,0,0],"split_type":[0,0,0,0,0,0,0,0,0,0,0],"sum_hessian":[3.0442502E2,4.3057217E1,2.613678E2,1.966944E1,2.338778E1,9.484872E1,1.6651907E2,8.1081474E1,1.37672415E1,1.3627686E2,3.0242218E1],"tree_param":{"num_deleted":"0","num_feature":"19","num_nodes":"11","size_leaf_vector":"1"}},{"base_weights":[-7.905786E-3,5.8322537E-1,-1.1215462E-1,5.3527355E-3,1.0726102E-1,-2.7822676E-1,1.8964893E-1,4.787302E-3,-4.2403772E-2,3.3103045E-2,-6.8119965E-3],"categories":[],"categories_nodes":[],"categories_segments":[],"categories_sizes":[],"default_left":[0,0,0,0,0,0,0,0,0,0,0],"id":1,"left_children":[1,3,5,-1,-1,7,9,-1,-1,-1,-1],"loss_changes":[1.8020487E1,8.818229E0,1.3559661E1,0E0,0E0,9.467463E0,3.9412768E0,0E0,0E0,0E0,0E0],"parents":[2147483647,0,0,1,1,2,2,5,5,6,6],"right_children":[2,4,6,-1,-1,8,10,-1,-1,-1,-1],"split_conditions":[-2.4909684E-1,-4.4530362E-2,2.672823E-3,5.3527355E-3,1.0726102E-1,-6.1673004E-2,7.272718E-1,4.787302E-3,-4.2403772E-2,3.3103045E-2,-6.8119965E-3],"split_indices":[3,1,16,0,0,2,14,0,0,0,0],"split_type":[0,0,0,0,0,0,0,0,0,0,0],"sum_hessian":[3.094962E2,4.3102768E1,2.663934E2,2.3132633E1,1.9970135E1,1.7665977E2,8.9733635E1,5.0694923E1,1.2596484E2,6.3196815E1,2.653682E1],"tree_param":{"num_deleted":"0","num_feature":"19","num_nodes":"11","size_leaf_vector":"1"}},{"base_weights":[8.810466E-3,-6.252753E-1,1.21530354E-1,-9.492041E-2,-1.5243434E-2,-7.579015E-2,2.8832513E-1,7.4483734E-4,-5.17839E-2,-0E0,3.654641E-2],"categories":[],"categories_nodes":[],"categories_segments":[],"categories_sizes":[],"default_left":[0,0,0,0,0,0,0,0,0,0,0],"id":2,"left_children":[1,3,5,-1,-1,7,9,-1,-1,-1,-1],"loss_changes":[2.1116505E1,4.361252E0,9.280053E0,0E0,0E0,5.4846277E0,3.548294E0,0E0,0E0,0E0,0E0],"parents":[2147483647,0,0,1,1,2,2,5,5,6,6],"right_children":[2,4,6,-1,-1,8,10,-1,-1,-1,-1],"split_conditions":[2.9871063E-2,-4.914064E-3,6.992356E-2,-9.492041E-2,-1.5243434E-2,1.5729673E-2,2.6315054E-2,7.4483734E-4,-5.17839E-2,-0E0,3.654641E-2],"split_indices":[17,1,9,0,0,15,11,0,0,0,0],"split_type":[0,0,0,0,0,0,0,0,0,0,0],"sum_hessian":[3.111717E2,4.3894703E1,2.67277E2,2.2919645E1,2.0975058E1,1.1626262E2,1.5101437E2,9.378046E1,2.2482166E1,3.240691E1,1.18607475E2],"tree_param":{"num_deleted":"0","num_feature":"19","num_nodes":"11","size_leaf_vector":"1"}},{"base_weights":[1.1731636E-2,-2.0376693E-1,2.285517E-1,-3.266642E-1,-0E0,1.19192325E-1,7.0734255E-2,-0E0,-4.97804E-2,1.9458001E-2,-4.668509E-2,-0E0,3.7739113E-2],"categories":[],"categories_nodes":[],"categories_segments":[],"categories_sizes":[],"default_left":[0,0,0,0,0,0,0,0,0,0,0,0,0],"id":3,"left_children":[1,3,5,7,9,11,-1,-1,-1,-1,-1,-1,-1],"loss_changes":[1.4615415E1,3.7730565E0,6.623107E0,5.9368544E0,5.2778134E0,4.4538474E0,0E0,0E0,0E0,0E0,0E0,0E0,0E0],"parents":[2147483647,0,0,1,1,2,2,3,3,4,4,5,5],"right_children":[2,4,6,8,10,12,-1,-1,-1,-1,-1,-1,-1],"split_conditions":[4.681077E-2,1.516497E-2,5.346797E-2,-1.111449E0,4.3225538E-2,3.3333334E-1,7.0734255E-2,-0E0,-4.97804E-2,1.9458001E-2,-4.668509E-2,-0E0,3.7739113E-2],"split_indices":[17,3,10,6,17,11,0,0,0,0,0,0,0],"split_type":[0,0,0,0,0,0,0,0,0,0,0,0,0],"sum_hessian":[3.11449E2,1.5098796E2,1.6046103E2,9.406043E1,5.692753E1,1.3478743E2,2.567361E1,3.0671589E1,6.3388847E1,4.0166737E1,1.676079E1,9.085349E1,4.3933933E1],"tree_param":{"num_deleted":"0","num_feature":"19","num_nodes":"13","size_leaf_vector":"1"}},{"base_weights":[-4.088441E-2,-6.206562E-1,4.619628E-2,-8.137265E-2,-0E0,4.2219713E-1,-4.857146E-3,1.0566723E-1,-0E0,-4.9058385E-3,6.679177E-2],"categories":[],"categories_nodes":[],"categories_segments":[],"categories_sizes":[],"default_left":[0,0,0,0,0,0,0,0,0,0,0],"id":4,"left_children":[1,3,5,-1,-1,7,9,-1,-1,-1,-1],"loss_changes":[1.7267195E1,5.307394E0,6.1566806E0,0E0,0E0,9.189945E0,5.6737475E0,0E0,0E0,0E0,0E0],"parents":[2147483647,0,0,1,1,2,2,5,5,6,6],"right_children":[2,4,6,-1,-1,8,10,-1,-1,-1,-1],"split_conditions":[2.9871063E-2,2.3747608E-3,-2.5893077E-1,-8.137265E-2,-0E0,1.1957319E-1,8.683869E-2,1.0566723E-1,-0E0,-4.9058385E-3,6.679177E-2],"split_indices":[17,16,3,0,0,9,17,0,0,0,0],"split_type":[0,0,0,0,0,0,0,0,0,0,0],"sum_hessian":[3.162385E2,4.4614365E1,2.716241E2,3.339567E1,1.1218693E1,3.7683567E1,2.3394057E2,1.3953838E1,2.372973E1,2.2269263E2,1.124794E1],"tree_param":{"num_deleted":"0","num_feature":"19","num_nodes":"11","size_leaf_vector":"1"}},{"base_weights":[-0E0,-1.820556E-1,2.6651838E-1,1.8190004E-1,-2.74967E-1,-2.0228865E-2,3.5122773E-1,-0E0,6.819638E-2,-3.9841738E-2,-0E0,5.9545644E-2,1.3019221E-2],"categories":[],"categories_nodes":[],"categories_segments":[],"categories_sizes":[],"default_left":[0,0,0,0,0,0,0,0,0,0,0,0,0],"id":5,"left_children":[1,3,5,7,9,-1,11,-1,-1,-1,-1,-1,-1],"loss_changes":[1.5295105E1,6.3848395E0,5.525174E0,4.367764E0,6.057249E0,0E0,4.61191E0,0E0,0E0,0E0,0E0,0E0,0E0],"parents":[2147483647,0,0,1,1,2,2,3,3,4,4,6,6],"right_children":[2,4,6,8,10,-1,12,-1,-1,-1,-1,-1,-1],"split_conditions":[5.1112756E-2,-6.0981423E-2,-4.0860486E-1,-2.241082E-1,5.1656306E-2,-2.0228865E-2,-1.02506345E-2,-0E0,6.819638E-2,-3.9841738E-2,-0E0,5.9545644E-2,1.3019221E-2],"split_indices":[17,2,4,4,2,0,10,0,0,0,0,0,0],"split_type":[0,0,0,0,0,0,0,0,0,0,0,0,0],"sum_hessian":[3.1251114E2,1.8241534E2,1.300958E2,3.2147278E1,1.5026807E2,1.5773356E1,1.1432244E2,2.0727192E1,1.1420088E1,1.0794244E2,4.2325638E1,4.875132E1,6.557112E1],"tree_param":{"num_deleted":"0","num_feature":"19","num_nodes":"13","size_leaf_vector":"1"}},{"base_weights":[-4.7659916E-3,-4.084678E-2,4.520498E-2,-4.304573E-2,3.1335878E-1,1.2932087E-3,-3.9154172E-2,5.3925082E-2,-6.8661748E-3],"categories":[],"categories_nodes":[],"categories_segments":[],"categories_sizes":[],"default_left":[0,0,0,0,0,0,0,0,0],"id":6,"left_children":[1,-1,3,5,7,-1,-1,-1,-1],"loss_changes":[7.1492486E0,0E0,7.0464563E0,4.772918E0,7.562242E0,0E0,0E0,0E0,0E0],"parents":[2147483647,0,0,2,2,3,3,4,4],"right_children":[2,-1,4,6,8,-1,-1,-1,-1],"split_conditions":[3.8521226E-2,-4.084678E-2,3.8467308E-3,1.6155703E-2,2.504018E0,1.2932087E-3,-3.9154172E-2,5.3925082E-2,-6.8661748E-3],"split_indices":[9,0,16,15,6,0,0,0,0],"split_type":[0,0,0,0,0,0,0,0,0],"sum_hessian":[3.1073938E2,3.8852413E1,2.7188696E2,1.982875E2,7.359947E1,1.6554938E2,3.273813E1,4.9605858E1,2.399361E1],"tree_param":{"num_deleted":"0","num_feature":"19","num_nodes":"9","size_leaf_vector":"1"}},{"base_weights":[-3.5512056E-3,-7.79701E-2,3.2471363E-2,1.7838569E-1,-1.6677687E-1,4.0020414E-2,-1.46716675E-2,-3.2716982E-2,-0E0],"categories":[],"categories_nodes":[],"categories_segments":[],