{"learner":{"attributes":{"scikit_learn":"{\"_estimator_type\": \"classifier\"}"},"feature_names":["bias_week","bias_month","bias_quarter","bias_year","rsi","macd","macd_signal","vol_change","close_change","bb_width","return_5d","return_10d","k_upper","k_lower","k_body","buy_power","rs_5d","rs_10d","dist_to_20d_high","dist_to_20d_low","kd_k","kd_d","kd_cross","gap_ratio","obv","atr_ratio","trend_strength"],"feature_types":["float","float","float","float","float","float","float","float","float","float","float","float","float","float","float","float","float","float","float","float","float","float","float","float","float","float","float"],"gradient_booster":{"model":{"cats":{"enc":[],"feature_segments":[],"sorted_idx":[]},"gbtree_model_param":{"num_parallel_tree":"1","num_trees":"14"},"iteration_indptr":[0,1,2,3,4,5,6,7,8,9,10,11,12,13,14],"tree_info":[0,0,0,0,0,0,0,0,0,0,0,0,0,0],"trees":[{"base_weights":[-1.8837314E-2,-5.463341E-1,8.2875244E-2,2.9245881E-2,-9.4838995E-1,1.855646E-1,-4.6627986E-1,-3.109029E-2,4.9728032E-2,-1.16970204E-1,-0E0,1.2647449E-2,1.0984782E-1,-9.907231E-2,3.5316028E-2],"categories":[],"categories_nodes":[],"categories_segments":[],"categories_sizes":[],"default_left":[0,0,0,0,0,0,0,0,0,0,0,0,0,0,0],"id":0,"left_children":[1,3,5,7,9,11,13,-1,-1,-1,-1,-1,-1,-1,-1],"loss_changes":[5.140519E1,3.8037186E1,4.3622604E1,1.0652584E1,2.2575653E1,3.264228E1,5.4384995E1,0E0,0E0,0E0,0E0,0E0,0E0,0E0,0E0],"parents":[2147483647,0,0,1,1,2,2,3,3,4,4,5,5,6,6],"right_children":[2,4,6,8,10,12,14,-1,-1,-1,-1,-1,-1,-1,-1],"split_conditions":[2.2982094E1,-1.0816335E-1,1.3210651E-1,1.1538481E-2,3.769114E-1,8.032872E1,1.6052136E-1,-3.109029E-2,4.9728032E-2,-1.16970204E-1,-0E0,1.2647449E-2,1.0984782E-1,-9.907231E-2,3.5316028E-2],"split_indices":[20,3,9,19,3,21,1,0,0,0,0,0,0,0,0],"split_type":[0,0,0,0,0,0,0,0,0,0,0,0,0,0,0],"sum_hessian":[9.37039E2,1.5444725E2,7.8259174E2,6.1539753E1,9.290749E1,6.632446E2,1.1934709E2,3.305734E1,2.8482416E1,7.6035934E1,1.687156E1,6.2716205E2,3.608257E1,7.399312E1,4.5353973E1],"tree_param":{"num_deleted":"0","num_feature":"27","num_nodes":"15","size_leaf_vector":"1"}},{"base_weights":[5.5380344E-2,-5.4959357E-1,1.82408E-1,-0E0,-7.4858606E-1,-4.9138612E-1,2.721227E-1,3.711981E-2,-8.455583E-2,-8.5293755E-2,6.033184E-3,-6.688882E-2,1.4640513E-2,5.0768048E-2,1.0009815E-2],"categories":[],"categories_nodes":[],"categories_segments":[],"categories_sizes":[],"default_left":[0,0,0,0,0,0,0,0,0,0,0,0,0,0,0],"id":1,"left_children":[1,3,5,7,9,11,13,-1,-1,-1,-1,-1,-1,-1,-1],"loss_changes":[7.2085815E1,1.9085342E1,4.7191315E1,1.2543566E1,1.2754181E1,1.1770514E1,2.7214314E1,0E0,0E0,0E0,0E0,0E0,0E0,0E0,0E0],"parents":[2147483647,0,0,1,1,2,2,3,3,4,4,5,5,6,6],"right_children":[2,4,6,8,10,12,14,-1,-1,-1,-1,-1,-1,-1,-1],"split_conditions":[-4.7619294E-2,-1.8430306E-1,-9.50335E0,1.1068569E-1,1.809953E-2,4.9367094E-1,5.6535184E-2,3.711981E-2,-8.455583E-2,-8.5293755E-2,6.033184E-3,-6.688882E-2,1.4640513E-2,5.0768048E-2,1.0009815E-2],"split_indices":[11,3,22,9,23,3,9,0,0,0,0,0,0,0,0],"split_type":[0,0,0,0,0,0,0,0,0,0,0,0,0,0,0],"sum_hessian":[9.468104E2,1.6072664E2,7.860838E2,4.0432583E1,1.2029405E2,8.896079E1,6.97123E2,2.9973047E1,1.0459537E1,1.0816188E2,1.2132171E1,7.186979E1,1.7091002E1,2.8430286E2,4.1282013E2],"tree_param":{"num_deleted":"0","num_feature":"27","num_nodes":"15","size_leaf_vector":"1"}},{"base_weights":[1.2614996E-2,7.3556565E-2,-9.057136E-1,-1.6350944E-1,3.2121292E-1,9.397731E-3,-1.1002978E0,-2.8705452E-2,1.4531539E-2,5.5276655E-2,5.3666485E-3,-5.2538738E-2,1.0128754E-1,-1.5483253E-1,-3.4242246E-2],"categories":[],"categories_nodes":[],"categories_segments":[],"categories_sizes":[],"default_left":[0,0,0,0,0,0,0,0,0,0,0,0,0,0,0],"id":2,"left_children":[1,3,5,7,9,11,13,-1,-1,-1,-1,-1,-1,-1,-1],"loss_changes":[5.128874E1,5.2829372E1,1.2585575E1,1.8000757E1,2.6440376E1,6.3655434E0,1.2240437E1,0E0,0E0,0E0,0E0,0E0,0E0,0E0,0E0],"parents":[2147483647,0,0,1,1,2,2,3,3,4,4,5,5,6,6],"right_children":[2,4,6,8,10,12,14,-1,-1,-1,-1,-1,-1,-1,-1],"split_conditions":[5.788333E-2,5.0988895E1,1.5154345E-1,2.1384059E-1,3.8657222E-2,2.6269835E-1,1.6052136E-1,-2.8705452E-2,1.4531539E-2,5.5276655E-2,5.3666485E-3,-5.2538738E-2,1.0128754E-1,-1.5483253E-1,-3.4242246E-2],"split_indices":[17,20,9,3,25,2,1,0,0,0,0,0,0,0,0],"split_type":[0,0,0,0,0,0,0,0,0,0,0,0,0,0,0],"sum_hessian":[9.4808704E2,8.921323E2,5.5954727E1,4.5131052E2,4.4082178E2,7.923909E0,4.8030815E1,3.2620142E2,1.2510912E2,2.2905792E2,2.1176385E2,3.9837246E0,3.9401846E0,2.7409147E1,2.062167E1],"tree_param":{"num_deleted":"0","num_feature":"27","num_nodes":"15","size_leaf_vector":"1"}},{"base_weights":[-1.42143825E-2,-2.8289798E-1,1.4636719E-1,2.221984E-1,-4.4009036E-1,2.3696882E-1,-3.9929003E-1,1.1133076E-1,-1.2010564E-2,-6.7276336E-2,-0E0,4.6462477E-3,5.9149455E-2,-9.8617285E-2,1.8896343E-2],"categories":[],"categories_nodes":[],"categories_segments":[],"categories_sizes":[],"default_left":[0,0,0,0,0,0,0,0,0,0,0,0,0,0,0],"id":3,"left_children":[1,3,5,7,9,11,13,-1,-1,-1,-1,-1,-1,-1,-1],"loss_changes":[4.0968803E1,2.8982246E1,2.8620182E1,2.7737232E1,2.9672718E1,3.3058395E1,3.0052437E1,0E0,0E0,0E0,0E0,0E0,0E0,0E0,0E0],"parents":[2147483647,0,0,1,1,2,2,3,3,4,4,5,5,6,6],"right_children":[2,4,6,8,10,12,14,-1,-1,-1,-1,-1,-1,-1,-1],"split_conditions":[4.1267204E1,-1.465483E-1,1.4672485E-1,3.9678797E-2,1.772193E-1,1.6941413E0,8.910893E-2,1.1133076E-1,-1.2010564E-2,-6.7276336E-2,-0E0,4.6462477E-3,5.9149455E-2,-9.8617285E-2,1.8896343E-2],"split_indices":[20,3,9,26,3,6,10,0,0,0,0,0,0,0,0],"split_type":[0,0,0,0,0,0,0,0,0,0,0,0,0,0,0],"sum_hessian":[9.4072253E2,3.5691623E2,5.8380634E2,8.122431E1,2.7569193E2,5.0463562E2,7.91707E1,2.3697628E1,5.7526684E1,1.8010814E2,9.55838E1,3.347453E2,1.6989032E2,4.1025066E1,3.814563E1],"tree_param":{"num_deleted":"0","num_feature":"27","num_nodes":"15","size_leaf_vector":"1"}},{"base_weights":[-2.1082927E-2,-4.2107064E-1,7.12224E-2,3.790153E-1,-7.2997993E-1,-5.393448E-1,1.2660442E-1,9.826263E-2,-0E0,-1.00829266E-1,-6.5934416E-3,2.9132612E-2,-9.796672E-2,1.69405E-2,-5.599624E-2],"categories":[],"categories_nodes":[],"categories_segments":[],"categories_sizes":[],"default_left":[0,0,0,0,0,0,0,0,0,0,0,0,0,0,0],"id":4,"left_children":[1,3,5,7,9,11,13,-1,-1,-1,-1,-1,-1,-1,-1],"loss_changes":[3.5491146E1,4.571702E1,2.4802502E1,1.2461296E1,2.2734772E1,2.4187756E1,2.056784E1,0E0,0E0,0E0,0E0,0E0,0E0,0E0,0E0],"parents":[2147483647,0,0,1,1,2,2,3,3,4,4,5,5,6,6],"right_children":[2,4,6,8,10,12,14,-1,-1,-1,-1,-1,-1,-1,-1],"split_conditions":[-3.1007612E-2,-2.0200288E0,-4.7619294E-2,-2.2295164E-1,3.5743138E-1,1.7857144E-2,6.896779E-2,9.826263E-2,-0E0,-1.00829266E-1,-6.5934416E-3,2.9132612E-2,-9.796672E-2,1.69405E-2,-5.599624E-2],"split_indices":[10,6,11,3,3,15,17,0,0,0,0,0,0,0,0],"split_type":[0,0,0,0,0,0,0,0,0,0,0,0,0,0,0],"sum_hessian":[9.383469E2,1.7994437E2,7.584026E2,4.8035847E1,1.3190852E2,5.9058487E1,6.9934406E2,1.8996708E1,2.9039137E1,8.944E1,4.246852E1,1.9005108E1,4.005338E1,6.6101086E2,3.833322E1],"tree_param":{"num_deleted":"0","num_feature":"27","num_nodes":"15","size_leaf_vector":"1"}},{"base_weights":[2.5920333E-2,-2.7412826E-1,1.2995449E-1,-1.3479148E-2,-5.841807E-1,-8.374813E-1,1.9543192E-1,-3.191294E-2,5.2492015E-2,-7.789498E-2,-1.0794728E-2,-0E0,-1.1115438E-1,2.487621E-2,-5.4131545E-2],"categories":[],"categories_nodes":[],"categories_segments":[],"categories_sizes":[],"default_left":[0,0,0,0,0,0,0,0,0,0,0,0,0,0,0],"id":5,"left_children":[1,3,5,7,9,11,13,-1,-1,-1,-1,-1,-1,-1,-1],"loss_changes":[2.9382158E1,1.799801E1,4.3801884E1,2.2246447E1,7.9836235E0,1.0244656E1,2.6923706E1,0E0,0E0,0E0,0E0,0E0,0E0,0E0,0E0],"parents":[2147483647,0,0,1,1,2,2,3,3,4,4,5,5,6,6],"right_children":[2,4,6,8,10,12,14,-1,-1,-1,-1,-1,-1,-1,-1],"split_conditions":[-2.0270241E-2,-5.7187546E-3,-4.9599938E-2,-2.8103027E-2,8.670239E-2,9.9998474E-2,9.843291E-2,-3.191294E-2,5.2492015E-2,-7.789498E-2,-1.0794728E-2,-0E0,-1.1115438E-1,2.487621E-2,-5.4131545E-2],