{"learner":{"attributes":{"scikit_learn":"{\"_estimator_type\": \"classifier\"}"},"feature_names":["bias_week","bias_month","bias_quarter","bias_year","rsi","macd","macd_signal","vol_change","close_change","bb_width","return_5d","k_upper","k_lower","k_body","buy_power","rs_5d","obv","atr_ratio","trend_strength"],"feature_types":["float","float","float","float","float","float","float","float","float","float","float","float","float","float","float","float","float","float","float"],"gradient_booster":{"model":{"cats":{"enc":[],"feature_segments":[],"sorted_idx":[]},"gbtree_model_param":{"num_parallel_tree":"1","num_trees":"16"},"iteration_indptr":[0,1,2,3,4,5,6,7,8,9,10,11,12,13,14,15,16],"tree_info":[0,0,0,0,0,0,0,0,0,0,0,0,0,0,0,0],"trees":[{"base_weights":[-0E0,-3.8385296E-1,3.360836E-1,-6.288216E-2,-7.198077E-2,7.278592E-1,1.5665214E-1,-3.0753577E-2,2.3007682E-2,2.189838E-2,1.09250784E-1,-2.6490454E-2,4.720061E-2],"categories":[],"categories_nodes":[],"categories_segments":[],"categories_sizes":[],"default_left":[0,0,0,0,0,0,0,0,0,0,0,0,0],"id":0,"left_children":[1,3,5,-1,7,9,11,-1,-1,-1,-1,-1,-1],"loss_changes":[3.5925365E1,8.673376E0,8.280544E0,0E0,4.7170672E0,4.9516964E0,1.4595589E1,0E0,0E0,0E0,0E0,0E0,0E0],"parents":[2147483647,0,0,1,1,2,2,4,4,5,5,6,6],"right_children":[2,4,6,-1,8,10,12,-1,-1,-1,-1,-1,-1],"split_conditions":[3.740508E-2,-2.8598151E-8,-2.428847E-1,-6.288216E-2,4.6752274E-2,7.021869E-2,2.4454267E-1,-3.0753577E-2,2.3007682E-2,2.189838E-2,1.09250784E-1,-2.6490454E-2,4.720061E-2],"split_indices":[17,0,5,0,18,18,3,0,0,0,0,0,0],"split_type":[0,0,0,0,0,0,0,0,0,0,0,0,0],"sum_hessian":[2.778099E2,1.3160023E2,1.4620967E2,6.898387E1,6.261636E1,4.190668E1,1.0430299E2,3.927304E1,2.3343319E1,2.0385944E1,2.1520737E1,4.178341E1,6.2519585E1],"tree_param":{"num_deleted":"0","num_feature":"19","num_nodes":"13","size_leaf_vector":"1"}},{"base_weights":[-9.324592E-3,-9.710297E-2,8.550179E-2,-1.2620053E-1,4.883679E-1,9.757847E-2,-2.4049016E-2,-0E0,5.7092596E-2],"categories":[],"categories_nodes":[],"categories_segments":[],"categories_sizes":[],"default_left":[0,0,0,0,0,0,0,0,0],"id":1,"left_children":[1,-1,3,5,7,-1,-1,-1,-1],"loss_changes":[2.747066E1,0E0,2.2152609E1,1.9031857E1,4.2625427E0,0E0,0E0,0E0,0E0],"parents":[2147483647,0,0,2,2,3,3,4,4],"right_children":[2,-1,4,6,8,-1,-1,-1,-1],"split_conditions":[3.0087106E-2,-9.710297E-2,1.5175089E-1,-3.6618164E0,-4.7535382E-2,9.757847E-2,-2.4049016E-2,-0E0,5.7092596E-2],"split_indices":[9,0,3,5,10,0,0,0,0],"split_type":[0,0,0,0,0,0,0,0,0],"sum_hessian":[2.76741E2,2.6708933E1,2.5003207E2,1.6026938E2,8.9762695E1,1.3299166E1,1.4697021E2,1.2282921E1,7.7479774E1],"tree_param":{"num_deleted":"0","num_feature":"19","num_nodes":"9","size_leaf_vector":"1"}},{"base_weights":[1.505113E-2,-3.5261756E-1,3.1919628E-1,-5.1124793E-1,-0E0,5.069546E-2,5.195434E-1,-0E0,-5.9500866E-2,-1.3471632E-3,5.5248894E-2,1.127137E-1,3.5132673E-2],"categories":[],"categories_nodes":[],"categories_segments":[],"categories_sizes":[],"default_left":[0,0,0,0,0,0,0,0,0,0,0,0,0],"id":2,"left_children":[1,3,5,7,-1,9,11,-1,-1,-1,-1,-1,-1],"loss_changes":[3.0846155E1,6.6820526E0,7.033415E0,3.8256092E0,0E0,3.5357454E0,5.1520863E0,0E0,0E0,0E0,0E0,0E0,0E0],"parents":[2147483647,0,0,1,1,2,2,3,3,5,5,6,6],"right_children":[2,4,6,8,-1,10,12,-1,-1,-1,-1,-1,-1],"split_conditions":[3.5908833E-2,1.578586E-2,1.4285715E-1,-2.2346244E0,-0E0,2.6152926E-2,-4.4430118E-2,-0E0,-5.9500866E-2,-1.3471632E-3,5.5248894E-2,1.127137E-1,3.5132673E-2],"split_indices":[17,1,11,5,0,0,2,0,0,0,0,0,0],"split_type":[0,0,0,0,0,0,0,0,0,0,0,0,0],"sum_hessian":[2.7636148E2,1.2175357E2,1.5460791E2,8.3443924E1,3.8309643E1,7.091703E1,8.369088E1,1.2209093E1,7.123483E1,5.9043114E1,1.187392E1,1.4718634E1,6.897225E1],"tree_param":{"num_deleted":"0","num_feature":"19","num_nodes":"13","size_leaf_vector":"1"}},{"base_weights":[-0E0,-3.1740332E-1,2.9112655E-1,-4.4198656E-1,4.6545938E-2,1.5845081E-1,5.9297744E-2,-0E0,-5.1536042E-2,4.996513E-2,-2.7136682E-2,6.0867976E-2,-0E0],"categories":[],"categories_nodes":[],"categories_segments":[],"categories_sizes":[],"default_left":[0,0,0,0,0,0,0,0,0,0,0,0,0],"id":3,"left_children":[1,3,5,7,9,11,-1,-1,-1,-1,-1,-1,-1],"loss_changes":[2.5817604E1,7.003443E0,4.1635723E0,4.1345673E0,4.89334E0,7.254176E0,0E0,0E0,0E0,0E0,0E0,0E0,0E0],"parents":[2147483647,0,0,1,1,2,2,3,3,4,4,5,5],"right_children":[2,4,6,8,10,12,-1,-1,-1,-1,-1,-1,-1],"split_conditions":[3.757051E-2,9.972973E-2,4.9156094E-1,-2.109735E0,2.5932357E-1,-1.7486166E0,5.9297744E-2,-0E0,-5.1536042E-2,4.996513E-2,-2.7136682E-2,6.0867976E-2,-0E0],"split_indices":[17,3,3,6,3,6,0,0,0,0,0,0,0],"split_type":[0,0,0,0,0,0,0,0,0,0,0,0,0],"sum_hessian":[2.7903537E2,1.3468285E2,1.4435252E2,1.04939064E2,2.9743786E1,1.0597098E2,3.8381546E1,1.3686527E1,9.125254E1,1.5132111E1,1.4611675E1,2.6261946E1,7.970904E1],"tree_param":{"num_deleted":"0","num_feature":"19","num_nodes":"13","size_leaf_vector":"1"}},{"base_weights":[-0E0,-3.1854185E-1,1.9716391E-1,-5.0621234E-2,-3.7178587E-2,5.6024473E-2,1.8927125E-2,4.6965797E-2,-5.46017E-2,-3.2594666E-2,3.162346E-2],"categories":[],"categories_nodes":[],"categories_segments":[],"categories_sizes":[],"default_left":[0,0,0,0,0,0,0,0,0,0,0],"id":4,"left_children":[1,3,5,-1,7,-1,9,-1,-1,-1,-1],"loss_changes":[1.7299658E1,4.377858E0,1.0046616E1,0E0,1.2516436E1,0E0,1.2595735E1,0E0,0E0,0E0,0E0],"parents":[2147483647,0,0,1,1,2,2,4,4,6,6],"right_children":[2,4,6,-1,8,-1,10,-1,-1,-1,-1],"split_conditions":[3.360149E-2,7.4931595E-4,-2.638919E-1,-5.0621234E-2,4.6964926E-3,5.6024473E-2,2.4454267E-1,4.6965797E-2,-5.46017E-2,-3.2594666E-2,3.162346E-2],"split_indices":[17,16,5,0,16,0,3,0,0,0,0],"split_type":[0,0,0,0,0,0,0,0,0,0,0],"sum_hessian":[2.7732675E2,1.0397E2,1.7335677E2,5.7028297E1,4.69417E1,5.242226E1,1.2093451E2,2.1331938E1,2.5609762E1,5.2530903E1,6.84036E1],"tree_param":{"num_deleted":"0","num_feature":"19","num_nodes":"11","size_leaf_vector":"1"}},{"base_weights":[-0E0,-9.236317E-2,6.5519714E-1,-3.494118E-2,7.378097E-2,1.0280132E-1,1.1059769E-2,4.406176E-2,-2.878497E-3],"categories":[],"categories_nodes":[],"categories_segments":[],"categories_sizes":[],"default_left":[0,0,0,0,0,0,0,0,0],"id":5,"left_children":[1,3,5,-1,7,-1,-1,-1,-1],"loss_changes":[1.589527E1,1.1269832E1,4.0609922E0,0E0,6.461692E0,0E0,0E0,0E0,0E0],"parents":[2147483647,0,0,1,1,2,2,4,4],"right_children":[2,4,6,-1,8,-1,-1,-1,-1],"split_conditions":[6.666663E-2,3.3514436E-2,6.2424775E-2,-3.494118E-2,-4.98042E-2,1.0280132E-1,1.1059769E-2,4.406176E-2,-2.878497E-3],"split_indices":[10,17,15,0,2,0,0,0,0],"split_type":[0,0,0,0,0,0,0,0,0],"sum_hessian":[2.7841257E2,2.4636037E2,3.20522E1,1.0133863E2,1.4502173E2,1.6364534E1,1.5687667E1,3.621364E1,1.0880809E2],"tree_param":{"num_deleted":"0","num_feature":"19","num_nodes":"9","size_leaf_vector":"1"}},{"base_weights":[-0E0,-4.614449E-1,7.5932756E-2,-7.0923746E-2,-0E0,5.595028E-2,9.426597E-3,-1.9685328E-2,1.1369097E-2],"categories":[],"categories_nodes":[],"categories_segments":[],"categories_sizes":[],"default_left":[0,0,0,0,0,0,0,0,0],"id":6,"left_children":[1,3,5,-1,-1,-1,7,-1,-1],"loss_changes":[1.0343985E1,4.5586424E0,6.271907E0,0E0,0E0,0E0,4.387834E0,0E0,0E0],"parents":[2147483647,0,0,1,1,2,2,6,6],"right_children":[2,4,6,-1,-1,-1,8,-1,-1],"split_conditions":[3.649298E-2,7.4931595E-4,-2.681449E0,-7.0923746E-2,-0E0,5.595028E-2,-1.6695686E-2,-1.9685328E-2,1.1369097E-2],"split_indices":[9,16,6,0,0,0,15,0,0],"split_type":[0,0,0,0,0,0,0,0,0],"sum_hessian":[2.751696E2,4.2190304E1,2.3297928E2,2.6447601E1,1.5742701E1,2.3803783E1,2.0917549E2,6.3055927E1,1.4611957E2],"tree_param":{"num_deleted":"0","num_feature":"19","num_nodes":"9","size_leaf_vector":"1"}},{"base_weights":[-0E0,-1.5212245E-1,3.147509E-1,5.1316895E-2,-2.7050743E-1,-0E0,5.605563E-1,-4.121931E-2,2.0650746E-3,5.235169E-2,-1.2159111E-2,9.994623E-2,8.48679E-3],"categories":[],"categories_nodes":[],"categories_segments":[],"categories_sizes":[],"default_left":[0,0,0,0,0,0,0,0,0,0,0,0,0],"id":7,