{"learner":{"attributes":{"scikit_learn":"{\"_estimator_type\": \"classifier\"}"},"feature_names":["bias_week","bias_month","bias_quarter","bias_year","rsi","macd","macd_signal","vol_change","close_change","bb_width","return_5d","k_upper","k_lower","k_body","buy_power","rs_5d"],"feature_types":["float","float","float","float","float","float","float","float","float","float","float","float","float","float","float","float"],"gradient_booster":{"model":{"cats":{"enc":[],"feature_segments":[],"sorted_idx":[]},"gbtree_model_param":{"num_parallel_tree":"1","num_trees":"11"},"iteration_indptr":[0,1,2,3,4,5,6,7,8,9,10,11],"tree_info":[0,0,0,0,0,0,0,0,0,0,0],"trees":[{"base_weights":[-0E0,-1.8995152E-1,5.4075456E-1,7.7204384E-2,-3.4112784E-1,-0E0,6.4514466E-2,-5.0895415E-2,-8.164544E-3],"categories":[],"categories_nodes":[],"categories_segments":[],"categories_sizes":[],"default_left":[0,0,0,0,0,0,0,0,0],"id":0,"left_children":[1,3,5,-1,7,-1,-1,-1,-1],"loss_changes":[2.6701765E1,2.8169954E1,3.4853249E0,0E0,6.407793E0,0E0,0E0,0E0,0E0],"parents":[2147483647,0,0,1,1,2,2,4,4],"right_children":[2,4,6,-1,8,-1,-1,-1,-1],"split_conditions":[2.9251015E-1,-2.6278431E0,-5E-1,7.7204384E-2,2.0809244E-2,-0E0,6.4514466E-2,-5.0895415E-2,-8.164544E-3],"split_indices":[3,6,7,0,3,0,0,0,0],"split_type":[0,0,0,0,0,0,0,0,0],"sum_hessian":[2.6564417E2,1.989682E2,6.667598E1,2.4813278E1,1.7415492E2,1.2361885E1,5.43141E1,9.93632E1,7.479172E1],"tree_param":{"num_deleted":"0","num_feature":"16","num_nodes":"9","size_leaf_vector":"1"}},{"base_weights":[-1.4437181E-2,-1.0095371E-1,7.601843E-2,-0E0,8.762729E-2,-1.1758055E-2,1.7073864E-2],"categories":[],"categories_nodes":[],"categories_segments":[],"categories_sizes":[],"default_left":[0,0,0,0,0,0,0],"id":1,"left_children":[1,-1,3,5,-1,-1,-1],"loss_changes":[2.6168762E1,0E0,1.4733912E1,4.501687E0,0E0,0E0,0E0],"parents":[2147483647,0,0,2,2,3,3],"right_children":[2,-1,4,6,-1,-1,-1],"split_conditions":[2.92832E-2,-1.0095371E-1,1.02173515E-1,2.3560605E-3,8.762729E-2,-1.1758055E-2,1.7073864E-2],"split_indices":[9,0,1,0,0,0,0],"split_type":[0,0,0,0,0,0,0],"sum_hessian":[2.6482654E2,2.3898134E1,2.409284E2,2.2033878E2,2.0589626E1,1.302741E2,9.0064674E1],"tree_param":{"num_deleted":"0","num_feature":"16","num_nodes":"7","size_leaf_vector":"1"}},{"base_weights":[1.2228185E-2,-1.9333884E-1,5.458275E-2,4.1587144E-2,-3.0603537E-1,-4.816394E-2,-1.164433E-2],"categories":[],"categories_nodes":[],"categories_segments":[],"categories_sizes":[],"default_left":[0,0,0,0,0,0,0],"id":2,"left_children":[1,3,-1,-1,5,-1,-1],"loss_changes":[3.0089806E1,1.2771959E1,0E0,0E0,4.135849E0,0E0,0E0],"parents":[2147483647,0,0,1,1,4,4],"right_children":[2,4,-1,-1,6,-1,-1],"split_conditions":[2.2915138E-1,-2.6278431E0,5.458275E-2,4.1587144E-2,-4.612477E-2,-4.816394E-2,-1.164433E-2],"split_indices":[3,6,0,0,6,0,0],"split_type":[0,0,0,0,0,0,0],"sum_hessian":[2.6464322E2,1.88484E2,7.615922E1,2.6146618E1,1.6233737E2,7.700254E1,8.533483E1],"tree_param":{"num_deleted":"0","num_feature":"16","num_nodes":"7","size_leaf_vector":"1"}},{"base_weights":[-8.820422E-3,-1.3784772E-1,3.3991665E-2,7.432209E-2,-2.1772294E-1,-3.060079E-2,1.6570479E-2],"categories":[],"categories_nodes":[],"categories_segments":[],"categories_sizes":[],"default_left":[0,0,0,0,0,0,0],"id":3,"left_children":[1,3,-1,-1,5,-1,-1],"loss_changes":[1.1673332E1,1.3015106E1,0E0,0E0,6.8266544E0,0E0,0E0],"parents":[2147483647,0,0,1,1,4,4],"right_children":[2,4,-1,-1,6,-1,-1],"split_conditions":[1.883278E0,-3.7001188E0,3.3991665E-2,7.432209E-2,3.2786805E-2,-3.060079E-2,1.6570479E-2],"split_indices":[5,5,0,0,10,0,0],"split_type":[0,0,0,0,0,0,0],"sum_hessian":[2.6742636E2,2.0034253E2,6.708383E1,1.4164062E1,1.8617847E2,1.5539981E2,3.0778658E1],"tree_param":{"num_deleted":"0","num_feature":"16","num_nodes":"7","size_leaf_vector":"1"}},{"base_weights":[-0E0,-1.9204128E-1,4.111553E-1,-7.819043E-2,-9.399521E-2,7.2062485E-2,8.660479E-2,-2.5182439E-2,1.4810201E-2,6.216485E-2,-1.8577661E-2],"categories":[],"categories_nodes":[],"categories_segments":[],"categories_sizes":[],"default_left":[0,0,0,0,0,0,0,0,0,0,0],"id":4,"left_children":[1,3,5,-1,7,9,-1,-1,-1,-1,-1],"loss_changes":[2.1114985E1,8.539127E0,1.1269285E1,0E0,6.3874936E0,8.515397E0,0E0,0E0,0E0,0E0,0E0],"parents":[2147483647,0,0,1,1,2,2,4,4,5,5],"right_children":[2,4,6,-1,8,10,-1,-1,-1,-1,-1],"split_conditions":[9.096237E-2,2.92832E-2,2.6780814E-1,-7.819043E-2,9.2703395E-2,-2.0466518E0,8.660479E-2,-2.5182439E-2,1.4810201E-2,6.216485E-2,-1.8577661E-2],"split_indices":[9,9,3,0,3,6,0,0,0,0,0],"split_type":[0,0,0,0,0,0,0,0,0,0,0],"sum_hessian":[2.6564676E2,1.8013545E2,8.55113E1,2.2116081E1,1.5801938E2,5.2176483E1,3.333482E1,1.0095077E2,5.7068607E1,1.935924E1,3.2817245E1],"tree_param":{"num_deleted":"0","num_feature":"16","num_nodes":"11","size_leaf_vector":"1"}},{"base_weights":[-7.966406E-3,-7.474427E-2,7.138231E-2,-1.0848499E-1,4.324636E-2,4.676934E-2,-2.2777852E-2],"categories":[],"categories_nodes":[],"categories_segments":[],"categories_sizes":[],"default_left":[0,0,0,0,0,0,0],"id":5,"left_children":[1,-1,3,5,-1,-1,-1],"loss_changes":[1.736858E1,0E0,1.6423765E1,1.0426362E1,0E0,0E0,0E0],"parents":[2147483647,0,0,2,2,3,3],"right_children":[2,-1,4,6,-1,-1,-1],"split_conditions":[3.0077808E-2,-7.474427E-2,1.5300046E-1,-9.819261E-2,4.324636E-2,4.676934E-2,-2.2777852E-2],"split_indices":[9,0,3,2,0,0,0],"split_type":[0,0,0,0,0,0,0],"sum_hessian":[2.6746805E2,2.8399292E1,2.3906877E2,1.5598244E2,8.3086334E1,2.3695467E1,1.3228697E2],"tree_param":{"num_deleted":"0","num_feature":"16","num_nodes":"7","size_leaf_vector":"1"}},{"base_weights":[-0E0,-1.2377997E-1,4.1569825E-2,4.6467077E-2,-2.1699455E-1,-3.5572466E-2,-1.2781968E-3],"categories":[],"categories_nodes":[],"categories_segments":[],"categories_sizes":[],"default_left":[0,0,0,0,0,0,0],"id":6,"left_children":[1,3,-1,-1,5,-1,-1],"loss_changes":[1.4072034E1,1.0534371E1,0E0,0E0,4.2769365E0,0E0,0E0],"parents":[2147483647,0,0,1,1,4,4],"right_children":[2,4,-1,-1,6,-1,-1],"split_conditions":[3.1267616E-1,-2.6278431E0,4.1569825E-2,4.6467077E-2,1.8689176E-3,-3.5572466E-2,-1.2781968E-3],"split_indices":[3,6,0,0,3,0,0],"split_type":[0,0,0,0,0,0,0],"sum_hessian":[2.6340555E2,2.0088202E2,6.252355E1,2.39876E1,1.7689441E2,9.788395E1,7.901047E1],"tree_param":{"num_deleted":"0","num_feature":"16","num_nodes":"7","size_leaf_vector":"1"}},{"base_weights":[-0E0,-1.6782731E-1,3.0160738E-2,5.2529227E-2,-2.353952E-1,1.7274918E-2,-2.8399497E-2],"categories":[],"categories_nodes":[],"categories_segments":[],"categories_sizes":[],"default_left":[0,0,0,0,0,0,0],"id":7,"left_children":[1,3,-1,-1,5,-1,-1],"loss_changes":[1.3401964E1,7.5462394E0,0E0,0E0,3.6257257E0,0E0,0E0],"parents":[2147483647,0,0,1,1,4,4],"right_children":[2,4,-1,-1,6,-1,-1],"split_conditions":[1.6271913E-2,-2.9502378E0,3.0160738E-2,5.2529227E-2,-4.568854E-2,1.7274918E-2,-2.8399497E-2],"split_indices":[10,6,0,0,15,0,0],"split_type":[0,0,0,0,0,0,0],"sum_hessian":[2.6582162E2,1.7394275E2,9.187887E1,1.2370457E1,1.615723E2,1.2940849E1,1.4863144E2],"tree_param":{"num_deleted":"0","num_feature":"16","num_nodes":"7","size_leaf_vector":"1"}},{"base_weights":[4.2434078E-2,-1.2680401E-1,4.250338E-2,5.6705073E-2,-1.9092156E-1,-3.214104E-2,-0E0],"categories":[],"categories_nodes":[],"categories_segments":[],"categories_sizes":[],"default_left":[0,0,0,0,0,0,0],"id":8,"left_children":[1,3,-1,-1,5,-1,-1],"loss_changes":[1.7477922E1,6.9739056E0,0E0,0E0,4.3504667E0,0E0,0E0],"parents":[2147483647,0,0,1,1,4,4],"right_children":[2,4,-1,-1,6,-1,-1],"split_conditions":[1.6682827E-1,-3.6276212E0,4.250338E-2,5.6705073E-2,2.48321E-3,-3.214104E-2,-0E0],"split_indices":[3,5,0,0,0,0,0],"split_type":[0,0,0,0,0,0,0],"sum_hessian":[2.5697803E2,1.7463043E2,8.23476E1,1.1675165E1,1.6295528E2,9.797349E1,6.498178E1],"tree_param":{"num_deleted":"0","num_feature":"16","num_nodes":"7","size_leaf_vector":"1"}},{"base_weights":[-0E0,-3.7250135E-2,5.2996308E-2,3.9322235E-2,-8.375573E-2,-2.3171026E-2,1.4820588E-3],"categories":[],