{"learner":{"attributes":{"scikit_learn":"{\"_estimator_type\": \"classifier\"}"},"feature_names":["bias_week","bias_month","bias_quarter","bias_year","rsi","macd","macd_signal","vol_change","close_change","bb_width","return_5d","k_upper","k_lower","k_body","buy_power","rs_5d"],"feature_types":["float","float","float","float","float","float","float","float","float","float","float","float","float","float","float","float"],"gradient_booster":{"model":{"cats":{"enc":[],"feature_segments":[],"sorted_idx":[]},"gbtree_model_param":{"num_parallel_tree":"1","num_trees":"11"},"iteration_indptr":[0,1,2,3,4,5,6,7,8,9,10,11],"tree_info":[0,0,0,0,0,0,0,0,0,0,0],"trees":[{"base_weights":[-0E0,8.300647E-2,-9.904187E-2,-3.919667E-1,2.9830772E-1,-4.4584952E-2,-0E0,4.5881127E-3,6.171383E-2],"categories":[],"categories_nodes":[],"categories_segments":[],"categories_sizes":[],"default_left":[0,0,0,0,0,0,0,0,0],"id":0,"left_children":[1,-1,3,5,7,-1,-1,-1,-1],"loss_changes":[2.134977E1,0E0,2.921556E1,4.2552986E0,6.856119E0,0E0,0E0,0E0,0E0],"parents":[2147483647,0,0,2,2,3,3,4,4],"right_children":[2,-1,4,6,8,-1,-1,-1,-1],"split_conditions":[-2.586801E0,8.300647E-2,1.2775321E-1,1.958639E-2,4.8517233E-1,-4.4584952E-2,-0E0,4.5881127E-3,6.171383E-2],"split_indices":[6,0,3,8,3,0,0,0,0],"split_type":[0,0,0,0,0,0,0,0,0],"sum_hessian":[2.7596088E2,2.6924494E1,2.4903638E2,1.4662201E2,1.0241437E2,1.3256493E2,1.4057091E1,6.1552486E1,4.086188E1],"tree_param":{"num_deleted":"0","num_feature":"16","num_nodes":"9","size_leaf_vector":"1"}},{"base_weights":[-7.2986553E-3,-9.5211424E-2,8.4696576E-2,-0E0,8.940984E-2,5.2991994E-2,-3.282256E-3],"categories":[],"categories_nodes":[],"categories_segments":[],"categories_sizes":[],"default_left":[0,0,0,0,0,0,0],"id":1,"left_children":[1,-1,3,5,-1,-1,-1],"loss_changes":[2.6067389E1,0E0,1.5976518E1,4.6874523E0,0E0,0E0,0E0],"parents":[2147483647,0,0,2,2,3,3],"right_children":[2,-1,4,6,-1,-1,-1],"split_conditions":[3.0087074E-2,-9.5211424E-2,1.01973616E-1,-7.699599E-2,8.940984E-2,5.2991994E-2,-3.282256E-3],"split_indices":[9,0,1,1,0,0,0],"split_type":[0,0,0,0,0,0,0],"sum_hessian":[2.7482288E2,2.6299261E1,2.485236E2,2.2673938E2,2.1784222E1,1.5537847E1,2.1120154E2],"tree_param":{"num_deleted":"0","num_feature":"16","num_nodes":"7","size_leaf_vector":"1"}},{"base_weights":[1.4168986E-2,-1.817681E-1,3.983601E-1,4.104393E-1,-2.9912472E-1,2.6016343E-1,1.0267213E-1,-0E0,8.288972E-2,-4.7908735E-2,-8.647577E-3,4.635701E-3,6.46259E-2],"categories":[],"categories_nodes":[],"categories_segments":[],"categories_sizes":[],"default_left":[0,0,0,0,0,0,0,0,0,0,0,0,0],"id":2,"left_children":[1,3,5,7,9,11,-1,-1,-1,-1,-1,-1,-1],"loss_changes":[2.118526E1,1.2143351E1,5.5710144E0,4.2942586E0,4.6316414E0,5.31417E0,0E0,0E0,0E0,0E0,0E0,0E0,0E0],"parents":[2147483647,0,0,1,1,2,2,3,3,4,4,5,5],"right_children":[2,4,6,8,10,12,-1,-1,-1,-1,-1,-1,-1],"split_conditions":[1.4759433E-1,-2.586801E0,8.52878E-2,1.2499821E-1,-4.4083305E-2,5.1818395E-1,1.0267213E-1,-0E0,8.288972E-2,-4.7908735E-2,-8.647577E-3,4.635701E-3,6.46259E-2],"split_indices":[3,6,10,11,6,3,0,0,0,0,0,0,0],"split_type":[0,0,0,0,0,0,0,0,0,0,0,0,0],"sum_hessian":[2.7479007E2,1.7812126E2,9.666879E1,2.6250458E1,1.518708E2,8.242717E1,1.4241618E1,1.38253765E1,1.242508E1,7.558192E1,7.628889E1,5.7120388E1,2.5306784E1],"tree_param":{"num_deleted":"0","num_feature":"16","num_nodes":"13","size_leaf_vector":"1"}},{"base_weights":[-0E0,8.002065E-2,-5.236909E-2,-1.9683667E-1,2.4364037E-2,5.8498243E-3,-2.9722244E-2],"categories":[],"categories_nodes":[],"categories_segments":[],"categories_sizes":[],"default_left":[0,0,0,0,0,0,0],"id":3,"left_children":[1,-1,3,5,-1,-1,-1],"loss_changes":[1.0744255E1,0E0,1.1189409E1,5.3254085E0,0E0,0E0,0E0],"parents":[2147483647,0,0,2,2,3,3],"right_children":[2,-1,4,6,-1,-1,-1],"split_conditions":[-3.6618185E0,8.002065E-2,2.1834048E-2,-1.5533995E-2,2.4364037E-2,5.8498243E-3,-2.9722244E-2],"split_indices":[5,0,10,0,0,0,0],"split_type":[0,0,0,0,0,0,0],"sum_hessian":[2.7764767E2,1.5328008E1,2.6231967E2,1.8177957E2,8.0540085E1,4.582598E1,1.359536E2],"tree_param":{"num_deleted":"0","num_feature":"16","num_nodes":"7","size_leaf_vector":"1"}},{"base_weights":[1.7225873E-3,-1.5644051E-1,3.481393E-1,-7.6029666E-2,-6.1944034E-2,8.794476E-2,6.937923E-1,-2.208735E-2,1.7510472E-2,6.992103E-2,-1.8391063E-2,9.995163E-2,-0E0],"categories":[],"categories_nodes":[],"categories_segments":[],"categories_sizes":[],"default_left":[0,0,0,0,0,0,0,0,0,0,0,0,0],"id":4,"left_children":[1,3,5,-1,7,9,11,-1,-1,-1,-1,-1,-1],"loss_changes":[1.5558032E1,8.796219E0,6.417342E0,0E0,6.3739414E0,1.0578709E1,7.151659E0,0E0,0E0,0E0,0E0,0E0,0E0],"parents":[2147483647,0,0,1,1,2,2,4,4,5,5,6,6],"right_children":[2,4,6,-1,8,10,12,-1,-1,-1,-1,-1,-1],"split_conditions":[9.170704E-2,2.9250145E-2,3.1331682E-1,-7.6029666E-2,9.2652105E-2,-2.069144E0,5.852425E0,-2.208735E-2,1.7510472E-2,6.992103E-2,-1.8391063E-2,9.995163E-2,-0E0],"split_indices":[9,9,3,0,3,6,6,0,0,0,0,0,0],"split_type":[0,0,0,0,0,0,0,0,0,0,0,0,0],"sum_hessian":[2.7591245E2,1.8498755E2,9.0924904E1,2.1538923E1,1.6344862E2,5.565219E1,3.527271E1,1.0329351E2,6.0155117E1,1.9582043E1,3.607015E1,2.3727589E1,1.154512E1],"tree_param":{"num_deleted":"0","num_feature":"16","num_nodes":"13","size_leaf_vector":"1"}},{"base_weights":[-0E0,-7.555918E-2,7.9771966E-2,-7.416207E-2,3.7896454E-1,7.372827E-2,-1.678691E-2,5.5110883E-2,2.8168831E-3],"categories":[],"categories_nodes":[],"categories_segments":[],"categories_sizes":[],"default_left":[0,0,0,0,0,0,0,0,0],"id":5,"left_children":[1,-1,3,5,7,-1,-1,-1,-1],"loss_changes":[1.7996029E1,0E0,1.2169083E1,1.1122322E1,4.2330513E0,0E0,0E0,0E0,0E0],"parents":[2147483647,0,0,2,2,3,3,4,4],"right_children":[2,-1,4,6,8,-1,-1,-1,-1],"split_conditions":[3.0087074E-2,-7.555918E-2,1.5134117E-1,-3.6618185E0,3.6436372E0,7.372827E-2,-1.678691E-2,5.5110883E-2,2.8168831E-3],"split_indices":[9,0,3,5,5,0,0,0,0],"split_type":[0,0,0,0,0,0,0,0,0],"sum_hessian":[2.7738507E2,2.8206966E1,2.4917812E2,1.5959175E2,8.958636E1,1.4100399E1,1.4549136E2,5.5269447E1,3.431691E1],"tree_param":{"num_deleted":"0","num_feature":"16","num_nodes":"9","size_leaf_vector":"1"}},{"base_weights":[-0E0,-1.1380005E-1,3.5073612E-2,4.9752124E-2,-2.1420135E-1,-3.973778E-2,-0E0],"categories":[],"categories_nodes":[],"categories_segments":[],"categories_sizes":[],"default_left":[0,0,0,0,0,0,0],"id":6,"left_children":[1,3,-1,-1,5,-1,-1],"loss_changes":[1.1064356E1,1.2136927E1,0E0,0E0,7.2683496E0,0E0,0E0],"parents":[2147483647,0,0,1,1,4,4],"right_children":[2,4,-1,-1,6,-1,-1],"split_conditions":[2.9839495E-1,-2.586801E0,3.5073612E-2,4.9752124E-2,-2.9215758E-4,-3.973778E-2,-0E0],"split_indices":[3,6,0,0,3,0,0],"split_type":[0,0,0,0,0,0,0],"sum_hessian":[2.737322E2,2.0672507E2,6.700715E1,2.580525E1,1.8091982E2,9.697006E1,8.394976E1],"tree_param":{"num_deleted":"0","num_feature":"16","num_nodes":"7","size_leaf_vector":"1"}},{"base_weights":[-0E0,-1.8465137E-1,2.4687113E-2,5.391745E-2,-2.903088E-1,-3.574461E-2,9.735402E-3],"categories":[],"categories_nodes":[],"categories_segments":[],"categories_sizes":[],"default_left":[0,0,0,0,0,0,0],"id":7,"left_children":[1,3,-1,-1,5,-1,-1],"loss_changes":[1.274891E1,1.1600618E1,0E0,0E0,4.4226704E0,0E0,0E0],"parents":[2147483647,0,0,1,1,4,4],"right_children":[2,4,-1,-1,6,-1,-1],"split_conditions":[2.4010462E-3,-4.4965085E-2,2.4687113E-2,5.391745E-2,1.4705782E-2,-3.574461E-2,9.735402E-3],"split_indices":[0,15,0,0,10,0,0],"split_type":[0,0,0,0,0,0,0],"sum_hessian":[2.7672986E2,1.579631E2,1.1876674E2,1.7271313E1,1.4069179E2,1.24126755E2,1.6565042E1],"tree_param":{"num_deleted":"0","num_feature":"16","num_nodes":"7","size_leaf_vector":"1"}},{"base_weights":[3.2221384E-2,-9.796289E-2,4.176366E-2,1.6754147E-1,-1.939606E-1,4.0757246E-2,-9.625342E-3,-3.2165058E-2,-0E0],"categories":[],"categories_nodes":[],"categories_segments":[],"categories_sizes":[],"default_left":[0,0,0,0,0,0,0,0,0],"id":8,"left_children":[1,3,-1,5,7,-1,-1,-1,-1],