{"learner":{"attributes":{"scikit_learn":"{\"_estimator_type\": \"classifier\"}"},"feature_names":["bias_week","bias_month","bias_quarter","bias_year","rsi","macd","macd_signal","vol_change","close_change","bb_width","return_5d","return_10d","k_upper","k_lower","k_body","buy_power","rs_5d","rs_10d","dist_to_20d_high","dist_to_20d_low","kd_k","kd_d","kd_cross","gap_ratio","obv","atr_ratio","trend_strength"],"feature_types":["float","float","float","float","float","float","float","float","float","float","float","float","float","float","float","float","float","float","float","float","float","float","float","float","float","float","float"],"gradient_booster":{"model":{"gbtree_model_param":{"num_parallel_tree":"1","num_trees":"6"},"iteration_indptr":[0,1,2,3,4,5,6],"tree_info":[0,0,0,0,0,0],"trees":[{"base_weights":[3.2790717E-2,2.0878889E-1,-6.825709E-1,5.0584835E-1,-1.7149237E-1,9.605427E-3,-8.9590824E-1,5.958557E-2,-3.9364506E-2,-4.928287E-2,3.8535193E-2,-7.394906E-2,9.4804674E-2,-3.7425775E-2,-1.5379967E-1],"categories":[],"categories_nodes":[],"categories_segments":[],"categories_sizes":[],"default_left":[0,0,0,0,0,0,0,0,0,0,0,0,0,0,0],"id":0,"left_children":[1,3,5,7,9,11,13,-1,-1,-1,-1,-1,-1,-1,-1],"loss_changes":[8.788612E1,6.515559E1,2.2233677E1,2.8329971E1,4.541322E1,2.2973972E1,3.1541E1,0E0,0E0,0E0,0E0,0E0,0E0,0E0,0E0],"parents":[2147483647,0,0,1,1,2,2,3,3,4,4,5,5,6,6],"right_children":[2,4,6,8,10,12,14,-1,-1,-1,-1,-1,-1,-1,-1],"split_conditions":[1.11788616E-1,3.6287174E-2,-1.673357E-1,5.64635E-2,6.255449E-2,-2.8701803E-1,8.4247515E-2,5.958557E-2,-3.9364506E-2,-4.928287E-2,3.8535193E-2,-7.394906E-2,9.4804674E-2,-3.7425775E-2,-1.5379967E-1],"split_indices":[18,3,2,10,26,3,26,0,0,0,0,0,0,0,0],"split_type":[0,0,0,0,0,0,0,0,0,0,0,0,0,0,0],"sum_hessian":[7.046951E2,5.685732E2,1.3612195E2,3.2238416E2,2.4618903E2,2.977439E1,1.0634756E2,2.942622E2,2.8121952E1,1.5832927E2,8.785976E1,1.5335366E1,1.4439024E1,6.2012196E1,4.4335365E1],"tree_param":{"num_deleted":"0","num_feature":"27","num_nodes":"15","size_leaf_vector":"1"}},{"base_weights":[3.7779473E-2,1.0045303E0,-5.0470077E-2,1.3652488E0,3.1005833E-1,-2.1986818E-1,4.1297182E-1,-0E0,1.5508334E-1,7.5075E-2,-1.1324978E-1,1.1788028E-3,-5.1029712E-2,-1.4568909E-1,5.8061372E-2],"categories":[],"categories_nodes":[],"categories_segments":[],"categories_sizes":[],"default_left":[0,0,0,0,0,0,0,0,0,0,0,0,0,0,0],"id":1,"left_children":[1,3,5,7,9,11,13,-1,-1,-1,-1,-1,-1,-1,-1],"loss_changes":[6.2584106E1,1.1236176E1,5.046101E1,1.2567528E1,1.559691E1,3.377831E1,5.3874947E1,0E0,0E0,0E0,0E0,0E0,0E0,0E0,0E0],"parents":[2147483647,0,0,1,1,2,2,3,3,4,4,5,5,6,6],"right_children":[2,4,6,8,10,12,14,-1,-1,-1,-1,-1,-1,-1,-1],"split_conditions":[2.671206E-2,2.9554369E-2,6.0970753E1,-1.473985E-1,9.140771E-3,7.213084E-2,1.6191597E-4,-0E0,1.5508334E-1,7.5075E-2,-1.1324978E-1,1.1788028E-3,-5.1029712E-2,-1.4568909E-1,5.8061372E-2],"split_indices":[9,3,21,4,10,9,16,0,0,0,0,0,0,0,0],"split_type":[0,0,0,0,0,0,0,0,0,0,0,0,0,0,0],"sum_hessian":[7.0697577E2,6.052557E1,6.464502E2,3.7149944E1,2.3375628E1,4.773034E2,1.6914679E2,3.8807008E0,3.326924E1,1.9378056E1,3.9975722E0,2.6330502E2,2.1399837E2,1.2549329E1,1.5659746E2],"tree_param":{"num_deleted":"0","num_feature":"27","num_nodes":"15","size_leaf_vector":"1"}},{"base_weights":[2.2354964E-4,-6.0090715E-1,1.350317E-1,3.1209826E-1,-7.444151E-1,3.09682E-1,-3.0959973E-1,-2.4550509E-2,1.100211E-1,9.061417E-2,-8.213445E-2,-1.7470634E-2,5.293128E-2,-1.2787579E-1,7.103077E-3],"categories":[],"categories_nodes":[],"categories_segments":[],"categories_sizes":[],"default_left":[0,0,0,0,0,0,0,0,0,0,0,0,0,0,0],"id":2,"left_children":[1,3,5,7,9,11,13,-1,-1,-1,-1,-1,-1,-1,-1],"loss_changes":[5.5166332E1,1.7423252E1,4.43231E1,9.010853E0,1.5635014E1,4.5820377E1,6.161589E1,0E0,0E0,0E0,0E0,0E0,0E0,0E0,0E0],"parents":[2147483647,0,0,1,1,2,2,3,3,4,4,5,5,6,6],"right_children":[2,4,6,8,10,12,14,-1,-1,-1,-1,-1,-1,-1,-1],"split_conditions":[-1.6179558E-2,-6.090204E-1,7.927028E-2,-2.5206631E-2,-6.9026574E-2,-1.3631513E-2,5.8366694E-2,-2.4550509E-2,1.100211E-1,9.061417E-2,-8.213445E-2,-1.7470634E-2,5.293128E-2,-1.2787579E-1,7.103077E-3],"split_indices":[0,7,3,0,23,17,2,0,0,0,0,0,0,0,0],"split_type":[0,0,0,0,0,0,0,0,0,0,0,0,0,0,0],"sum_hessian":[6.9198694E2,1.23147415E2,5.6883954E2,1.4455776E1,1.08691635E2,4.122434E2,1.5659612E2,7.1802387E0,7.2755375E0,3.5093474E0,1.0518229E2,1.26938416E2,2.85305E2,4.495303E1,1.1164308E2],"tree_param":{"num_deleted":"0","num_feature":"27","num_nodes":"15","size_leaf_vector":"1"}},{"base_weights":[-4.8883643E-2,-6.302073E-1,9.593078E-2,1.3516279E-1,-7.4807453E-1,8.50311E-1,1.2126961E-2,-8.417535E-2,8.9686595E-2,-9.96E-2,-2.2022419E-2,-1.011706E-1,1.0336434E-1,6.0393564E-2,-4.8543867E-3],"categories":[],"categories_nodes":[],"categories_segments":[],"categories_sizes":[],"default_left":[0,0,0,0,0,0,0,0,0,0,0,0,0,0,0],"id":3,"left_children":[1,3,5,7,9,11,13,-1,-1,-1,-1,-1,-1,-1,-1],"loss_changes":[5.7993336E1,1.3884647E1,3.200818E1,1.3301054E1,1.3463959E1,1.9250381E1,1.9033384E1,0E0,0E0,0E0,0E0,0E0,0E0,0E0,0E0],"parents":[2147483647,0,0,1,1,2,2,3,3,4,4,5,5,6,6],"right_children":[2,4,6,8,10,12,14,-1,-1,-1,-1,-1,-1,-1,-1],"split_conditions":[-2.1029495E-4,4.6705753E-2,2.671206E-2,-6.3631926E0,3.2338852E1,1.4407118E-2,-2.617944E-2,-8.417535E-2,8.9686595E-2,-9.96E-2,-2.2022419E-2,-1.011706E-1,1.0336434E-1,6.0393564E-2,-4.8543867E-3],"split_indices":[24,9,9,22,20,25,17,0,0,0,0,0,0,0,0],"split_type":[0,0,0,0,0,0,0,0,0,0,0,0,0,0,0],"sum_hessian":[6.730972E2,1.3676468E2,5.363326E2,1.5681688E1,1.21082985E2,5.014544E1,4.8618713E2,5.554507E0,1.0127182E1,7.8042725E1,4.3040264E1,3.2216144E0,4.692383E1,4.7845215E1,4.3834192E2],"tree_param":{"num_deleted":"0","num_feature":"27","num_nodes":"15","size_leaf_vector":"1"}},{"base_weights":[-2.1124166E-3,-4.618905E-1,1.11603945E-1,-2.4203539E-1,-1.0595194E0,1.8999265E-1,-4.6143287E-1,-5.177613E-2,2.1430984E-2,-0E0,-1.5590595E-1,3.974981E-2,-7.4010063E-3,-6.7733645E-2,4.9993023E-2],"categories":[],"categories_nodes":[],"categories_segments":[],"categories_sizes":[],"default_left":[0,0,0,0,0,0,0,0,0,0,0,0,0,0,0],"id":4,"left_children":[1,3,5,7,9,11,13,-1,-1,-1,-1,-1,-1,-1,-1],"loss_changes":[3.7645786E1,1.5726255E1,2.4673563E1,1.4753829E1,1.8540981E1,2.8513126E1,1.4446566E1,0E0,0E0,0E0,0E0,0E0,0E0,0E0,0E0],"parents":[2147483647,0,0,1,1,2,2,3,3,4,4,5,5,6,6],"right_children":[2,4,6,8,10,12,14,-1,-1,-1,-1,-1,-1,-1,-1],"split_conditions":[-2.1029495E-4,1.3946993E-3,1.11788616E-1,-3.5688005E-2,4.595406E-2,3.247261E-2,7.095552E-2,-5.177613E-2,2.1430984E-2,-0E0,-1.5590595E-1,3.974981E-2,-7.4010063E-3,-6.7733645E-2,4.9993023E-2],"split_indices":[24,10,18,1,26,3,25,0,0,0,0,0,0,0,0],"split_type":[0,0,0,0,0,0,0,0,0,0,0,0,0,0,0],"sum_hessian":[7.032038E2,1.4284354E2,5.603602E2,1.0807078E2,3.477276E1,4.9689783E2,6.3462418E1,7.006171E1,3.8009075E1,1.1933326E1,2.2839432E1,2.8111313E2,2.1578468E2,5.3729893E1,9.732523E0],"tree_param":{"num_deleted":"0","num_feature":"27","num_nodes":"15","size_leaf_vector":"1"}},{"base_weights":[3.2427013E-2,-2.8844053E-2,7.013966E-1,3.7404776E-1,-1.7316732E-1,8.6571157E-1,-0E0,4.7393005E-2,-9.429818E-2,-4.901174E-2,-6.195403E-3,1.0456466E-1,-0E0,-1.0751866E-1,4.4520125E-2],"categories":[],"categories_nodes":[],"categories_segments":[],"categories_sizes":[],"default_left":[0,0,0,0,0,0,0,0,0,0,0,0,0,0,0],"id":5,"left_children":[1,3,5,7,9,11,13,-1,-1,-1,-1,-1,-1,-1,-1],"loss_changes":[3.0293901E1,3.684782E1,7.5725117E0,2.2003876E1,1.5641094E1,9.125919E0,6.598927E0,0E0,0E0,0E0,0E0,0E0,0E0,0E0,0E0],"parents":[2147483647,0,0,1,1,2,2,3,3,4,4,5,5,6,6],"right_children":[2,4,6,8,10,12,14,-1,-1,-1,-1,-1,-1,-1,-1],"split_conditions":[9.1509506E-2,4.646517E-2,5.6073135E-1,1.0322353E-1,-7.458297E-2,3.6431226E-1,1.715267E-1,4.7393005E-2,-9.429818E-2,-4.901174E-2,-6.195403E-3,1.0456466E-1,-0E0,-1.0751866E-1,4.4520125E-2],"split_indices":[1,9,4,3,2,3,9,0,0,0,0,0,0,0,0],"split_type":[0,0,0,0,0,0,0,0,0,0,0,0,0,0,0],