{"learner":{"attributes":{"scikit_learn":"{\"_estimator_type\": \"classifier\"}"},"feature_names":["bias_week","bias_month","bias_quarter","bias_year","rsi","macd","macd_signal","vol_change","close_change","bb_width","return_5d","k_upper","k_lower","k_body","buy_power","rs_5d"],"feature_types":["float","float","float","float","float","float","float","float","float","float","float","float","float","float","float","float"],"gradient_booster":{"model":{"cats":{"enc":[],"feature_segments":[],"sorted_idx":[]},"gbtree_model_param":{"num_parallel_tree":"1","num_trees":"12"},"iteration_indptr":[0,1,2,3,4,5,6,7,8,9,10,11,12],"tree_info":[0,0,0,0,0,0,0,0,0,0,0,0],"trees":[{"base_weights":[1.60389E-3,-6.78667E-2,4.221537E-1,1.8330105E-2,-2.3856156E-1,6.9400586E-2,-0E0,5.1167686E-2,-3.691464E-2],"categories":[],"categories_nodes":[],"categories_segments":[],"categories_sizes":[],"default_left":[0,0,0,0,0,0,0,0,0],"id":0,"left_children":[1,3,5,-1,7,-1,-1,-1,-1],"loss_changes":[6.303957E0,6.9005036E0,4.3595476E0,0E0,9.678474E0,0E0,0E0,0E0,0E0],"parents":[2147483647,0,0,1,1,2,2,4,4],"right_children":[2,4,6,-1,8,-1,-1,-1,-1],"split_conditions":[2.1449168E0,-9.467217E-1,4.4444495E-1,1.8330105E-2,-1.0882612E-1,6.9400586E-2,-0E0,5.1167686E-2,-3.691464E-2],"split_indices":[5,6,11,0,3,0,0,0,0],"split_type":[0,0,0,0,0,0,0,0,0],"sum_hessian":[1.882783E2,1.5704117E2,3.1237127E1,5.7992336E1,9.9048836E1,2.0231508E1,1.1005619E1,1.2326318E1,8.672252E1],"tree_param":{"num_deleted":"0","num_feature":"16","num_nodes":"9","size_leaf_vector":"1"}},{"base_weights":[-0E0,-1.2006534E-1,5.9983873E-1,-5.515263E-2,-0E0,-0E0,9.041908E-2,4.1105498E-2,-1.1603742E-2],"categories":[],"categories_nodes":[],"categories_segments":[],"categories_sizes":[],"default_left":[0,0,0,0,0,0,0,0,0],"id":1,"left_children":[1,3,5,-1,7,-1,-1,-1,-1],"loss_changes":[1.2604565E1,8.742185E0,4.078435E0,0E0,6.171792E0,0E0,0E0,0E0,0E0],"parents":[2147483647,0,0,1,1,2,2,4,4],"right_children":[2,4,6,-1,8,-1,-1,-1,-1],"split_conditions":[1.2379758E-1,-3.2271244E-2,-3.0428907E-1,-5.515263E-2,-1.4507857E-2,-0E0,9.041908E-2,4.1105498E-2,-1.1603742E-2],"split_indices":[9,15,7,0,1,0,0,0,0],"split_type":[0,0,0,0,0,0,0,0,0],"sum_hessian":[1.8554453E2,1.5687944E2,2.8665092E1,3.55241E1,1.2135533E2,1.1385814E1,1.727928E1,2.8457708E1,9.289763E1],"tree_param":{"num_deleted":"0","num_feature":"16","num_nodes":"9","size_leaf_vector":"1"}},{"base_weights":[-6.400894E-3,5.4399565E-2,-5.7716634E-2,2.127269E-1,-1.4999045E-1,-1.1150764E-2,5.2138276E-2,-8.0594935E-2,-5.5348184E-3],"categories":[],"categories_nodes":[],"categories_segments":[],"categories_sizes":[],"default_left":[0,0,0,0,0,0,0,0,0],"id":2,"left_children":[1,-1,3,5,7,-1,-1,-1,-1],"loss_changes":[4.226672E0,0E0,4.2324553E0,4.8401747E0,6.5798664E0,0E0,0E0,0E0,0E0],"parents":[2147483647,0,0,2,2,3,3,4,4],"right_children":[2,-1,4,6,8,-1,-1,-1,-1],"split_conditions":[-7.708341E-2,5.4399565E-2,-1.0882612E-1,-4.0260628E-2,-7.8402035E-2,-1.1150764E-2,5.2138276E-2,-8.0594935E-2,-5.5348184E-3],"split_indices":[10,0,3,1,3,0,0,0,0],"split_type":[0,0,0,0,0,0,0,0,0],"sum_hessian":[1.8715694E2,1.2062173E1,1.7509476E2,3.8301945E1,1.3679282E2,1.5273306E1,2.3028639E1,1.3975832E1,1.22816986E2],"tree_param":{"num_deleted":"0","num_feature":"16","num_nodes":"9","size_leaf_vector":"1"}},{"base_weights":[-0E0,-7.974721E-3,4.585389E-2],"categories":[],"categories_nodes":[],"categories_segments":[],"categories_sizes":[],"default_left":[0,0,0],"id":3,"left_children":[1,-1,-1],"loss_changes":[7.324173E0,0E0,0E0],"parents":[2147483647,0,0],"right_children":[2,-1,-1],"split_conditions":[2.1829355E0,-7.974721E-3,4.585389E-2],"split_indices":[5,0,0],"split_type":[0,0,0],"sum_hessian":[1.9053172E2,1.6120891E2,2.9322811E1],"tree_param":{"num_deleted":"0","num_feature":"16","num_nodes":"3","size_leaf_vector":"1"}},{"base_weights":[-3.4699682E-2,-1.331593E-1,4.479785E-2,2.9157582E-1,-2.336321E-1,-0E0,6.752505E-2,1.7645573E-2,-3.426008E-2],"categories":[],"categories_nodes":[],"categories_segments":[],"categories_sizes":[],"default_left":[0,0,0,0,0,0,0,0,0],"id":4,"left_children":[1,3,-1,5,7,-1,-1,-1,-1],"loss_changes":[8.529928E0,6.892832E0,0E0,3.8858552E0,6.6967983E0,0E0,0E0,0E0,0E0],"parents":[2147483647,0,0,1,1,3,3,4,4],"right_children":[2,4,-1,6,8,-1,-1,-1,-1],"split_conditions":[2.1829355E0,-2.656107E0,4.479785E-2,-1.9346441E-1,-1.0882612E-1,-0E0,6.752505E-2,1.7645573E-2,-3.426008E-2],"split_indices":[5,6,0,3,3,0,0,0,0],"split_type":[0,0,0,0,0,0,0,0,0],"sum_hessian":[1.9297026E2,1.6438069E2,2.8589577E1,2.7125261E1,1.3725542E2,1.3825346E1,1.3299915E1,2.4990547E1,1.1226488E2],"tree_param":{"num_deleted":"0","num_feature":"16","num_nodes":"9","size_leaf_vector":"1"}},{"base_weights":[-2.4846077E-3,-9.500964E-3,4.1877672E-2],"categories":[],"categories_nodes":[],"categories_segments":[],"categories_sizes":[],"default_left":[0,0,0],"id":5,"left_children":[1,-1,-1],"loss_changes":[6.8008175E0,0E0,0E0],"parents":[2147483647,0,0],"right_children":[2,-1,-1],"split_conditions":[1.2379758E-1,-9.500964E-3,4.1877672E-2],"split_indices":[9,0,0],"split_type":[0,0,0],"sum_hessian":[1.9008939E2,1.6025223E2,2.9837162E1],"tree_param":{"num_deleted":"0","num_feature":"16","num_nodes":"3","size_leaf_vector":"1"}},{"base_weights":[-0E0,-1.1692928E-1,2.6455855E-1,8.678149E-2,-4.0952254E-2,-0E0,6.91853E-2,2.1188717E-2,-2.8330043E-2],"categories":[],"categories_nodes":[],"categories_segments":[],"categories_sizes":[],"default_left":[0,0,0,0,0,0,0,0,0],"id":6,"left_children":[1,3,5,7,-1,-1,-1,-1,-1],"loss_changes":[5.5566854E0,8.994287E0,4.8778324E0,3.4632034E0,0E0,0E0,0E0,0E0,0E0],"parents":[2147483647,0,0,1,1,2,2,3,3],"right_children":[2,4,6,8,-1,-1,-1,-1,-1],"split_conditions":[2.4847036E-2,-1.19785415E-2,5.714277E-1,1.8409424E-1,-4.0952254E-2,-0E0,6.91853E-2,2.1188717E-2,-2.8330043E-2],"split_indices":[1,1,14,3,0,0,0,0,0],"split_type":[0,0,0,0,0,0,0,0,0],"sum_hessian":[1.8945247E2,1.3689651E2,5.2555954E1,7.659807E1,6.029845E1,3.5032024E1,1.752393E1,6.167989E1,1.491818E1],"tree_param":{"num_deleted":"0","num_feature":"16","num_nodes":"9","size_leaf_vector":"1"}},{"base_weights":[-0E0,4.0818736E-1,-7.361657E-2,-2.9396052E-3,9.237214E-2,-1.5330943E-1,2.2288856E-1,3.5648758E-4,-2.9353753E-2,6.316447E-2,-7.12623E-3],"categories":[],"categories_nodes":[],"categories_segments":[],"categories_sizes":[],"default_left":[0,0,0,0,0,0,0,0,0,0,0],"id":7,"left_children":[1,3,5,-1,-1,7,9,-1,-1,-1,-1],"loss_changes":[5.3695054E0,8.1922455E0,3.7211452E0,0E0,0E0,3.6863024E0,4.787674E0,0E0,0E0,0E0,0E0],"parents":[2147483647,0,0,1,1,2,2,5,5,6,6],"right_children":[2,4,6,-1,-1,8,10,-1,-1,-1,-1],"split_conditions":[-2.656107E0,-4.524699E-2,2.27476E0,-2.9396052E-3,9.237214E-2,-9.109294E-3,1.7114912E-1,3.5648758E-4,-2.9353753E-2,6.316447E-2,-7.12623E-3],"split_indices":[6,15,6,0,0,2,2,0,0,0,0],"split_type":[0,0,0,0,0,0,0,0,0,0,0],"sum_hessian":[1.9074217E2,2.6814281E1,1.639279E2,1.2289039E1,1.4525243E1,1.3522432E2,2.8703577E1,5.689074E1,7.833358E1,1.5083125E1,1.3620452E1],"tree_param":{"num_deleted":"0","num_feature":"16","num_nodes":"11","size_leaf_vector":"1"}},{"base_weights":[6.6245315E-3,-2.449439E-3,6.80612E-2],"categories":[],"categories_nodes":[],"categories_segments":[],"categories_sizes":[],"default_left":[0,0,0],"id":8,"left_children":[1,-1,-1],"loss_changes":[5.4003E0,0E0,0E0],"parents":[2147483647,0,0],"right_children":[2,-1,-1],"split_conditions":[9.178745E-2,-2.449439E-3,6.80612E-2],"split_indices":[10,0,0],"split_type":[0,0,0],"sum_hessian":[1.8357137E2,1.7238344E2,1.1187925E1],"tree_param":{"num_deleted":"0","num_feature":"16","num_nodes":"3","size_leaf_vector":"1"}},{"base_weights":[-2.3827902E-3,-7.768137E-2,3.6986943E-2,5.7852425E-2,-2.5805065E-1,-2.8920274E-3,5.6264516E-2,-3.7513904E-2,1.7321052E-2],"categories":[],"categories_nodes":[],"categories_segments":[],"categories_sizes":[],"default_left":[0,0,0,0,0,0,0,0,0],"id":9,"left_children":[1,3,-1,5,7,-1,-1,-1,-1],