{"learner":{"attributes":{"scikit_learn":"{\"_estimator_type\": \"classifier\"}"},"feature_names":["bias_week","bias_month","bias_quarter","bias_year","rsi","macd","macd_signal","vol_change","close_change","bb_width","return_5d","k_upper","k_lower","k_body","buy_power","rs_5d","obv","atr_ratio","trend_strength"],"feature_types":["float","float","float","float","float","float","float","float","float","float","float","float","float","float","float","float","float","float","float"],"gradient_booster":{"model":{"cats":{"enc":[],"feature_segments":[],"sorted_idx":[]},"gbtree_model_param":{"num_parallel_tree":"1","num_trees":"13"},"iteration_indptr":[0,1,2,3,4,5,6,7,8,9,10,11,12,13],"tree_info":[0,0,0,0,0,0,0,0,0,0,0,0,0],"trees":[{"base_weights":[-0E0,-2.3342793E-1,3.1901965E-1,2.5493287E-2,-3.6364612E-1,6.8802916E-2,-0E0,-1.02411054E-1,-2.0709736E-2,-2.3509383E-2,5.7812657E-2],"categories":[],"categories_nodes":[],"categories_segments":[],"categories_sizes":[],"default_left":[0,0,0,0,0,0,0,0,0,0,0],"id":0,"left_children":[1,3,5,-1,7,-1,9,-1,-1,-1,-1],"loss_changes":[1.3358066E1,6.6498265E0,7.72072E0,0E0,5.769127E0,0E0,7.025344E0,0E0,0E0,0E0,0E0],"parents":[2147483647,0,0,1,1,2,2,4,4,6,6],"right_children":[2,4,6,-1,8,-1,10,-1,-1,-1,-1],"split_conditions":[5.409415E-2,-1.0852375E-1,4.360121E-2,2.5493287E-2,-6.2055204E-2,6.8802916E-2,5.818298E-2,-1.02411054E-1,-2.0709736E-2,-2.3509383E-2,5.7812657E-2],"split_indices":[18,3,17,0,3,0,17,0,0,0,0],"split_type":[0,0,0,0,0,0,0,0,0,0,0],"sum_hessian":[1.7767418E2,1.00172165E2,7.750201E1,1.736909E1,8.280308E1,3.2385036E1,4.511697E1,1.275078E1,7.00523E1,2.9381914E1,1.5735058E1],"tree_param":{"num_deleted":"0","num_feature":"19","num_nodes":"11","size_leaf_vector":"1"}},{"base_weights":[-0E0,-1.0167814E-1,6.5047264E-2,1.6280179E-1,-2.3556505E-1,-4.337781E-3,8.508528E-2,-3.7298437E-2,6.725936E-3],"categories":[],"categories_nodes":[],"categories_segments":[],"categories_sizes":[],"default_left":[0,0,0,0,0,0,0,0,0],"id":1,"left_children":[1,3,-1,5,7,-1,-1,-1,-1],"loss_changes":[1.1827021E1,5.5639834E0,0E0,8.384084E0,5.2499385E0,0E0,0E0,0E0,0E0],"parents":[2147483647,0,0,1,1,3,3,4,4],"right_children":[2,4,-1,6,8,-1,-1,-1,-1],"split_conditions":[2.1804223E0,-1.0852375E-1,6.5047264E-2,-1.0421122E0,7.313407E-2,-4.337781E-3,8.508528E-2,-3.7298437E-2,6.725936E-3],"split_indices":[5,3,0,5,9,0,0,0,0],"split_type":[0,0,0,0,0,0,0,0,0],"sum_hessian":[1.760978E2,1.5233356E2,2.376424E1,4.55327E1,1.0680086E2,3.2655983E1,1.2876716E1,7.807378E1,2.8727076E1],"tree_param":{"num_deleted":"0","num_feature":"19","num_nodes":"9","size_leaf_vector":"1"}},{"base_weights":[-8.857969E-3,-6.8474166E-2,5.8972888E-2,-3.5654884E-2,-0E0,3.343355E-2,-1.650821E-2],"categories":[],"categories_nodes":[],"categories_segments":[],"categories_sizes":[],"default_left":[0,0,0,0,0,0,0],"id":2,"left_children":[1,3,-1,-1,5,-1,-1],"loss_changes":[5.1318474E0,3.4709144E0,0E0,0E0,7.428931E0,0E0,0E0],"parents":[2147483647,0,0,1,1,4,4],"right_children":[2,4,-1,-1,6,-1,-1],"split_conditions":[6.2971994E-2,-3.3091396E-2,5.8972888E-2,-3.5654884E-2,-9.259278E-3,3.343355E-2,-1.650821E-2],"split_indices":[17,15,0,0,2,0,0],"split_type":[0,0,0,0,0,0,0],"sum_hessian":[1.7547794E2,1.631617E2,1.231624E1,3.2714394E1,1.304473E2,4.430182E1,8.614548E1],"tree_param":{"num_deleted":"0","num_feature":"19","num_nodes":"7","size_leaf_vector":"1"}},{"base_weights":[-0E0,-5.406968E-2,6.8109244E-2,2.3414958E-1,-1.7448242E-1,-0E0,7.35429E-2,-9.347724E-2,-3.0510651E-3],"categories":[],"categories_nodes":[],"categories_segments":[],"categories_sizes":[],"default_left":[0,0,0,0,0,0,0,0,0],"id":3,"left_children":[1,3,-1,5,7,-1,-1,-1,-1],"loss_changes":[6.9474115E0,5.6679587E0,0E0,4.138584E0,1.1424507E1,0E0,0E0,0E0,0E0],"parents":[2147483647,0,0,1,1,3,3,4,4],"right_children":[2,4,-1,6,8,-1,-1,-1,-1],"split_conditions":[6.0804933E-2,-1.0532172E-1,6.8109244E-2,-1.4689547E-1,-6.6132255E-2,-0E0,7.35429E-2,-9.347724E-2,-3.0510651E-3],"split_indices":[17,3,0,3,3,0,0,0,0],"split_type":[0,0,0,0,0,0,0,0,0],"sum_hessian":[1.8064702E2,1.6702339E2,1.3623624E1,4.3678383E1,1.2334502E2,3.1861458E1,1.1816923E1,1.6906445E1,1.0643857E2],"tree_param":{"num_deleted":"0","num_feature":"19","num_nodes":"9","size_leaf_vector":"1"}},{"base_weights":[-1.686911E-2,-8.534552E-2,7.600043E-2,-1.8152374E-1,2.3327278E-2,-5.837356E-3,-8.268932E-2],"categories":[],"categories_nodes":[],"categories_segments":[],"categories_sizes":[],"default_left":[0,0,0,0,0,0,0],"id":4,"left_children":[1,3,-1,5,-1,-1,-1],"loss_changes":[8.122977E0,5.0693507E0,0E0,8.773863E0,0E0,0E0,0E0],"parents":[2147483647,0,0,1,1,3,3],"right_children":[2,4,-1,6,-1,-1,-1],"split_conditions":[6.2346324E-2,5.3403457E-4,7.600043E-2,1.1523358E-1,2.3327278E-2,-5.837356E-3,-8.268932E-2],"split_indices":[17,16,0,3,0,0,0],"split_type":[0,0,0,0,0,0,0],"sum_hessian":[1.7995238E2,1.6819208E2,1.1760297E1,1.3480635E2,3.3385723E1,1.16440834E2,1.836552E1],"tree_param":{"num_deleted":"0","num_feature":"19","num_nodes":"7","size_leaf_vector":"1"}},{"base_weights":[-8.528266E-3,-7.292352E-2,7.438688E-2,-4.83673E-2,1.1829083E-2,4.2314973E-2,-1.3345257E-2],"categories":[],"categories_nodes":[],"categories_segments":[],"categories_sizes":[],"default_left":[0,0,0,0,0,0,0],"id":5,"left_children":[1,3,-1,-1,5,-1,-1],"loss_changes":[7.2743897E0,7.006138E0,0E0,0E0,8.902176E0,0E0,0E0],"parents":[2147483647,0,0,1,1,4,4],"right_children":[2,4,-1,-1,6,-1,-1],"split_conditions":[6.2346324E-2,-3.3091396E-2,7.438688E-2,-4.83673E-2,-1.6844383E-2,4.2314973E-2,-1.3345257E-2],"split_indices":[17,15,0,0,2,0,0],"split_type":[0,0,0,0,0,0,0],"sum_hessian":[1.8003723E2,1.687517E2,1.1285541E1,3.309006E1,1.3566162E2,3.936584E1,9.6295784E1],"tree_param":{"num_deleted":"0","num_feature":"19","num_nodes":"7","size_leaf_vector":"1"}},{"base_weights":[2.092784E-3,-7.7485725E-2,3.528337E-1,-5.0920326E-2,-5.8392173E-4,-0E0,6.980982E-2,2.9220117E-2,-1.1496978E-2],"categories":[],"categories_nodes":[],"categories_segments":[],"categories_sizes":[],"default_left":[0,0,0,0,0,0,0,0,0],"id":6,"left_children":[1,3,5,-1,7,-1,-1,-1,-1],"loss_changes":[5.589882E0,3.5292618E0,5.749462E0,0E0,3.7985044E0,0E0,0E0,0E0,0E0],"parents":[2147483647,0,0,1,1,2,2,4,4],"right_children":[2,4,6,-1,8,-1,-1,-1,-1],"split_conditions":[1.0661127E-1,-3.9429694E-2,-8.253201E-5,-5.0920326E-2,-1.0696067E-1,-0E0,6.980982E-2,2.9220117E-2,-1.1496978E-2],"split_indices":[9,15,16,0,4,0,0,0,0],"split_type":[0,0,0,0,0,0,0,0,0],"sum_hessian":[1.7787712E2,1.3979283E2,3.808429E1,1.6503605E1,1.2328922E2,1.6959375E1,2.1124914E1,2.911014E1,9.4179085E1],"tree_param":{"num_deleted":"0","num_feature":"19","num_nodes":"9","size_leaf_vector":"1"}},{"base_weights":[-9.676755E-3,2.679324E-1,-1.2566495E-1,-2.9993132E-2,6.6254646E-2,3.17491E-2,-2.333809E-1,-4.144021E-2,5.9837513E-3],"categories":[],"categories_nodes":[],"categories_segments":[],"categories_sizes":[],"default_left":[0,0,0,0,0,0,0,0,0],"id":7,"left_children":[1,3,5,-1,-1,-1,7,-1,-1],"loss_changes":[5.4894433E0,1.1662074E1,6.195513E0,0E0,0E0,0E0,6.830448E0,0E0,0E0],"parents":[2147483647,0,0,1,1,2,2,6,6],"right_children":[2,4,6,-1,-1,-1,8,-1,-1],"split_conditions":[-1.0852375E-1,-4.1704856E-2,-4.1614763E-2,-2.9993132E-2,6.6254646E-2,3.17491E-2,1.4585955E0,-4.144021E-2,5.9837513E-3],"split_indices":[3,15,2,0,0,0,6,0,0],"split_type":[0,0,0,0,0,0,0,0,0],"sum_hessian":[1.8028465E2,4.7369614E1,1.3291504E2,1.7211128E1,3.0158485E1,2.176604E1,1.11148994E2,7.29806E1,3.81684E1],"tree_param":{"num_deleted":"0","num_feature":"19","num_nodes":"9","size_leaf_vector":"1"}},{"base_weights":[4.939756E-3,-1.1431583E-1,4.0669803E-2,1.9540574E-2,-4.6330366E-1,-6.145024E-3,4.082157E-2,-7.0870675E-2,-0E0],"categories":[],"categories_nodes":[],"categories_segments":[],"categories_sizes":[],"default_left":[0,0,0,0,0,0,0,0,0],"id":8,"left_children":[1,3,-1,5,7,-1,-1,-1,-1],"loss_changes":[9.020249E0,7.0416956E0,0E0,3.6284566E0,4.929859E0,0E0,0E0,0E0,0E0],"parents":[2147483647,0,0,1,1,3,3,4,4],