{"learner":{"attributes":{"scikit_learn":"{\"_estimator_type\": \"classifier\"}"},"feature_names":["bias_week","bias_month","bias_quarter","bias_year","rsi","macd","macd_signal","vol_change","close_change","bb_width","return_5d","k_upper","k_lower","k_body","buy_power","rs_5d"],"feature_types":["float","float","float","float","float","float","float","float","float","float","float","float","float","float","float","float"],"gradient_booster":{"model":{"cats":{"enc":[],"feature_segments":[],"sorted_idx":[]},"gbtree_model_param":{"num_parallel_tree":"1","num_trees":"27"},"iteration_indptr":[0,1,2,3,4,5,6,7,8,9,10,11,12,13,14,15,16,17,18,19,20,21,22,23,24,25,26,27],"tree_info":[0,0,0,0,0,0,0,0,0,0,0,0,0,0,0,0,0,0,0,0,0,0,0,0,0,0,0],"trees":[{"base_weights":[-0E0,3.1063053E-1,-1.0033475E-1,-0E0,1.0285622E-1,-6.997539E-2,-0E0,-9.220531E-3,3.559865E-2],"categories":[],"categories_nodes":[],"categories_segments":[],"categories_sizes":[],"default_left":[0,0,0,0,0,0,0,0,0],"id":0,"left_children":[1,3,5,-1,-1,-1,7,-1,-1],"loss_changes":[5.848489E0,1.0433088E1,8.049096E0,0E0,0E0,0E0,3.7772684E0,0E0,0E0],"parents":[2147483647,0,0,1,1,2,2,6,6],"right_children":[2,4,6,-1,-1,-1,8,-1,-1],"split_conditions":[-1.08819336E-1,-9.138205E-1,-6.027032E-2,-0E0,1.0285622E-1,-6.997539E-2,2.1678143E0,-9.220531E-3,3.559865E-2],"split_indices":[3,5,3,0,0,0,5,0,0],"split_type":[0,0,0,0,0,0,0,0,0],"sum_hessian":[1.7725848E2,4.6927982E1,1.303305E2,3.30824E1,1.3845578E1,1.8736824E1,1.1159368E2,8.826697E1,2.3326708E1],"tree_param":{"num_deleted":"0","num_feature":"16","num_nodes":"9","size_leaf_vector":"1"}},{"base_weights":[-0E0,-1.0999535E-1,5.3819585E-1,-5.918751E-2,1.7592225E-4,-0E0,8.5238524E-2,3.9828725E-2,-9.6117705E-3],"categories":[],"categories_nodes":[],"categories_segments":[],"categories_sizes":[],"default_left":[0,0,0,0,0,0,0,0,0],"id":1,"left_children":[1,3,5,-1,7,-1,-1,-1,-1],"loss_changes":[1.04772835E1,9.178642E0,4.0682373E0,0E0,5.1869097E0,0E0,0E0,0E0,0E0],"parents":[2147483647,0,0,1,1,2,2,4,4],"right_children":[2,4,6,-1,8,-1,-1,-1,-1],"split_conditions":[1.1591194E-1,-3.161488E-2,-2.9896906E-1,-5.918751E-2,-1.457322E-2,-0E0,8.5238524E-2,3.9828725E-2,-9.6117705E-3],"split_indices":[9,15,7,0,1,0,0,0,0],"split_type":[0,0,0,0,0,0,0,0,0],"sum_hessian":[1.7602588E2,1.4603535E2,2.9990526E1,3.0671518E1,1.1536384E2,1.2762128E1,1.72284E1,2.6944668E1,8.841917E1],"tree_param":{"num_deleted":"0","num_feature":"16","num_nodes":"9","size_leaf_vector":"1"}},{"base_weights":[-8.480626E-3,2.726463E-2,-1.2580371E-1,-6.6919744E-2,-3.6954768E-2,2.0977916E-2,-1.8375505E-2],"categories":[],"categories_nodes":[],"categories_segments":[],"categories_sizes":[],"default_left":[0,0,0,0,0,0,0],"id":2,"left_children":[1,-1,3,-1,5,-1,-1],"loss_changes":[5.4916897E0,0E0,4.7132335E0,0E0,4.1861424E0,0E0,0E0],"parents":[2147483647,0,0,2,2,4,4],"right_children":[2,-1,4,-1,6,-1,-1],"split_conditions":[-1.08819336E-1,2.726463E-2,-7.831941E-2,-6.6919744E-2,3.9132528E-2,2.0977916E-2,-1.8375505E-2],"split_indices":[3,0,3,0,3,0,0],"split_type":[0,0,0,0,0,0,0],"sum_hessian":[1.7515967E2,4.563474E1,1.2952493E2,1.4440802E1,1.1508413E2,3.7320923E1,7.776321E1],"tree_param":{"num_deleted":"0","num_feature":"16","num_nodes":"7","size_leaf_vector":"1"}},{"base_weights":[-0E0,-6.841656E-3,4.0587377E-2],"categories":[],"categories_nodes":[],"categories_segments":[],"categories_sizes":[],"default_left":[0,0,0],"id":3,"left_children":[1,-1,-1],"loss_changes":[5.008013E0,0E0,0E0],"parents":[2147483647,0,0],"right_children":[2,-1,-1],"split_conditions":[2.2105184E0,-6.841656E-3,4.0587377E-2],"split_indices":[5,0,0],"split_type":[0,0,0],"sum_hessian":[1.8061229E2,1.551857E2,2.5426584E1],"tree_param":{"num_deleted":"0","num_feature":"16","num_nodes":"3","size_leaf_vector":"1"}},{"base_weights":[-1.5951633E-2,-1.0539609E-1,4.8195336E-2,1.8943688E-1,-2.527806E-1,-0E0,8.976823E-2,3.4671724E-2,-3.4251355E-2],"categories":[],"categories_nodes":[],"categories_segments":[],"categories_sizes":[],"default_left":[0,0,0,0,0,0,0,0,0],"id":4,"left_children":[1,3,-1,5,7,-1,-1,-1,-1],"loss_changes":[7.222257E0,6.9510527E0,0E0,8.420754E0,6.101889E0,0E0,0E0,0E0,0E0],"parents":[2147483647,0,0,1,1,3,3,4,4],"right_children":[2,4,-1,6,8,-1,-1,-1,-1],"split_conditions":[2.2105184E0,-1.0537079E-1,4.8195336E-2,-1.1113421E0,-1.694454E0,-0E0,8.976823E-2,3.4671724E-2,-3.4251355E-2],"split_indices":[5,3,0,5,6,0,0,0,0],"split_type":[0,0,0,0,0,0,0,0,0],"sum_hessian":[1.7985818E2,1.5651398E2,2.3344204E1,4.70582E1,1.0945577E2,3.4787216E1,1.22709875E1,1.1297829E1,9.815794E1],"tree_param":{"num_deleted":"0","num_feature":"16","num_nodes":"9","size_leaf_vector":"1"}},{"base_weights":[-1.1356276E-2,-8.539864E-3,3.3218127E-2],"categories":[],"categories_nodes":[],"categories_segments":[],"categories_sizes":[],"default_left":[0,0,0],"id":5,"left_children":[1,-1,-1],"loss_changes":[4.1016726E0,0E0,0E0],"parents":[2147483647,0,0],"right_children":[2,-1,-1],"split_conditions":[1.2362219E-1,-8.539864E-3,3.3218127E-2],"split_indices":[9,0,0],"split_type":[0,0,0],"sum_hessian":[1.8004282E2,1.5348363E2,2.6559193E1],"tree_param":{"num_deleted":"0","num_feature":"16","num_nodes":"3","size_leaf_vector":"1"}},{"base_weights":[3.400054E-5,-1.0462547E-1,3.2622373E-1,1.20332815E-1,-4.077479E-2,1.7831525E-3,7.0208244E-2,-0E0,6.740119E-2],"categories":[],"categories_nodes":[],"categories_segments":[],"categories_sizes":[],"default_left":[0,0,0,0,0,0,0,0,0],"id":6,"left_children":[1,3,5,7,-1,-1,-1,-1,-1],"loss_changes":[6.582284E0,9.596735E0,4.068268E0,4.6416917E0,0E0,0E0,0E0,0E0,0E0],"parents":[2147483647,0,0,1,1,2,2,3,3],"right_children":[2,4,6,8,-1,-1,-1,-1,-1],"split_conditions":[2.5413148E-2,-1.1674988E-2,5.185186E-1,-2.3604501E-2,-4.077479E-2,1.7831525E-3,7.0208244E-2,-0E0,6.740119E-2],"split_indices":[1,1,14,1,0,0,0,0,0],"split_type":[0,0,0,0,0,0,0,0,0],"sum_hessian":[1.7801927E2,1.295832E2,4.843607E1,7.0507835E1,5.9075367E1,3.0104252E1,1.833182E1,5.831716E1,1.2190672E1],"tree_param":{"num_deleted":"0","num_feature":"16","num_nodes":"9","size_leaf_vector":"1"}},{"base_weights":[-6.351297E-3,3.8217926E-1,-8.329979E-2,-8.189938E-3,9.171831E-2,-1.6336507E-1,2.642855E-1,-0E0,-3.03937E-2,6.804788E-2,-5.6346273E-4],"categories":[],"categories_nodes":[],"categories_segments":[],"categories_sizes":[],"default_left":[0,0,0,0,0,0,0,0,0,0,0],"id":7,"left_children":[1,3,5,-1,-1,7,9,-1,-1,-1,-1],"loss_changes":[4.723945E0,8.20691E0,4.104396E0,0E0,0E0,3.539566E0,4.2522683E0,0E0,0E0,0E0,0E0],"parents":[2147483647,0,0,1,1,2,2,5,5,6,6],"right_children":[2,4,6,-1,-1,8,10,-1,-1,-1,-1],"split_conditions":[-2.6566412E0,-4.480667E-2,2.256106E0,-8.189938E-3,9.171831E-2,-9.407919E-3,1.687821E-1,-0E0,-3.03937E-2,6.804788E-2,-5.6346273E-4],"split_indices":[6,15,6,0,0,2,2,0,0,0,0],"split_type":[0,0,0,0,0,0,0,0,0,0,0],"sum_hessian":[1.8038564E2,2.4925129E1,1.5546051E2,1.1220613E1,1.3704517E1,1.3166039E2,2.3800127E1,5.657963E1,7.508074E1,1.2502496E1,1.1297631E1],"tree_param":{"num_deleted":"0","num_feature":"16","num_nodes":"11","size_leaf_vector":"1"}},{"base_weights":[1.2930293E-3,-5.0295494E-2,3.573813E-2,3.1583146E-3,-4.147979E-2],"categories":[],"categories_nodes":[],"categories_segments":[],"categories_sizes":[],"default_left":[0,0,0,0,0],"id":8,"left_children":[1,3,-1,-1,-1],"loss_changes":[3.9091523E0,5.2855062E0,0E0,0E0,0E0],"parents":[2147483647,0,0,1,1],"right_children":[2,4,-1,-1,-1],"split_conditions":[2.0650098E0,9.429116E-2,3.573813E-2,3.1583146E-3,-4.147979E-2],"split_indices":[5,3,0,0,0],"split_type":[0,0,0,0,0],"sum_hessian":[1.7320149E2,1.4600525E2,2.7196253E1,1.14403404E2,3.160184E1],"tree_param":{"num_deleted":"0","num_feature":"16","num_nodes":"5","size_leaf_vector":"1"}},{"base_weights":[-0E0,-6.725786E-2,4.340561E-2,7.3213354E-2,-2.5061289E-2,-7.0798746E-4,4.9244337E-2],"categories":[],"categories_nodes":[],"categories_segments":[],"categories_sizes":[],"default_left":[0,0,0,0,0,0,0],"id":9,"left_children":[1,3,-1,5,-1,-1,-1],