{"learner":{"attributes":{"scikit_learn":"{\"_estimator_type\": \"classifier\"}"},"feature_names":["bias_week","bias_month","bias_quarter","bias_year","rsi","macd","macd_signal","vol_change","close_change","bb_width","return_5d","k_upper","k_lower","k_body","buy_power","rs_5d"],"feature_types":["float","float","float","float","float","float","float","float","float","float","float","float","float","float","float","float"],"gradient_booster":{"model":{"cats":{"enc":[],"feature_segments":[],"sorted_idx":[]},"gbtree_model_param":{"num_parallel_tree":"1","num_trees":"9"},"iteration_indptr":[0,1,2,3,4,5,6,7,8,9],"tree_info":[0,0,0,0,0,0,0,0,0],"trees":[{"base_weights":[5.1031387E-3,-8.6168684E-2,5.281533E-1,3.000275E-1,-2.5139448E-1,7.5402075E-1,-9.761359E-2,8.414342E-3,1.0183012E0,1.0025955E0,-3.19541E-1,-2.4465223E-1,9.592064E-1,5.82928E-1,-6.810219E-1,1.3314242E-2,-1.6061971E-2,9.386635E-3,7.530851E-2,6.575518E-2,-1.4788589E-2,-5.0502684E-2,-1.1321559E-2,2.6639704E-2,-2.9673642E-2,6.214666E-2,1.8424079E-2,-1.8103585E-2,4.7684755E-2,-5.1156502E-2,1.284274E-2],"categories":[],"categories_nodes":[],"categories_segments":[],"categories_sizes":[],"default_left":[0,0,0,0,0,0,0,0,0,0,0,0,0,0,0,0,0,0,0,0,0,0,0,0,0,0,0,0,0,0,0],"id":0,"left_children":[1,3,5,7,9,11,13,15,17,19,21,23,25,27,29,-1,-1,-1,-1,-1,-1,-1,-1,-1,-1,-1,-1,-1,-1,-1,-1],"loss_changes":[1.0479397E1,1.2004342E1,4.6830063E0,1.1819842E1,1.1555494E1,5.1684637E0,4.1825614E0,3.5855935E0,6.3214436E0,3.2366133E0,7.837291E0,1.6451718E0,2.9237423E0,2.0760746E0,2.0579433E0,0E0,0E0,0E0,0E0,0E0,0E0,0E0,0E0,0E0,0E0,0E0,0E0,0E0,0E0,0E0,0E0],"parents":[2147483647,0,0,1,1,2,2,3,3,4,4,5,5,6,6,7,7,8,8,9,9,10,10,11,11,12,12,13,13,14,14],"right_children":[2,4,6,8,10,12,14,16,18,20,22,24,26,28,30,-1,-1,-1,-1,-1,-1,-1,-1,-1,-1,-1,-1,-1,-1,-1,-1],"split_conditions":[2.208231E0,-1.0881919E-1,5.625005E-1,-1.0238181E0,-2.6334753E0,-5.4577726E-1,6.720802E-2,-2.6984148E0,-1.7468828E-1,2.2599107E-1,-7.8402035E-2,8.620807E-2,2.834828E-2,2.9411368E-2,9.603339E-2,1.3314242E-2,-1.6061971E-2,9.386635E-3,7.530851E-2,6.575518E-2,-1.4788589E-2,-5.0502684E-2,-1.1321559E-2,2.6639704E-2,-2.9673642E-2,6.214666E-2,1.8424079E-2,-1.8103585E-2,4.7684755E-2,-5.1156502E-2,1.284274E-2],"split_indices":[5,3,11,5,6,7,1,5,3,3,3,11,0,14,10,0,0,0,0,0,0,0,0,0,0,0,0,0,0,0,0],"split_type":[0,0,0,0,0,0,0,0,0,0,0,0,0,0,0,0,0,0,0,0,0,0,0,0,0,0,0,0,0,0,0],"sum_hessian":[2.1755766E2,1.8594557E2,3.1612091E1,5.54715E1,1.3047408E2,2.3077448E1,8.534644E0,4.017322E1,1.5298279E1,6.018216E0,1.2445586E2,3.9005363E0,1.917691E1,3.939763E0,4.5948815E0,2.2648636E1,1.7524586E1,6.1733346E0,9.124944E0,4.8402996E0,1.1779169E0,1.361768E1,1.1083817E2,1.0447028E0,2.8558338E0,1.2208874E1,6.9680376E0,1.1167859E0,2.822977E0,3.3001788E0,1.2947028E0],"tree_param":{"num_deleted":"0","num_feature":"16","num_nodes":"31","size_leaf_vector":"1"}},{"base_weights":[9.6500776E-4,-1.07865274E-1,6.954593E-1,-1.7714305E-1,5.758676E-1,3.654195E-1,1.1046151E0,-6.949054E-1,-9.131349E-2,8.695333E-2,7.478001E-2,6.333768E-2,7.5576946E-2,3.400275E-1,1.3999804E0,5.837952E-2,-4.295818E-2,2.3607727E-2,-9.770392E-3,3.0644191E-2,-2.0581262E-2,-3.3373203E-2,2.0416578E-2,5.0254803E-2,-5.062342E-3,8.35072E-2,1.3540936E-2],"categories":[],"categories_nodes":[],"categories_segments":[],"categories_sizes":[],"default_left":[0,0,0,0,0,0,0,0,0,0,0,0,0,0,0,0,0,0,0,0,0,0,0,0,0,0,0],"id":1,"left_children":[1,3,5,7,9,11,13,15,17,19,-1,-1,21,23,25,-1,-1,-1,-1,-1,-1,-1,-1,-1,-1,-1,-1],"loss_changes":[1.658611E1,9.08874E0,3.6109028E0,7.626037E0,7.824628E0,4.5935736E0,2.4099417E0,8.484291E0,8.865692E0,3.5593355E0,0E0,0E0,3.8936918E0,1.5344765E0,2.2619228E0,0E0,0E0,0E0,0E0,0E0,0E0,0E0,0E0,0E0,0E0,0E0,0E0],"parents":[2147483647,0,0,1,1,2,2,3,3,4,4,5,5,6,6,7,7,8,8,9,9,12,12,13,13,14,14],"right_children":[2,4,6,8,10,12,14,16,18,20,-1,-1,22,24,26,-1,-1,-1,-1,-1,-1,-1,-1,-1,-1,-1,-1],"split_conditions":[2.208231E0,1.2355145E-1,1.7391361E-1,-4.1128814E-2,-4.2489152E-2,8.4776916E-2,-3.5524148E-1,-7.985075E-2,-1.7185254E0,-2.876663E-1,7.478001E-2,6.333768E-2,3.2609231E0,2.88459E0,1.117825E-1,5.837952E-2,-4.295818E-2,2.3607727E-2,-9.770392E-3,3.0644191E-2,-2.0581262E-2,-3.3373203E-2,2.0416578E-2,5.0254803E-2,-5.062342E-3,8.35072E-2,1.3540936E-2],"split_indices":[5,9,12,15,15,9,7,15,5,4,0,0,5,6,10,0,0,0,0,0,0,0,0,0,0,0,0],"split_type":[0,0,0,0,0,0,0,0,0,0,0,0,0,0,0,0,0,0,0,0,0,0,0,0,0,0,0],"sum_hessian":[2.1745268E2,1.8872356E2,2.8729116E1,1.7203354E2,1.6690014E1,1.6949858E1,1.1779259E1,2.345374E1,1.485798E2,1.1611877E1,5.0781364E0,3.3041945E0,1.3645664E1,3.881849E0,7.89741E0,1.4057643E0,2.2047976E1,2.2616999E1,1.2596281E2,5.5393634E0,6.072514E0,3.909617E0,9.736047E0,1.0386822E0,2.8431668E0,5.9860783E0,1.9113317E0],"tree_param":{"num_deleted":"0","num_feature":"16","num_nodes":"27","size_leaf_vector":"1"}},{"base_weights":[1.0049186E-2,-6.5306656E-2,5.091246E-1,6.8665266E-2,-4.0056527E-1,7.2172254E-2,3.526425E-1,-4.9900442E-2,4.4225636E-1,-6.1758876E-1,-9.0104654E-2,6.2642366E-2,2.3073111E-1,2.6212532E-2,-7.5698257E-3,-4.635589E-3,4.1877404E-2,-1.6617274E-2,-6.2030774E-2,-1.24983145E-2,6.2544376E-2,-3.038247E-2,1.8698057E-2],"categories":[],"categories_nodes":[],"categories_segments":[],"categories_sizes":[],"default_left":[0,0,0,0,0,0,0,0,0,0,0,0,0,0,0,0,0,0,0,0,0,0,0],"id":2,"left_children":[1,3,5,7,9,-1,11,13,15,17,19,-1,21,-1,-1,-1,-1,-1,-1,-1,-1,-1,-1],"loss_changes":[8.134011E0,8.472835E0,3.6388583E0,6.0106387E0,3.5713387E0,0E0,2.5230172E0,6.112213E0,6.9867043E0,5.187894E0,5.31156E0,0E0,3.0843644E0,0E0,0E0,0E0,0E0,0E0,0E0,0E0,0E0,0E0,0E0],"parents":[2147483647,0,0,1,1,2,2,3,3,4,4,6,6,7,7,8,8,9,9,10,10,12,12],"right_children":[2,4,6,8,10,-1,12,14,16,18,20,-1,22,-1,-1,-1,-1,-1,-1,-1,-1,-1,-1],"split_conditions":[2.3288465E0,7.102195E-2,-2.360445E-2,1.2732824E-2,1.387577E-1,7.2172254E-2,-9.746122E-2,-7.439299E-2,-3.1003237E-1,1.1623655E-1,8.5713506E-1,6.2642366E-2,-1.7305387E-2,2.6212532E-2,-7.5698257E-3,-4.635589E-3,4.1877404E-2,-1.6617274E-2,-6.2030774E-2,-1.24983145E-2,6.2544376E-2,-3.038247E-2,1.8698057E-2],"split_indices":[6,3,1,1,3,0,3,1,7,3,14,0,3,0,0,0,0,0,0,0,0,0,0],"split_type":[0,0,0,0,0,0,0,0,0,0,0,0,0,0,0,0,0,0,0,0,0,0,0],"sum_hessian":[2.1439854E2,1.8702815E2,2.7370403E1,1.3419713E2,5.283102E1,2.746615E0,2.4623787E1,1.0252534E2,3.1671791E1,3.051243E1,2.2318588E1,1.8305005E0,2.2793287E1,1.4775707E1,8.7749626E1,1.3783437E1,1.7888355E1,2.1981823E1,8.530608E0,2.066829E1,1.6503005E0,2.8527231E0,1.9940565E1],"tree_param":{"num_deleted":"0","num_feature":"16","num_nodes":"23","size_leaf_vector":"1"}},{"base_weights":[2.2625003E-2,-6.3271806E-2,5.397507E-1,2.6557016E-1,-2.0254742E-1,7.104212E-2,3.1270987E-1,-4.4917944E-1,7.068662E-1,-9.091838E-1,-9.513789E-2,-4.8265845E-2,4.6042192E-1,7.6033636E-3,-4.2831816E-2,9.416867E-3,5.306921E-2,-5.6231964E-2,8.795889E-3,-6.706631E-2,-1.2534324E-3,5.3961318E-2,2.772955E-3],"categories":[],"categories_nodes":[],"categories_segments":[],"categories_sizes":[],"default_left":[0,0,0,0,0,0,0,0,0,0,0,0,0,0,0,0,0,0,0,0,0,0,0],"id":3,"left_children":[1,3,5,7,9,-1,11,13,15,17,19,-1,21,-1,-1,-1,-1,-1,-1,-1,-1,-1,-1],"loss_changes":[9.834583E0,8.760354E0,5.863639E0,1.8293726E1,1.0092303E1,0E0,5.4196367E0,5.609772E0,6.348984E0,4.3074627E0,1.02291E1,0E0,6.029816E0,0E0,0E0,0E0,0E0,0E0,0E0,0E0,0E0,0E0,0E0],"parents":[2147483647,0,0,1,1,2,2,3,3,4,4,6,6,7,7,8,8,9,9,10,10,12,12],"right_children":[2,4,6,8,10,-1,12,14,16,18,20,-1,22,-1,-1,-1,-1,-1,-1,-1,-1,-1,-1],"split_conditions":[2.208231E0,-1.0881919E-1,8.168811E-2,-4.1790783E-2,-7.8402035E-2,7.104212E-2,8.807319E-2,-6.466408E-2,-1.9511156E-1,9.452012E-1,1.7673282E-2,-4.8265845E-2,1.5452628E-2,7.6033636E-3,-4.2831816E-2,9.416867E-3,5.306921E-2,-5.6231964E-2,8.795889E-3,-6.706631E-2,-1.2534324E-3,5.3961318E-2,2.772955E-3],"split_indices":[5,3,9,15,3,0,9,1,3,5,9,0,10,0,0,0,0,0,0,0,0,0,0],"split_type":[0,0,0,0,0,0,0,0,0,0,0,0,0,0,0,0,0,0,0,0,0,0,0],