{"learner":{"attributes":{"scikit_learn":"{\"_estimator_type\": \"classifier\"}"},"feature_names":["bias_week","bias_month","bias_quarter","bias_year","rsi","macd","macd_signal","vol_change","close_change","bb_width","return_5d","k_upper","k_lower","k_body","buy_power","rs_5d","obv","atr_ratio","trend_strength"],"feature_types":["float","float","float","float","float","float","float","float","float","float","float","float","float","float","float","float","float","float","float"],"gradient_booster":{"model":{"cats":{"enc":[],"feature_segments":[],"sorted_idx":[]},"gbtree_model_param":{"num_parallel_tree":"1","num_trees":"3"},"iteration_indptr":[0,1,2,3],"tree_info":[0,0,0],"trees":[{"base_weights":[-0E0,-2.4964935E-1,3.1953216E-1,2.1988198E-2,-3.7115112E-1,7.184837E-2,1.4240591E-2,-1.04817346E-1,-2.1289842E-2,-1.8958768E-2,8.831139E-2],"categories":[],"categories_nodes":[],"categories_segments":[],"categories_sizes":[],"default_left":[0,0,0,0,0,0,0,0,0,0,0],"id":0,"left_children":[1,3,5,-1,7,-1,9,-1,-1,-1,-1],"loss_changes":[1.5176281E1,6.1700816E0,9.026283E0,0E0,6.2076817E0,0E0,1.104805E1,0E0,0E0,0E0,0E0],"parents":[2147483647,0,0,1,1,2,2,4,4,6,6],"right_children":[2,4,6,-1,8,-1,10,-1,-1,-1,-1],"split_conditions":[5.4378517E-2,-1.0881933E-1,4.3588933E-2,2.1988198E-2,-6.1394E-2,7.184837E-2,6.346405E-2,-1.04817346E-1,-2.1289842E-2,-1.8958768E-2,8.831139E-2],"split_indices":[18,3,17,0,3,0,17,0,0,0,0],"split_type":[0,0,0,0,0,0,0,0,0,0,0],"sum_hessian":[1.8812363E2,1.0167187E2,8.645175E1,1.702244E1,8.464943E1,3.3950123E1,5.2501633E1,1.2976132E1,7.1673294E1,4.0495613E1,1.2006018E1],"tree_param":{"num_deleted":"0","num_feature":"19","num_nodes":"11","size_leaf_vector":"1"}},{"base_weights":[-0E0,-1.2365796E-1,6.0296774E-1,-2.5145665E-1,2.7984278E-2,-0E0,9.059585E-2,1.0320744E-3,-3.7008706E-2],"categories":[],"categories_nodes":[],"categories_segments":[],"categories_sizes":[],"default_left":[0,0,0,0,0,0,0,0,0],"id":1,"left_children":[1,3,5,7,-1,-1,-1,-1,-1],"loss_changes":[1.285423E1,8.070261E0,4.0456047E0,4.7526007E0,0E0,0E0,0E0,0E0,0E0],"parents":[2147483647,0,0,1,1,2,2,3,3],"right_children":[2,4,6,8,-1,-1,-1,-1,-1],"split_conditions":[1.236221E-1,4.6573946E-4,-3.0428907E-1,-1.0881933E-1,2.7984278E-2,-0E0,9.059585E-2,1.0320744E-3,-3.7008706E-2],"split_indices":[9,16,7,3,0,0,0,0,0],"split_type":[0,0,0,0,0,0,0,0,0],"sum_hessian":[1.8545876E2,1.5677824E2,2.868051E1,1.2347429E2,3.330396E1,1.1371844E1,1.7308664E1,3.3301956E1,9.017233E1],"tree_param":{"num_deleted":"0","num_feature":"19","num_nodes":"9","size_leaf_vector":"1"}},{"base_weights":[-4.0744054E-3,-7.456706E-2,6.784303E-2,-3.6548796E-1,-0E0,-0E0,-5.8391117E-2,3.3920407E-2,-1.5827106E-2],"categories":[],"categories_nodes":[],"categories_segments":[],"categories_sizes":[],"default_left":[0,0,0,0,0,0,0,0,0],"id":2,"left_children":[1,3,-1,5,7,-1,-1,-1,-1],"loss_changes":[7.7078376E0,4.13282E0,0E0,3.6080427E0,7.5481834E0,0E0,0E0,0E0,0E0],"parents":[2147483647,0,0,1,1,3,3,4,4],"right_children":[2,4,-1,6,8,-1,-1,-1,-1],"split_conditions":[6.346405E-2,-3.3405196E-2,6.784303E-2,-6.532561E-2,-9.067832E-3,-0E0,-5.8391117E-2,3.3920407E-2,-1.5827106E-2],"split_indices":[17,15,0,1,2,0,0,0,0],"split_type":[0,0,0,0,0,0,0,0,0],"sum_hessian":[1.8709995E2,1.7274617E2,1.4353776E1,3.8054375E1,1.346918E2,1.3016925E1,2.5037449E1,4.491727E1,8.977453E1],"tree_param":{"num_deleted":"0","num_feature":"19","num_nodes":"9","size_leaf_vector":"1"}}]},"name":"gbtree"},"learner_model_param":{"base_score":"[5E-1]","boost_from_average":"1","num_class":"0","num_feature":"19","num_target":"1"},"objective":{"name":"binary:logistic","reg_loss_param":{"scale_pos_weight":"0.235822111"}}},"version":[3,2,0]}