{"learner":{"attributes":{"scikit_learn":"{\"_estimator_type\": \"classifier\"}"},"feature_names":["bias_week","bias_month","bias_quarter","bias_year","rsi","macd","macd_signal","vol_change","close_change","bb_width","return_5d","return_10d","k_upper","k_lower","k_body","buy_power","rs_5d","rs_10d","dist_to_20d_high","dist_to_20d_low","kd_k","kd_d","kd_cross","gap_ratio","obv","atr_ratio","trend_strength"],"feature_types":["float","float","float","float","float","float","float","float","float","float","float","float","float","float","float","float","float","float","float","float","float","float","float","float","float","float","float"],"gradient_booster":{"model":{"gbtree_model_param":{"num_parallel_tree":"1","num_trees":"5"},"iteration_indptr":[0,1,2,3,4,5],"tree_info":[0,0,0,0,0],"trees":[{"base_weights":[3.1782016E-2,2.0721696E-1,-6.8084925E-1,5.0199157E-1,-1.695324E-1,1.1614339E-2,-8.943689E-1,5.9161756E-2,-3.91909E-2,-4.9100503E-2,3.8725767E-2,-7.381218E-2,9.495886E-2,-3.7242606E-2,-1.5373622E-1],"categories":[],"categories_nodes":[],"categories_segments":[],"categories_sizes":[],"default_left":[0,0,0,0,0,0,0,0,0,0,0,0,0,0,0],"id":0,"left_children":[1,3,5,7,9,11,13,-1,-1,-1,-1,-1,-1,-1,-1],"loss_changes":[8.728131E1,6.4068756E1,2.2265907E1,2.8015648E1,4.545932E1,2.3010273E1,3.1640266E1,0E0,0E0,0E0,0E0,0E0,0E0,0E0,0E0],"parents":[2147483647,0,0,1,1,2,2,3,3,4,4,5,5,6,6],"right_children":[2,4,6,8,10,12,14,-1,-1,-1,-1,-1,-1,-1,-1],"split_conditions":[1.11788616E-1,3.6287162E-2,-1.6733542E-1,5.6463424E-2,6.255454E-2,-2.8701803E-1,8.424753E-2,5.9161756E-2,-3.91909E-2,-4.9100503E-2,3.8725767E-2,-7.381218E-2,9.495886E-2,-3.7242606E-2,-1.5373622E-1],"split_indices":[18,3,2,10,26,3,26,0,0,0,0,0,0,0,0],"split_type":[0,0,0,0,0,0,0,0,0,0,0,0,0,0,0],"sum_hessian":[7.048416E2,5.6863165E2,1.3620993E2,3.2221945E2,2.4641222E2,2.9805344E1,1.0640458E2,2.9407632E2,2.814313E1,1.5844656E2,8.7965645E1,1.5343512E1,1.4461832E1,6.206107E1,4.434351E1],"tree_param":{"num_deleted":"0","num_feature":"27","num_nodes":"15","size_leaf_vector":"1"}},{"base_weights":[3.689727E-2,1.0061864E0,-5.1722854E-2,1.3666327E0,3.1190348E-1,-2.1785754E-1,4.0392813E-1,-0E0,1.551904E-1,7.5237006E-2,-1.1326425E-1,1.3896619E-3,-5.0852723E-2,-1.4562845E-1,5.7128876E-2],"categories":[],"categories_nodes":[],"categories_segments":[],"categories_sizes":[],"default_left":[0,0,0,0,0,0,0,0,0,0,0,0,0,0,0],"id":1,"left_children":[1,3,5,7,9,11,13,-1,-1,-1,-1,-1,-1,-1,-1],"loss_changes":[6.3012516E1,1.1233925E1,4.866246E1,1.2568954E1,1.5634097E1,3.3840744E1,5.3330566E1,0E0,0E0,0E0,0E0,0E0,0E0,0E0,0E0],"parents":[2147483647,0,0,1,1,2,2,3,3,4,4,5,5,6,6],"right_children":[2,4,6,8,10,12,14,-1,-1,-1,-1,-1,-1,-1,-1],"split_conditions":[2.671207E-2,2.9554244E-2,6.0970753E1,-1.4739887E-1,9.140771E-3,7.2130844E-2,1.6189484E-4,-0E0,1.551904E-1,7.5237006E-2,-1.1326425E-1,1.3896619E-3,-5.0852723E-2,-1.4562845E-1,5.7128876E-2],"split_indices":[9,3,21,4,10,9,16,0,0,0,0,0,0,0,0],"split_type":[0,0,0,0,0,0,0,0,0,0,0,0,0,0,0],"sum_hessian":[7.071333E2,6.061894E1,6.4651434E2,3.7215515E1,2.3403421E1,4.7772812E2,1.6878624E2,3.884005E0,3.3331512E1,1.9405832E1,3.99759E0,2.6357422E2,2.141539E2,1.255107E1,1.5623517E2],"tree_param":{"num_deleted":"0","num_feature":"27","num_nodes":"15","size_leaf_vector":"1"}},{"base_weights":[2.3420025E-3,-5.9919643E-1,1.3717791E-1,3.141411E-1,-7.428278E-1,3.118266E-1,-3.0762863E-1,-2.4431182E-2,1.1019068E-1,9.077099E-2,-8.198371E-2,-1.728824E-2,5.3146943E-2,-1.2780026E-1,7.3175514E-3],"categories":[],"categories_nodes":[],"categories_segments":[],"categories_sizes":[],"default_left":[0,0,0,0,0,0,0,0,0,0,0,0,0,0,0],"id":2,"left_children":[1,3,5,7,9,11,13,-1,-1,-1,-1,-1,-1,-1,-1],"loss_changes":[5.5282883E1,1.744696E1,4.439773E1,9.032103E0,1.5649422E1,4.591635E1,6.1763374E1,0E0,0E0,0E0,0E0,0E0,0E0,0E0,0E0],"parents":[2147483647,0,0,1,1,2,2,3,3,4,4,5,5,6,6],"right_children":[2,4,6,8,10,12,14,-1,-1,-1,-1,-1,-1,-1,-1],"split_conditions":[-1.6179647E-2,-6.090204E-1,7.9270355E-2,-2.5206696E-2,-6.9026574E-2,-1.3631545E-2,5.8366694E-2,-2.4431182E-2,1.1019068E-1,9.077099E-2,-8.198371E-2,-1.728824E-2,5.3146943E-2,-1.2780026E-1,7.3175514E-3],"split_indices":[0,7,3,0,23,17,2,0,0,0,0,0,0,0,0],"split_type":[0,0,0,0,0,0,0,0,0,0,0,0,0,0,0],"sum_hessian":[6.9269336E2,1.2323207E2,5.694613E2,1.4473869E1,1.087582E2,4.127325E2,1.5672878E2,7.1851816E0,7.2886877E0,3.5158985E0,1.052423E2,1.2705209E2,2.8568042E2,4.496651E1,1.1176227E2],"tree_param":{"num_deleted":"0","num_feature":"27","num_nodes":"15","size_leaf_vector":"1"}},{"base_weights":[-5.0072215E-2,-6.2885225E-1,9.4184816E-2,1.3701515E-1,-7.4684083E-1,8.5166335E-1,9.930445E-3,-8.411244E-2,8.9828305E-2,-9.951058E-2,-2.1866413E-2,-1.01183444E-1,1.0347857E-1,6.0538888E-2,-5.1223864E-3],"categories":[],"categories_nodes":[],"categories_segments":[],"categories_sizes":[],"default_left":[0,0,0,0,0,0,0,0,0,0,0,0,0,0,0],"id":3,"left_children":[1,3,5,7,9,11,13,-1,-1,-1,-1,-1,-1,-1,-1],"loss_changes":[5.7536064E1,1.3907669E1,3.233538E1,1.3328489E1,1.3512581E1,1.927641E1,1.9286358E1,0E0,0E0,0E0,0E0,0E0,0E0,0E0,0E0],"parents":[2147483647,0,0,1,1,2,2,3,3,4,4,5,5,6,6],"right_children":[2,4,6,8,10,12,14,-1,-1,-1,-1,-1,-1,-1,-1],"split_conditions":[-2.1029495E-4,4.670575E-2,2.671207E-2,-6.3631926E0,3.2338852E1,1.4407119E-2,-2.6179433E-2,-8.411244E-2,8.9828305E-2,-9.951058E-2,-2.1866413E-2,-1.01183444E-1,1.0347857E-1,6.0538888E-2,-5.1223864E-3],"split_indices":[24,9,9,22,20,25,17,0,0,0,0,0,0,0,0],"split_type":[0,0,0,0,0,0,0,0,0,0,0,0,0,0,0],"sum_hessian":[6.732002E2,1.3685384E2,5.363463E2,1.5699715E1,1.2115413E2,5.0221554E1,4.861248E2,5.556204E0,1.0143511E1,7.807745E1,4.3076675E1,3.2216592E0,4.6999893E1,4.790799E1,4.382168E2],"tree_param":{"num_deleted":"0","num_feature":"27","num_nodes":"15","size_leaf_vector":"1"}},{"base_weights":[-2.9800881E-3,-4.6057406E-1,1.1025396E-1,-2.4064377E-1,-1.0587834E0,1.8833877E-1,-4.6001804E-1,-5.1656898E-2,2.158396E-2,-0E0,-1.5591368E-1,3.9336134E-2,-7.1952343E-3,-6.7613184E-2,5.0171737E-2],"categories":[],"categories_nodes":[],"categories_segments":[],"categories_sizes":[],"default_left":[0,0,0,0,0,0,0,0,0,0,0,0,0,0,0],"id":4,"left_children":[1,3,5,7,9,11,13,-1,-1,-1,-1,-1,-1,-1,-1],"loss_changes":[3.73228E1,1.5771015E1,2.4455341E1,1.4773748E1,1.8592758E1,2.7789783E1,1.446787E1,0E0,0E0,0E0,0E0,0E0,0E0,0E0,0E0],"parents":[2147483647,0,0,1,1,2,2,3,3,4,4,5,5,6,6],"right_children":[2,4,6,8,10,12,14,-1,-1,-1,-1,-1,-1,-1,-1],"split_conditions":[-2.1029495E-4,1.3948312E-3,1.11788616E-1,-3.5688024E-2,4.5954023E-2,3.2472707E-2,7.095552E-2,-5.1656898E-2,2.158396E-2,-0E0,-1.5591368E-1,3.9336134E-2,-7.1952343E-3,-6.7613184E-2,5.0171737E-2],"split_indices":[24,10,18,1,26,3,25,0,0,0,0,0,0,0,0],"split_type":[0,0,0,0,0,0,0,0,0,0,0,0,0,0,0],"sum_hessian":[7.0335535E2,1.4294794E2,5.604074E2,1.08161E2,3.478694E1,4.9690012E2,6.3507298E1,7.0109024E1,3.805198E1,1.1944951E1,2.284199E1,2.809081E2,2.1599199E2,5.3761658E1,9.745641E0],"tree_param":{"num_deleted":"0","num_feature":"27","num_nodes":"15","size_leaf_vector":"1"}}]},"name":"gbtree"},"learner_model_param":{"base_score":"5E-1","boost_from_average":"1","num_class":"0","num_feature":"27","num_target":"1"},"objective":{"name":"binary:logistic","reg_loss_param":{"scale_pos_weight":"3.27480912"}}},"version":[2,1,0]}