{"learner":{"attributes":{"scikit_learn":"{\"_estimator_type\": \"classifier\"}"},"feature_names":["bias_week","bias_month","bias_quarter","bias_year","rsi","macd","macd_signal","vol_change","close_change","bb_width","return_5d","k_upper","k_lower","k_body","buy_power","rs_5d","obv","atr_ratio","trend_strength"],"feature_types":["float","float","float","float","float","float","float","float","float","float","float","float","float","float","float","float","float","float","float"],"gradient_booster":{"model":{"cats":{"enc":[],"feature_segments":[],"sorted_idx":[]},"gbtree_model_param":{"num_parallel_tree":"1","num_trees":"20"},"iteration_indptr":[0,1,2,3,4,5,6,7,8,9,10,11,12,13,14,15,16,17,18,19,20],"tree_info":[0,0,0,0,0,0,0,0,0,0,0,0,0,0,0,0,0,0,0,0],"trees":[{"base_weights":[9.033122E-3,-3.8967934E-2,2.3755E-1,3.4157085E-1,-1.5017443E-3,9.251532E-3,6.992427E-2],"categories":[],"categories_nodes":[],"categories_segments":[],"categories_sizes":[],"default_left":[0,0,0,0,0,0,0],"id":0,"left_children":[1,-1,3,5,-1,-1,-1],"loss_changes":[1.4943061E1,0E0,3.6208324E0,5.778965E0,0E0,0E0,0E0],"parents":[2147483647,0,0,2,2,3,3],"right_children":[2,-1,4,6,-1,-1,-1],"split_conditions":[3.3205308E-2,-3.8967934E-2,1.18998334E-1,4.6466697E-2,-1.5017443E-3,9.251532E-3,6.992427E-2],"split_indices":[18,0,18,17,0,0,0],"split_type":[0,0,0,0,0,0,0],"sum_hessian":[1.6637906E2,5.671751E1,1.0966155E2,8.398376E1,2.5677797E1,5.363177E1,3.0351986E1],"tree_param":{"num_deleted":"0","num_feature":"19","num_nodes":"7","size_leaf_vector":"1"}},{"base_weights":[1.1455921E-2,-3.4574315E-1,1.8985715E-2,-6.37027E-2,-0E0,4.9529377E-2,-4.6622258E-2],"categories":[],"categories_nodes":[],"categories_segments":[],"categories_sizes":[],"default_left":[0,0,0,0,0,0,0],"id":1,"left_children":[1,3,-1,-1,5,-1,-1],"loss_changes":[1.0155544E1,5.2065434E0,0E0,0E0,5.4981966E0,0E0,0E0],"parents":[2147483647,0,0,1,1,4,4],"right_children":[2,4,-1,-1,6,-1,-1],"split_conditions":[5.0165407E-2,1.6532339E-3,1.8985715E-2,-6.37027E-2,3.658428E-2,4.9529377E-2,-4.6622258E-2],"split_indices":[9,16,0,0,2,0,0],"split_type":[0,0,0,0,0,0,0],"sum_hessian":[1.6326598E2,5.0470726E1,1.1279526E2,2.720077E1,2.3269957E1,1.1322675E1,1.1947281E1],"tree_param":{"num_deleted":"0","num_feature":"19","num_nodes":"7","size_leaf_vector":"1"}},{"base_weights":[-6.384168E-2,-4.004232E-1,1.5263164E-1,-6.334286E-2,-0E0,3.1960282E-2,-1.9661847E-3,3.99032E-2,-3.575713E-2],"categories":[],"categories_nodes":[],"categories_segments":[],"categories_sizes":[],"default_left":[0,0,0,0,0,0,0,0,0],"id":2,"left_children":[1,3,5,-1,7,-1,-1,-1,-1],"loss_changes":[1.2978569E1,5.800461E0,3.5967171E0,0E0,4.125745E0,0E0,0E0,0E0,0E0],"parents":[2147483647,0,0,1,1,2,2,4,4],"right_children":[2,4,6,-1,8,-1,-1,-1,-1],"split_conditions":[5.7809114E-2,3.2140076E-1,1.0295902E-1,-6.334286E-2,4.3467183E-2,3.1960282E-2,-1.9661847E-3,3.99032E-2,-3.575713E-2],"split_indices":[9,5,9,0,9,0,0,0,0],"split_type":[0,0,0,0,0,0,0,0,0],"sum_hessian":[1.7031744E2,7.071514E1,9.96023E1,4.1987564E1,2.8727577E1,5.6781933E1,4.2820374E1,1.1622997E1,1.7104582E1],"tree_param":{"num_deleted":"0","num_feature":"19","num_nodes":"9","size_leaf_vector":"1"}},{"base_weights":[-2.2186158E-2,-2.719812E-2,1.0271511E-1,-4.1739424E-4,3.357627E-2],"categories":[],"categories_nodes":[],"categories_segments":[],"categories_sizes":[],"default_left":[0,0,0,0,0],"id":3,"left_children":[1,-1,3,-1,-1],"loss_changes":[5.809013E0,0E0,3.506837E0,0E0,0E0],"parents":[2147483647,0,0,2,2],"right_children":[2,-1,4,-1,-1],"split_conditions":[3.599175E-2,-2.719812E-2,3.1428587E-1,-4.1739424E-4,3.357627E-2],"split_indices":[17,0,11,0,0],"split_type":[0,0,0,0,0],"sum_hessian":[1.7213791E2,6.2997517E1,1.0914039E2,6.8559875E1,4.058051E1],"tree_param":{"num_deleted":"0","num_feature":"19","num_nodes":"5","size_leaf_vector":"1"}},{"base_weights":[-0E0,4.149724E-1,-1.1644144E-1,-0E0,8.351794E-2,-3.3591416E-2,1.2112392E-2],"categories":[],"categories_nodes":[],"categories_segments":[],"categories_sizes":[],"default_left":[0,0,0,0,0,0,0],"id":4,"left_children":[1,3,5,-1,-1,-1,-1],"loss_changes":[7.591681E0,6.4161267E0,7.654113E0,0E0,0E0,0E0,0E0],"parents":[2147483647,0,0,1,1,2,2],"right_children":[2,4,6,-1,-1,-1,-1],"split_conditions":[-9.013614E-2,-1.908539E-3,4.0777E-2,-0E0,8.351794E-2,-3.3591416E-2,1.2112392E-2],"split_indices":[3,16,17,0,0,0,0],"split_type":[0,0,0,0,0,0,0],"sum_hessian":[1.6843591E2,3.3366978E1,1.3506894E2,1.626788E1,1.70991E1,7.4809105E1,6.025983E1],"tree_param":{"num_deleted":"0","num_feature":"19","num_nodes":"7","size_leaf_vector":"1"}},{"base_weights":[-3.991032E-2,-3.4634465E-1,8.657201E-3,-5.796535E-2,3.870962E-2],"categories":[],"categories_nodes":[],"categories_segments":[],"categories_sizes":[],"default_left":[0,0,0,0,0],"id":5,"left_children":[1,3,-1,-1,-1],"loss_changes":[7.2930865E0,1.0217016E1,0E0,0E0,0E0],"parents":[2147483647,0,0,1,1],"right_children":[2,4,-1,-1,-1],"split_conditions":[-1.1220703E-1,5.6389183E-2,8.657201E-3,-5.796535E-2,3.870962E-2],"split_indices":[4,17,0,0,0],"split_type":[0,0,0,0,0],"sum_hessian":[1.7200893E2,5.561066E1,1.1639826E2,4.435613E1,1.1254532E1],"tree_param":{"num_deleted":"0","num_feature":"19","num_nodes":"5","size_leaf_vector":"1"}},{"base_weights":[1.1254206E-2,-1.726523E-1,1.5569241E-1,-3.6035106E-1,5.777557E-3,-1.1021157E-2,2.6941905E-2,-0E0,-6.462916E-2],"categories":[],"categories_nodes":[],"categories_segments":[],"categories_sizes":[],"default_left":[0,0,0,0,0,0,0,0,0],"id":6,"left_children":[1,3,5,7,-1,-1,-1,-1,-1],"loss_changes":[4.38446E0,3.559461E0,3.4599593E0,5.3619046E0,0E0,0E0,0E0,0E0,0E0],"parents":[2147483647,0,0,1,1,2,2,3,3],"right_children":[2,4,6,8,-1,-1,-1,-1,-1],"split_conditions":[5.71661E-2,4.5704195E-1,-1.9638713E-1,-5.130382E-1,5.777557E-3,-1.1021157E-2,2.6941905E-2,-0E0,-6.462916E-2],"split_indices":[9,6,4,6,0,0,0,0,0],"split_type":[0,0,0,0,0,0,0,0,0],"sum_hessian":[1.6634085E2,6.6300064E1,1.0004079E2,4.1932636E1,2.436743E1,2.4407442E1,7.563334E1,1.6525988E1,2.5406649E1],"tree_param":{"num_deleted":"0","num_feature":"19","num_nodes":"9","size_leaf_vector":"1"}},{"base_weights":[-0E0,4.4186346E-2,-4.9200192E-2,-1.2362022E-1,3.8237013E-2,2.9212203E-2,-2.0274984E-2],"categories":[],"categories_nodes":[],"categories_segments":[],"categories_sizes":[],"default_left":[0,0,0,0,0,0,0],"id":7,"left_children":[1,-1,3,5,-1,-1,-1],"loss_changes":[4.560531E0,0E0,4.202587E0,4.221754E0,0E0,0E0,0E0],"parents":[2147483647,0,0,2,2,3,3],"right_children":[2,-1,4,6,-1,-1,-1],"split_conditions":[-1.4992313E-1,4.4186346E-2,2.803889E0,-6.645756E-2,3.8237013E-2,2.9212203E-2,-2.0274984E-2],"split_indices":[3,0,6,2,0,0,0],"split_type":[0,0,0,0,0,0,0],"sum_hessian":[1.6908032E2,2.110168E1,1.4797864E2,1.308223E2,1.7156338E1,1.6627165E1,1.1419513E2],"tree_param":{"num_deleted":"0","num_feature":"19","num_nodes":"7","size_leaf_vector":"1"}},{"base_weights":[-0E0,-2.6660368E-2,1.3145623E-1,2.3768477E-2,-1.5563179E-2],"categories":[],"categories_nodes":[],"categories_segments":[],"categories_sizes":[],"default_left":[0,0,0,0,0],"id":8,"left_children":[1,-1,3,-1,-1],"loss_changes":[5.887385E0,0E0,3.6146674E0,0E0,0E0],"parents":[2147483647,0,0,2,2],"right_children":[2,-1,4,-1,-1],"split_conditions":[3.2955017E-2,-2.6660368E-2,1.3531685E-1,2.3768477E-2,-1.5563179E-2],"split_indices":[18,0,9,0,0],"split_type":[0,0,0,0,0],"sum_hessian":[1.6491837E2,5.5152344E1,1.0976602E2,8.552222E1,2.4243803E1],"tree_param":{"num_deleted":"0","num_feature":"19","num_nodes":"5","size_leaf_vector":"1"}},{"base_weights":[2.949475E-2,-5.0337408E-2,1.0680033E-2],"categories":[],"categories_nodes":[],"categories_segments":[],"categories_sizes":[],"default_left":[0,0,0],"id":9,"left_children":[1,-1,-1],"loss_changes":[5.9564605E0,0E0,0E0],"parents":[2147483647,0,0],"right_children":[2,-1,-1],"split_conditions":[1.4336249E-2,-5.0337408E-2,1.0680033E-2],"split_indices":[18,0,0],"split_type":[0,0,0],"sum_hessian":[1.6321706E2,1.7022125E1,1.4619493E2],"tree_param":{"num_deleted":"0",