{"learner":{"attributes":{"scikit_learn":"{\"_estimator_type\": \"classifier\"}"},"feature_names":["bias_week","bias_month","bias_quarter","bias_year","rsi","macd","macd_signal","vol_change","close_change","bb_width","return_5d","k_upper","k_lower","k_body","buy_power","rs_5d","obv","atr_ratio","trend_strength"],"feature_types":["float","float","float","float","float","float","float","float","float","float","float","float","float","float","float","float","float","float","float"],"gradient_booster":{"model":{"cats":{"enc":[],"feature_segments":[],"sorted_idx":[]},"gbtree_model_param":{"num_parallel_tree":"1","num_trees":"11"},"iteration_indptr":[0,1,2,3,4,5,6,7,8,9,10,11],"tree_info":[0,0,0,0,0,0,0,0,0,0,0],"trees":[{"base_weights":[5.966149E-2,-3.8504666E-1,7.6471287E-1,-1.0460002E0,-1.7821236E-1,4.9246043E-1,1.2298298E-1,-1.9582298E-2,-1.312329E-1,-7.56204E-2,-0E0,1.0821104E-2,8.409607E-2],"categories":[],"categories_nodes":[],"categories_segments":[],"categories_sizes":[],"default_left":[0,0,0,0,0,0,0,0,0,0,0,0,0],"id":0,"left_children":[1,3,5,7,9,11,-1,-1,-1,-1,-1,-1,-1],"loss_changes":[1.03878944E2,2.4503561E1,1.2736771E1,7.1134987E0,1.5052142E1,9.437559E0,0E0,0E0,0E0,0E0,0E0,0E0,0E0],"parents":[2147483647,0,0,1,1,2,2,3,3,4,4,5,5],"right_children":[2,4,6,8,10,12,-1,-1,-1,-1,-1,-1,-1],"split_conditions":[3.7718147E-2,-7.883325E-2,5.354271E-2,-1.5253343E-1,1.7058471E-2,6.6441886E-2,1.2298298E-1,-1.9582298E-2,-1.312329E-1,-7.56204E-2,-0E0,1.0821104E-2,8.409607E-2],"split_indices":[17,3,17,3,17,18,0,0,0,0,0,0,0],"split_type":[0,0,0,0,0,0,0,0,0,0,0,0,0],"sum_hessian":[3.284268E2,1.9945752E2,1.2896927E2,4.486671E1,1.545908E2,8.510083E1,4.386844E1,1.3074585E1,3.1792128E1,3.427797E1,1.2031284E2,4.403315E1,4.106768E1],"tree_param":{"num_deleted":"0","num_feature":"19","num_nodes":"13","size_leaf_vector":"1"}},{"base_weights":[-4.865256E-3,-3.2363597E-1,7.492004E-1,-6.5610814E-1,-1.9097487E-2,2.9603705E-1,9.789813E-1,-1.2080483E-1,-4.7132198E-2,-4.852487E-2,8.85385E-3,7.613648E-2,-0E0,1.13517515E-1,2.2601161E-2],"categories":[],"categories_nodes":[],"categories_segments":[],"categories_sizes":[],"default_left":[0,0,0,0,0,0,0,0,0,0,0,0,0,0,0],"id":1,"left_children":[1,3,5,7,9,11,13,-1,-1,-1,-1,-1,-1,-1,-1],"loss_changes":[7.850907E1,2.221722E1,7.1128044E0,7.1734085E0,7.3221865E0,3.5381458E0,4.3943405E0,0E0,0E0,0E0,0E0,0E0,0E0,0E0,0E0],"parents":[2147483647,0,0,1,1,2,2,3,3,4,4,5,5,6,6],"right_children":[2,4,6,8,10,12,14,-1,-1,-1,-1,-1,-1,-1,-1],"split_conditions":[8.1951246E-2,3.381307E-2,1.0712781E-1,-7.235812E-2,-8.7865055E-2,-8.529166E-4,6.355278E-1,-1.2080483E-1,-4.7132198E-2,-4.852487E-2,8.85385E-3,7.613648E-2,-0E0,1.13517515E-1,2.2601161E-2],"split_indices":[9,9,9,3,3,16,3,0,0,0,0,0,0,0,0],"split_type":[0,0,0,0,0,0,0,0,0,0,0,0,0,0,0],"sum_hessian":[3.3044702E2,2.3439436E2,9.605268E1,1.0847576E2,1.25918594E2,3.567865E1,6.0374027E1,2.3290684E1,8.5185074E1,2.7433813E1,9.848479E1,1.1248169E1,2.4430481E1,4.698838E1,1.3385648E1],"tree_param":{"num_deleted":"0","num_feature":"19","num_nodes":"15","size_leaf_vector":"1"}},{"base_weights":[9.423072E-3,-2.8753576E-1,7.576542E-1,-4.1466272E-1,4.2203128E-1,5.1725086E-2,1.306023E-1,1.7590787E-2,-5.130907E-2,-0E0,6.9807604E-2],"categories":[],"categories_nodes":[],"categories_segments":[],"categories_sizes":[],"default_left":[0,0,0,0,0,0,0,0,0,0,0],"id":2,"left_children":[1,3,5,7,9,-1,-1,-1,-1,-1,-1],"loss_changes":[7.5009186E1,2.129445E1,8.5722275E0,1.3096809E1,4.9719567E0,0E0,0E0,0E0,0E0,0E0,0E0],"parents":[2147483647,0,0,1,1,2,2,3,3,4,4],"right_children":[2,4,6,8,10,-1,-1,-1,-1,-1,-1],"split_conditions":[4.223511E-2,3.4666207E-2,6.153188E-2,-1.2945003E-2,3.085016E-2,5.1725086E-2,1.306023E-1,1.7590787E-2,-5.130907E-2,-0E0,6.9807604E-2],"split_indices":[17,1,17,0,17,0,0,0,0,0,0],"split_type":[0,0,0,0,0,0,0,0,0,0,0],"sum_hessian":[3.3266006E2,2.3602219E2,9.66379E1,2.0288306E2,3.3139122E1,7.086824E1,2.5769657E1,2.6705647E1,1.7617741E2,1.1229509E1,2.1909613E1],"tree_param":{"num_deleted":"0","num_feature":"19","num_nodes":"11","size_leaf_vector":"1"}},{"base_weights":[1.2385598E-2,-3.7996167E-1,5.407609E-1,-1.0325251E-1,-1.7657189E-1,3.2703254E-1,9.6355444E-1,-6.600414E-2,-2.2002943E-3,4.505512E-2,-6.8011587E-3,1.368414E-1,3.3139188E-2],"categories":[],"categories_nodes":[],"categories_segments":[],"categories_sizes":[],"default_left":[0,0,0,0,0,0,0,0,0,0,0,0,0],"id":3,"left_children":[1,3,5,-1,7,9,11,-1,-1,-1,-1,-1,-1],"loss_changes":[6.895751E1,2.2436213E1,1.0028263E1,0E0,9.469107E0,5.8486366E0,7.7732964E0,0E0,0E0,0E0,0E0,0E0,0E0],"parents":[2147483647,0,0,1,1,2,2,4,4,5,5,6,6],"right_children":[2,4,6,-1,8,10,12,-1,-1,-1,-1,-1,-1],"split_conditions":[3.539531E-2,-7.235812E-2,5.354271E-2,-1.0325251E-1,1.632816E-2,4.6153617E-1,3.1580553E0,-6.600414E-2,-2.2002943E-3,4.505512E-2,-6.8011587E-3,1.368414E-1,3.3139188E-2],"split_indices":[17,3,17,0,17,12,6,0,0,0,0,0,0],"split_type":[0,0,0,0,0,0,0,0,0,0,0,0,0],"sum_hessian":[3.307316E2,1.8736096E2,1.4337064E2,4.1407375E1,1.4595358E2,9.886399E1,4.4506645E1,3.1467966E1,1.1448562E2,7.9120445E1,1.9743538E1,2.4587654E1,1.9918991E1],"tree_param":{"num_deleted":"0","num_feature":"19","num_nodes":"13","size_leaf_vector":"1"}},{"base_weights":[3.6129262E-2,-3.666036E-1,4.3945864E-1,-8.197847E-2,-1.757452E-1,-6.1390962E-2,5.311446E-1,7.082528E-2,-3.0835332E-2,3.342645E-2,7.879337E-2],"categories":[],"categories_nodes":[],"categories_segments":[],"categories_sizes":[],"default_left":[0,0,0,0,0,0,0,0,0,0,0],"id":4,"left_children":[1,3,5,-1,7,-1,9,-1,-1,-1,-1],"loss_changes":[5.347734E1,1.1896145E1,1.6010944E1,0E0,1.3248761E1,0E0,5.3737717E0,0E0,0E0,0E0,0E0],"parents":[2147483647,0,0,1,1,2,2,4,4,6,6],"right_children":[2,4,6,-1,8,-1,10,-1,-1,-1,-1],"split_conditions":[5.2796356E-2,1.6500577E-2,2.5232926E-2,-8.197847E-2,1.82599E-2,-6.1390962E-2,1.0712781E-1,7.082528E-2,-3.0835332E-2,3.342645E-2,7.879337E-2],"split_indices":[9,17,17,0,9,0,9,0,0,0,0],"split_type":[0,0,0,0,0,0,0,0,0,0,0],"sum_hessian":[3.280587E2,1.6135736E2,1.6670134E2,4.379063E1,1.1756673E2,1.1294391E1,1.5540695E2,1.3254298E1,1.0431242E2,9.445207E1,6.0954884E1],"tree_param":{"num_deleted":"0","num_feature":"19","num_nodes":"11","size_leaf_vector":"1"}},{"base_weights":[1.9122291E-2,-2.8224972E-1,4.2322642E-1,-7.178528E-2,-1.411838E-1,2.3754822E-1,9.7745016E-2,1.5130927E-3,-4.4580504E-2,-0E0,4.93411E-2],"categories":[],"categories_nodes":[],"categories_segments":[],"categories_sizes":[],"default_left":[0,0,0,0,0,0,0,0,0,0,0],"id":5,"left_children":[1,3,5,-1,7,9,-1,-1,-1,-1,-1],"loss_changes":[4.029525E1,9.551317E0,1.2194038E1,0E0,7.924388E0,5.9083962E0,0E0,0E0,0E0,0E0,0E0],"parents":[2147483647,0,0,1,1,2,2,4,4,5,5],"right_children":[2,4,6,-1,8,10,-1,-1,-1,-1,-1],"split_conditions":[3.539531E-2,1.632816E-2,5.6792736E-2,-7.178528E-2,5.650135E-4,5.9052783E-1,9.7745016E-2,1.5130927E-3,-4.4580504E-2,-0E0,4.93411E-2],"split_indices":[17,17,17,0,15,5,0,0,0,0,0],"split_type":[0,0,0,0,0,0,0,0,0,0,0],"sum_hessian":[3.2810614E2,1.8476039E2,1.4334576E2,4.079866E1,1.4396173E2,1.10850586E2,3.249517E1,9.069063E1,5.327109E1,6.174438E1,4.910621E1],"tree_param":{"num_deleted":"0","num_feature":"19","num_nodes":"11","size_leaf_vector":"1"}},{"base_weights":[-0E0,-3.7888288E-1,3.9003053E-1,-5.165751E-3,-4.7266662E-1,2.4798506E-1,9.3311645E-2,-5.8042116E-2,-4.2491346E-3,5.4419544E-2,-4.0498716E-3],"categories":[],"categories_nodes":[],"categories_segments":[],"categories_sizes":[],"default_left":[0,0,0,0,0,0,0,0,0,0,0],"id":6,"left_children":[1,3,5,-1,7,9,-1,-1,-1,-1,-1],"loss_changes":[4.8269234E1,3.882248E0,9.9168415E0,0E0,4.5312634E0,1.2569255E1,0E0,0E0,0E0,0E0,0E0],"parents":[2147483647,0,0,1,1,2,2,4,4,5,5],"right_children":[2,4,6,-1,8,10,-1,-1,-1,-1,-1],"split_conditions":[5.2796356E-2,-5.1249903E-1,1.941724E-2,-5.165751E-3,9.3023665E-3,-2.3613826E-3,9.3311645E-2,-5.8042116E-2,-4.2491346E-3,5.4419544E-2,-4.0498716E-3],"split_indices":[9,6,8,0,10,8,0,0,0,0,0],"split_type":[0,0,0,0,0,0,0,0,0,0,0],