{"learner":{"attributes":{"scikit_learn":"{\"_estimator_type\": \"classifier\"}"},"feature_names":["bias_week","bias_month","bias_quarter","bias_year","rsi","macd","macd_signal","vol_change","close_change","bb_width","return_5d","k_upper","k_lower","k_body","buy_power","rs_5d"],"feature_types":["float","float","float","float","float","float","float","float","float","float","float","float","float","float","float","float"],"gradient_booster":{"model":{"cats":{"enc":[],"feature_segments":[],"sorted_idx":[]},"gbtree_model_param":{"num_parallel_tree":"1","num_trees":"19"},"iteration_indptr":[0,1,2,3,4,5,6,7,8,9,10,11,12,13,14,15,16,17,18,19],"tree_info":[0,0,0,0,0,0,0,0,0,0,0,0,0,0,0,0,0,0,0],"trees":[{"base_weights":[5.177928E-2,-1.6617362E-1,5.7502544E-1,3.7229877E-2,-3.065125E-1,2.6935586E-1,8.9683436E-2,-4.951827E-2,2.2479804E-2,-0E0,6.2466845E-2],"categories":[],"categories_nodes":[],"categories_segments":[],"categories_sizes":[],"default_left":[0,0,0,0,0,0,0,0,0,0,0],"id":0,"left_children":[1,3,5,-1,7,9,-1,-1,-1,-1,-1],"loss_changes":[4.040716E1,1.8197403E1,7.8812675E0,0E0,2.0658285E1,6.326825E0,0E0,0E0,0E0,0E0,0E0],"parents":[2147483647,0,0,1,1,2,2,4,4,5,5],"right_children":[2,4,6,-1,8,10,-1,-1,-1,-1,-1],"split_conditions":[1.0193471E-1,-1.1254056E-2,5.6415107E-3,3.7229877E-2,8.5574435E-3,1.4346244E0,8.9683436E-2,-4.951827E-2,2.2479804E-2,-0E0,6.2466845E-2],"split_indices":[3,0,0,0,0,5,0,0,0,0,0],"split_type":[0,0,0,0,0,0,0,0,0,0,0],"sum_hessian":[3.460894E2,2.4131609E2,1.047733E2,4.633704E1,1.9497905E2,5.7941135E1,4.683217E1,1.4633087E2,4.8648182E1,3.1447872E1,2.6493261E1],"tree_param":{"num_deleted":"0","num_feature":"16","num_nodes":"11","size_leaf_vector":"1"}},{"base_weights":[-5.9366263E-3,-3.5365152E-1,8.290597E-1,-6.741136E-2,-7.331604E-2,3.2726285E-1,1.0236251E-1,2.6525818E-2,-1.853019E-2,7.1932934E-2,-0E0],"categories":[],"categories_nodes":[],"categories_segments":[],"categories_sizes":[],"default_left":[0,0,0,0,0,0,0,0,0,0,0],"id":1,"left_children":[1,3,5,-1,7,9,-1,-1,-1,-1,-1],"loss_changes":[1.0022256E2,2.097602E1,7.1545715E0,0E0,5.128524E0,4.219576E0,0E0,0E0,0E0,0E0,0E0],"parents":[2147483647,0,0,1,1,2,2,4,4,5,5],"right_children":[2,4,6,-1,8,10,-1,-1,-1,-1,-1],"split_conditions":[8.2802534E-2,3.398365E-2,1.03516765E-1,-6.741136E-2,-2.9154552E-2,1.0010565E-3,1.0236251E-1,2.6525818E-2,-1.853019E-2,7.1932934E-2,-0E0],"split_indices":[9,9,9,0,10,10,0,0,0,0,0],"split_type":[0,0,0,0,0,0,0,0,0,0,0],"sum_hessian":[3.487245E2,2.4813805E2,1.00586426E2,1.1097416E2,1.371639E2,3.2211487E1,6.837494E1,2.9280243E1,1.07883644E2,1.4523839E1,1.7687649E1],"tree_param":{"num_deleted":"0","num_feature":"16","num_nodes":"11","size_leaf_vector":"1"}},{"base_weights":[1.8061195E-2,-1.3530171E-1,6.765916E-1,7.50259E-2,-2.8388909E-1,3.2856695E-2,1.1044571E-1,-6.416846E-2,-1.5275773E-2],"categories":[],"categories_nodes":[],"categories_segments":[],"categories_sizes":[],"default_left":[0,0,0,0,0,0,0,0,0],"id":2,"left_children":[1,3,5,-1,7,-1,-1,-1,-1],"loss_changes":[3.653051E1,3.615451E1,7.0958652E0,0E0,9.64056E0,0E0,0E0,0E0,0E0],"parents":[2147483647,0,0,1,1,2,2,4,4],"right_children":[2,4,6,-1,8,-1,-1,-1,-1],"split_conditions":[3.6532238E-2,-4.207928E-2,8.3060145E-2,7.50259E-2,-8.007466E-2,3.2856695E-2,1.1044571E-1,-6.416846E-2,-1.5275773E-2],"split_indices":[1,10,1,0,3,0,0,0,0],"split_type":[0,0,0,0,0,0,0,0,0],"sum_hessian":[3.494775E2,2.8073618E2,6.874133E1,3.788893E1,2.4284724E2,4.1345978E1,2.7395355E1,5.934823E1,1.8349902E2],"tree_param":{"num_deleted":"0","num_feature":"16","num_nodes":"9","size_leaf_vector":"1"}},{"base_weights":[-0E0,-6.984113E-2,8.641305E-2,6.473339E-2,-1.6148512E-1,-2.9080695E-2,1.3689207E-2],"categories":[],"categories_nodes":[],"categories_segments":[],"categories_sizes":[],"default_left":[0,0,0,0,0,0,0],"id":3,"left_children":[1,3,-1,-1,5,-1,-1],"loss_changes":[2.2580263E1,2.0402634E1,0E0,0E0,1.1829551E1,0E0,0E0],"parents":[2147483647,0,0,1,1,4,4],"right_children":[2,4,-1,-1,6,-1,-1],"split_conditions":[7.1428634E-2,-4.904049E-2,8.641305E-2,6.473339E-2,5.514071E-3,-2.9080695E-2,1.3689207E-2],"split_indices":[10,10,0,0,0,0,0],"split_type":[0,0,0,0,0,0,0],"sum_hessian":[3.5229477E2,3.247031E2,2.759167E1,3.3731644E1,2.9097144E2,2.0734276E2,8.3628685E1],"tree_param":{"num_deleted":"0","num_feature":"16","num_nodes":"7","size_leaf_vector":"1"}},{"base_weights":[3.4993917E-2,-4.090452E-1,4.5617238E-1,-8.968713E-1,-2.3008408E-1,2.09171E-1,8.714719E-1,-4.141768E-3,-1.23473965E-1,-1.3608274E-2,-9.3304805E-2,3.209549E-2,-3.4684524E-2,1.131902E-1,3.6994237E-2],"categories":[],"categories_nodes":[],"categories_segments":[],"categories_sizes":[],"default_left":[0,0,0,0,0,0,0,0,0,0,0,0,0,0,0],"id":4,"left_children":[1,3,5,7,9,11,13,-1,-1,-1,-1,-1,-1,-1,-1],"loss_changes":[6.503284E1,1.1969666E1,1.6092915E1,9.364994E0,5.8256016E0,7.418822E0,5.152935E0,0E0,0E0,0E0,0E0,0E0,0E0,0E0,0E0],"parents":[2147483647,0,0,1,1,2,2,3,3,4,4,5,5,6,6],"right_children":[2,4,6,8,10,12,14,-1,-1,-1,-1,-1,-1,-1,-1],"split_conditions":[5.2827884E-2,-7.2029606E-2,1.0898936E-1,-1.3327183E-1,2.6313356E-1,2.8540775E-1,3.2992241E0,-4.141768E-3,-1.23473965E-1,-1.3608274E-2,-9.3304805E-2,3.209549E-2,-3.4684524E-2,1.131902E-1,3.6994237E-2],"split_indices":[9,3,9,3,4,4,6,0,0,0,0,0,0,0,0],"split_type":[0,0,0,0,0,0,0,0,0,0,0,0,0,0,0],"sum_hessian":[3.4700876E2,1.6631546E2,1.806933E2,4.1172916E1,1.2514255E2,1.1678224E2,6.3911053E1,1.3804328E1,2.736859E1,1.1355955E2,1.1583002E1,1.0031752E2,1.6464725E1,3.8481827E1,2.5429228E1],"tree_param":{"num_deleted":"0","num_feature":"16","num_nodes":"15","size_leaf_vector":"1"}},{"base_weights":[2.1415226E-2,-2.4308027E-1,5.986812E-1,-6.4251965E-1,-9.409582E-2,6.790702E-1,2.5290996E-3,-0E0,-8.945374E-2,-3.418765E-2,1.1215649E-2,4.8382267E-2,1.3077119E-1],"categories":[],"categories_nodes":[],"categories_segments":[],"categories_sizes":[],"default_left":[0,0,0,0,0,0,0,0,0,0,0,0,0],"id":5,"left_children":[1,3,5,7,9,11,-1,-1,-1,-1,-1,-1,-1],"loss_changes":[5.3817963E1,1.2346244E1,3.5608978E0,1.1768414E1,9.643504E0,7.4460983E0,0E0,0E0,0E0,0E0,0E0,0E0,0E0],"parents":[2147483647,0,0,1,1,2,2,3,3,4,4,5,5],"right_children":[2,4,6,8,10,12,-1,-1,-1,-1,-1,-1,-1],"split_conditions":[7.7148944E-2,-7.75124E-2,6.230576E-1,-1.8511035E-1,3.398365E-2,2.6380336E-1,2.5290996E-3,-0E0,-8.945374E-2,-3.418765E-2,1.1215649E-2,4.8382267E-2,1.3077119E-1],"split_indices":[9,3,3,3,9,3,0,0,0,0,0,0,0],"split_type":[0,0,0,0,0,0,0,0,0,0,0,0,0],"sum_hessian":[3.470759E2,2.3537149E2,1.1170442E2,5.975989E1,1.756116E2,9.450281E1,1.7201616E1,1.498618E1,4.4773712E1,8.438581E1,9.1225784E1,7.555062E1,1.8952183E1],"tree_param":{"num_deleted":"0","num_feature":"16","num_nodes":"13","size_leaf_vector":"1"}},{"base_weights":[5.8813277E-4,8.394048E-2,-5.7637345E-2,-2.0004193E-1,4.0309146E-2,-3.4495223E-2,1.6134586E-2],"categories":[],"categories_nodes":[],"categories_segments":[],"categories_sizes":[],"default_left":[0,0,0,0,0,0,0],"id":6,"left_children":[1,-1,3,5,-1,-1,-1],"loss_changes":[1.8771572E1,0E0,2.0712944E1,1.3757004E1,0E0,0E0,0E0],"parents":[2147483647,0,0,2,2,3,3],"right_children":[2,-1,4,6,-1,-1,-1],"split_conditions":[-6.22907E-2,8.394048E-2,2.5069702E-2,7.48152E-2,4.0309146E-2,-3.4495223E-2,1.6134586E-2],"split_indices":[1,0,10,3,0,0,0],"split_type":[0,0,0,0,0,0,0],"sum_hessian":[3.450046E2,2.4652458E1,3.2035214E2,2.4887178E2,7.148037E1,1.8127379E2,6.7598E1],"tree_param":{"num_deleted":"0","num_feature":"16","num_nodes":"7","size_leaf_vector":"1"}},{"base_weights":[-2.4130477E-2,6.6449106E-2,-9.363631E-2,-1.6766427E-1,5.2122355E-1,2.133857E-2,-2.5190165E-2,9.682939E-2,7.4843056E-3],"categories":[],"categories_nodes":[],"categories_segments":[],"categories_sizes":[],"default_left":[0,0,0,0,0,0,0,0,0],"id":7,"left_children":[1,-1,3,5,7,-1,-1,-1,-1],"loss_changes":[1.5668828E1,0E0,1.3896875E1,9.711932E0,3.994936E0,0E0,0E0,0E0,0E0],"parents":[2147483647,0,0,2,2,3,3,4,4],"right_children":[2,-1,4,6,8,-1,-1,-1,-1],