{"learner":{"attributes":{"scikit_learn":"{\"_estimator_type\": \"classifier\"}"},"feature_names":["bias_week","bias_month","bias_quarter","bias_year","rsi","macd","macd_signal","vol_change","close_change","bb_width","return_5d","k_upper","k_lower","k_body","buy_power","rs_5d"],"feature_types":["float","float","float","float","float","float","float","float","float","float","float","float","float","float","float","float"],"gradient_booster":{"model":{"cats":{"enc":[],"feature_segments":[],"sorted_idx":[]},"gbtree_model_param":{"num_parallel_tree":"1","num_trees":"17"},"iteration_indptr":[0,1,2,3,4,5,6,7,8,9,10,11,12,13,14,15,16,17],"tree_info":[0,0,0,0,0,0,0,0,0,0,0,0,0,0,0,0,0],"trees":[{"base_weights":[5.5786848E-2,-1.8245566E-1,5.91799E-1,-2.7846503E-1,6.581887E-2,2.7572533E-1,9.2751086E-2,3.3745673E-2,-4.4221792E-2,-0E0,6.35773E-2],"categories":[],"categories_nodes":[],"categories_segments":[],"categories_sizes":[],"default_left":[0,0,0,0,0,0,0,0,0,0,0],"id":0,"left_children":[1,3,5,7,-1,9,-1,-1,-1,-1,-1],"loss_changes":[4.286369E1,1.737785E1,8.528362E0,2.13704E1,0E0,6.3187866E0,0E0,0E0,0E0,0E0,0E0],"parents":[2147483647,0,0,1,1,2,2,3,3,5,5],"right_children":[2,4,6,8,-1,10,-1,-1,-1,-1,-1],"split_conditions":[1.01996064E-1,1.8604562E-2,5.6415107E-3,-9.901001E-3,6.581887E-2,1.4362943E0,9.2751086E-2,3.3745673E-2,-4.4221792E-2,-0E0,6.35773E-2],"split_indices":[3,8,0,8,0,5,0,0,0,0,0],"split_type":[0,0,0,0,0,0,0,0,0,0,0],"sum_hessian":[3.2828647E2,2.243946E2,1.03891846E2,2.0396355E2,2.0431065E1,5.75755E1,4.6316345E1,4.0535072E1,1.6342847E2,3.159917E1,2.597633E1],"tree_param":{"num_deleted":"0","num_feature":"16","num_nodes":"11","size_leaf_vector":"1"}},{"base_weights":[-4.3607224E-3,-3.3510247E-1,7.9685986E-1,-6.806867E-1,-2.329447E-2,3.333252E-2,1.0119694E-1,-7.926592E-2,-1.2127998E-2,3.6957275E-2,-1.491807E-2],"categories":[],"categories_nodes":[],"categories_segments":[],"categories_sizes":[],"default_left":[0,0,0,0,0,0,0,0,0,0,0],"id":1,"left_children":[1,3,5,7,9,-1,-1,-1,-1,-1,-1],"loss_changes":[8.656683E1,2.3841427E1,6.650051E0,5.087124E0,5.9212685E0,0E0,0E0,0E0,0E0,0E0,0E0],"parents":[2147483647,0,0,1,1,2,2,3,3,4,4],"right_children":[2,4,6,8,10,-1,-1,-1,-1,-1,-1],"split_conditions":[8.278394E-2,3.3799272E-2,1.0714543E-1,4.366841E-3,-2.9378567E-2,3.333252E-2,1.0119694E-1,-7.926592E-2,-1.2127998E-2,3.6957275E-2,-1.491807E-2],"split_indices":[9,9,9,0,10,0,0,0,0,0,0],"split_type":[0,0,0,0,0,0,0,0,0,0,0],"sum_hessian":[3.3044296E2,2.3591643E2,9.452653E1,1.0842445E2,1.27491974E2,3.420914E1,6.0317387E1,8.610317E1,2.232128E1,2.6636566E1,1.0085541E2],"tree_param":{"num_deleted":"0","num_feature":"16","num_nodes":"11","size_leaf_vector":"1"}},{"base_weights":[8.814563E-3,-1.587832E-1,6.91373E-1,4.6383715E-1,-3.572792E-1,3.712313E-2,1.1039488E-1,9.3980215E-2,7.4891467E-3,-8.975864E-2,-2.0331332E-2],"categories":[],"categories_nodes":[],"categories_segments":[],"categories_sizes":[],"default_left":[0,0,0,0,0,0,0,0,0,0,0],"id":2,"left_children":[1,3,5,7,9,-1,-1,-1,-1,-1,-1],"loss_changes":[3.9265167E1,3.246159E1,5.737755E0,9.185809E0,1.4444052E1,0E0,0E0,0E0,0E0,0E0,0E0],"parents":[2147483647,0,0,1,1,2,2,3,3,4,4],"right_children":[2,4,6,8,10,-1,-1,-1,-1,-1,-1],"split_conditions":[3.4975015E-2,-3.0931385E-2,8.4024996E-2,-4.4534344E-2,-8.0591284E-2,3.712313E-2,1.1039488E-1,9.3980215E-2,7.4891467E-3,-8.975864E-2,-2.0331332E-2],"split_indices":[1,1,1,10,3,0,0,0,0,0,0],"split_type":[0,0,0,0,0,0,0,0,0,0,0],"sum_hessian":[3.3259225E2,2.6442194E2,6.817031E1,6.1150322E1,2.0327162E2,4.2035877E1,2.6134436E1,2.4600899E1,3.6549423E1,4.0936745E1,1.6233487E2],"tree_param":{"num_deleted":"0","num_feature":"16","num_nodes":"11","size_leaf_vector":"1"}},{"base_weights":[1.2837548E-2,-5.707721E-2,9.301231E-2,5.6893717E-2,-1.6426726E-1,-3.1813208E-2,1.9194365E-2],"categories":[],"categories_nodes":[],"categories_segments":[],"categories_sizes":[],"default_left":[0,0,0,0,0,0,0],"id":3,"left_children":[1,3,-1,-1,5,-1,-1],"loss_changes":[2.3402397E1,1.9749056E1,0E0,0E0,1.5089319E1,0E0,0E0],"parents":[2147483647,0,0,1,1,4,4],"right_children":[2,4,-1,-1,6,-1,-1],"split_conditions":[7.2289094E-2,-3.902437E-2,9.301231E-2,5.6893717E-2,5.6415107E-3,-3.1813208E-2,1.9194365E-2],"split_indices":[10,10,0,0,0,0,0],"split_type":[0,0,0,0,0,0,0],"sum_hessian":[3.31105E2,3.05634E2,2.5470995E1,4.1298996E1,2.6433502E2,1.8830727E2,7.602775E1],"tree_param":{"num_deleted":"0","num_feature":"16","num_nodes":"7","size_leaf_vector":"1"}},{"base_weights":[3.9619494E-2,-4.023939E-1,4.813165E-1,-9.6943396E-1,-2.1242255E-1,2.3683956E-1,8.6238277E-1,-1.6320191E-2,-1.23073414E-1,-1.1884763E-2,-9.233275E-2,3.725938E-2,-4.156465E-2,1.1150074E-1,3.7836023E-2],"categories":[],"categories_nodes":[],"categories_segments":[],"categories_sizes":[],"default_left":[0,0,0,0,0,0,0,0,0,0,0,0,0,0,0],"id":4,"left_children":[1,3,5,7,9,11,13,-1,-1,-1,-1,-1,-1,-1,-1],"loss_changes":[6.449306E1,1.4781622E1,1.3093575E1,5.042198E0,5.9060884E0,9.527817E0,4.343704E0,0E0,0E0,0E0,0E0,0E0,0E0,0E0,0E0],"parents":[2147483647,0,0,1,1,2,2,3,3,4,4,5,5,6,6],"right_children":[2,4,6,8,10,12,14,-1,-1,-1,-1,-1,-1,-1,-1],"split_conditions":[5.2796308E-2,-7.125173E-2,1.0714543E-1,-1.3577253E-1,2.6373252E-1,2.8426886E-1,3.3319952E0,-1.6320191E-2,-1.23073414E-1,-1.1884763E-2,-9.233275E-2,3.725938E-2,-4.156465E-2,1.1150074E-1,3.7836023E-2],"split_indices":[9,3,9,3,4,4,6,0,0,0,0,0,0,0,0],"split_type":[0,0,0,0,0,0,0,0,0,0,0,0,0,0,0],"sum_hessian":[3.2926727E2,1.6202698E2,1.6724028E2,3.760216E1,1.2442481E2,1.05559875E2,6.1680405E1,1.1603591E1,2.5998571E1,1.1307542E2,1.1349399E1,8.999091E1,1.5568965E1,3.68467E1,2.4833708E1],"tree_param":{"num_deleted":"0","num_feature":"16","num_nodes":"15","size_leaf_vector":"1"}},{"base_weights":[2.2484254E-2,-3.5631114E-1,4.1727078E-1,-8.569275E-2,-1.8278421E-1,2.0491417E-1,7.631516E-1,3.1387225E-2,-3.3413384E-2,4.644446E-3,5.9545144E-2,9.17097E-2,6.778718E-3],"categories":[],"categories_nodes":[],"categories_segments":[],"categories_sizes":[],"default_left":[0,0,0,0,0,0,0,0,0,0,0,0,0],"id":5,"left_children":[1,3,5,-1,7,9,11,-1,-1,-1,-1,-1,-1],"loss_changes":[4.9405712E1,1.2179167E1,9.868481E0,0E0,9.784452E0,5.1581764E0,4.3045845E0,0E0,0E0,0E0,0E0,0E0,0E0],"parents":[2147483647,0,0,1,1,2,2,4,4,5,5,6,6],"right_children":[2,4,6,-1,8,10,12,-1,-1,-1,-1,-1,-1],"split_conditions":[5.2796308E-2,-8.0591284E-2,1.0714543E-1,-8.569275E-2,-2.2775382E-2,9.950532E-3,6.355277E-1,3.1387225E-2,-3.3413384E-2,4.644446E-3,5.9545144E-2,9.17097E-2,6.778718E-3],"split_indices":[9,3,9,0,2,8,3,0,0,0,0,0,0],"split_type":[0,0,0,0,0,0,0,0,0,0,0,0,0],"sum_hessian":[3.293029E2,1.6514456E2,1.6415834E2,3.8688206E1,1.2645635E2,1.05827065E2,5.8331276E1,2.6350096E1,1.00106255E2,7.973219E1,2.6094875E1,4.4684704E1,1.3646575E1],"tree_param":{"num_deleted":"0","num_feature":"16","num_nodes":"13","size_leaf_vector":"1"}},{"base_weights":[-0E0,-1.9189265E-1,3.287935E-1,4.971686E-2,-3.1539628E-1,9.6758045E-2,1.938354E-1,-4.3659333E-2,2.296009E-2,-0E0,5.2256152E-2],"categories":[],"categories_nodes":[],"categories_segments":[],"categories_sizes":[],"default_left":[0,0,0,0,0,0,0,0,0,0,0],"id":6,"left_children":[1,3,5,-1,7,-1,9,-1,-1,-1,-1],"loss_changes":[2.0614388E1,1.7476065E1,7.779502E0,0E0,1.2763403E1,0E0,6.3876276E0,0E0,0E0,0E0,0E0],"parents":[2147483647,0,0,1,1,2,2,4,4,6,6],"right_children":[2,4,6,-1,8,-1,10,-1,-1,-1,-1],"split_conditions":[7.136043E-2,-1.25000235E-2,-5.9559864E-1,4.971686E-2,1.0100865E-2,9.6758045E-2,3.2935455E-1,-4.3659333E-2,2.296009E-2,-0E0,5.2256152E-2],"split_indices":[3,8,6,0,8,0,3,0,0,0,0],"split_type":[0,0,0,0,0,0,0,0,0,0,0],"sum_hessian":[3.28288E2,2.0883887E2,1.19449135E2,2.8789099E1,1.8004976E2,1.7658106E1,1.0179103E2,1.4998184E2,3.0067926E1,6.5056915E1,3.6734116E1],"tree_param":{"num_deleted":"0","num_feature":"16","num_nodes":"11","size_leaf_vector":"1"}},{"base_weights":[-2.0417746E-2,7.726197E-2,-9.0518616E-2,3.9511777E-2,-1.7593329E-1,-3.3524234E-2,1.2797409E-2],"categories":[],"categories_nodes":[],