{"learner":{"attributes":{"scikit_learn":"{\"_estimator_type\": \"classifier\"}"},"feature_names":["bias_week","bias_month","bias_quarter","bias_year","rsi","macd","macd_signal","vol_change","close_change","bb_width","return_5d","return_10d","k_upper","k_lower","k_body","buy_power","rs_5d","rs_10d","dist_to_20d_high","dist_to_20d_low","kd_k","kd_d","kd_cross","gap_ratio","obv","atr_ratio","trend_strength"],"feature_types":["float","float","float","float","float","float","float","float","float","float","float","float","float","float","float","float","float","float","float","float","float","float","float","float","float","float","float"],"gradient_booster":{"model":{"gbtree_model_param":{"num_parallel_tree":"1","num_trees":"9"},"iteration_indptr":[0,1,2,3,4,5,6,7,8,9],"tree_info":[0,0,0,0,0,0,0,0,0],"trees":[{"base_weights":[3.3411827E-2,-1.7669031E-1,5.5572766E-1,-1.4021676E-3,-7.121124E-1,1.9584426E-1,9.522585E-1,-7.5553484E-2,9.315453E-3,-9.834743E-2,5.345845E-3,3.6531847E-2,-1.6646743E-1,1.1864288E-1,3.3984706E-2],"categories":[],"categories_nodes":[],"categories_segments":[],"categories_sizes":[],"default_left":[0,0,0,0,0,0,0,0,0,0,0,0,0,0,0],"id":0,"left_children":[1,3,5,7,9,11,13,-1,-1,-1,-1,-1,-1,-1,-1],"loss_changes":[1.11984184E2,6.588948E1,3.914309E1,4.1117115E1,3.9429512E1,4.8616913E1,1.645649E1,0E0,0E0,0E0,0E0,0E0,0E0,0E0,0E0],"parents":[2147483647,0,0,1,1,2,2,3,3,4,4,5,5,6,6],"right_children":[2,4,6,8,10,12,14,-1,-1,-1,-1,-1,-1,-1,-1],"split_conditions":[4.484303E-2,4.284144E-2,2.4344464E-1,-1.0504709E-1,2.4523223E-2,2.8768797E0,2.6691937E-1,-7.5553484E-2,9.315453E-3,-9.834743E-2,5.345845E-3,3.6531847E-2,-1.6646743E-1,1.1864288E-1,3.3984706E-2],"split_indices":[11,25,3,3,10,6,2,0,0,0,0,0,0,0,0],"split_type":[0,0,0,0,0,0,0,0,0,0,0,0,0,0,0],"sum_hessian":[1.01103186E3,7.1833514E2,2.9269675E2,5.4499005E2,1.7334506E2,1.5709476E2,1.3560197E2,6.2676292E1,4.8231378E2,1.289997E2,4.4345367E1,1.4559476E2,1.15E1,9.3638985E1,4.1962994E1],"tree_param":{"num_deleted":"0","num_feature":"27","num_nodes":"15","size_leaf_vector":"1"}},{"base_weights":[-0E0,-1.2576076E-1,6.573494E-1,-6.1096307E-2,-9.465869E-1,7.1794935E-2,9.274731E-1,-4.2950075E-2,6.072778E-3,-1.2352702E-1,3.8126106E-3,8.009716E-2,-1.3491741E-1,1.3000934E-1,1.2044741E-2],"categories":[],"categories_nodes":[],"categories_segments":[],"categories_sizes":[],"default_left":[0,0,0,0,0,0,0,0,0,0,0,0,0,0,0],"id":1,"left_children":[1,3,5,7,9,11,13,-1,-1,-1,-1,-1,-1,-1,-1],"loss_changes":[8.379991E1,4.2625946E1,2.3461952E1,3.672312E1,2.0187195E1,5.76407E1,3.0230263E1,0E0,0E0,0E0,0E0,0E0,0E0,0E0,0E0],"parents":[2147483647,0,0,1,1,2,2,3,3,4,4,5,5,6,6],"right_children":[2,4,6,8,10,12,14,-1,-1,-1,-1,-1,-1,-1,-1],"split_conditions":[7.544695E-2,2.8768797E0,2.619604E-1,-4.4310115E-2,5.7865612E-2,5.7865612E-2,2.777879E-1,-4.2950075E-2,6.072778E-3,-1.2352702E-1,3.8126106E-3,8.009716E-2,-1.3491741E-1,1.3000934E-1,1.2044741E-2],"split_indices":[1,6,3,3,16,16,2,0,0,0,0,0,0,0,0],"split_type":[0,0,0,0,0,0,0,0,0,0,0,0,0,0,0],"sum_hessian":[1.0080312E3,8.4595575E2,1.6207544E2,7.8758344E2,5.837228E1,5.4143982E1,1.0793146E2,1.9895285E2,5.886306E2,4.6373417E1,1.1998863E1,3.7056343E1,1.7087637E1,7.0897964E1,3.7033493E1],"tree_param":{"num_deleted":"0","num_feature":"27","num_nodes":"15","size_leaf_vector":"1"}},{"base_weights":[-1.3024529E-2,-1.8903917E-1,4.1360712E-1,5.940838E-1,-3.1178278E-1,7.18086E-1,1.9629896E-1,-9.9217564E-2,7.515765E-2,-2.4052788E-2,-1.1164802E-1,1.08078554E-1,2.2932725E-2,-3.5863247E-2,5.972865E-2],"categories":[],"categories_nodes":[],"categories_segments":[],"categories_sizes":[],"default_left":[0,0,0,0,0,0,0,0,0,0,0,0,0,0,0],"id":2,"left_children":[1,3,5,7,9,11,13,-1,-1,-1,-1,-1,-1,-1,-1],"loss_changes":[7.4036354E1,6.742823E1,1.6753223E1,2.4494228E1,3.1298267E1,1.7520443E1,3.9781006E1,0E0,0E0,0E0,0E0,0E0,0E0,0E0,0E0],"parents":[2147483647,0,0,1,1,2,2,3,3,4,4,5,5,6,6],"right_children":[2,4,6,8,10,12,14,-1,-1,-1,-1,-1,-1,-1,-1],"split_conditions":[4.066076E-2,7.7029886E-3,2.7851025E-2,8.171689E-3,1.004895E-2,7.072813E-2,2.7404982E-1,-9.9217564E-2,7.515765E-2,-2.4052788E-2,-1.1164802E-1,1.08078554E-1,2.2932725E-2,-3.5863247E-2,5.972865E-2],"split_indices":[11,26,16,9,24,3,3,0,0,0,0,0,0,0,0],"split_type":[0,0,0,0,0,0,0,0,0,0,0,0,0,0,0],"sum_hessian":[9.90905E2,7.055729E2,2.8533215E2,9.266655E1,6.129063E2,1.1368352E2,1.7164864E2,6.9289885E0,8.5737564E1,5.6837915E2,4.45272E1,6.125808E1,5.2425438E1,6.9984955E1,1.0166369E2],"tree_param":{"num_deleted":"0","num_feature":"27","num_nodes":"15","size_leaf_vector":"1"}},{"base_weights":[-6.7736995E-3,-2.3104383E-1,2.7622905E-1,-8.0501074E-1,-1.3605076E-1,3.69643E-1,-2.2545667E-1,7.6091E-2,-1.0042866E-1,9.826142E-3,-3.7093762E-2,-0E0,4.7829967E-2,1.7217757E-2,-8.263056E-2],"categories":[],"categories_nodes":[],"categories_segments":[],"categories_sizes":[],"default_left":[0,0,0,0,0,0,0,0,0,0,0,0,0,0,0],"id":3,"left_children":[1,3,5,7,9,11,13,-1,-1,-1,-1,-1,-1,-1,-1],"loss_changes":[6.3775272E1,2.8638828E1,2.1041534E1,2.6264656E1,2.8053085E1,1.5359501E1,1.7585285E1,0E0,0E0,0E0,0E0,0E0,0E0,0E0,0E0],"parents":[2147483647,0,0,1,1,2,2,3,3,4,4,5,5,6,6],"right_children":[2,4,6,8,10,12,14,-1,-1,-1,-1,-1,-1,-1,-1],"split_conditions":[8.146354E-3,-1.0938518E-1,1.2627769E1,-5.504482E0,-5.7494575E-3,5.216711E1,7.231722E-2,7.6091E-2,-1.0042866E-1,9.826142E-3,-3.7093762E-2,-0E0,4.7829967E-2,1.7217757E-2,-8.263056E-2],"split_indices":[10,3,22,6,6,20,9,0,0,0,0,0,0,0,0],"split_type":[0,0,0,0,0,0,0,0,0,0,0,0,0,0,0],"sum_hessian":[1.00469977E3,5.650452E2,4.3965454E2,7.595146E1,4.8909375E2,3.7462094E2,6.50336E1,7.3131313E0,6.863833E1,2.4146754E2,2.4762622E2,8.872588E1,2.8589505E2,3.7384193E1,2.7649408E1],"tree_param":{"num_deleted":"0","num_feature":"27","num_nodes":"15","size_leaf_vector":"1"}},{"base_weights":[-6.6791596E-3,3.6351156E-1,-2.2577633E-1,4.844897E-1,-1.5060788E-1,-3.8482633E-1,5.1538223E-1,3.0933011E-2,9.3894735E-2,-1.244529E-1,2.7658224E-2,5.227386E-3,-5.6980092E-2,-1.5614125E-2,8.940194E-2],"categories":[],"categories_nodes":[],"categories_segments":[],"categories_sizes":[],"default_left":[0,0,0,0,0,0,0,0,0,0,0,0,0,0,0],"id":4,"left_children":[1,3,5,7,9,11,13,-1,-1,-1,-1,-1,-1,-1,-1],"loss_changes":[8.111445E1,2.3793457E1,7.466847E1,2.1066055E1,3.449158E1,4.477665E1,3.0344656E1,0E0,0E0,0E0,0E0,0E0,0E0,0E0,0E0],"parents":[2147483647,0,0,1,1,2,2,3,3,4,4,5,5,6,6],"right_children":[2,4,6,8,10,12,14,-1,-1,-1,-1,-1,-1,-1,-1],"split_conditions":[2.156868E-2,2.0733962E0,3.464637E-2,1.1833296E-1,9.169199E-2,-2.0330464E-2,2.619604E-1,3.0933011E-2,9.3894735E-2,-1.244529E-1,2.7658224E-2,5.227386E-3,-5.6980092E-2,-1.5614125E-2,8.940194E-2],"split_indices":[18,6,1,3,1,17,3,0,0,0,0,0,0,0,0],"split_type":[0,0,0,0,0,0,0,0,0,0,0,0,0,0,0],"sum_hessian":[1.00217596E3,3.6857175E2,6.3360425E2,3.0195352E2,6.661821E1,5.24504E2,1.0910018E2,2.2441255E2,7.754098E1,1.9662498E1,4.695571E1,1.5515067E2,3.693534E2,3.7821075E1,7.1279106E1],"tree_param":{"num_deleted":"0","num_feature":"27","num_nodes":"15","size_leaf_vector":"1"}},{"base_weights":[3.6028806E-2,-1.3800456E-1,3.3353713E-1,-6.4283204E-1,-4.1132484E-2,9.675567E-1,2.3168677E-1,-8.6160354E-2,3.9071073E-3,2.795267E-2,-1.7137902E-2,-1.62087E-2,1.08851045E-1,6.4794226E-3,6.0963847E-2],"categories":[],"categories_nodes":[],"categories_segments":[],"categories_sizes":[],"default_left":[0,0,0,0,0,0,0,0,0,0,0,0,0,0,0],"id":5,"left_children":[1,3,5,7,9,11,13,-1,-1,-1,-1,-1,-1,-1,-1],"loss_changes":[5.3142826E1,2.9613808E1,2.1668736E1,1.7118988E1,2.2730669E1,9.496094E0,1.9578106E1,0E0,0E0,0E0,0E0,0E0,0E0,0E0,0E0],"parents":[2147483647,0,0,1,1,2,2,3,3,4,4,5,5,6,6],"right_children":[2,4,6,8,10,12,14,-1,-1,-1,-1,-1,-1,-1,-1],"split_conditions":[6.211207E-3,2.0039298E-3,2.9937552E-2,1.0023448E0,2.6560133E-2,1.4138913E-2,5.4273423E-2,-8.6160354E-2,3.9071073E-3,2.795267E-2,-1.7137902E-2,-1.62087E-2,1.08851045E-1,6.4794226E-3,6.0963847E-2],"split_indices":[0,19,9,7,9,25,25,0,0,0,0,0,0,0,0],"split_type":[0,0,0,0,0,0,0,0,0,0,0,0,0,0,0],