Persona,Return (%),MDD (%),Sharpe,Trades
aggressive,40.308,-15.16,1.3736000000000002,13.24
moderate,15.9648,-10.324000000000002,0.9432,19.6
conservative,4.6952,-3.522,0.36840000000000006,9.76
