Persona,Return (%),MDD (%),Sharpe,Trades
aggressive,59.937,-18.526,1.3415000000000001,13.35
moderate,27.8165,-12.486,1.136,27.65
conservative,9.326,-7.168000000000001,0.484,15.8
