Persona,Return (%),MDD (%),Sharpe,Trades
aggressive,9.962631578947368,-9.935263157894738,0.5510526315789473,13.68421052631579
moderate,5.688421052631579,-5.077894736842105,0.47789473684210526,5.7368421052631575
conservative,0.6189473684210527,-1.4394736842105265,-0.5089473684210526,3.9473684210526314
