Persona,Return (%),MDD (%),Sharpe,Trades
aggressive,39.0028,-15.152000000000001,1.3208000000000002,13.76
moderate,15.27,-10.291199999999998,0.9208,19.88
conservative,,,,
