Persona,Return (%),MDD (%),Sharpe,Trades
aggressive,63.70210526315789,-21.453684210526315,1.2652631578947369,13.157894736842104
moderate,,,,
conservative,,,,
